Starting Fresh Llama-3.1-8B-Instruct 3-Epoch SFT on gpua063.delta.ncsa.illinois.edu at Sat Aug 22 06:15:29 CDT 2026
GPU allocated:
NVIDIA A100-SXM4-40GB, 40960 MiB
NVIDIA A100-SXM4-40GB, 40960 MiB
NVIDIA A100-SXM4-40GB, 40960 MiB
NVIDIA A100-SXM4-40GB, 40960 MiB
Hugging Face API token detected.
--- Loading CRTBP Dataset (crtbp_llm_dataset_20260822_031622.jsonl) ---
Hugging Face API token detected.
--- Loading CRTBP Dataset (crtbp_llm_dataset_20260822_031622.jsonl) ---
Hugging Face API token detected.
--- Loading CRTBP Dataset (crtbp_llm_dataset_20260822_031622.jsonl) ---
Hugging Face API token detected.
--- Loading CRTBP Dataset (crtbp_llm_dataset_20260822_031622.jsonl) ---
--- Formatting Chat Templates ---
--- Formatting Chat Templates ---
--- Formatting Chat Templates ---
--- Formatting Chat Templates ---
--- Loading Base Model in Native bfloat16: meta-llama/Llama-3.1-8B-Instruct ---
--- Loading Base Model in Native bfloat16: meta-llama/Llama-3.1-8B-Instruct ---
--- Loading Base Model in Native bfloat16: meta-llama/Llama-3.1-8B-Instruct ---
--- Loading Base Model in Native bfloat16: meta-llama/Llama-3.1-8B-Instruct ---
{'loss': 2.5175, 'grad_norm': 3.2759549617767334, 'learning_rate': 2.054794520547945e-06, 'entropy': 3.6842284321784975, 'num_tokens': 655360.0, 'mean_token_accuracy': 0.5312469452619553, 'epoch': 0.0}
{'loss': 2.4994, 'grad_norm': 3.56742000579834, 'learning_rate': 4.337899543378996e-06, 'entropy': 3.6689590573310853, 'num_tokens': 1310720.0, 'mean_token_accuracy': 0.5350369960069656, 'epoch': 0.0}
{'loss': 2.359, 'grad_norm': 3.515014886856079, 'learning_rate': 6.621004566210046e-06, 'entropy': 3.4350800275802613, 'num_tokens': 1966080.0, 'mean_token_accuracy': 0.5618532925844193, 'epoch': 0.0}
{'loss': 1.9362, 'grad_norm': 2.4943735599517822, 'learning_rate': 8.904109589041095e-06, 'entropy': 2.5959341645240785, 'num_tokens': 2621440.0, 'mean_token_accuracy': 0.629968810081482, 'epoch': 0.0}
{'loss': 1.4167, 'grad_norm': 1.4347658157348633, 'learning_rate': 1.1187214611872146e-05, 'entropy': 1.5083596527576446, 'num_tokens': 3276800.0, 'mean_token_accuracy': 0.7201305657625199, 'epoch': 0.01}
{'loss': 1.0941, 'grad_norm': 0.892396867275238, 'learning_rate': 1.3470319634703196e-05, 'entropy': 1.0352835088968277, 'num_tokens': 3932160.0, 'mean_token_accuracy': 0.7751223057508468, 'epoch': 0.01}
{'loss': 0.9279, 'grad_norm': 0.5851708650588989, 'learning_rate': 1.5753424657534248e-05, 'entropy': 0.9003399103879929, 'num_tokens': 4587520.0, 'mean_token_accuracy': 0.8038405060768128, 'epoch': 0.01}
{'loss': 0.8216, 'grad_norm': 0.46991023421287537, 'learning_rate': 1.80365296803653e-05, 'entropy': 0.7918228805065155, 'num_tokens': 5242880.0, 'mean_token_accuracy': 0.8260824322700501, 'epoch': 0.01}
{'loss': 0.7282, 'grad_norm': 0.38598713278770447, 'learning_rate': 2.0319634703196345e-05, 'entropy': 0.7020320773124695, 'num_tokens': 5898240.0, 'mean_token_accuracy': 0.8472679167985916, 'epoch': 0.01}
{'loss': 0.6515, 'grad_norm': 0.4023669958114624, 'learning_rate': 2.2602739726027396e-05, 'entropy': 0.6429983109235764, 'num_tokens': 6553600.0, 'mean_token_accuracy': 0.86328584253788, 'epoch': 0.01}
{'loss': 0.5926, 'grad_norm': 0.8718507885932922, 'learning_rate': 2.4885844748858446e-05, 'entropy': 0.5962441593408585, 'num_tokens': 7208960.0, 'mean_token_accuracy': 0.8751054883003235, 'epoch': 0.01}
{'loss': 0.5418, 'grad_norm': 0.6613946557044983, 'learning_rate': 2.71689497716895e-05, 'entropy': 0.5440281599760055, 'num_tokens': 7864320.0, 'mean_token_accuracy': 0.8848000317811966, 'epoch': 0.01}
{'loss': 0.5153, 'grad_norm': 0.34150055050849915, 'learning_rate': 2.945205479452055e-05, 'entropy': 0.5202369093894958, 'num_tokens': 8519680.0, 'mean_token_accuracy': 0.8891802281141281, 'epoch': 0.01}
{'loss': 0.488, 'grad_norm': 0.2475784868001938, 'learning_rate': 3.17351598173516e-05, 'entropy': 0.498357392847538, 'num_tokens': 9175040.0, 'mean_token_accuracy': 0.8927103638648987, 'epoch': 0.01}
{'loss': 0.4685, 'grad_norm': 0.44612181186676025, 'learning_rate': 3.4018264840182654e-05, 'entropy': 0.4849662631750107, 'num_tokens': 9830400.0, 'mean_token_accuracy': 0.8950250566005706, 'epoch': 0.02}
{'loss': 0.4487, 'grad_norm': 0.23044009506702423, 'learning_rate': 3.63013698630137e-05, 'entropy': 0.46938830614089966, 'num_tokens': 10485760.0, 'mean_token_accuracy': 0.8972862482070922, 'epoch': 0.02}
{'loss': 0.4327, 'grad_norm': 0.2259412705898285, 'learning_rate': 3.8584474885844754e-05, 'entropy': 0.4397015482187271, 'num_tokens': 11141120.0, 'mean_token_accuracy': 0.8995046615600586, 'epoch': 0.02}
{'loss': 0.4225, 'grad_norm': 0.29462331533432007, 'learning_rate': 4.08675799086758e-05, 'entropy': 0.4377030774950981, 'num_tokens': 11796480.0, 'mean_token_accuracy': 0.9002354651689529, 'epoch': 0.02}
{'loss': 0.4109, 'grad_norm': 0.2921261489391327, 'learning_rate': 4.3150684931506855e-05, 'entropy': 0.41819097846746445, 'num_tokens': 12451840.0, 'mean_token_accuracy': 0.9016970574855805, 'epoch': 0.02}
{'loss': 0.4031, 'grad_norm': 0.4803391396999359, 'learning_rate': 4.54337899543379e-05, 'entropy': 0.4080218970775604, 'num_tokens': 13107200.0, 'mean_token_accuracy': 0.903056213259697, 'epoch': 0.02}
{'loss': 0.3977, 'grad_norm': 0.521500289440155, 'learning_rate': 4.7716894977168955e-05, 'entropy': 0.39924767017364504, 'num_tokens': 13762560.0, 'mean_token_accuracy': 0.9034873515367507, 'epoch': 0.02}
{'loss': 0.3911, 'grad_norm': 0.35844746232032776, 'learning_rate': 5e-05, 'entropy': 0.3930630922317505, 'num_tokens': 14417920.0, 'mean_token_accuracy': 0.9052057892084122, 'epoch': 0.02}
{'loss': 0.3855, 'grad_norm': 0.36158013343811035, 'learning_rate': 5.2283105022831056e-05, 'entropy': 0.3864243119955063, 'num_tokens': 15073280.0, 'mean_token_accuracy': 0.905846381187439, 'epoch': 0.02}
{'loss': 0.3831, 'grad_norm': 0.3569307029247284, 'learning_rate': 5.45662100456621e-05, 'entropy': 0.38431751132011416, 'num_tokens': 15728640.0, 'mean_token_accuracy': 0.9062897503376007, 'epoch': 0.02}
{'loss': 0.378, 'grad_norm': 0.3872624635696411, 'learning_rate': 5.684931506849316e-05, 'entropy': 0.3796695411205292, 'num_tokens': 16384000.0, 'mean_token_accuracy': 0.9074195772409439, 'epoch': 0.03}
{'loss': 0.3761, 'grad_norm': 0.38398104906082153, 'learning_rate': 5.9132420091324204e-05, 'entropy': 0.3778919443488121, 'num_tokens': 17039360.0, 'mean_token_accuracy': 0.9077543973922729, 'epoch': 0.03}
{'loss': 0.3736, 'grad_norm': 0.3642385005950928, 'learning_rate': 6.141552511415526e-05, 'entropy': 0.3753722429275513, 'num_tokens': 17694720.0, 'mean_token_accuracy': 0.9086915880441666, 'epoch': 0.03}
{'loss': 0.3682, 'grad_norm': 0.3912658095359802, 'learning_rate': 6.36986301369863e-05, 'entropy': 0.3700501799583435, 'num_tokens': 18350080.0, 'mean_token_accuracy': 0.9093887478113174, 'epoch': 0.03}
{'loss': 0.3654, 'grad_norm': 0.28835058212280273, 'learning_rate': 6.598173515981736e-05, 'entropy': 0.36711210012435913, 'num_tokens': 19005440.0, 'mean_token_accuracy': 0.9098290592432022, 'epoch': 0.03}
{'loss': 0.3634, 'grad_norm': 0.4044680595397949, 'learning_rate': 6.82648401826484e-05, 'entropy': 0.36570570170879363, 'num_tokens': 19660800.0, 'mean_token_accuracy': 0.9110552042722702, 'epoch': 0.03}
{'loss': 0.3581, 'grad_norm': 0.6524356007575989, 'learning_rate': 7.054794520547947e-05, 'entropy': 0.3598572999238968, 'num_tokens': 20316160.0, 'mean_token_accuracy': 0.9121575117111206, 'epoch': 0.03}
{'loss': 0.3564, 'grad_norm': 0.3425760567188263, 'learning_rate': 7.28310502283105e-05, 'entropy': 0.3586611792445183, 'num_tokens': 20971520.0, 'mean_token_accuracy': 0.9125596046447754, 'epoch': 0.03}
{'loss': 0.3534, 'grad_norm': 0.4501197040081024, 'learning_rate': 7.511415525114156e-05, 'entropy': 0.35511902868747713, 'num_tokens': 21626880.0, 'mean_token_accuracy': 0.9131833851337433, 'epoch': 0.03}
{'loss': 0.3508, 'grad_norm': 0.4044112265110016, 'learning_rate': 7.73972602739726e-05, 'entropy': 0.35326736718416213, 'num_tokens': 22282240.0, 'mean_token_accuracy': 0.9136038333177566, 'epoch': 0.03}
{'loss': 0.3484, 'grad_norm': 0.32009488344192505, 'learning_rate': 7.968036529680367e-05, 'entropy': 0.3499014973640442, 'num_tokens': 22937600.0, 'mean_token_accuracy': 0.9139080792665482, 'epoch': 0.04}
{'loss': 0.3498, 'grad_norm': 0.3163209557533264, 'learning_rate': 8.19634703196347e-05, 'entropy': 0.3510720357298851, 'num_tokens': 23592960.0, 'mean_token_accuracy': 0.9140105277299881, 'epoch': 0.04}
{'loss': 0.3474, 'grad_norm': 0.38780540227890015, 'learning_rate': 8.424657534246576e-05, 'entropy': 0.34879504442214965, 'num_tokens': 24248320.0, 'mean_token_accuracy': 0.9145532727241517, 'epoch': 0.04}
{'loss': 0.3435, 'grad_norm': 0.4175660014152527, 'learning_rate': 8.65296803652968e-05, 'entropy': 0.3455403417348862, 'num_tokens': 24903680.0, 'mean_token_accuracy': 0.9152657389640808, 'epoch': 0.04}
{'loss': 0.3427, 'grad_norm': 0.4031505882740021, 'learning_rate': 8.881278538812787e-05, 'entropy': 0.34412436187267303, 'num_tokens': 25559040.0, 'mean_token_accuracy': 0.9153712302446365, 'epoch': 0.04}
{'loss': 0.3412, 'grad_norm': 0.3358716368675232, 'learning_rate': 9.109589041095891e-05, 'entropy': 0.3434832200407982, 'num_tokens': 26214400.0, 'mean_token_accuracy': 0.9161035537719726, 'epoch': 0.04}
{'loss': 0.3344, 'grad_norm': 0.27241379022598267, 'learning_rate': 9.337899543378996e-05, 'entropy': 0.3358768165111542, 'num_tokens': 26869760.0, 'mean_token_accuracy': 0.9172165632247925, 'epoch': 0.04}
{'loss': 0.3364, 'grad_norm': 0.5258482694625854, 'learning_rate': 9.5662100456621e-05, 'entropy': 0.33784848898649217, 'num_tokens': 27525120.0, 'mean_token_accuracy': 0.9169964104890823, 'epoch': 0.04}
{'loss': 0.3362, 'grad_norm': 0.3901048004627228, 'learning_rate': 9.794520547945207e-05, 'entropy': 0.3380647346377373, 'num_tokens': 28180480.0, 'mean_token_accuracy': 0.9170759111642838, 'epoch': 0.04}
{'loss': 0.3337, 'grad_norm': 0.4649633467197418, 'learning_rate': 0.00010022831050228312, 'entropy': 0.3358623504638672, 'num_tokens': 28835840.0, 'mean_token_accuracy': 0.917583492398262, 'epoch': 0.05}
{'loss': 0.3315, 'grad_norm': 0.5214412212371826, 'learning_rate': 0.00010251141552511416, 'entropy': 0.33316866755485536, 'num_tokens': 29491200.0, 'mean_token_accuracy': 0.9181323528289795, 'epoch': 0.05}
{'loss': 0.3304, 'grad_norm': 0.36046102643013, 'learning_rate': 0.0001047945205479452, 'entropy': 0.3323814570903778, 'num_tokens': 30146560.0, 'mean_token_accuracy': 0.9185191541910172, 'epoch': 0.05}
{'loss': 0.3295, 'grad_norm': 0.38148126006126404, 'learning_rate': 0.00010707762557077626, 'entropy': 0.33120599389076233, 'num_tokens': 30801920.0, 'mean_token_accuracy': 0.9185267984867096, 'epoch': 0.05}
{'loss': 0.327, 'grad_norm': 0.5611821413040161, 'learning_rate': 0.00010936073059360732, 'entropy': 0.32837910801172254, 'num_tokens': 31457280.0, 'mean_token_accuracy': 0.919225487112999, 'epoch': 0.05}
{'loss': 0.3264, 'grad_norm': 0.3777643144130707, 'learning_rate': 0.00011164383561643836, 'entropy': 0.32885572463274004, 'num_tokens': 32112640.0, 'mean_token_accuracy': 0.919087889790535, 'epoch': 0.05}
{'loss': 0.3222, 'grad_norm': 0.598895788192749, 'learning_rate': 0.0001139269406392694, 'entropy': 0.32388089001178744, 'num_tokens': 32768000.0, 'mean_token_accuracy': 0.9207069516181946, 'epoch': 0.05}
{'loss': 0.3234, 'grad_norm': 0.3765285611152649, 'learning_rate': 0.00011621004566210046, 'entropy': 0.3262296438217163, 'num_tokens': 33423360.0, 'mean_token_accuracy': 0.9207589328289032, 'epoch': 0.05}
{'loss': 0.3217, 'grad_norm': 0.4677812457084656, 'learning_rate': 0.00011849315068493152, 'entropy': 0.32365416139364245, 'num_tokens': 34078720.0, 'mean_token_accuracy': 0.9208476066589355, 'epoch': 0.05}
{'loss': 0.3177, 'grad_norm': 0.3223492205142975, 'learning_rate': 0.00012077625570776256, 'entropy': 0.3193476766347885, 'num_tokens': 34734080.0, 'mean_token_accuracy': 0.9218704134225846, 'epoch': 0.05}
{'loss': 0.3171, 'grad_norm': 0.3305409848690033, 'learning_rate': 0.0001230593607305936, 'entropy': 0.31904441863298416, 'num_tokens': 35389440.0, 'mean_token_accuracy': 0.9219881355762481, 'epoch': 0.06}
{'loss': 0.317, 'grad_norm': 0.30066636204719543, 'learning_rate': 0.00012534246575342465, 'entropy': 0.31865326017141343, 'num_tokens': 36044800.0, 'mean_token_accuracy': 0.9217909127473831, 'epoch': 0.06}
{'loss': 0.3143, 'grad_norm': 0.48391014337539673, 'learning_rate': 0.0001276255707762557, 'entropy': 0.3155414581298828, 'num_tokens': 36700160.0, 'mean_token_accuracy': 0.9222862631082535, 'epoch': 0.06}
{'loss': 0.3145, 'grad_norm': 0.39810240268707275, 'learning_rate': 0.00012990867579908675, 'entropy': 0.3158735275268555, 'num_tokens': 37355520.0, 'mean_token_accuracy': 0.9222740322351456, 'epoch': 0.06}
{'loss': 0.314, 'grad_norm': 0.3435472846031189, 'learning_rate': 0.00013219178082191782, 'entropy': 0.31563800275325776, 'num_tokens': 38010880.0, 'mean_token_accuracy': 0.9226195544004441, 'epoch': 0.06}
{'loss': 0.3122, 'grad_norm': 0.390365868806839, 'learning_rate': 0.00013447488584474886, 'entropy': 0.3139143228530884, 'num_tokens': 38666240.0, 'mean_token_accuracy': 0.9228351235389709, 'epoch': 0.06}
{'loss': 0.3112, 'grad_norm': 0.351607084274292, 'learning_rate': 0.00013675799086757993, 'entropy': 0.3126822173595428, 'num_tokens': 39321600.0, 'mean_token_accuracy': 0.9233274161815643, 'epoch': 0.06}
{'loss': 0.3105, 'grad_norm': 0.3906843662261963, 'learning_rate': 0.00013904109589041097, 'entropy': 0.3119540631771088, 'num_tokens': 39976960.0, 'mean_token_accuracy': 0.9233977437019348, 'epoch': 0.06}
{'loss': 0.3099, 'grad_norm': 0.32562851905822754, 'learning_rate': 0.000141324200913242, 'entropy': 0.3123496130108833, 'num_tokens': 40632320.0, 'mean_token_accuracy': 0.9233151853084565, 'epoch': 0.06}
{'loss': 0.3081, 'grad_norm': 0.3246171176433563, 'learning_rate': 0.00014360730593607305, 'entropy': 0.3096016064286232, 'num_tokens': 41287680.0, 'mean_token_accuracy': 0.9237661987543107, 'epoch': 0.06}
{'loss': 0.3071, 'grad_norm': 0.27397018671035767, 'learning_rate': 0.00014589041095890411, 'entropy': 0.30887891054153443, 'num_tokens': 41943040.0, 'mean_token_accuracy': 0.9240658551454544, 'epoch': 0.07}
{'loss': 0.3059, 'grad_norm': 0.42432838678359985, 'learning_rate': 0.00014817351598173515, 'entropy': 0.3070218965411186, 'num_tokens': 42598400.0, 'mean_token_accuracy': 0.9242263853549957, 'epoch': 0.07}
{'loss': 0.3045, 'grad_norm': 0.3623508810997009, 'learning_rate': 0.00015045662100456622, 'entropy': 0.3065537691116333, 'num_tokens': 43253760.0, 'mean_token_accuracy': 0.9246544659137725, 'epoch': 0.07}
{'loss': 0.3045, 'grad_norm': 0.26546499133110046, 'learning_rate': 0.0001527397260273973, 'entropy': 0.3062006220221519, 'num_tokens': 43909120.0, 'mean_token_accuracy': 0.9245168685913085, 'epoch': 0.07}
{'loss': 0.3048, 'grad_norm': 0.3451234698295593, 'learning_rate': 0.00015502283105022833, 'entropy': 0.30680032819509506, 'num_tokens': 44564480.0, 'mean_token_accuracy': 0.9246116578578949, 'epoch': 0.07}
{'loss': 0.3038, 'grad_norm': 0.35204359889030457, 'learning_rate': 0.00015730593607305937, 'entropy': 0.3052947327494621, 'num_tokens': 45219840.0, 'mean_token_accuracy': 0.9248318135738373, 'epoch': 0.07}
{'loss': 0.3027, 'grad_norm': 0.3215777277946472, 'learning_rate': 0.0001595890410958904, 'entropy': 0.3044759288430214, 'num_tokens': 45875200.0, 'mean_token_accuracy': 0.9247813612222672, 'epoch': 0.07}
{'loss': 0.3028, 'grad_norm': 0.3483278155326843, 'learning_rate': 0.00016187214611872148, 'entropy': 0.3040708601474762, 'num_tokens': 46530560.0, 'mean_token_accuracy': 0.9246009558439254, 'epoch': 0.07}
{'loss': 0.3023, 'grad_norm': 0.3480331301689148, 'learning_rate': 0.00016415525114155252, 'entropy': 0.3042714551091194, 'num_tokens': 47185920.0, 'mean_token_accuracy': 0.9251222968101501, 'epoch': 0.07}
{'loss': 0.3025, 'grad_norm': 0.30175334215164185, 'learning_rate': 0.00016643835616438356, 'entropy': 0.303976908326149, 'num_tokens': 47841280.0, 'mean_token_accuracy': 0.9249846994876861, 'epoch': 0.08}
{'loss': 0.3007, 'grad_norm': 0.432793527841568, 'learning_rate': 0.00016872146118721462, 'entropy': 0.3023549348115921, 'num_tokens': 48496640.0, 'mean_token_accuracy': 0.9253516256809234, 'epoch': 0.08}
{'loss': 0.3022, 'grad_norm': 0.2998359203338623, 'learning_rate': 0.0001710045662100457, 'entropy': 0.3034394532442093, 'num_tokens': 49152000.0, 'mean_token_accuracy': 0.9247400820255279, 'epoch': 0.08}
{'loss': 0.2984, 'grad_norm': 0.2711167633533478, 'learning_rate': 0.00017328767123287673, 'entropy': 0.30021113306283953, 'num_tokens': 49807360.0, 'mean_token_accuracy': 0.9257032632827759, 'epoch': 0.08}
{'loss': 0.3001, 'grad_norm': 0.3057559132575989, 'learning_rate': 0.00017557077625570777, 'entropy': 0.30196073949337005, 'num_tokens': 50462720.0, 'mean_token_accuracy': 0.9251574605703354, 'epoch': 0.08}
{'loss': 0.2991, 'grad_norm': 0.266179621219635, 'learning_rate': 0.0001778538812785388, 'entropy': 0.30038065314292905, 'num_tokens': 51118080.0, 'mean_token_accuracy': 0.925691032409668, 'epoch': 0.08}
{'loss': 0.2957, 'grad_norm': 0.2887565791606903, 'learning_rate': 0.00018013698630136988, 'entropy': 0.29775854349136355, 'num_tokens': 51773440.0, 'mean_token_accuracy': 0.9263805478811264, 'epoch': 0.08}
{'loss': 0.2965, 'grad_norm': 0.28903454542160034, 'learning_rate': 0.00018242009132420092, 'entropy': 0.29774425327777865, 'num_tokens': 52428800.0, 'mean_token_accuracy': 0.9260701894760132, 'epoch': 0.08}
{'loss': 0.2951, 'grad_norm': 0.23298358917236328, 'learning_rate': 0.00018470319634703196, 'entropy': 0.29691987931728364, 'num_tokens': 53084160.0, 'mean_token_accuracy': 0.9263362109661102, 'epoch': 0.08}
{'loss': 0.2948, 'grad_norm': 0.2505437135696411, 'learning_rate': 0.00018698630136986303, 'entropy': 0.2966432601213455, 'num_tokens': 53739520.0, 'mean_token_accuracy': 0.9263239800930023, 'epoch': 0.08}
{'loss': 0.2944, 'grad_norm': 0.3073541522026062, 'learning_rate': 0.0001892694063926941, 'entropy': 0.29604944586753845, 'num_tokens': 54394880.0, 'mean_token_accuracy': 0.9265991747379303, 'epoch': 0.09}
{'loss': 0.2951, 'grad_norm': 0.2386263757944107, 'learning_rate': 0.00019155251141552513, 'entropy': 0.2967040091753006, 'num_tokens': 55050240.0, 'mean_token_accuracy': 0.9263270378112793, 'epoch': 0.09}
{'loss': 0.2931, 'grad_norm': 0.27066272497177124, 'learning_rate': 0.00019383561643835617, 'entropy': 0.2945593804121017, 'num_tokens': 55705600.0, 'mean_token_accuracy': 0.9266649156808853, 'epoch': 0.09}
{'loss': 0.2924, 'grad_norm': 0.2720026671886444, 'learning_rate': 0.00019611872146118721, 'entropy': 0.2940797433257103, 'num_tokens': 56360960.0, 'mean_token_accuracy': 0.9269997358322144, 'epoch': 0.09}
{'loss': 0.2909, 'grad_norm': 0.24511098861694336, 'learning_rate': 0.00019840182648401828, 'entropy': 0.2929168939590454, 'num_tokens': 57016320.0, 'mean_token_accuracy': 0.9273406714200974, 'epoch': 0.09}
{'loss': 0.2918, 'grad_norm': 0.2680165767669678, 'learning_rate': 0.00019999999446117337, 'entropy': 0.29348171055316924, 'num_tokens': 57671680.0, 'mean_token_accuracy': 0.9271572083234787, 'epoch': 0.09}
{'loss': 0.2892, 'grad_norm': 0.4258823096752167, 'learning_rate': 0.000199999895993161, 'entropy': 0.29048483818769455, 'num_tokens': 58327040.0, 'mean_token_accuracy': 0.9274308741092682, 'epoch': 0.09}
{'loss': 0.2898, 'grad_norm': 0.3074840307235718, 'learning_rate': 0.0001999996744402514, 'entropy': 0.291741718351841, 'num_tokens': 58982400.0, 'mean_token_accuracy': 0.9271556794643402, 'epoch': 0.09}
{'loss': 0.2879, 'grad_norm': 0.2537453770637512, 'learning_rate': 0.0001999993298027172, 'entropy': 0.29003074318170546, 'num_tokens': 59637760.0, 'mean_token_accuracy': 0.9279216408729554, 'epoch': 0.09}
{'loss': 0.2868, 'grad_norm': 0.22452810406684875, 'learning_rate': 0.0001999988620809826, 'entropy': 0.287939228117466, 'num_tokens': 60293120.0, 'mean_token_accuracy': 0.9282717525959014, 'epoch': 0.09}
{'loss': 0.2883, 'grad_norm': 0.4184415638446808, 'learning_rate': 0.00019999827127562333, 'entropy': 0.2898165166378021, 'num_tokens': 60948480.0, 'mean_token_accuracy': 0.9278207331895828, 'epoch': 0.1}
{'loss': 0.2882, 'grad_norm': 0.25780659914016724, 'learning_rate': 0.00019999755738736656, 'entropy': 0.29021805226802827, 'num_tokens': 61603840.0, 'mean_token_accuracy': 0.9277825117111206, 'epoch': 0.1}
{'loss': 0.2862, 'grad_norm': 0.2580842971801758, 'learning_rate': 0.00019999672041709103, 'entropy': 0.2877294018864632, 'num_tokens': 62259200.0, 'mean_token_accuracy': 0.9281769573688508, 'epoch': 0.1}
{'loss': 0.2838, 'grad_norm': 0.24969996511936188, 'learning_rate': 0.00019999576036582685, 'entropy': 0.28543822169303895, 'num_tokens': 62914560.0, 'mean_token_accuracy': 0.9287961542606353, 'epoch': 0.1}
{'loss': 0.2836, 'grad_norm': 0.2040492743253708, 'learning_rate': 0.00019999467723475577, 'entropy': 0.2856381356716156, 'num_tokens': 63569920.0, 'mean_token_accuracy': 0.928909295797348, 'epoch': 0.1}
{'loss': 0.2841, 'grad_norm': 0.34612810611724854, 'learning_rate': 0.0001999934710252109, 'entropy': 0.2853804290294647, 'num_tokens': 64225280.0, 'mean_token_accuracy': 0.9288053214550018, 'epoch': 0.1}
{'loss': 0.2826, 'grad_norm': 0.2597144544124603, 'learning_rate': 0.00019999214173867694, 'entropy': 0.28450357615947724, 'num_tokens': 64880640.0, 'mean_token_accuracy': 0.9289291650056839, 'epoch': 0.1}
{'loss': 0.282, 'grad_norm': 0.24295775592327118, 'learning_rate': 0.00019999068937679002, 'entropy': 0.2839443698525429, 'num_tokens': 65536000.0, 'mean_token_accuracy': 0.929346552491188, 'epoch': 0.1}
{'eval_loss': 0.28133222460746765, 'eval_runtime': 78.2178, 'eval_samples_per_second': 63.924, 'eval_steps_per_second': 1.01, 'eval_entropy': 0.2845029717759241, 'eval_num_tokens': 65536000.0, 'eval_mean_token_accuracy': 0.9294272004803524, 'epoch': 0.1}
{'loss': 0.2836, 'grad_norm': 0.2534955143928528, 'learning_rate': 0.00019998911394133778, 'entropy': 0.28506885319948194, 'num_tokens': 66191360.0, 'mean_token_accuracy': 0.9284231066703796, 'epoch': 0.1}
{'loss': 0.2826, 'grad_norm': 0.2514587938785553, 'learning_rate': 0.00019998741543425942, 'entropy': 0.2846698582172394, 'num_tokens': 66846720.0, 'mean_token_accuracy': 0.9290132552385331, 'epoch': 0.1}
{'loss': 0.2816, 'grad_norm': 0.24864782392978668, 'learning_rate': 0.00019998559385764542, 'entropy': 0.28283181190490725, 'num_tokens': 67502080.0, 'mean_token_accuracy': 0.9291692018508911, 'epoch': 0.11}
{'loss': 0.2834, 'grad_norm': 0.255908727645874, 'learning_rate': 0.00019998364921373796, 'entropy': 0.2855807557702065, 'num_tokens': 68157440.0, 'mean_token_accuracy': 0.9287992119789124, 'epoch': 0.11}
{'loss': 0.282, 'grad_norm': 0.2565405070781708, 'learning_rate': 0.0001999815815049306, 'entropy': 0.2839620813727379, 'num_tokens': 68812800.0, 'mean_token_accuracy': 0.9291004061698913, 'epoch': 0.11}
{'loss': 0.2817, 'grad_norm': 0.27559348940849304, 'learning_rate': 0.00019997939073376832, 'entropy': 0.28356556296348573, 'num_tokens': 69468160.0, 'mean_token_accuracy': 0.9291279226541519, 'epoch': 0.11}
{'loss': 0.2803, 'grad_norm': 0.23452427983283997, 'learning_rate': 0.0001999770769029477, 'entropy': 0.28215034008026124, 'num_tokens': 70123520.0, 'mean_token_accuracy': 0.9291478008031845, 'epoch': 0.11}
{'loss': 0.2788, 'grad_norm': 0.20765186846256256, 'learning_rate': 0.00019997464001531666, 'entropy': 0.2810078516602516, 'num_tokens': 70778880.0, 'mean_token_accuracy': 0.9298296838998794, 'epoch': 0.11}
{'loss': 0.2789, 'grad_norm': 0.24171924591064453, 'learning_rate': 0.0001999720800738747, 'entropy': 0.28058740347623823, 'num_tokens': 71434240.0, 'mean_token_accuracy': 0.9296859681606293, 'epoch': 0.11}
{'loss': 0.2784, 'grad_norm': 0.2176935076713562, 'learning_rate': 0.00019996939708177266, 'entropy': 0.28061376661062243, 'num_tokens': 72089600.0, 'mean_token_accuracy': 0.9296920955181122, 'epoch': 0.11}
{'loss': 0.2772, 'grad_norm': 0.25699111819267273, 'learning_rate': 0.00019996659104231295, 'entropy': 0.27864055037498475, 'num_tokens': 72744960.0, 'mean_token_accuracy': 0.9302914172410965, 'epoch': 0.11}
{'loss': 0.2789, 'grad_norm': 0.2645479738712311, 'learning_rate': 0.00019996366195894943, 'entropy': 0.2810628518462181, 'num_tokens': 73400320.0, 'mean_token_accuracy': 0.9296920865774154, 'epoch': 0.12}
{'loss': 0.2781, 'grad_norm': 0.2267221361398697, 'learning_rate': 0.00019996060983528725, 'entropy': 0.2803078830242157, 'num_tokens': 74055680.0, 'mean_token_accuracy': 0.9299565881490708, 'epoch': 0.12}
{'loss': 0.2765, 'grad_norm': 0.22347933053970337, 'learning_rate': 0.0001999574346750832, 'entropy': 0.2780759155750275, 'num_tokens': 74711040.0, 'mean_token_accuracy': 0.9303158760070801, 'epoch': 0.12}
{'loss': 0.2751, 'grad_norm': 0.2095298171043396, 'learning_rate': 0.0001999541364822454, 'entropy': 0.27679798007011414, 'num_tokens': 75366400.0, 'mean_token_accuracy': 0.930523806810379, 'epoch': 0.12}
{'loss': 0.2745, 'grad_norm': 0.3026326596736908, 'learning_rate': 0.00019995071526083343, 'entropy': 0.276175445318222, 'num_tokens': 76021760.0, 'mean_token_accuracy': 0.9306935131549835, 'epoch': 0.12}
{'loss': 0.2755, 'grad_norm': 0.2431315928697586, 'learning_rate': 0.00019994717101505828, 'entropy': 0.2778173178434372, 'num_tokens': 76677120.0, 'mean_token_accuracy': 0.9303877383470536, 'epoch': 0.12}
{'loss': 0.2746, 'grad_norm': 0.229872465133667, 'learning_rate': 0.00019994350374928245, 'entropy': 0.2766630917787552, 'num_tokens': 77332480.0, 'mean_token_accuracy': 0.930598720908165, 'epoch': 0.12}
{'loss': 0.2746, 'grad_norm': 0.21028386056423187, 'learning_rate': 0.00019993971346801972, 'entropy': 0.2772881552577019, 'num_tokens': 77987840.0, 'mean_token_accuracy': 0.9306614071130752, 'epoch': 0.12}
{'loss': 0.2738, 'grad_norm': 0.19502119719982147, 'learning_rate': 0.0001999358001759354, 'entropy': 0.27498109340667726, 'num_tokens': 78643200.0, 'mean_token_accuracy': 0.9306140065193176, 'epoch': 0.12}
{'loss': 0.2725, 'grad_norm': 0.2021685689687729, 'learning_rate': 0.00019993176387784618, 'entropy': 0.27488247454166415, 'num_tokens': 79298560.0, 'mean_token_accuracy': 0.9309396594762802, 'epoch': 0.12}
{'loss': 0.2728, 'grad_norm': 0.23034076392650604, 'learning_rate': 0.0001999276045787201, 'entropy': 0.274576036632061, 'num_tokens': 79953920.0, 'mean_token_accuracy': 0.9309197843074799, 'epoch': 0.13}
{'loss': 0.2734, 'grad_norm': 0.28693094849586487, 'learning_rate': 0.00019992332228367665, 'entropy': 0.27549756318330765, 'num_tokens': 80609280.0, 'mean_token_accuracy': 0.9308876723051072, 'epoch': 0.13}
{'loss': 0.2731, 'grad_norm': 0.20682476460933685, 'learning_rate': 0.0001999189169979867, 'entropy': 0.27446036636829374, 'num_tokens': 81264640.0, 'mean_token_accuracy': 0.9309258997440338, 'epoch': 0.13}
{'loss': 0.2704, 'grad_norm': 0.24075274169445038, 'learning_rate': 0.0001999143887270725, 'entropy': 0.2714188933372498, 'num_tokens': 81920000.0, 'mean_token_accuracy': 0.9314931124448776, 'epoch': 0.13}
{'loss': 0.2727, 'grad_norm': 0.18860659003257751, 'learning_rate': 0.00019990973747650766, 'entropy': 0.27555674612522124, 'num_tokens': 82575360.0, 'mean_token_accuracy': 0.9309931695461273, 'epoch': 0.13}
{'loss': 0.272, 'grad_norm': 0.20108437538146973, 'learning_rate': 0.00019990496325201717, 'entropy': 0.2736781910061836, 'num_tokens': 83230720.0, 'mean_token_accuracy': 0.9310894906520844, 'epoch': 0.13}
{'loss': 0.2712, 'grad_norm': 0.23368962109088898, 'learning_rate': 0.00019990006605947742, 'entropy': 0.27283929139375684, 'num_tokens': 83886080.0, 'mean_token_accuracy': 0.9313417553901673, 'epoch': 0.13}
{'loss': 0.2716, 'grad_norm': 0.2562304735183716, 'learning_rate': 0.00019989504590491608, 'entropy': 0.2737211287021637, 'num_tokens': 84541440.0, 'mean_token_accuracy': 0.9311705201864242, 'epoch': 0.13}
{'loss': 0.2703, 'grad_norm': 0.23431912064552307, 'learning_rate': 0.0001998899027945122, 'entropy': 0.2721411034464836, 'num_tokens': 85196800.0, 'mean_token_accuracy': 0.9315084010362625, 'epoch': 0.13}
{'loss': 0.27, 'grad_norm': 0.24663037061691284, 'learning_rate': 0.00019988463673459625, 'entropy': 0.2717763677239418, 'num_tokens': 85852160.0, 'mean_token_accuracy': 0.9316108345985412, 'epoch': 0.13}
{'loss': 0.2706, 'grad_norm': 0.22011755406856537, 'learning_rate': 0.0001998792477316499, 'entropy': 0.2727333500981331, 'num_tokens': 86507520.0, 'mean_token_accuracy': 0.9315879017114639, 'epoch': 0.14}
{'loss': 0.2695, 'grad_norm': 0.21843789517879486, 'learning_rate': 0.00019987373579230622, 'entropy': 0.27149046063423155, 'num_tokens': 87162880.0, 'mean_token_accuracy': 0.931710210442543, 'epoch': 0.14}
{'loss': 0.2682, 'grad_norm': 0.19657179713249207, 'learning_rate': 0.00019986810092334958, 'entropy': 0.26969947665929794, 'num_tokens': 87818240.0, 'mean_token_accuracy': 0.9318936735391616, 'epoch': 0.14}
{'loss': 0.2677, 'grad_norm': 0.25374937057495117, 'learning_rate': 0.00019986234313171565, 'entropy': 0.2693558230996132, 'num_tokens': 88473600.0, 'mean_token_accuracy': 0.932197916507721, 'epoch': 0.14}
{'loss': 0.2701, 'grad_norm': 0.22498589754104614, 'learning_rate': 0.0001998564624244914, 'entropy': 0.2725276261568069, 'num_tokens': 89128960.0, 'mean_token_accuracy': 0.9316245913505554, 'epoch': 0.14}
{'loss': 0.2697, 'grad_norm': 0.28083497285842896, 'learning_rate': 0.00019985045880891518, 'entropy': 0.2712975203990936, 'num_tokens': 89784320.0, 'mean_token_accuracy': 0.9315328598022461, 'epoch': 0.14}
{'loss': 0.268, 'grad_norm': 0.22560995817184448, 'learning_rate': 0.00019984433229237641, 'entropy': 0.26920418739318847, 'num_tokens': 90439680.0, 'mean_token_accuracy': 0.9318722665309906, 'epoch': 0.14}
{'loss': 0.2677, 'grad_norm': 0.18625584244728088, 'learning_rate': 0.00019983808288241605, 'entropy': 0.2696328893303871, 'num_tokens': 91095040.0, 'mean_token_accuracy': 0.9320175111293793, 'epoch': 0.14}
{'loss': 0.2679, 'grad_norm': 0.2511915862560272, 'learning_rate': 0.00019983171058672613, 'entropy': 0.2696184545755386, 'num_tokens': 91750400.0, 'mean_token_accuracy': 0.9321077138185501, 'epoch': 0.14}
{'loss': 0.2658, 'grad_norm': 0.20004487037658691, 'learning_rate': 0.00019982521541314996, 'entropy': 0.2683369413018227, 'num_tokens': 92405760.0, 'mean_token_accuracy': 0.9324669957160949, 'epoch': 0.14}
{'loss': 0.2674, 'grad_norm': 0.20093582570552826, 'learning_rate': 0.00019981859736968214, 'entropy': 0.26897959411144257, 'num_tokens': 93061120.0, 'mean_token_accuracy': 0.9320710211992264, 'epoch': 0.15}
{'loss': 0.2662, 'grad_norm': 0.17994661629199982, 'learning_rate': 0.0001998118564644685, 'entropy': 0.2687263756990433, 'num_tokens': 93716480.0, 'mean_token_accuracy': 0.9326030641794205, 'epoch': 0.15}
{'loss': 0.2647, 'grad_norm': 0.23744045197963715, 'learning_rate': 0.0001998049927058061, 'entropy': 0.26664881110191346, 'num_tokens': 94371840.0, 'mean_token_accuracy': 0.9327727675437927, 'epoch': 0.15}
{'loss': 0.2656, 'grad_norm': 0.20718295872211456, 'learning_rate': 0.0001997980061021432, 'entropy': 0.2674408480525017, 'num_tokens': 95027200.0, 'mean_token_accuracy': 0.9325388520956039, 'epoch': 0.15}
{'loss': 0.2648, 'grad_norm': 0.22536644339561462, 'learning_rate': 0.00019979089666207926, 'entropy': 0.2663111642003059, 'num_tokens': 95682560.0, 'mean_token_accuracy': 0.9326947957277298, 'epoch': 0.15}
{'loss': 0.2663, 'grad_norm': 0.20099347829818726, 'learning_rate': 0.00019978366439436492, 'entropy': 0.2688122034072876, 'num_tokens': 96337920.0, 'mean_token_accuracy': 0.9324180722236634, 'epoch': 0.15}
{'loss': 0.2651, 'grad_norm': 0.2442653924226761, 'learning_rate': 0.000199776309307902, 'entropy': 0.2670285999774933, 'num_tokens': 96993280.0, 'mean_token_accuracy': 0.9325373232364654, 'epoch': 0.15}
{'loss': 0.2633, 'grad_norm': 0.23060593008995056, 'learning_rate': 0.00019976883141174353, 'entropy': 0.26517120450735093, 'num_tokens': 97648640.0, 'mean_token_accuracy': 0.9333246856927871, 'epoch': 0.15}
{'loss': 0.2642, 'grad_norm': 0.20707634091377258, 'learning_rate': 0.00019976123071509372, 'entropy': 0.26613324880599976, 'num_tokens': 98304000.0, 'mean_token_accuracy': 0.9332191944122314, 'epoch': 0.15}
{'loss': 0.2638, 'grad_norm': 0.2810501158237457, 'learning_rate': 0.00019975350722730784, 'entropy': 0.26564729064702985, 'num_tokens': 98959360.0, 'mean_token_accuracy': 0.932939413189888, 'epoch': 0.16}
{'loss': 0.2645, 'grad_norm': 0.17668968439102173, 'learning_rate': 0.00019974566095789235, 'entropy': 0.26667906194925306, 'num_tokens': 99614720.0, 'mean_token_accuracy': 0.9330571353435516, 'epoch': 0.16}
{'loss': 0.2626, 'grad_norm': 0.22324435412883759, 'learning_rate': 0.00019973769191650487, 'entropy': 0.26429562270641327, 'num_tokens': 100270080.0, 'mean_token_accuracy': 0.9332482427358627, 'epoch': 0.16}
{'loss': 0.2624, 'grad_norm': 0.21092726290225983, 'learning_rate': 0.00019972960011295404, 'entropy': 0.263770891726017, 'num_tokens': 100925440.0, 'mean_token_accuracy': 0.9334301769733429, 'epoch': 0.16}
{'loss': 0.2627, 'grad_norm': 0.24501609802246094, 'learning_rate': 0.00019972138555719967, 'entropy': 0.2649669200181961, 'num_tokens': 101580800.0, 'mean_token_accuracy': 0.9331045299768448, 'epoch': 0.16}
{'loss': 0.2631, 'grad_norm': 0.22247520089149475, 'learning_rate': 0.00019971304825935272, 'entropy': 0.2649458318948746, 'num_tokens': 102236160.0, 'mean_token_accuracy': 0.93327117562294, 'epoch': 0.16}
{'loss': 0.2629, 'grad_norm': 0.1805884838104248, 'learning_rate': 0.00019970458822967508, 'entropy': 0.26425615400075914, 'num_tokens': 102891520.0, 'mean_token_accuracy': 0.933277291059494, 'epoch': 0.16}
{'loss': 0.2614, 'grad_norm': 0.2320290356874466, 'learning_rate': 0.00019969600547857982, 'entropy': 0.26313563734292983, 'num_tokens': 103546880.0, 'mean_token_accuracy': 0.9334959179162979, 'epoch': 0.16}
{'loss': 0.2613, 'grad_norm': 0.18285079300403595, 'learning_rate': 0.000199687300016631, 'entropy': 0.2633368968963623, 'num_tokens': 104202240.0, 'mean_token_accuracy': 0.9337986320257187, 'epoch': 0.16}
{'loss': 0.2618, 'grad_norm': 0.19356457889080048, 'learning_rate': 0.00019967847185454373, 'entropy': 0.26384824961423875, 'num_tokens': 104857600.0, 'mean_token_accuracy': 0.9335693031549454, 'epoch': 0.16}
{'loss': 0.26, 'grad_norm': 0.25152823328971863, 'learning_rate': 0.00019966952100318417, 'entropy': 0.2619553044438362, 'num_tokens': 105512960.0, 'mean_token_accuracy': 0.934099817276001, 'epoch': 0.17}
{'loss': 0.2595, 'grad_norm': 0.17781445384025574, 'learning_rate': 0.00019966044747356945, 'entropy': 0.26134730875492096, 'num_tokens': 106168320.0, 'mean_token_accuracy': 0.9338796615600586, 'epoch': 0.17}
{'loss': 0.261, 'grad_norm': 0.1914469301700592, 'learning_rate': 0.0001996512512768678, 'entropy': 0.2624946117401123, 'num_tokens': 106823680.0, 'mean_token_accuracy': 0.9336671501398086, 'epoch': 0.17}
{'loss': 0.2601, 'grad_norm': 0.20459561049938202, 'learning_rate': 0.0001996419324243983, 'entropy': 0.26145739257335665, 'num_tokens': 107479040.0, 'mean_token_accuracy': 0.9341288655996323, 'epoch': 0.17}
{'loss': 0.2587, 'grad_norm': 0.21946828067302704, 'learning_rate': 0.00019963249092763106, 'entropy': 0.2611735016107559, 'num_tokens': 108134400.0, 'mean_token_accuracy': 0.9342557609081268, 'epoch': 0.17}
{'loss': 0.2591, 'grad_norm': 0.17554610967636108, 'learning_rate': 0.00019962292679818715, 'entropy': 0.26065072119235994, 'num_tokens': 108789760.0, 'mean_token_accuracy': 0.9343260884284973, 'epoch': 0.17}
{'loss': 0.2602, 'grad_norm': 0.21564647555351257, 'learning_rate': 0.00019961324004783864, 'entropy': 0.2621128872036934, 'num_tokens': 109445120.0, 'mean_token_accuracy': 0.9338536709547043, 'epoch': 0.17}
{'loss': 0.2593, 'grad_norm': 0.1908518373966217, 'learning_rate': 0.0001996034306885084, 'entropy': 0.2609032928943634, 'num_tokens': 110100480.0, 'mean_token_accuracy': 0.9341105192899704, 'epoch': 0.17}
{'loss': 0.2582, 'grad_norm': 0.20926876366138458, 'learning_rate': 0.00019959349873227032, 'entropy': 0.26007195115089415, 'num_tokens': 110755840.0, 'mean_token_accuracy': 0.9344652146100998, 'epoch': 0.17}
{'loss': 0.2595, 'grad_norm': 0.21499620378017426, 'learning_rate': 0.00019958344419134912, 'entropy': 0.2615202859044075, 'num_tokens': 111411200.0, 'mean_token_accuracy': 0.9341273367404938, 'epoch': 0.17}
{'loss': 0.2566, 'grad_norm': 0.17193536460399628, 'learning_rate': 0.00019957326707812048, 'entropy': 0.2583011150360107, 'num_tokens': 112066560.0, 'mean_token_accuracy': 0.9348550736904144, 'epoch': 0.18}
{'loss': 0.2581, 'grad_norm': 0.21334755420684814, 'learning_rate': 0.00019956296740511085, 'entropy': 0.260132460296154, 'num_tokens': 112721920.0, 'mean_token_accuracy': 0.9345110803842545, 'epoch': 0.18}
{'loss': 0.2577, 'grad_norm': 0.21422035992145538, 'learning_rate': 0.0001995525451849976, 'entropy': 0.2594893202185631, 'num_tokens': 113377280.0, 'mean_token_accuracy': 0.9346471488475799, 'epoch': 0.18}
{'loss': 0.258, 'grad_norm': 0.26179569959640503, 'learning_rate': 0.00019954200043060895, 'entropy': 0.2598941087722778, 'num_tokens': 114032640.0, 'mean_token_accuracy': 0.9345523595809937, 'epoch': 0.18}
{'loss': 0.2575, 'grad_norm': 0.2294798493385315, 'learning_rate': 0.0001995313331549239, 'entropy': 0.25891643315553664, 'num_tokens': 114688000.0, 'mean_token_accuracy': 0.9346578508615494, 'epoch': 0.18}
{'loss': 0.2569, 'grad_norm': 0.23417088389396667, 'learning_rate': 0.00019952054337107225, 'entropy': 0.2586913794279099, 'num_tokens': 115343360.0, 'mean_token_accuracy': 0.9347663998603821, 'epoch': 0.18}
{'loss': 0.2564, 'grad_norm': 0.18718087673187256, 'learning_rate': 0.00019950963109233464, 'entropy': 0.2591451585292816, 'num_tokens': 115998720.0, 'mean_token_accuracy': 0.9348061501979827, 'epoch': 0.18}
{'loss': 0.2574, 'grad_norm': 0.23102010786533356, 'learning_rate': 0.00019949859633214243, 'entropy': 0.2589628994464874, 'num_tokens': 116654080.0, 'mean_token_accuracy': 0.9347465246915817, 'epoch': 0.18}
{'loss': 0.2567, 'grad_norm': 0.19464614987373352, 'learning_rate': 0.00019948743910407773, 'entropy': 0.25821232348680495, 'num_tokens': 117309440.0, 'mean_token_accuracy': 0.9351516723632812, 'epoch': 0.18}
{'loss': 0.2573, 'grad_norm': 0.20312663912773132, 'learning_rate': 0.0001994761594218735, 'entropy': 0.2585409119725227, 'num_tokens': 117964800.0, 'mean_token_accuracy': 0.934712889790535, 'epoch': 0.18}
{'loss': 0.2557, 'grad_norm': 0.19634182751178741, 'learning_rate': 0.00019946475729941326, 'entropy': 0.2574551239609718, 'num_tokens': 118620160.0, 'mean_token_accuracy': 0.934978911280632, 'epoch': 0.19}
{'loss': 0.2559, 'grad_norm': 0.21576616168022156, 'learning_rate': 0.00019945323275073133, 'entropy': 0.2578227236866951, 'num_tokens': 119275520.0, 'mean_token_accuracy': 0.9350018441677094, 'epoch': 0.19}
{'loss': 0.2538, 'grad_norm': 0.1908453106880188, 'learning_rate': 0.00019944158579001276, 'entropy': 0.2556613922119141, 'num_tokens': 119930880.0, 'mean_token_accuracy': 0.9359161019325256, 'epoch': 0.19}
{'loss': 0.2557, 'grad_norm': 0.1774255633354187, 'learning_rate': 0.00019942981643159314, 'entropy': 0.25759745091199876, 'num_tokens': 120586240.0, 'mean_token_accuracy': 0.9350370079278946, 'epoch': 0.19}
{'loss': 0.2546, 'grad_norm': 0.16711802780628204, 'learning_rate': 0.0001994179246899588, 'entropy': 0.25651404857635496, 'num_tokens': 121241600.0, 'mean_token_accuracy': 0.9352403461933136, 'epoch': 0.19}
{'loss': 0.2548, 'grad_norm': 0.1995934695005417, 'learning_rate': 0.00019940591057974674, 'entropy': 0.25604062974452974, 'num_tokens': 121896960.0, 'mean_token_accuracy': 0.9353733569383621, 'epoch': 0.19}
{'loss': 0.2542, 'grad_norm': 0.1916491985321045, 'learning_rate': 0.0001993937741157445, 'entropy': 0.2564818486571312, 'num_tokens': 122552320.0, 'mean_token_accuracy': 0.9353412508964538, 'epoch': 0.19}
{'loss': 0.2536, 'grad_norm': 0.17668913304805756, 'learning_rate': 0.00019938151531289025, 'entropy': 0.25565807446837424, 'num_tokens': 123207680.0, 'mean_token_accuracy': 0.9353641837835311, 'epoch': 0.19}
{'loss': 0.2555, 'grad_norm': 0.22344321012496948, 'learning_rate': 0.00019936913418627274, 'entropy': 0.2566348180174828, 'num_tokens': 123863040.0, 'mean_token_accuracy': 0.9351241528987885, 'epoch': 0.19}
{'loss': 0.253, 'grad_norm': 0.2108357846736908, 'learning_rate': 0.0001993566307511313, 'entropy': 0.25529555529356, 'num_tokens': 124518400.0, 'mean_token_accuracy': 0.9356990039348603, 'epoch': 0.2}
{'loss': 0.2528, 'grad_norm': 0.20344659686088562, 'learning_rate': 0.00019934400502285576, 'entropy': 0.2543620981276035, 'num_tokens': 125173760.0, 'mean_token_accuracy': 0.9356561958789825, 'epoch': 0.2}
{'loss': 0.2554, 'grad_norm': 0.23563337326049805, 'learning_rate': 0.00019933125701698652, 'entropy': 0.2569167479872704, 'num_tokens': 125829120.0, 'mean_token_accuracy': 0.9348244965076447, 'epoch': 0.2}
{'loss': 0.2539, 'grad_norm': 0.1868755966424942, 'learning_rate': 0.00019931838674921445, 'entropy': 0.2558287039399147, 'num_tokens': 126484480.0, 'mean_token_accuracy': 0.935520127415657, 'epoch': 0.2}
{'loss': 0.2533, 'grad_norm': 0.22579562664031982, 'learning_rate': 0.00019930539423538096, 'entropy': 0.2551559515297413, 'num_tokens': 127139840.0, 'mean_token_accuracy': 0.9355675220489502, 'epoch': 0.2}
{'loss': 0.2522, 'grad_norm': 0.18431007862091064, 'learning_rate': 0.00019929227949147782, 'entropy': 0.2541754022240639, 'num_tokens': 127795200.0, 'mean_token_accuracy': 0.9358778804540634, 'epoch': 0.2}
{'loss': 0.2536, 'grad_norm': 0.22037678956985474, 'learning_rate': 0.00019927904253364738, 'entropy': 0.2554130807518959, 'num_tokens': 128450560.0, 'mean_token_accuracy': 0.9352250576019288, 'epoch': 0.2}
{'loss': 0.2537, 'grad_norm': 0.2064715027809143, 'learning_rate': 0.00019926568337818231, 'entropy': 0.2557342782616615, 'num_tokens': 129105920.0, 'mean_token_accuracy': 0.9355797529220581, 'epoch': 0.2}
{'loss': 0.2525, 'grad_norm': 0.17116031050682068, 'learning_rate': 0.00019925220204152576, 'entropy': 0.25387339293956757, 'num_tokens': 129761280.0, 'mean_token_accuracy': 0.9354819059371948, 'epoch': 0.2}
{'loss': 0.2514, 'grad_norm': 0.22323285043239594, 'learning_rate': 0.00019923859854027124, 'entropy': 0.2533902958035469, 'num_tokens': 130416640.0, 'mean_token_accuracy': 0.9360781610012054, 'epoch': 0.2}
{'loss': 0.2532, 'grad_norm': 0.15517328679561615, 'learning_rate': 0.0001992248728911626, 'entropy': 0.2552137091755867, 'num_tokens': 131072000.0, 'mean_token_accuracy': 0.9357372254133225, 'epoch': 0.21}
{'eval_loss': 0.2520073652267456, 'eval_runtime': 78.1315, 'eval_samples_per_second': 63.995, 'eval_steps_per_second': 1.011, 'eval_entropy': 0.25295487083966217, 'eval_num_tokens': 131072000.0, 'eval_mean_token_accuracy': 0.9361627320700054, 'epoch': 0.21}
{'loss': 0.2523, 'grad_norm': 0.17194868624210358, 'learning_rate': 0.00019921102511109409, 'entropy': 0.254149429500103, 'num_tokens': 131727360.0, 'mean_token_accuracy': 0.9358794093132019, 'epoch': 0.21}
{'loss': 0.2505, 'grad_norm': 0.2380441576242447, 'learning_rate': 0.0001991970552171102, 'entropy': 0.25239999815821645, 'num_tokens': 132382720.0, 'mean_token_accuracy': 0.9364007502794266, 'epoch': 0.21}
{'loss': 0.251, 'grad_norm': 0.2225513756275177, 'learning_rate': 0.00019918296322640581, 'entropy': 0.25241462886333466, 'num_tokens': 133038080.0, 'mean_token_accuracy': 0.9361500173807145, 'epoch': 0.21}
{'loss': 0.2515, 'grad_norm': 0.23683571815490723, 'learning_rate': 0.00019916874915632606, 'entropy': 0.25354138687253, 'num_tokens': 133693440.0, 'mean_token_accuracy': 0.935932919383049, 'epoch': 0.21}
{'loss': 0.2519, 'grad_norm': 0.16848331689834595, 'learning_rate': 0.00019915441302436633, 'entropy': 0.25384090691804884, 'num_tokens': 134348800.0, 'mean_token_accuracy': 0.9359619677066803, 'epoch': 0.21}
{'loss': 0.2512, 'grad_norm': 0.16555285453796387, 'learning_rate': 0.00019913995484817224, 'entropy': 0.2527379855513573, 'num_tokens': 135004160.0, 'mean_token_accuracy': 0.9363380670547485, 'epoch': 0.21}
{'loss': 0.2489, 'grad_norm': 0.18474772572517395, 'learning_rate': 0.00019912537464553966, 'entropy': 0.2510347656905651, 'num_tokens': 135659520.0, 'mean_token_accuracy': 0.9368227154016495, 'epoch': 0.21}
{'loss': 0.2514, 'grad_norm': 0.17794273793697357, 'learning_rate': 0.00019911067243441464, 'entropy': 0.25294953361153605, 'num_tokens': 136314880.0, 'mean_token_accuracy': 0.9360720455646515, 'epoch': 0.21}
{'loss': 0.2498, 'grad_norm': 0.174322247505188, 'learning_rate': 0.00019909584823289337, 'entropy': 0.2520160645246506, 'num_tokens': 136970240.0, 'mean_token_accuracy': 0.9365566939115524, 'epoch': 0.21}
{'loss': 0.2501, 'grad_norm': 0.2244368940591812, 'learning_rate': 0.00019908090205922227, 'entropy': 0.25171721279621123, 'num_tokens': 137625600.0, 'mean_token_accuracy': 0.936602559685707, 'epoch': 0.22}
{'loss': 0.2501, 'grad_norm': 0.1943291574716568, 'learning_rate': 0.00019906583393179778, 'entropy': 0.25191529244184496, 'num_tokens': 138280960.0, 'mean_token_accuracy': 0.936552107334137, 'epoch': 0.22}
{'loss': 0.2497, 'grad_norm': 0.19956938922405243, 'learning_rate': 0.00019905064386916657, 'entropy': 0.2514427460730076, 'num_tokens': 138936320.0, 'mean_token_accuracy': 0.9362845569849014, 'epoch': 0.22}
{'loss': 0.2513, 'grad_norm': 0.2174140065908432, 'learning_rate': 0.00019903533189002528, 'entropy': 0.25286171585321426, 'num_tokens': 139591680.0, 'mean_token_accuracy': 0.9359711408615112, 'epoch': 0.22}
{'loss': 0.2506, 'grad_norm': 0.22989799082279205, 'learning_rate': 0.00019901989801322068, 'entropy': 0.2520393617451191, 'num_tokens': 140247040.0, 'mean_token_accuracy': 0.9362509220838546, 'epoch': 0.22}
{'loss': 0.2507, 'grad_norm': 0.19198626279830933, 'learning_rate': 0.0001990043422577496, 'entropy': 0.2524470053613186, 'num_tokens': 140902400.0, 'mean_token_accuracy': 0.9361454308032989, 'epoch': 0.22}
{'loss': 0.2494, 'grad_norm': 0.1800483912229538, 'learning_rate': 0.0001989886646427588, 'entropy': 0.25132242143154143, 'num_tokens': 141557760.0, 'mean_token_accuracy': 0.9364481449127198, 'epoch': 0.22}
{'loss': 0.2489, 'grad_norm': 0.20879103243350983, 'learning_rate': 0.0001989728651875451, 'entropy': 0.2506009638309479, 'num_tokens': 142213120.0, 'mean_token_accuracy': 0.9366300791501999, 'epoch': 0.22}
{'loss': 0.25, 'grad_norm': 0.17983925342559814, 'learning_rate': 0.00019895694391155522, 'entropy': 0.25218400955200193, 'num_tokens': 142868480.0, 'mean_token_accuracy': 0.9364282697439194, 'epoch': 0.22}
{'loss': 0.2487, 'grad_norm': 0.19280724227428436, 'learning_rate': 0.00019894090083438592, 'entropy': 0.25066526010632517, 'num_tokens': 143523840.0, 'mean_token_accuracy': 0.9365123569965362, 'epoch': 0.23}
{'loss': 0.2487, 'grad_norm': 0.17053274810314178, 'learning_rate': 0.0001989247359757838, 'entropy': 0.2503604181110859, 'num_tokens': 144179200.0, 'mean_token_accuracy': 0.9368410617113113, 'epoch': 0.23}
{'loss': 0.2477, 'grad_norm': 0.14990903437137604, 'learning_rate': 0.0001989084493556454, 'entropy': 0.25023586079478266, 'num_tokens': 144834560.0, 'mean_token_accuracy': 0.9370260536670685, 'epoch': 0.23}
{'loss': 0.2484, 'grad_norm': 0.1843995600938797, 'learning_rate': 0.0001988920409940171, 'entropy': 0.24945626705884932, 'num_tokens': 145489920.0, 'mean_token_accuracy': 0.9369159758090972, 'epoch': 0.23}
{'loss': 0.2489, 'grad_norm': 0.18742488324642181, 'learning_rate': 0.00019887551091109514, 'entropy': 0.25079656541347506, 'num_tokens': 146145280.0, 'mean_token_accuracy': 0.9367967247962952, 'epoch': 0.23}
{'loss': 0.248, 'grad_norm': 0.2010405957698822, 'learning_rate': 0.00019885885912722552, 'entropy': 0.24940061196684837, 'num_tokens': 146800640.0, 'mean_token_accuracy': 0.9368364751338959, 'epoch': 0.23}
{'loss': 0.2495, 'grad_norm': 0.20792530477046967, 'learning_rate': 0.0001988420856629042, 'entropy': 0.2509021326899529, 'num_tokens': 147456000.0, 'mean_token_accuracy': 0.9369648993015289, 'epoch': 0.23}
{'loss': 0.2503, 'grad_norm': 0.20944473147392273, 'learning_rate': 0.0001988251905387767, 'entropy': 0.2519052244722843, 'num_tokens': 148111360.0, 'mean_token_accuracy': 0.9359757274389267, 'epoch': 0.23}
{'loss': 0.2502, 'grad_norm': 0.19121088087558746, 'learning_rate': 0.00019880817377563846, 'entropy': 0.25196425914764403, 'num_tokens': 148766720.0, 'mean_token_accuracy': 0.936483308672905, 'epoch': 0.23}
{'loss': 0.2486, 'grad_norm': 0.18708112835884094, 'learning_rate': 0.00019879103539443454, 'entropy': 0.2505421318113804, 'num_tokens': 149422080.0, 'mean_token_accuracy': 0.9366300791501999, 'epoch': 0.23}
{'loss': 0.2475, 'grad_norm': 0.18011051416397095, 'learning_rate': 0.0001987737754162597, 'entropy': 0.2494195021688938, 'num_tokens': 150077440.0, 'mean_token_accuracy': 0.9370077073574066, 'epoch': 0.24}
{'loss': 0.2476, 'grad_norm': 0.21956978738307953, 'learning_rate': 0.0001987563938623584, 'entropy': 0.24873949810862542, 'num_tokens': 150732800.0, 'mean_token_accuracy': 0.936899158358574, 'epoch': 0.24}
{'loss': 0.2455, 'grad_norm': 0.16098061203956604, 'learning_rate': 0.00019873889075412476, 'entropy': 0.24784040376543998, 'num_tokens': 151388160.0, 'mean_token_accuracy': 0.9373562872409821, 'epoch': 0.24}
{'loss': 0.2468, 'grad_norm': 0.1700829714536667, 'learning_rate': 0.00019872126611310246, 'entropy': 0.24870161339640617, 'num_tokens': 152043520.0, 'mean_token_accuracy': 0.9371804684400559, 'epoch': 0.24}
{'loss': 0.246, 'grad_norm': 0.17047527432441711, 'learning_rate': 0.0001987035199609848, 'entropy': 0.2484077788889408, 'num_tokens': 152698880.0, 'mean_token_accuracy': 0.9375168174505234, 'epoch': 0.24}
{'loss': 0.2465, 'grad_norm': 0.18704290688037872, 'learning_rate': 0.00019868565231961465, 'entropy': 0.24764806628227234, 'num_tokens': 153354240.0, 'mean_token_accuracy': 0.9371881127357483, 'epoch': 0.24}
{'loss': 0.2456, 'grad_norm': 0.21185588836669922, 'learning_rate': 0.00019866766321098437, 'entropy': 0.24717822447419166, 'num_tokens': 154009600.0, 'mean_token_accuracy': 0.9373119503259659, 'epoch': 0.24}
{'loss': 0.2452, 'grad_norm': 0.17743587493896484, 'learning_rate': 0.00019864955265723585, 'entropy': 0.24721949696540832, 'num_tokens': 154664960.0, 'mean_token_accuracy': 0.9377797812223434, 'epoch': 0.24}
{'loss': 0.245, 'grad_norm': 0.19242562353610992, 'learning_rate': 0.00019863132068066052, 'entropy': 0.24673218727111818, 'num_tokens': 155320320.0, 'mean_token_accuracy': 0.9374266147613526, 'epoch': 0.24}
{'loss': 0.2455, 'grad_norm': 0.19181488454341888, 'learning_rate': 0.0001986129673036992, 'entropy': 0.24731700271368026, 'num_tokens': 155975680.0, 'mean_token_accuracy': 0.9376421838998794, 'epoch': 0.24}
{'loss': 0.2468, 'grad_norm': 0.1564745306968689, 'learning_rate': 0.0001985944925489421, 'entropy': 0.24818925857543944, 'num_tokens': 156631040.0, 'mean_token_accuracy': 0.9370734483003617, 'epoch': 0.25}
{'loss': 0.2442, 'grad_norm': 0.19338972866535187, 'learning_rate': 0.00019857589643912892, 'entropy': 0.2459925539791584, 'num_tokens': 157286400.0, 'mean_token_accuracy': 0.9379999369382859, 'epoch': 0.25}
{'loss': 0.2467, 'grad_norm': 0.2034074366092682, 'learning_rate': 0.0001985571789971487, 'entropy': 0.24867403134703636, 'num_tokens': 157941760.0, 'mean_token_accuracy': 0.9371881127357483, 'epoch': 0.25}
{'loss': 0.2451, 'grad_norm': 0.18188099563121796, 'learning_rate': 0.00019853834024603976, 'entropy': 0.24695462882518768, 'num_tokens': 158597120.0, 'mean_token_accuracy': 0.9374602496623993, 'epoch': 0.25}
{'loss': 0.245, 'grad_norm': 0.17602165043354034, 'learning_rate': 0.00019851938020898984, 'entropy': 0.24654924720525742, 'num_tokens': 159252480.0, 'mean_token_accuracy': 0.9375749140977859, 'epoch': 0.25}
{'loss': 0.2441, 'grad_norm': 0.1921273171901703, 'learning_rate': 0.00019850029890933584, 'entropy': 0.2460845522582531, 'num_tokens': 159907840.0, 'mean_token_accuracy': 0.9379540711641312, 'epoch': 0.25}
{'loss': 0.2446, 'grad_norm': 0.2496761977672577, 'learning_rate': 0.00019848109637056403, 'entropy': 0.2459212474524975, 'num_tokens': 160563200.0, 'mean_token_accuracy': 0.9376360684633255, 'epoch': 0.25}
{'loss': 0.2442, 'grad_norm': 0.19142556190490723, 'learning_rate': 0.00019846177261630983, 'entropy': 0.24607570990920066, 'num_tokens': 161218560.0, 'mean_token_accuracy': 0.9378501087427139, 'epoch': 0.25}
{'loss': 0.2441, 'grad_norm': 0.18542928993701935, 'learning_rate': 0.00019844232767035792, 'entropy': 0.24551870301365852, 'num_tokens': 161873920.0, 'mean_token_accuracy': 0.9377874255180358, 'epoch': 0.25}
{'loss': 0.2442, 'grad_norm': 0.19099275767803192, 'learning_rate': 0.00019842276155664212, 'entropy': 0.2458672985434532, 'num_tokens': 162529280.0, 'mean_token_accuracy': 0.9378852725028992, 'epoch': 0.25}
{'loss': 0.2441, 'grad_norm': 0.1578749120235443, 'learning_rate': 0.00019840307429924535, 'entropy': 0.2466404840350151, 'num_tokens': 163184640.0, 'mean_token_accuracy': 0.9376849919557572, 'epoch': 0.26}
{'loss': 0.2445, 'grad_norm': 0.1699879765510559, 'learning_rate': 0.0001983832659223997, 'entropy': 0.24609456211328506, 'num_tokens': 163840000.0, 'mean_token_accuracy': 0.9378073006868363, 'epoch': 0.26}
{'loss': 0.2437, 'grad_norm': 0.18404103815555573, 'learning_rate': 0.00019836333645048627, 'entropy': 0.2453905813395977, 'num_tokens': 164495360.0, 'mean_token_accuracy': 0.9378546953201294, 'epoch': 0.26}
{'loss': 0.2434, 'grad_norm': 0.18379521369934082, 'learning_rate': 0.00019834328590803533, 'entropy': 0.2451473094522953, 'num_tokens': 165150720.0, 'mean_token_accuracy': 0.938041216135025, 'epoch': 0.26}
{'loss': 0.2426, 'grad_norm': 0.21956013143062592, 'learning_rate': 0.00019832311431972603, 'entropy': 0.24472132027149202, 'num_tokens': 165806080.0, 'mean_token_accuracy': 0.9382766604423523, 'epoch': 0.26}
{'loss': 0.2438, 'grad_norm': 0.1590442657470703, 'learning_rate': 0.00019830282171038666, 'entropy': 0.24538938775658609, 'num_tokens': 166461440.0, 'mean_token_accuracy': 0.9376849919557572, 'epoch': 0.26}
{'loss': 0.243, 'grad_norm': 0.19860926270484924, 'learning_rate': 0.00019828240810499428, 'entropy': 0.24487167000770568, 'num_tokens': 167116800.0, 'mean_token_accuracy': 0.9380656778812408, 'epoch': 0.26}
{'loss': 0.2431, 'grad_norm': 0.22329623997211456, 'learning_rate': 0.00019826187352867502, 'entropy': 0.24472258388996124, 'num_tokens': 167772160.0, 'mean_token_accuracy': 0.9381512939929962, 'epoch': 0.26}
{'loss': 0.2431, 'grad_norm': 0.16399440169334412, 'learning_rate': 0.0001982412180067039, 'entropy': 0.24514932930469513, 'num_tokens': 168427520.0, 'mean_token_accuracy': 0.9378745704889297, 'epoch': 0.26}
{'loss': 0.2438, 'grad_norm': 0.15094733238220215, 'learning_rate': 0.00019822044156450475, 'entropy': 0.24571321308612823, 'num_tokens': 169082880.0, 'mean_token_accuracy': 0.9378776282072068, 'epoch': 0.27}
{'loss': 0.2426, 'grad_norm': 0.21073564887046814, 'learning_rate': 0.00019819954422765025, 'entropy': 0.24426854625344277, 'num_tokens': 169738240.0, 'mean_token_accuracy': 0.9380228698253632, 'epoch': 0.27}
{'loss': 0.2422, 'grad_norm': 0.15731967985630035, 'learning_rate': 0.00019817852602186192, 'entropy': 0.2442855045199394, 'num_tokens': 170393600.0, 'mean_token_accuracy': 0.938379094004631, 'epoch': 0.27}
{'loss': 0.2429, 'grad_norm': 0.21265573799610138, 'learning_rate': 0.00019815738697300997, 'entropy': 0.2444038450717926, 'num_tokens': 171048960.0, 'mean_token_accuracy': 0.937778252363205, 'epoch': 0.27}
{'loss': 0.2427, 'grad_norm': 0.1994340866804123, 'learning_rate': 0.00019813612710711348, 'entropy': 0.24400261864066125, 'num_tokens': 171704320.0, 'mean_token_accuracy': 0.938169640302658, 'epoch': 0.27}
{'loss': 0.2406, 'grad_norm': 0.15775831043720245, 'learning_rate': 0.00019811474645034012, 'entropy': 0.24281498789787292, 'num_tokens': 172359680.0, 'mean_token_accuracy': 0.9388713866472245, 'epoch': 0.27}
{'loss': 0.2419, 'grad_norm': 0.18186965584754944, 'learning_rate': 0.00019809324502900627, 'entropy': 0.24315031319856645, 'num_tokens': 173015040.0, 'mean_token_accuracy': 0.9382399678230285, 'epoch': 0.27}
{'loss': 0.2426, 'grad_norm': 0.15662936866283417, 'learning_rate': 0.00019807162286957696, 'entropy': 0.24400007352232933, 'num_tokens': 173670400.0, 'mean_token_accuracy': 0.9380748510360718, 'epoch': 0.27}
{'loss': 0.2428, 'grad_norm': 0.1976555734872818, 'learning_rate': 0.00019804987999866582, 'entropy': 0.24438727274537086, 'num_tokens': 174325760.0, 'mean_token_accuracy': 0.9381589382886887, 'epoch': 0.27}
{'loss': 0.2417, 'grad_norm': 0.17522361874580383, 'learning_rate': 0.00019802801644303513, 'entropy': 0.24345988482236863, 'num_tokens': 174981120.0, 'mean_token_accuracy': 0.9384387195110321, 'epoch': 0.27}
{'loss': 0.2424, 'grad_norm': 0.1685892641544342, 'learning_rate': 0.00019800603222959557, 'entropy': 0.24438173398375512, 'num_tokens': 175636480.0, 'mean_token_accuracy': 0.9382430255413056, 'epoch': 0.28}
{'loss': 0.242, 'grad_norm': 0.1598423719406128, 'learning_rate': 0.00019798392738540647, 'entropy': 0.24405395090579987, 'num_tokens': 176291840.0, 'mean_token_accuracy': 0.9380993127822876, 'epoch': 0.28}
{'loss': 0.2411, 'grad_norm': 0.1730535924434662, 'learning_rate': 0.00019796170193767557, 'entropy': 0.24262541756033898, 'num_tokens': 176947200.0, 'mean_token_accuracy': 0.9383913248777389, 'epoch': 0.28}
{'loss': 0.2411, 'grad_norm': 0.1652175784111023, 'learning_rate': 0.00019793935591375908, 'entropy': 0.24230839759111406, 'num_tokens': 177602560.0, 'mean_token_accuracy': 0.9383836805820465, 'epoch': 0.28}
{'loss': 0.24, 'grad_norm': 0.254317045211792, 'learning_rate': 0.00019791688934116158, 'entropy': 0.24209035113453864, 'num_tokens': 178257920.0, 'mean_token_accuracy': 0.938869857788086, 'epoch': 0.28}
{'loss': 0.241, 'grad_norm': 0.17612110078334808, 'learning_rate': 0.00019789430224753608, 'entropy': 0.24259170442819594, 'num_tokens': 178913280.0, 'mean_token_accuracy': 0.9386007785797119, 'epoch': 0.28}
{'loss': 0.2409, 'grad_norm': 0.19753175973892212, 'learning_rate': 0.00019787159466068388, 'entropy': 0.24309554919600487, 'num_tokens': 179568640.0, 'mean_token_accuracy': 0.9386680483818054, 'epoch': 0.28}
{'loss': 0.2397, 'grad_norm': 0.17380750179290771, 'learning_rate': 0.00019784876660855464, 'entropy': 0.2414896734058857, 'num_tokens': 180224000.0, 'mean_token_accuracy': 0.9389233678579331, 'epoch': 0.28}
{'loss': 0.2398, 'grad_norm': 0.23952160775661469, 'learning_rate': 0.00019782581811924628, 'entropy': 0.24168383330106735, 'num_tokens': 180879360.0, 'mean_token_accuracy': 0.938729202747345, 'epoch': 0.28}
{'loss': 0.2392, 'grad_norm': 0.18099777400493622, 'learning_rate': 0.00019780274922100497, 'entropy': 0.2409588076174259, 'num_tokens': 181534720.0, 'mean_token_accuracy': 0.9390150994062424, 'epoch': 0.28}
{'loss': 0.2397, 'grad_norm': 0.16777877509593964, 'learning_rate': 0.00019777955994222502, 'entropy': 0.24145767614245414, 'num_tokens': 182190080.0, 'mean_token_accuracy': 0.9389157235622406, 'epoch': 0.29}
{'loss': 0.2402, 'grad_norm': 0.1601131111383438, 'learning_rate': 0.000197756250311449, 'entropy': 0.24204761832952498, 'num_tokens': 182845440.0, 'mean_token_accuracy': 0.9387368470430374, 'epoch': 0.29}
{'loss': 0.2396, 'grad_norm': 0.17279531061649323, 'learning_rate': 0.00019773282035736756, 'entropy': 0.24146189093589782, 'num_tokens': 183500800.0, 'mean_token_accuracy': 0.9390150994062424, 'epoch': 0.29}
{'loss': 0.2408, 'grad_norm': 0.1825990080833435, 'learning_rate': 0.00019770927010881947, 'entropy': 0.2424987129867077, 'num_tokens': 184156160.0, 'mean_token_accuracy': 0.9386970967054367, 'epoch': 0.29}
{'loss': 0.24, 'grad_norm': 0.21856197714805603, 'learning_rate': 0.00019768559959479153, 'entropy': 0.24180713221430777, 'num_tokens': 184811520.0, 'mean_token_accuracy': 0.9389310121536255, 'epoch': 0.29}
{'loss': 0.2373, 'grad_norm': 0.22622984647750854, 'learning_rate': 0.00019766180884441865, 'entropy': 0.2391994759440422, 'num_tokens': 185466880.0, 'mean_token_accuracy': 0.9392321974039077, 'epoch': 0.29}
{'loss': 0.2382, 'grad_norm': 0.21990419924259186, 'learning_rate': 0.00019763789788698367, 'entropy': 0.24009328112006187, 'num_tokens': 186122240.0, 'mean_token_accuracy': 0.9392337262630462, 'epoch': 0.29}
{'loss': 0.2405, 'grad_norm': 0.23136411607265472, 'learning_rate': 0.00019761386675191736, 'entropy': 0.24239973053336145, 'num_tokens': 186777600.0, 'mean_token_accuracy': 0.9385335087776184, 'epoch': 0.29}
{'loss': 0.2389, 'grad_norm': 0.17073173820972443, 'learning_rate': 0.00019758971546879846, 'entropy': 0.24037342444062232, 'num_tokens': 187432960.0, 'mean_token_accuracy': 0.9388132899999618, 'epoch': 0.29}
{'loss': 0.2381, 'grad_norm': 0.1836405098438263, 'learning_rate': 0.0001975654440673536, 'entropy': 0.24008302316069602, 'num_tokens': 188088320.0, 'mean_token_accuracy': 0.9390777826309205, 'epoch': 0.29}
{'loss': 0.2389, 'grad_norm': 0.2606011927127838, 'learning_rate': 0.00019754105257745725, 'entropy': 0.24057617262005807, 'num_tokens': 188743680.0, 'mean_token_accuracy': 0.9388469249010086, 'epoch': 0.3}
{'loss': 0.2371, 'grad_norm': 0.20872195065021515, 'learning_rate': 0.00019751654102913166, 'entropy': 0.2389089785516262, 'num_tokens': 189399040.0, 'mean_token_accuracy': 0.9393285155296326, 'epoch': 0.3}
{'loss': 0.2366, 'grad_norm': 0.1732909083366394, 'learning_rate': 0.00019749190945254688, 'entropy': 0.2384767472743988, 'num_tokens': 190054400.0, 'mean_token_accuracy': 0.9394676417112351, 'epoch': 0.3}
{'loss': 0.238, 'grad_norm': 0.21707361936569214, 'learning_rate': 0.0001974671578780207, 'entropy': 0.23996183276176453, 'num_tokens': 190709760.0, 'mean_token_accuracy': 0.9391175329685211, 'epoch': 0.3}
{'loss': 0.2382, 'grad_norm': 0.1977231204509735, 'learning_rate': 0.00019744228633601857, 'entropy': 0.24009161964058875, 'num_tokens': 191365120.0, 'mean_token_accuracy': 0.9392000913619996, 'epoch': 0.3}
{'loss': 0.2394, 'grad_norm': 0.18712981045246124, 'learning_rate': 0.0001974172948571537, 'entropy': 0.2409430295228958, 'num_tokens': 192020480.0, 'mean_token_accuracy': 0.9390838980674744, 'epoch': 0.3}
{'loss': 0.2391, 'grad_norm': 0.16812115907669067, 'learning_rate': 0.0001973921834721868, 'entropy': 0.2409839726984501, 'num_tokens': 192675840.0, 'mean_token_accuracy': 0.9391343504190445, 'epoch': 0.3}
{'loss': 0.2395, 'grad_norm': 0.15535593032836914, 'learning_rate': 0.00019736695221202622, 'entropy': 0.2411789081990719, 'num_tokens': 193331200.0, 'mean_token_accuracy': 0.9386802792549134, 'epoch': 0.3}
{'loss': 0.2394, 'grad_norm': 0.1842302531003952, 'learning_rate': 0.00019734160110772796, 'entropy': 0.24153968766331674, 'num_tokens': 193986560.0, 'mean_token_accuracy': 0.9389692336320877, 'epoch': 0.3}
{'loss': 0.2392, 'grad_norm': 0.18498387932777405, 'learning_rate': 0.00019731613019049527, 'entropy': 0.2408057190477848, 'num_tokens': 194641920.0, 'mean_token_accuracy': 0.9389340698719024, 'epoch': 0.31}
{'loss': 0.2382, 'grad_norm': 0.16942831873893738, 'learning_rate': 0.00019729053949167917, 'entropy': 0.23980608955025673, 'num_tokens': 195297280.0, 'mean_token_accuracy': 0.9389646470546722, 'epoch': 0.31}
{'loss': 0.2382, 'grad_norm': 0.1980530470609665, 'learning_rate': 0.00019726482904277792, 'entropy': 0.23943646550178527, 'num_tokens': 195952640.0, 'mean_token_accuracy': 0.939392727613449, 'epoch': 0.31}
{'loss': 0.2373, 'grad_norm': 0.1568130999803543, 'learning_rate': 0.00019723899887543725, 'entropy': 0.23933896720409392, 'num_tokens': 196608000.0, 'mean_token_accuracy': 0.9396327584981918, 'epoch': 0.31}
{'eval_loss': 0.23654328286647797, 'eval_runtime': 78.2269, 'eval_samples_per_second': 63.917, 'eval_steps_per_second': 1.01, 'eval_entropy': 0.23892079105105582, 'eval_num_tokens': 196608000.0, 'eval_mean_token_accuracy': 0.9394519080089617, 'epoch': 0.31}
{'loss': 0.2374, 'grad_norm': 0.17173296213150024, 'learning_rate': 0.00019721304902145024, 'entropy': 0.23947323560714723, 'num_tokens': 197263360.0, 'mean_token_accuracy': 0.9395012766122818, 'epoch': 0.31}
{'loss': 0.2376, 'grad_norm': 0.1683473438024521, 'learning_rate': 0.00019718697951275722, 'entropy': 0.23916232883930205, 'num_tokens': 197918720.0, 'mean_token_accuracy': 0.9392184376716614, 'epoch': 0.31}
{'loss': 0.238, 'grad_norm': 0.15147578716278076, 'learning_rate': 0.0001971607903814459, 'entropy': 0.23919484987854958, 'num_tokens': 198574080.0, 'mean_token_accuracy': 0.9391863316297531, 'epoch': 0.31}
{'loss': 0.2367, 'grad_norm': 0.2402261644601822, 'learning_rate': 0.00019713448165975116, 'entropy': 0.23867282271385193, 'num_tokens': 199229440.0, 'mean_token_accuracy': 0.9397199034690857, 'epoch': 0.31}
{'loss': 0.2365, 'grad_norm': 0.18222737312316895, 'learning_rate': 0.0001971080533800551, 'entropy': 0.23827639296650888, 'num_tokens': 199884800.0, 'mean_token_accuracy': 0.939670979976654, 'epoch': 0.31}
{'loss': 0.2388, 'grad_norm': 0.21818462014198303, 'learning_rate': 0.00019708150557488701, 'entropy': 0.24018688648939132, 'num_tokens': 200540160.0, 'mean_token_accuracy': 0.9389157235622406, 'epoch': 0.31}
{'loss': 0.2374, 'grad_norm': 0.20453768968582153, 'learning_rate': 0.00019705483827692325, 'entropy': 0.23934182822704314, 'num_tokens': 201195520.0, 'mean_token_accuracy': 0.9392031490802765, 'epoch': 0.32}
{'loss': 0.237, 'grad_norm': 0.17786642909049988, 'learning_rate': 0.0001970280515189872, 'entropy': 0.23917954042553902, 'num_tokens': 201850880.0, 'mean_token_accuracy': 0.9395502001047135, 'epoch': 0.32}
{'loss': 0.236, 'grad_norm': 0.19698333740234375, 'learning_rate': 0.0001970011453340494, 'entropy': 0.23744079917669297, 'num_tokens': 202506240.0, 'mean_token_accuracy': 0.9398452699184418, 'epoch': 0.32}
{'loss': 0.2357, 'grad_norm': 0.18368138372898102, 'learning_rate': 0.00019697411975522737, 'entropy': 0.2379564069211483, 'num_tokens': 203161600.0, 'mean_token_accuracy': 0.939551728963852, 'epoch': 0.32}
{'loss': 0.2362, 'grad_norm': 0.18160971999168396, 'learning_rate': 0.00019694697481578547, 'entropy': 0.2376723200082779, 'num_tokens': 203816960.0, 'mean_token_accuracy': 0.9396816819906235, 'epoch': 0.32}
{'loss': 0.2355, 'grad_norm': 0.158587247133255, 'learning_rate': 0.00019691971054913512, 'entropy': 0.23715341910719873, 'num_tokens': 204472320.0, 'mean_token_accuracy': 0.9398559719324112, 'epoch': 0.32}
{'loss': 0.2368, 'grad_norm': 0.16239525377750397, 'learning_rate': 0.00019689232698883453, 'entropy': 0.23833784386515616, 'num_tokens': 205127680.0, 'mean_token_accuracy': 0.9395364403724671, 'epoch': 0.32}
{'loss': 0.2369, 'grad_norm': 0.18655462563037872, 'learning_rate': 0.00019686482416858878, 'entropy': 0.23798967748880387, 'num_tokens': 205783040.0, 'mean_token_accuracy': 0.9392933517694473, 'epoch': 0.32}
{'loss': 0.2356, 'grad_norm': 0.18728423118591309, 'learning_rate': 0.00019683720212224968, 'entropy': 0.23780977502465248, 'num_tokens': 206438400.0, 'mean_token_accuracy': 0.9398208081722259, 'epoch': 0.32}
{'loss': 0.2353, 'grad_norm': 0.20474772155284882, 'learning_rate': 0.00019680946088381586, 'entropy': 0.237189369648695, 'num_tokens': 207093760.0, 'mean_token_accuracy': 0.9398101061582566, 'epoch': 0.32}
{'loss': 0.2359, 'grad_norm': 0.18155115842819214, 'learning_rate': 0.00019678160048743263, 'entropy': 0.2370775282382965, 'num_tokens': 207749120.0, 'mean_token_accuracy': 0.9397199034690857, 'epoch': 0.33}
{'loss': 0.2356, 'grad_norm': 0.18975116312503815, 'learning_rate': 0.00019675362096739199, 'entropy': 0.23736825510859488, 'num_tokens': 208404480.0, 'mean_token_accuracy': 0.9397749423980712, 'epoch': 0.33}
{'loss': 0.2362, 'grad_norm': 0.17063921689987183, 'learning_rate': 0.0001967255223581325, 'entropy': 0.2375645563006401, 'num_tokens': 209059840.0, 'mean_token_accuracy': 0.9395853638648987, 'epoch': 0.33}
{'loss': 0.2363, 'grad_norm': 0.18988820910453796, 'learning_rate': 0.00019669730469423934, 'entropy': 0.23814972043037413, 'num_tokens': 209715200.0, 'mean_token_accuracy': 0.9397214323282241, 'epoch': 0.33}
{'loss': 0.2361, 'grad_norm': 0.20171763002872467, 'learning_rate': 0.00019666896801044423, 'entropy': 0.23774769976735116, 'num_tokens': 210370560.0, 'mean_token_accuracy': 0.939689326286316, 'epoch': 0.33}
{'loss': 0.2354, 'grad_norm': 0.22787994146347046, 'learning_rate': 0.0001966405123416254, 'entropy': 0.23709948360919952, 'num_tokens': 211025920.0, 'mean_token_accuracy': 0.9397764712572098, 'epoch': 0.33}
{'loss': 0.2342, 'grad_norm': 0.16435456275939941, 'learning_rate': 0.00019661193772280754, 'entropy': 0.23576750010251998, 'num_tokens': 211681280.0, 'mean_token_accuracy': 0.9399889826774597, 'epoch': 0.33}
{'loss': 0.2358, 'grad_norm': 0.17278845608234406, 'learning_rate': 0.0001965832441891617, 'entropy': 0.2380252808332443, 'num_tokens': 212336640.0, 'mean_token_accuracy': 0.9396434605121613, 'epoch': 0.33}
{'loss': 0.2351, 'grad_norm': 0.1985136717557907, 'learning_rate': 0.0001965544317760053, 'entropy': 0.2365766242146492, 'num_tokens': 212992000.0, 'mean_token_accuracy': 0.939814692735672, 'epoch': 0.33}
{'loss': 0.2327, 'grad_norm': 0.16452494263648987, 'learning_rate': 0.00019652550051880215, 'entropy': 0.23455655947327614, 'num_tokens': 213647360.0, 'mean_token_accuracy': 0.9403880149126053, 'epoch': 0.34}
{'loss': 0.2344, 'grad_norm': 0.1748744398355484, 'learning_rate': 0.00019649645045316226, 'entropy': 0.23590438142418862, 'num_tokens': 214302720.0, 'mean_token_accuracy': 0.9399874538183213, 'epoch': 0.34}
{'loss': 0.2354, 'grad_norm': 0.17385999858379364, 'learning_rate': 0.00019646728161484193, 'entropy': 0.23721821531653403, 'num_tokens': 214958080.0, 'mean_token_accuracy': 0.9395853638648987, 'epoch': 0.34}
{'loss': 0.2364, 'grad_norm': 0.18429215252399445, 'learning_rate': 0.00019643799403974363, 'entropy': 0.23792849034070968, 'num_tokens': 215613440.0, 'mean_token_accuracy': 0.9394416511058807, 'epoch': 0.34}
{'loss': 0.235, 'grad_norm': 0.1494951844215393, 'learning_rate': 0.00019640858776391598, 'entropy': 0.2367675557732582, 'num_tokens': 216268800.0, 'mean_token_accuracy': 0.9397688269615173, 'epoch': 0.34}
{'loss': 0.2332, 'grad_norm': 0.19108708202838898, 'learning_rate': 0.0001963790628235537, 'entropy': 0.23493409901857376, 'num_tokens': 216924160.0, 'mean_token_accuracy': 0.9401021182537079, 'epoch': 0.34}
{'loss': 0.2346, 'grad_norm': 0.15874959528446198, 'learning_rate': 0.00019634941925499754, 'entropy': 0.23637017831206322, 'num_tokens': 217579520.0, 'mean_token_accuracy': 0.9399645209312439, 'epoch': 0.34}
{'loss': 0.2343, 'grad_norm': 0.1665029227733612, 'learning_rate': 0.00019631965709473437, 'entropy': 0.236646618694067, 'num_tokens': 218234880.0, 'mean_token_accuracy': 0.9401602149009705, 'epoch': 0.34}
{'loss': 0.2338, 'grad_norm': 0.16896288096904755, 'learning_rate': 0.00019628977637939688, 'entropy': 0.23569500222802162, 'num_tokens': 218890240.0, 'mean_token_accuracy': 0.9401862055063248, 'epoch': 0.34}
{'loss': 0.2338, 'grad_norm': 0.19378958642482758, 'learning_rate': 0.0001962597771457638, 'entropy': 0.23494032248854638, 'num_tokens': 219545600.0, 'mean_token_accuracy': 0.9402504175901413, 'epoch': 0.34}
{'loss': 0.2326, 'grad_norm': 0.17234311997890472, 'learning_rate': 0.00019622965943075964, 'entropy': 0.23465956896543502, 'num_tokens': 220200960.0, 'mean_token_accuracy': 0.9401204645633697, 'epoch': 0.35}
{'loss': 0.2338, 'grad_norm': 0.19275756180286407, 'learning_rate': 0.00019619942327145484, 'entropy': 0.2350961223244667, 'num_tokens': 220856320.0, 'mean_token_accuracy': 0.9402580618858337, 'epoch': 0.35}
{'loss': 0.2338, 'grad_norm': 0.15592390298843384, 'learning_rate': 0.0001961690687050656, 'entropy': 0.235846209526062, 'num_tokens': 221511680.0, 'mean_token_accuracy': 0.9401999652385712, 'epoch': 0.35}
{'loss': 0.2315, 'grad_norm': 0.17710085213184357, 'learning_rate': 0.0001961385957689538, 'entropy': 0.23347226902842522, 'num_tokens': 222167040.0, 'mean_token_accuracy': 0.9407396525144577, 'epoch': 0.35}
{'loss': 0.2336, 'grad_norm': 0.17692998051643372, 'learning_rate': 0.00019610800450062713, 'entropy': 0.23494842499494553, 'num_tokens': 222822400.0, 'mean_token_accuracy': 0.9401938498020173, 'epoch': 0.35}
{'loss': 0.2331, 'grad_norm': 0.18249396979808807, 'learning_rate': 0.00019607729493773877, 'entropy': 0.23515955582261086, 'num_tokens': 223477760.0, 'mean_token_accuracy': 0.9401907920837402, 'epoch': 0.35}
{'loss': 0.2326, 'grad_norm': 0.17647936940193176, 'learning_rate': 0.00019604646711808763, 'entropy': 0.23421762362122536, 'num_tokens': 224133120.0, 'mean_token_accuracy': 0.9405210256576538, 'epoch': 0.35}
{'loss': 0.2319, 'grad_norm': 0.161459282040596, 'learning_rate': 0.0001960155210796182, 'entropy': 0.23411668688058854, 'num_tokens': 224788480.0, 'mean_token_accuracy': 0.9406815558671952, 'epoch': 0.35}
{'loss': 0.2327, 'grad_norm': 0.17711974680423737, 'learning_rate': 0.00019598445686042033, 'entropy': 0.23468495011329651, 'num_tokens': 225443840.0, 'mean_token_accuracy': 0.9401969075202942, 'epoch': 0.35}
{'loss': 0.2308, 'grad_norm': 0.18764185905456543, 'learning_rate': 0.00019595327449872945, 'entropy': 0.2326764941215515, 'num_tokens': 226099200.0, 'mean_token_accuracy': 0.9407901048660279, 'epoch': 0.35}
{'loss': 0.2336, 'grad_norm': 0.18000143766403198, 'learning_rate': 0.0001959219740329264, 'entropy': 0.2348094955086708, 'num_tokens': 226754560.0, 'mean_token_accuracy': 0.9401281088590622, 'epoch': 0.36}
{'loss': 0.2329, 'grad_norm': 0.19677194952964783, 'learning_rate': 0.00019589055550153734, 'entropy': 0.23501395359635352, 'num_tokens': 227409920.0, 'mean_token_accuracy': 0.9402657061815262, 'epoch': 0.36}
{'loss': 0.2328, 'grad_norm': 0.1898289918899536, 'learning_rate': 0.0001958590189432338, 'entropy': 0.23403651267290115, 'num_tokens': 228065280.0, 'mean_token_accuracy': 0.9403314471244812, 'epoch': 0.36}
{'loss': 0.2329, 'grad_norm': 0.16105476021766663, 'learning_rate': 0.00019582736439683257, 'entropy': 0.23492272496223449, 'num_tokens': 228720640.0, 'mean_token_accuracy': 0.9403421491384506, 'epoch': 0.36}
{'loss': 0.2324, 'grad_norm': 0.1976991593837738, 'learning_rate': 0.00019579559190129563, 'entropy': 0.23389799445867537, 'num_tokens': 229376000.0, 'mean_token_accuracy': 0.9402595907449722, 'epoch': 0.36}
{'loss': 0.232, 'grad_norm': 0.17497210204601288, 'learning_rate': 0.00019576370149573013, 'entropy': 0.2339413993060589, 'num_tokens': 230031360.0, 'mean_token_accuracy': 0.9404766887426377, 'epoch': 0.36}
{'loss': 0.2309, 'grad_norm': 0.19600357115268707, 'learning_rate': 0.00019573169321938845, 'entropy': 0.2324423983693123, 'num_tokens': 230686720.0, 'mean_token_accuracy': 0.9407702296972275, 'epoch': 0.36}
{'loss': 0.232, 'grad_norm': 0.1841745227575302, 'learning_rate': 0.00019569956711166798, 'entropy': 0.23382168263196945, 'num_tokens': 231342080.0, 'mean_token_accuracy': 0.9406922578811645, 'epoch': 0.36}
{'loss': 0.232, 'grad_norm': 0.15491454303264618, 'learning_rate': 0.0001956673232121111, 'entropy': 0.23351205810904502, 'num_tokens': 231997440.0, 'mean_token_accuracy': 0.9405286699533463, 'epoch': 0.36}
{'loss': 0.231, 'grad_norm': 0.22213409841060638, 'learning_rate': 0.00019563496156040528, 'entropy': 0.23334456905722617, 'num_tokens': 232652800.0, 'mean_token_accuracy': 0.9408619612455368, 'epoch': 0.36}
{'loss': 0.2333, 'grad_norm': 0.1814103126525879, 'learning_rate': 0.00019560248219638285, 'entropy': 0.23512280881404876, 'num_tokens': 233308160.0, 'mean_token_accuracy': 0.9400470793247223, 'epoch': 0.37}
{'loss': 0.232, 'grad_norm': 0.15027682483196259, 'learning_rate': 0.000195569885160021, 'entropy': 0.23349728286266327, 'num_tokens': 233963520.0, 'mean_token_accuracy': 0.9404797464609146, 'epoch': 0.37}
{'loss': 0.2328, 'grad_norm': 0.17482806742191315, 'learning_rate': 0.00019553717049144181, 'entropy': 0.23418159782886505, 'num_tokens': 234618880.0, 'mean_token_accuracy': 0.9403650820255279, 'epoch': 0.37}
{'loss': 0.2317, 'grad_norm': 0.17882300913333893, 'learning_rate': 0.00019550433823091218, 'entropy': 0.23411208093166352, 'num_tokens': 235274240.0, 'mean_token_accuracy': 0.9405806511640549, 'epoch': 0.37}
{'loss': 0.2304, 'grad_norm': 0.1860278844833374, 'learning_rate': 0.0001954713884188437, 'entropy': 0.23189279213547706, 'num_tokens': 235929600.0, 'mean_token_accuracy': 0.9409307599067688, 'epoch': 0.37}
{'loss': 0.232, 'grad_norm': 0.15166091918945312, 'learning_rate': 0.00019543832109579262, 'entropy': 0.23392633125185966, 'num_tokens': 236584960.0, 'mean_token_accuracy': 0.9406723827123642, 'epoch': 0.37}
{'loss': 0.2311, 'grad_norm': 0.1555214822292328, 'learning_rate': 0.00019540513630245988, 'entropy': 0.23238435611128808, 'num_tokens': 237240320.0, 'mean_token_accuracy': 0.9407350659370423, 'epoch': 0.37}
{'loss': 0.2313, 'grad_norm': 0.17969325184822083, 'learning_rate': 0.000195371834079691, 'entropy': 0.2338543638586998, 'num_tokens': 237895680.0, 'mean_token_accuracy': 0.9405974686145783, 'epoch': 0.37}
{'loss': 0.2314, 'grad_norm': 0.20035798847675323, 'learning_rate': 0.00019533841446847604, 'entropy': 0.23286385089159012, 'num_tokens': 238551040.0, 'mean_token_accuracy': 0.9407014310359955, 'epoch': 0.37}
{'loss': 0.2307, 'grad_norm': 0.1736156940460205, 'learning_rate': 0.00019530487750994954, 'entropy': 0.23235946968197824, 'num_tokens': 239206400.0, 'mean_token_accuracy': 0.940628045797348, 'epoch': 0.38}
{'loss': 0.23, 'grad_norm': 0.21055816113948822, 'learning_rate': 0.0001952712232453904, 'entropy': 0.23214726597070695, 'num_tokens': 239861760.0, 'mean_token_accuracy': 0.941187608242035, 'epoch': 0.38}
{'loss': 0.2303, 'grad_norm': 0.15084370970726013, 'learning_rate': 0.00019523745171622206, 'entropy': 0.2322910435497761, 'num_tokens': 240517120.0, 'mean_token_accuracy': 0.9407839894294738, 'epoch': 0.38}
{'loss': 0.2304, 'grad_norm': 0.20371215045452118, 'learning_rate': 0.00019520356296401218, 'entropy': 0.23151965141296388, 'num_tokens': 241172480.0, 'mean_token_accuracy': 0.9408573746681214, 'epoch': 0.38}
{'loss': 0.2312, 'grad_norm': 0.15782786905765533, 'learning_rate': 0.00019516955703047275, 'entropy': 0.23360438644886017, 'num_tokens': 241827840.0, 'mean_token_accuracy': 0.9408206820487977, 'epoch': 0.38}
{'loss': 0.2309, 'grad_norm': 0.18627148866653442, 'learning_rate': 0.00019513543395745998, 'entropy': 0.23260716572403908, 'num_tokens': 242483200.0, 'mean_token_accuracy': 0.9407457679510116, 'epoch': 0.38}
{'loss': 0.2301, 'grad_norm': 0.16195181012153625, 'learning_rate': 0.00019510119378697428, 'entropy': 0.2319153368473053, 'num_tokens': 243138560.0, 'mean_token_accuracy': 0.9409154713153839, 'epoch': 0.38}
{'loss': 0.2307, 'grad_norm': 0.15867900848388672, 'learning_rate': 0.00019506683656116014, 'entropy': 0.23275127038359641, 'num_tokens': 243793920.0, 'mean_token_accuracy': 0.9408420860767365, 'epoch': 0.38}
{'loss': 0.2316, 'grad_norm': 0.19492800533771515, 'learning_rate': 0.00019503236232230618, 'entropy': 0.23317790552973747, 'num_tokens': 244449280.0, 'mean_token_accuracy': 0.9405775934457778, 'epoch': 0.38}
{'loss': 0.2316, 'grad_norm': 0.1520506888628006, 'learning_rate': 0.000194997771112845, 'entropy': 0.23305129185318946, 'num_tokens': 245104640.0, 'mean_token_accuracy': 0.9407427102327347, 'epoch': 0.38}
{'loss': 0.228, 'grad_norm': 0.15864266455173492, 'learning_rate': 0.00019496306297535324, 'entropy': 0.22987305372953415, 'num_tokens': 245760000.0, 'mean_token_accuracy': 0.9414123505353927, 'epoch': 0.39}
{'loss': 0.2283, 'grad_norm': 0.16634884476661682, 'learning_rate': 0.0001949282379525514, 'entropy': 0.23063057586550711, 'num_tokens': 246415360.0, 'mean_token_accuracy': 0.9413359075784683, 'epoch': 0.39}
{'loss': 0.2281, 'grad_norm': 0.18225790560245514, 'learning_rate': 0.0001948932960873039, 'entropy': 0.22975070104002954, 'num_tokens': 247070720.0, 'mean_token_accuracy': 0.9411126941442489, 'epoch': 0.39}
{'loss': 0.2296, 'grad_norm': 0.20549777150154114, 'learning_rate': 0.00019485823742261887, 'entropy': 0.2315588153898716, 'num_tokens': 247726080.0, 'mean_token_accuracy': 0.9411050498485565, 'epoch': 0.39}
{'loss': 0.2281, 'grad_norm': 0.1923063099384308, 'learning_rate': 0.00019482306200164834, 'entropy': 0.22983912006020546, 'num_tokens': 248381440.0, 'mean_token_accuracy': 0.9413557827472687, 'epoch': 0.39}
{'loss': 0.2302, 'grad_norm': 0.18143120408058167, 'learning_rate': 0.00019478776986768797, 'entropy': 0.23196361511945723, 'num_tokens': 249036800.0, 'mean_token_accuracy': 0.9408267974853516, 'epoch': 0.39}
{'loss': 0.2295, 'grad_norm': 0.15941517055034637, 'learning_rate': 0.00019475236106417706, 'entropy': 0.2314536191523075, 'num_tokens': 249692160.0, 'mean_token_accuracy': 0.9410454243421554, 'epoch': 0.39}
{'loss': 0.2287, 'grad_norm': 0.1547674536705017, 'learning_rate': 0.0001947168356346986, 'entropy': 0.2305406115949154, 'num_tokens': 250347520.0, 'mean_token_accuracy': 0.9410683572292328, 'epoch': 0.39}
{'loss': 0.2287, 'grad_norm': 0.15035398304462433, 'learning_rate': 0.00019468119362297902, 'entropy': 0.23042910769581795, 'num_tokens': 251002880.0, 'mean_token_accuracy': 0.9411325693130493, 'epoch': 0.39}
{'loss': 0.2281, 'grad_norm': 0.15512950718402863, 'learning_rate': 0.00019464543507288832, 'entropy': 0.22985008507966995, 'num_tokens': 251658240.0, 'mean_token_accuracy': 0.9413007438182831, 'epoch': 0.39}
{'loss': 0.2273, 'grad_norm': 0.16857841610908508, 'learning_rate': 0.00019460956002843993, 'entropy': 0.22894636541604996, 'num_tokens': 252313600.0, 'mean_token_accuracy': 0.9414643317461013, 'epoch': 0.4}
{'loss': 0.229, 'grad_norm': 0.15452352166175842, 'learning_rate': 0.00019457356853379068, 'entropy': 0.23082372024655343, 'num_tokens': 252968960.0, 'mean_token_accuracy': 0.941175377368927, 'epoch': 0.4}
{'loss': 0.2283, 'grad_norm': 0.18362218141555786, 'learning_rate': 0.00019453746063324064, 'entropy': 0.22996398583054542, 'num_tokens': 253624320.0, 'mean_token_accuracy': 0.9414383411407471, 'epoch': 0.4}
{'loss': 0.2295, 'grad_norm': 0.1586483269929886, 'learning_rate': 0.0001945012363712333, 'entropy': 0.23099512830376626, 'num_tokens': 254279680.0, 'mean_token_accuracy': 0.9411249250173569, 'epoch': 0.4}
{'loss': 0.2287, 'grad_norm': 0.15416596829891205, 'learning_rate': 0.00019446489579235526, 'entropy': 0.23056098222732543, 'num_tokens': 254935040.0, 'mean_token_accuracy': 0.9410331934690476, 'epoch': 0.4}
{'loss': 0.2281, 'grad_norm': 0.1540793627500534, 'learning_rate': 0.00019442843894133637, 'entropy': 0.22987767457962036, 'num_tokens': 255590400.0, 'mean_token_accuracy': 0.9412304162979126, 'epoch': 0.4}
{'loss': 0.2278, 'grad_norm': 0.17548100650310516, 'learning_rate': 0.0001943918658630495, 'entropy': 0.22954857349395752, 'num_tokens': 256245760.0, 'mean_token_accuracy': 0.9409705102443695, 'epoch': 0.4}
{'loss': 0.2283, 'grad_norm': 0.16511836647987366, 'learning_rate': 0.00019435517660251067, 'entropy': 0.2298049472272396, 'num_tokens': 256901120.0, 'mean_token_accuracy': 0.9408604323863983, 'epoch': 0.4}
{'loss': 0.2264, 'grad_norm': 0.18848435580730438, 'learning_rate': 0.00019431837120487887, 'entropy': 0.22805158346891402, 'num_tokens': 257556480.0, 'mean_token_accuracy': 0.9415545344352723, 'epoch': 0.4}
{'loss': 0.2273, 'grad_norm': 0.15986232459545135, 'learning_rate': 0.000194281449715456, 'entropy': 0.22913862764835358, 'num_tokens': 258211840.0, 'mean_token_accuracy': 0.9412365317344665, 'epoch': 0.4}
{'loss': 0.2286, 'grad_norm': 0.14587846398353577, 'learning_rate': 0.00019424441217968689, 'entropy': 0.230603888630867, 'num_tokens': 258867200.0, 'mean_token_accuracy': 0.9410530686378479, 'epoch': 0.41}
{'loss': 0.2265, 'grad_norm': 0.180960550904274, 'learning_rate': 0.00019420725864315922, 'entropy': 0.22822485864162445, 'num_tokens': 259522560.0, 'mean_token_accuracy': 0.941513255238533, 'epoch': 0.41}
{'loss': 0.2273, 'grad_norm': 0.17148394882678986, 'learning_rate': 0.00019416998915160346, 'entropy': 0.22925554737448692, 'num_tokens': 260177920.0, 'mean_token_accuracy': 0.9412502914667129, 'epoch': 0.41}
{'loss': 0.2264, 'grad_norm': 0.15376511216163635, 'learning_rate': 0.0001941326037508927, 'entropy': 0.22817906066775323, 'num_tokens': 260833280.0, 'mean_token_accuracy': 0.9416095733642578, 'epoch': 0.41}
{'loss': 0.2259, 'grad_norm': 0.1783505082130432, 'learning_rate': 0.0001940951024870428, 'entropy': 0.22757561951875688, 'num_tokens': 261488640.0, 'mean_token_accuracy': 0.9414368122816086, 'epoch': 0.41}
{'loss': 0.2259, 'grad_norm': 0.17491328716278076, 'learning_rate': 0.00019405748540621224, 'entropy': 0.22729285433888435, 'num_tokens': 262144000.0, 'mean_token_accuracy': 0.9413924753665924, 'epoch': 0.41}
{'eval_loss': 0.2248610407114029, 'eval_runtime': 78.2566, 'eval_samples_per_second': 63.892, 'eval_steps_per_second': 1.009, 'eval_entropy': 0.22810061502305767, 'eval_num_tokens': 262144000.0, 'eval_mean_token_accuracy': 0.9417540989344633, 'epoch': 0.41}
{'loss': 0.2258, 'grad_norm': 0.1564302146434784, 'learning_rate': 0.00019401975255470196, 'entropy': 0.22730012312531472, 'num_tokens': 262799360.0, 'mean_token_accuracy': 0.9414429277181625, 'epoch': 0.41}
{'loss': 0.2253, 'grad_norm': 0.16896384954452515, 'learning_rate': 0.0001939819039789555, 'entropy': 0.22761800438165664, 'num_tokens': 263454720.0, 'mean_token_accuracy': 0.9415285438299179, 'epoch': 0.41}
{'loss': 0.2277, 'grad_norm': 0.15542569756507874, 'learning_rate': 0.00019394393972555873, 'entropy': 0.22912890315055848, 'num_tokens': 264110080.0, 'mean_token_accuracy': 0.9410760015249252, 'epoch': 0.41}
{'loss': 0.2268, 'grad_norm': 0.1568710207939148, 'learning_rate': 0.00019390585984123998, 'entropy': 0.22861312925815583, 'num_tokens': 264765440.0, 'mean_token_accuracy': 0.941375657916069, 'epoch': 0.42}
{'loss': 0.2258, 'grad_norm': 0.1686152070760727, 'learning_rate': 0.00019386766437286994, 'entropy': 0.22795256674289704, 'num_tokens': 265420800.0, 'mean_token_accuracy': 0.9415835827589035, 'epoch': 0.42}
{'loss': 0.2238, 'grad_norm': 0.1781051605939865, 'learning_rate': 0.00019382935336746142, 'entropy': 0.2253045916557312, 'num_tokens': 266076160.0, 'mean_token_accuracy': 0.9420162498950958, 'epoch': 0.42}
{'loss': 0.2279, 'grad_norm': 0.16022266447544098, 'learning_rate': 0.0001937909268721696, 'entropy': 0.22929314970970155, 'num_tokens': 266731520.0, 'mean_token_accuracy': 0.9408038645982743, 'epoch': 0.42}
{'loss': 0.2249, 'grad_norm': 0.17212024331092834, 'learning_rate': 0.00019375238493429171, 'entropy': 0.22686681076884269, 'num_tokens': 267386880.0, 'mean_token_accuracy': 0.9415453612804413, 'epoch': 0.42}
{'loss': 0.2256, 'grad_norm': 0.15469375252723694, 'learning_rate': 0.00019371372760126714, 'entropy': 0.22737073078751563, 'num_tokens': 268042240.0, 'mean_token_accuracy': 0.9415178418159484, 'epoch': 0.42}
{'loss': 0.2243, 'grad_norm': 0.16574035584926605, 'learning_rate': 0.00019367495492067722, 'entropy': 0.22604542300105096, 'num_tokens': 268697600.0, 'mean_token_accuracy': 0.9417746901512146, 'epoch': 0.42}
{'loss': 0.2249, 'grad_norm': 0.16801056265830994, 'learning_rate': 0.00019363606694024535, 'entropy': 0.22658958435058593, 'num_tokens': 269352960.0, 'mean_token_accuracy': 0.9414154082536698, 'epoch': 0.42}
{'loss': 0.2245, 'grad_norm': 0.15582184493541718, 'learning_rate': 0.0001935970637078368, 'entropy': 0.22640096321702002, 'num_tokens': 270008320.0, 'mean_token_accuracy': 0.9416569679975509, 'epoch': 0.42}
{'loss': 0.2239, 'grad_norm': 0.1430380940437317, 'learning_rate': 0.00019355794527145873, 'entropy': 0.22569242715835572, 'num_tokens': 270663680.0, 'mean_token_accuracy': 0.9420162498950958, 'epoch': 0.42}
{'loss': 0.224, 'grad_norm': 0.1856321394443512, 'learning_rate': 0.00019351871167926007, 'entropy': 0.2256060168147087, 'num_tokens': 271319040.0, 'mean_token_accuracy': 0.9417135357856751, 'epoch': 0.43}
{'loss': 0.2266, 'grad_norm': 0.46048855781555176, 'learning_rate': 0.00019347936297953148, 'entropy': 0.22767128571867942, 'num_tokens': 271974400.0, 'mean_token_accuracy': 0.9410561263561249, 'epoch': 0.43}
{'loss': 0.2276, 'grad_norm': 0.17375750839710236, 'learning_rate': 0.00019343989922070533, 'entropy': 0.22977075055241586, 'num_tokens': 272629760.0, 'mean_token_accuracy': 0.9411570310592652, 'epoch': 0.43}
{'loss': 0.2264, 'grad_norm': 0.18699297308921814, 'learning_rate': 0.0001934003204513556, 'entropy': 0.22764037325978279, 'num_tokens': 273285120.0, 'mean_token_accuracy': 0.9414291679859161, 'epoch': 0.43}
{'loss': 0.2269, 'grad_norm': 0.1656249761581421, 'learning_rate': 0.0001933606267201978, 'entropy': 0.2286355637013912, 'num_tokens': 273940480.0, 'mean_token_accuracy': 0.9411616176366806, 'epoch': 0.43}
{'loss': 0.2254, 'grad_norm': 0.16204756498336792, 'learning_rate': 0.000193320818076089, 'entropy': 0.22738109678030013, 'num_tokens': 274595840.0, 'mean_token_accuracy': 0.9413511961698532, 'epoch': 0.43}
{'loss': 0.2238, 'grad_norm': 0.1551969349384308, 'learning_rate': 0.00019328089456802764, 'entropy': 0.22574799209833146, 'num_tokens': 275251200.0, 'mean_token_accuracy': 0.9415728807449341, 'epoch': 0.43}
{'loss': 0.2241, 'grad_norm': 0.17996016144752502, 'learning_rate': 0.00019324085624515368, 'entropy': 0.22579632997512816, 'num_tokens': 275906560.0, 'mean_token_accuracy': 0.9414949089288711, 'epoch': 0.43}
{'loss': 0.2244, 'grad_norm': 0.17153310775756836, 'learning_rate': 0.00019320070315674817, 'entropy': 0.22633678168058396, 'num_tokens': 276561920.0, 'mean_token_accuracy': 0.9417211800813675, 'epoch': 0.43}
{'loss': 0.2243, 'grad_norm': 0.1632978916168213, 'learning_rate': 0.00019316043535223362, 'entropy': 0.2259815104305744, 'num_tokens': 277217280.0, 'mean_token_accuracy': 0.9415942847728729, 'epoch': 0.43}
{'loss': 0.2227, 'grad_norm': 0.15924236178398132, 'learning_rate': 0.00019312005288117366, 'entropy': 0.22442220225930215, 'num_tokens': 277872640.0, 'mean_token_accuracy': 0.9419612109661102, 'epoch': 0.44}
{'loss': 0.2232, 'grad_norm': 0.15063491463661194, 'learning_rate': 0.00019307955579327306, 'entropy': 0.22485869228839875, 'num_tokens': 278528000.0, 'mean_token_accuracy': 0.9419474512338638, 'epoch': 0.44}
{'loss': 0.2232, 'grad_norm': 0.17230698466300964, 'learning_rate': 0.0001930389441383777, 'entropy': 0.22520602121949196, 'num_tokens': 279183360.0, 'mean_token_accuracy': 0.9420560002326965, 'epoch': 0.44}
{'loss': 0.2244, 'grad_norm': 0.1679989993572235, 'learning_rate': 0.0001929982179664744, 'entropy': 0.2258193351328373, 'num_tokens': 279838720.0, 'mean_token_accuracy': 0.9415759384632111, 'epoch': 0.44}
{'loss': 0.2243, 'grad_norm': 0.15828034281730652, 'learning_rate': 0.00019295737732769096, 'entropy': 0.22606536895036697, 'num_tokens': 280494080.0, 'mean_token_accuracy': 0.9413894176483154, 'epoch': 0.44}
{'loss': 0.2221, 'grad_norm': 0.15217971801757812, 'learning_rate': 0.00019291642227229616, 'entropy': 0.22424038872122765, 'num_tokens': 281149440.0, 'mean_token_accuracy': 0.9420177787542343, 'epoch': 0.44}
{'loss': 0.2245, 'grad_norm': 0.15481027960777283, 'learning_rate': 0.00019287535285069952, 'entropy': 0.2258333072066307, 'num_tokens': 281804800.0, 'mean_token_accuracy': 0.9416095733642578, 'epoch': 0.44}
{'loss': 0.2228, 'grad_norm': 0.16294415295124054, 'learning_rate': 0.00019283416911345131, 'entropy': 0.22428329959511756, 'num_tokens': 282460160.0, 'mean_token_accuracy': 0.941719651222229, 'epoch': 0.44}
{'loss': 0.224, 'grad_norm': 0.15851950645446777, 'learning_rate': 0.00019279287111124258, 'entropy': 0.22618417739868163, 'num_tokens': 283115520.0, 'mean_token_accuracy': 0.9416844874620438, 'epoch': 0.44}
{'loss': 0.2227, 'grad_norm': 0.1623431146144867, 'learning_rate': 0.00019275145889490497, 'entropy': 0.2240222305059433, 'num_tokens': 283770880.0, 'mean_token_accuracy': 0.9419306337833404, 'epoch': 0.44}
{'loss': 0.2234, 'grad_norm': 0.16728942096233368, 'learning_rate': 0.00019270993251541073, 'entropy': 0.22504536658525467, 'num_tokens': 284426240.0, 'mean_token_accuracy': 0.9419764995574951, 'epoch': 0.45}
{'loss': 0.2218, 'grad_norm': 0.13291805982589722, 'learning_rate': 0.00019266829202387262, 'entropy': 0.22374055460095404, 'num_tokens': 285081600.0, 'mean_token_accuracy': 0.9422119438648224, 'epoch': 0.45}
{'loss': 0.2222, 'grad_norm': 0.15179970860481262, 'learning_rate': 0.0001926265374715438, 'entropy': 0.22409146055579185, 'num_tokens': 285736960.0, 'mean_token_accuracy': 0.9420483559370041, 'epoch': 0.45}
{'loss': 0.2217, 'grad_norm': 0.1563938558101654, 'learning_rate': 0.00019258466890981796, 'entropy': 0.22364244908094405, 'num_tokens': 286392320.0, 'mean_token_accuracy': 0.942201241850853, 'epoch': 0.45}
{'loss': 0.2216, 'grad_norm': 0.157060444355011, 'learning_rate': 0.00019254268639022892, 'entropy': 0.2230301670730114, 'num_tokens': 287047680.0, 'mean_token_accuracy': 0.9420208364725113, 'epoch': 0.45}
{'loss': 0.2221, 'grad_norm': 0.18497373163700104, 'learning_rate': 0.00019250058996445095, 'entropy': 0.224177086353302, 'num_tokens': 287703040.0, 'mean_token_accuracy': 0.9419764995574951, 'epoch': 0.45}
{'loss': 0.2231, 'grad_norm': 0.1780858337879181, 'learning_rate': 0.00019245837968429844, 'entropy': 0.2244410641491413, 'num_tokens': 288358400.0, 'mean_token_accuracy': 0.9417349398136139, 'epoch': 0.45}
{'loss': 0.2223, 'grad_norm': 0.14982867240905762, 'learning_rate': 0.0001924160556017259, 'entropy': 0.22399212941527366, 'num_tokens': 289013760.0, 'mean_token_accuracy': 0.9420101344585419, 'epoch': 0.45}
{'loss': 0.2222, 'grad_norm': 0.15617644786834717, 'learning_rate': 0.00019237361776882795, 'entropy': 0.22445557713508607, 'num_tokens': 289669120.0, 'mean_token_accuracy': 0.9420116633176804, 'epoch': 0.45}
{'loss': 0.2205, 'grad_norm': 0.1556103378534317, 'learning_rate': 0.00019233106623783925, 'entropy': 0.2222485475242138, 'num_tokens': 290324480.0, 'mean_token_accuracy': 0.9422960311174393, 'epoch': 0.46}
{'loss': 0.2227, 'grad_norm': 0.17707253992557526, 'learning_rate': 0.0001922884010611343, 'entropy': 0.22420745119452476, 'num_tokens': 290979840.0, 'mean_token_accuracy': 0.9417181223630905, 'epoch': 0.46}
{'loss': 0.2207, 'grad_norm': 0.1580667495727539, 'learning_rate': 0.00019224562229122754, 'entropy': 0.2227826565504074, 'num_tokens': 291635200.0, 'mean_token_accuracy': 0.9423709452152252, 'epoch': 0.46}
{'loss': 0.2207, 'grad_norm': 0.15756921470165253, 'learning_rate': 0.00019220272998077324, 'entropy': 0.22288298979401588, 'num_tokens': 292290560.0, 'mean_token_accuracy': 0.9422792136669159, 'epoch': 0.46}
{'loss': 0.2198, 'grad_norm': 0.16274094581604004, 'learning_rate': 0.00019215972418256544, 'entropy': 0.2209958016872406, 'num_tokens': 292945920.0, 'mean_token_accuracy': 0.9425054848194122, 'epoch': 0.46}
{'loss': 0.2206, 'grad_norm': 0.14592665433883667, 'learning_rate': 0.00019211660494953785, 'entropy': 0.22315197810530663, 'num_tokens': 293601280.0, 'mean_token_accuracy': 0.9423648297786713, 'epoch': 0.46}
{'loss': 0.2179, 'grad_norm': 0.15846411883831024, 'learning_rate': 0.00019207337233476376, 'entropy': 0.22000427469611167, 'num_tokens': 294256640.0, 'mean_token_accuracy': 0.9429412096738815, 'epoch': 0.46}
{'loss': 0.219, 'grad_norm': 0.15332631766796112, 'learning_rate': 0.000192030026391456, 'entropy': 0.22054891437292098, 'num_tokens': 294912000.0, 'mean_token_accuracy': 0.9427715063095092, 'epoch': 0.46}
{'loss': 0.2211, 'grad_norm': 0.15748851001262665, 'learning_rate': 0.00019198656717296704, 'entropy': 0.22304299622774124, 'num_tokens': 295567360.0, 'mean_token_accuracy': 0.9423847049474716, 'epoch': 0.46}
{'loss': 0.2207, 'grad_norm': 0.15844660997390747, 'learning_rate': 0.00019194299473278856, 'entropy': 0.22246388718485832, 'num_tokens': 296222720.0, 'mean_token_accuracy': 0.9421813666820527, 'epoch': 0.46}
{'loss': 0.2208, 'grad_norm': 0.1675027310848236, 'learning_rate': 0.0001918993091245518, 'entropy': 0.22228338345885276, 'num_tokens': 296878080.0, 'mean_token_accuracy': 0.9423847049474716, 'epoch': 0.47}
{'loss': 0.221, 'grad_norm': 0.18911826610565186, 'learning_rate': 0.00019185551040202715, 'entropy': 0.2225354179739952, 'num_tokens': 297533440.0, 'mean_token_accuracy': 0.942407637834549, 'epoch': 0.47}
{'loss': 0.2213, 'grad_norm': 0.17054276168346405, 'learning_rate': 0.00019181159861912428, 'entropy': 0.22339156195521354, 'num_tokens': 298188800.0, 'mean_token_accuracy': 0.9421110391616822, 'epoch': 0.47}
{'loss': 0.222, 'grad_norm': 0.14811567962169647, 'learning_rate': 0.00019176757382989205, 'entropy': 0.22335978522896766, 'num_tokens': 298844160.0, 'mean_token_accuracy': 0.9420621156692505, 'epoch': 0.47}
{'loss': 0.2209, 'grad_norm': 0.14186221361160278, 'learning_rate': 0.00019172343608851833, 'entropy': 0.22294445782899858, 'num_tokens': 299499520.0, 'mean_token_accuracy': 0.9420926928520202, 'epoch': 0.47}
{'loss': 0.2197, 'grad_norm': 0.15418942272663116, 'learning_rate': 0.00019167918544933015, 'entropy': 0.22092275843024253, 'num_tokens': 300154880.0, 'mean_token_accuracy': 0.9423816472291946, 'epoch': 0.47}
{'loss': 0.2211, 'grad_norm': 0.2114003747701645, 'learning_rate': 0.00019163482196679334, 'entropy': 0.22299979254603386, 'num_tokens': 300810240.0, 'mean_token_accuracy': 0.9420040190219879, 'epoch': 0.47}
{'loss': 0.2204, 'grad_norm': 0.16098210215568542, 'learning_rate': 0.00019159034569551272, 'entropy': 0.22228532955050467, 'num_tokens': 301465600.0, 'mean_token_accuracy': 0.9423449546098709, 'epoch': 0.47}
{'loss': 0.2214, 'grad_norm': 0.17129896581172943, 'learning_rate': 0.00019154575669023198, 'entropy': 0.2223592109978199, 'num_tokens': 302120960.0, 'mean_token_accuracy': 0.9418679505586625, 'epoch': 0.47}
{'loss': 0.2189, 'grad_norm': 0.1533944010734558, 'learning_rate': 0.00019150105500583347, 'entropy': 0.22082243487238884, 'num_tokens': 302776320.0, 'mean_token_accuracy': 0.9427271693944931, 'epoch': 0.47}
{'loss': 0.2196, 'grad_norm': 0.17843413352966309, 'learning_rate': 0.00019145624069733823, 'entropy': 0.2216004952788353, 'num_tokens': 303431680.0, 'mean_token_accuracy': 0.942664486169815, 'epoch': 0.48}
{'loss': 0.2191, 'grad_norm': 0.15361520648002625, 'learning_rate': 0.00019141131381990602, 'entropy': 0.22055040076375007, 'num_tokens': 304087040.0, 'mean_token_accuracy': 0.9426568448543549, 'epoch': 0.48}
{'loss': 0.2189, 'grad_norm': 0.17097967863082886, 'learning_rate': 0.00019136627442883507, 'entropy': 0.22094112560153006, 'num_tokens': 304742400.0, 'mean_token_accuracy': 0.9426033318042755, 'epoch': 0.48}
{'loss': 0.2186, 'grad_norm': 0.19491098821163177, 'learning_rate': 0.00019132112257956214, 'entropy': 0.2203253075480461, 'num_tokens': 305397760.0, 'mean_token_accuracy': 0.9424993693828583, 'epoch': 0.48}
{'loss': 0.2197, 'grad_norm': 0.14433348178863525, 'learning_rate': 0.00019127585832766236, 'entropy': 0.22140214517712592, 'num_tokens': 306053120.0, 'mean_token_accuracy': 0.9425253599882126, 'epoch': 0.48}
{'loss': 0.2183, 'grad_norm': 0.15382200479507446, 'learning_rate': 0.0001912304817288493, 'entropy': 0.22053129374980926, 'num_tokens': 306708480.0, 'mean_token_accuracy': 0.9428219586610794, 'epoch': 0.48}
{'loss': 0.2177, 'grad_norm': 0.1551237851381302, 'learning_rate': 0.00019118499283897472, 'entropy': 0.2194085419178009, 'num_tokens': 307363840.0, 'mean_token_accuracy': 0.942883113026619, 'epoch': 0.48}
{'loss': 0.2188, 'grad_norm': 0.16408558189868927, 'learning_rate': 0.00019113939171402865, 'entropy': 0.22056888341903685, 'num_tokens': 308019200.0, 'mean_token_accuracy': 0.9425589948892593, 'epoch': 0.48}
{'loss': 0.2176, 'grad_norm': 0.17726543545722961, 'learning_rate': 0.00019109367841013924, 'entropy': 0.21916467919945717, 'num_tokens': 308674560.0, 'mean_token_accuracy': 0.9429626137018203, 'epoch': 0.48}
{'loss': 0.2169, 'grad_norm': 0.15755918622016907, 'learning_rate': 0.00019104785298357273, 'entropy': 0.21904276460409164, 'num_tokens': 309329920.0, 'mean_token_accuracy': 0.9431063264608384, 'epoch': 0.49}
{'loss': 0.2187, 'grad_norm': 0.16243521869182587, 'learning_rate': 0.00019100191549073332, 'entropy': 0.22035000175237657, 'num_tokens': 309985280.0, 'mean_token_accuracy': 0.9425941586494446, 'epoch': 0.49}
{'loss': 0.2194, 'grad_norm': 0.14216293394565582, 'learning_rate': 0.0001909558659881632, 'entropy': 0.22157753705978395, 'num_tokens': 310640640.0, 'mean_token_accuracy': 0.9425131291151047, 'epoch': 0.49}
{'loss': 0.2165, 'grad_norm': 0.1492069661617279, 'learning_rate': 0.00019090970453254248, 'entropy': 0.21843948736786842, 'num_tokens': 311296000.0, 'mean_token_accuracy': 0.9432072341442108, 'epoch': 0.49}
{'loss': 0.2182, 'grad_norm': 0.18258921802043915, 'learning_rate': 0.00019086343118068894, 'entropy': 0.21942075118422508, 'num_tokens': 311951360.0, 'mean_token_accuracy': 0.9428189009428024, 'epoch': 0.49}
{'loss': 0.2193, 'grad_norm': 0.18695268034934998, 'learning_rate': 0.00019081704598955814, 'entropy': 0.22160986587405204, 'num_tokens': 312606720.0, 'mean_token_accuracy': 0.9425131291151047, 'epoch': 0.49}
{'loss': 0.2184, 'grad_norm': 0.18447357416152954, 'learning_rate': 0.0001907705490162433, 'entropy': 0.22020157799124718, 'num_tokens': 313262080.0, 'mean_token_accuracy': 0.9426094472408295, 'epoch': 0.49}
{'loss': 0.2195, 'grad_norm': 0.15631701052188873, 'learning_rate': 0.00019072394031797524, 'entropy': 0.2211051791906357, 'num_tokens': 313917440.0, 'mean_token_accuracy': 0.942398464679718, 'epoch': 0.49}
{'loss': 0.221, 'grad_norm': 0.8360385298728943, 'learning_rate': 0.00019067721995212234, 'entropy': 0.22046230360865593, 'num_tokens': 314572800.0, 'mean_token_accuracy': 0.9426293224096298, 'epoch': 0.49}
{'loss': 0.2791, 'grad_norm': 0.3748845160007477, 'learning_rate': 0.00019063038797619027, 'entropy': 0.2788761854171753, 'num_tokens': 315228160.0, 'mean_token_accuracy': 0.9320067912340164, 'epoch': 0.49}
{'loss': 0.3101, 'grad_norm': 0.22546221315860748, 'learning_rate': 0.00019058344444782227, 'entropy': 0.2859355792403221, 'num_tokens': 315883520.0, 'mean_token_accuracy': 0.9253501176834107, 'epoch': 0.5}
{'loss': 0.232, 'grad_norm': 0.1584566980600357, 'learning_rate': 0.0001905363894247988, 'entropy': 0.23528458625078202, 'num_tokens': 316538880.0, 'mean_token_accuracy': 0.9393804967403412, 'epoch': 0.5}
{'loss': 0.2241, 'grad_norm': 0.1597420573234558, 'learning_rate': 0.00019048922296503745, 'entropy': 0.2253173090517521, 'num_tokens': 317194240.0, 'mean_token_accuracy': 0.9412671089172363, 'epoch': 0.5}
{'loss': 0.2239, 'grad_norm': 0.17055898904800415, 'learning_rate': 0.00019044194512659316, 'entropy': 0.22546774595975877, 'num_tokens': 317849600.0, 'mean_token_accuracy': 0.9413083881139755, 'epoch': 0.5}
{'loss': 0.2197, 'grad_norm': 0.15856021642684937, 'learning_rate': 0.00019039455596765782, 'entropy': 0.22181010022759437, 'num_tokens': 318504960.0, 'mean_token_accuracy': 0.9421171545982361, 'epoch': 0.5}
{'loss': 0.2212, 'grad_norm': 0.17074452340602875, 'learning_rate': 0.00019034705554656043, 'entropy': 0.22267454266548156, 'num_tokens': 319160320.0, 'mean_token_accuracy': 0.9418694794178009, 'epoch': 0.5}
{'loss': 0.2192, 'grad_norm': 0.15192894637584686, 'learning_rate': 0.00019029944392176686, 'entropy': 0.22059072256088258, 'num_tokens': 319815680.0, 'mean_token_accuracy': 0.9424947828054429, 'epoch': 0.5}
{'loss': 0.2182, 'grad_norm': 0.15978917479515076, 'learning_rate': 0.0001902517211518799, 'entropy': 0.21987370029091835, 'num_tokens': 320471040.0, 'mean_token_accuracy': 0.9428464233875274, 'epoch': 0.5}
{'loss': 0.2195, 'grad_norm': 0.16861017048358917, 'learning_rate': 0.00019020388729563912, 'entropy': 0.22130114287137986, 'num_tokens': 321126400.0, 'mean_token_accuracy': 0.9423969358205795, 'epoch': 0.5}
{'loss': 0.2199, 'grad_norm': 0.17768941819667816, 'learning_rate': 0.00019015594241192087, 'entropy': 0.22192691043019294, 'num_tokens': 321781760.0, 'mean_token_accuracy': 0.9423602432012558, 'epoch': 0.5}
{'loss': 0.2179, 'grad_norm': 0.18508660793304443, 'learning_rate': 0.0001901078865597381, 'entropy': 0.2195899561047554, 'num_tokens': 322437120.0, 'mean_token_accuracy': 0.9427011787891388, 'epoch': 0.51}
{'loss': 0.2192, 'grad_norm': 0.16234217584133148, 'learning_rate': 0.00019005971979824037, 'entropy': 0.22092364951968194, 'num_tokens': 323092480.0, 'mean_token_accuracy': 0.9424030512571335, 'epoch': 0.51}
{'loss': 0.2184, 'grad_norm': 0.18397369980812073, 'learning_rate': 0.00019001144218671375, 'entropy': 0.21985618844628335, 'num_tokens': 323747840.0, 'mean_token_accuracy': 0.942595687508583, 'epoch': 0.51}
{'loss': 0.2177, 'grad_norm': 0.15447047352790833, 'learning_rate': 0.00018996305378458074, 'entropy': 0.22010981738567353, 'num_tokens': 324403200.0, 'mean_token_accuracy': 0.9427883237600326, 'epoch': 0.51}
{'loss': 0.2182, 'grad_norm': 0.1667340248823166, 'learning_rate': 0.00018991455465140023, 'entropy': 0.2201737344264984, 'num_tokens': 325058560.0, 'mean_token_accuracy': 0.9428540647029877, 'epoch': 0.51}
{'loss': 0.219, 'grad_norm': 0.19306613504886627, 'learning_rate': 0.00018986594484686738, 'entropy': 0.22057861238718032, 'num_tokens': 325713920.0, 'mean_token_accuracy': 0.9426430821418762, 'epoch': 0.51}
{'loss': 0.2175, 'grad_norm': 0.1427769660949707, 'learning_rate': 0.00018981722443081362, 'entropy': 0.2192884385585785, 'num_tokens': 326369280.0, 'mean_token_accuracy': 0.9429656714200974, 'epoch': 0.51}
{'loss': 0.2178, 'grad_norm': 0.16702546179294586, 'learning_rate': 0.00018976839346320642, 'entropy': 0.2193671301007271, 'num_tokens': 327024640.0, 'mean_token_accuracy': 0.9427149385213852, 'epoch': 0.51}
{'loss': 0.217, 'grad_norm': 0.1518068164587021, 'learning_rate': 0.00018971945200414945, 'entropy': 0.2195498526096344, 'num_tokens': 327680000.0, 'mean_token_accuracy': 0.9430359989404679, 'epoch': 0.51}
{'eval_loss': 0.21543310582637787, 'eval_runtime': 78.2216, 'eval_samples_per_second': 63.921, 'eval_steps_per_second': 1.01, 'eval_entropy': 0.21769945908196364, 'eval_num_tokens': 327680000.0, 'eval_mean_token_accuracy': 0.943296504926078, 'epoch': 0.51}
{'loss': 0.2164, 'grad_norm': 0.15547730028629303, 'learning_rate': 0.00018967040011388226, 'entropy': 0.21842288598418236, 'num_tokens': 328335360.0, 'mean_token_accuracy': 0.943077278137207, 'epoch': 0.51}
{'loss': 0.2178, 'grad_norm': 0.14206942915916443, 'learning_rate': 0.00018962123785278045, 'entropy': 0.21915460750460625, 'num_tokens': 328990720.0, 'mean_token_accuracy': 0.9428036123514175, 'epoch': 0.52}
{'loss': 0.2146, 'grad_norm': 0.14996492862701416, 'learning_rate': 0.0001895719652813553, 'entropy': 0.21678726151585578, 'num_tokens': 329646080.0, 'mean_token_accuracy': 0.943564984202385, 'epoch': 0.52}
{'loss': 0.2159, 'grad_norm': 0.17591983079910278, 'learning_rate': 0.0001895225824602541, 'entropy': 0.2174145385622978, 'num_tokens': 330301440.0, 'mean_token_accuracy': 0.9432362824678421, 'epoch': 0.52}
{'loss': 0.2166, 'grad_norm': 0.16974326968193054, 'learning_rate': 0.0001894730894502596, 'entropy': 0.21802826970815659, 'num_tokens': 330956800.0, 'mean_token_accuracy': 0.9430971533060074, 'epoch': 0.52}
{'loss': 0.2163, 'grad_norm': 0.1580813080072403, 'learning_rate': 0.00018942348631229036, 'entropy': 0.21869842410087587, 'num_tokens': 331612160.0, 'mean_token_accuracy': 0.9432974368333816, 'epoch': 0.52}
{'loss': 0.2161, 'grad_norm': 0.16711896657943726, 'learning_rate': 0.00018937377310740034, 'entropy': 0.21806573644280433, 'num_tokens': 332267520.0, 'mean_token_accuracy': 0.9433983385562896, 'epoch': 0.52}
{'loss': 0.216, 'grad_norm': 0.16869637370109558, 'learning_rate': 0.0001893239498967791, 'entropy': 0.2178163267672062, 'num_tokens': 332922880.0, 'mean_token_accuracy': 0.9433723509311676, 'epoch': 0.52}
{'loss': 0.2151, 'grad_norm': 0.18745245039463043, 'learning_rate': 0.00018927401674175153, 'entropy': 0.2171115182340145, 'num_tokens': 333578240.0, 'mean_token_accuracy': 0.9432852059602738, 'epoch': 0.52}
{'loss': 0.2187, 'grad_norm': 0.17468252778053284, 'learning_rate': 0.0001892239737037779, 'entropy': 0.21989040449261665, 'num_tokens': 334233600.0, 'mean_token_accuracy': 0.9426002740859986, 'epoch': 0.52}
{'loss': 0.2147, 'grad_norm': 0.1614350825548172, 'learning_rate': 0.00018917382084445366, 'entropy': 0.2168674163520336, 'num_tokens': 334888960.0, 'mean_token_accuracy': 0.9436704784631729, 'epoch': 0.53}
{'loss': 0.2154, 'grad_norm': 0.16650398075580597, 'learning_rate': 0.00018912355822550946, 'entropy': 0.2173309803009033, 'num_tokens': 335544320.0, 'mean_token_accuracy': 0.9434289157390594, 'epoch': 0.53}
{'loss': 0.2158, 'grad_norm': 0.17231664061546326, 'learning_rate': 0.0001890731859088111, 'entropy': 0.2176920361816883, 'num_tokens': 336199680.0, 'mean_token_accuracy': 0.9431093871593476, 'epoch': 0.53}
{'loss': 0.2154, 'grad_norm': 0.15292143821716309, 'learning_rate': 0.00018902270395635933, 'entropy': 0.21749001145362853, 'num_tokens': 336855040.0, 'mean_token_accuracy': 0.9434013962745667, 'epoch': 0.53}
{'loss': 0.2153, 'grad_norm': 0.14862197637557983, 'learning_rate': 0.00018897211243028988, 'entropy': 0.21747995615005494, 'num_tokens': 337510400.0, 'mean_token_accuracy': 0.9431766539812088, 'epoch': 0.53}
{'loss': 0.2146, 'grad_norm': 0.16214750707149506, 'learning_rate': 0.00018892141139287337, 'entropy': 0.2159790001809597, 'num_tokens': 338165760.0, 'mean_token_accuracy': 0.9436720073223114, 'epoch': 0.53}
{'loss': 0.2149, 'grad_norm': 0.16679002344608307, 'learning_rate': 0.00018887060090651514, 'entropy': 0.21659009158611298, 'num_tokens': 338821120.0, 'mean_token_accuracy': 0.9434105724096298, 'epoch': 0.53}
{'loss': 0.2147, 'grad_norm': 0.15227088332176208, 'learning_rate': 0.00018881968103375528, 'entropy': 0.2163947455585003, 'num_tokens': 339476480.0, 'mean_token_accuracy': 0.9436765909194946, 'epoch': 0.53}
{'loss': 0.2151, 'grad_norm': 0.1599929928779602, 'learning_rate': 0.00018876865183726862, 'entropy': 0.21678221523761748, 'num_tokens': 340131840.0, 'mean_token_accuracy': 0.9436414271593094, 'epoch': 0.53}
{'loss': 0.216, 'grad_norm': 0.16289061307907104, 'learning_rate': 0.00018871751337986434, 'entropy': 0.21807734072208404, 'num_tokens': 340787200.0, 'mean_token_accuracy': 0.943346357345581, 'epoch': 0.53}
{'loss': 0.2134, 'grad_norm': 0.17359218001365662, 'learning_rate': 0.0001886662657244863, 'entropy': 0.21506434455513954, 'num_tokens': 341442560.0, 'mean_token_accuracy': 0.9440251767635346, 'epoch': 0.54}
{'loss': 0.2153, 'grad_norm': 0.13518714904785156, 'learning_rate': 0.00018861490893421268, 'entropy': 0.2175076983869076, 'num_tokens': 342097920.0, 'mean_token_accuracy': 0.9434151589870453, 'epoch': 0.54}
{'loss': 0.2127, 'grad_norm': 0.1741572767496109, 'learning_rate': 0.00018856344307225596, 'entropy': 0.2144925221800804, 'num_tokens': 342753280.0, 'mean_token_accuracy': 0.9442101746797562, 'epoch': 0.54}
{'loss': 0.2126, 'grad_norm': 0.16903646290302277, 'learning_rate': 0.00018851186820196297, 'entropy': 0.21449886485934258, 'num_tokens': 343408640.0, 'mean_token_accuracy': 0.943977776169777, 'epoch': 0.54}
{'loss': 0.2129, 'grad_norm': 0.1462726891040802, 'learning_rate': 0.0001884601843868146, 'entropy': 0.21504864171147348, 'num_tokens': 344064000.0, 'mean_token_accuracy': 0.9438294798135758, 'epoch': 0.54}
{'loss': 0.2134, 'grad_norm': 0.17602142691612244, 'learning_rate': 0.0001884083916904259, 'entropy': 0.21563498601317405, 'num_tokens': 344719360.0, 'mean_token_accuracy': 0.9439441412687302, 'epoch': 0.54}
{'loss': 0.2143, 'grad_norm': 0.16476425528526306, 'learning_rate': 0.00018835649017654593, 'entropy': 0.21635110676288605, 'num_tokens': 345374720.0, 'mean_token_accuracy': 0.9435603976249695, 'epoch': 0.54}
{'loss': 0.2143, 'grad_norm': 0.1762239784002304, 'learning_rate': 0.00018830447990905768, 'entropy': 0.2158705398440361, 'num_tokens': 346030080.0, 'mean_token_accuracy': 0.9436934113502502, 'epoch': 0.54}
{'loss': 0.2142, 'grad_norm': 0.19942212104797363, 'learning_rate': 0.00018825236095197802, 'entropy': 0.2155193008482456, 'num_tokens': 346685440.0, 'mean_token_accuracy': 0.9437912553548813, 'epoch': 0.54}
{'loss': 0.2146, 'grad_norm': 0.16211162507534027, 'learning_rate': 0.00018820013336945753, 'entropy': 0.21620285585522653, 'num_tokens': 347340800.0, 'mean_token_accuracy': 0.9438432395458222, 'epoch': 0.54}
{'loss': 0.2142, 'grad_norm': 0.1579708606004715, 'learning_rate': 0.00018814779722578062, 'entropy': 0.21656496599316596, 'num_tokens': 347996160.0, 'mean_token_accuracy': 0.9436475455760955, 'epoch': 0.55}
{'loss': 0.2154, 'grad_norm': 0.17386624217033386, 'learning_rate': 0.00018809535258536517, 'entropy': 0.2174074351787567, 'num_tokens': 348651520.0, 'mean_token_accuracy': 0.943358588218689, 'epoch': 0.55}
{'loss': 0.2146, 'grad_norm': 0.1625034511089325, 'learning_rate': 0.00018804279951276274, 'entropy': 0.216500236839056, 'num_tokens': 349306880.0, 'mean_token_accuracy': 0.9435542851686478, 'epoch': 0.55}
{'loss': 0.2125, 'grad_norm': 0.14991073310375214, 'learning_rate': 0.00018799013807265823, 'entropy': 0.21445243805646896, 'num_tokens': 349962240.0, 'mean_token_accuracy': 0.9439242660999299, 'epoch': 0.55}
{'loss': 0.2128, 'grad_norm': 0.17854131758213043, 'learning_rate': 0.00018793736832987005, 'entropy': 0.21428934782743453, 'num_tokens': 350617600.0, 'mean_token_accuracy': 0.9443355351686478, 'epoch': 0.55}
{'loss': 0.2139, 'grad_norm': 0.18499691784381866, 'learning_rate': 0.00018788449034934978, 'entropy': 0.21532619670033454, 'num_tokens': 351272960.0, 'mean_token_accuracy': 0.9439838975667953, 'epoch': 0.55}
{'loss': 0.2116, 'grad_norm': 0.1617644727230072, 'learning_rate': 0.00018783150419618237, 'entropy': 0.21368735656142235, 'num_tokens': 351928320.0, 'mean_token_accuracy': 0.9444639623165131, 'epoch': 0.55}
{'loss': 0.2129, 'grad_norm': 0.14950719475746155, 'learning_rate': 0.0001877784099355858, 'entropy': 0.21494051739573478, 'num_tokens': 352583680.0, 'mean_token_accuracy': 0.9441627711057663, 'epoch': 0.55}
{'loss': 0.2126, 'grad_norm': 0.14976933598518372, 'learning_rate': 0.00018772520763291116, 'entropy': 0.21500096172094346, 'num_tokens': 353239040.0, 'mean_token_accuracy': 0.9441704213619232, 'epoch': 0.55}
{'loss': 0.2108, 'grad_norm': 0.15067723393440247, 'learning_rate': 0.00018767189735364252, 'entropy': 0.21271513998508454, 'num_tokens': 353894400.0, 'mean_token_accuracy': 0.9447238743305206, 'epoch': 0.55}
{'loss': 0.2125, 'grad_norm': 0.187852144241333, 'learning_rate': 0.00018761847916339686, 'entropy': 0.21437844261527061, 'num_tokens': 354549760.0, 'mean_token_accuracy': 0.9442957937717438, 'epoch': 0.56}
{'loss': 0.2129, 'grad_norm': 0.1567075401544571, 'learning_rate': 0.00018756495312792395, 'entropy': 0.21455376371741294, 'num_tokens': 355205120.0, 'mean_token_accuracy': 0.9438310086727142, 'epoch': 0.56}
{'loss': 0.2125, 'grad_norm': 0.14923855662345886, 'learning_rate': 0.00018751131931310635, 'entropy': 0.2143729493021965, 'num_tokens': 355860480.0, 'mean_token_accuracy': 0.9441123276948928, 'epoch': 0.56}
{'loss': 0.2122, 'grad_norm': 0.1618531346321106, 'learning_rate': 0.00018745757778495926, 'entropy': 0.21458620578050613, 'num_tokens': 356515840.0, 'mean_token_accuracy': 0.9443324774503707, 'epoch': 0.56}
{'loss': 0.2129, 'grad_norm': 0.16472484171390533, 'learning_rate': 0.00018740372860963041, 'entropy': 0.21401805728673934, 'num_tokens': 357171200.0, 'mean_token_accuracy': 0.9439456701278687, 'epoch': 0.56}
{'loss': 0.2113, 'grad_norm': 0.16993758082389832, 'learning_rate': 0.00018734977185340008, 'entropy': 0.2141544722020626, 'num_tokens': 357826560.0, 'mean_token_accuracy': 0.9443187266588211, 'epoch': 0.56}
{'loss': 0.2115, 'grad_norm': 0.15858125686645508, 'learning_rate': 0.00018729570758268098, 'entropy': 0.21348441168665885, 'num_tokens': 358481920.0, 'mean_token_accuracy': 0.9443141371011734, 'epoch': 0.56}
{'loss': 0.2113, 'grad_norm': 0.17808780074119568, 'learning_rate': 0.00018724153586401813, 'entropy': 0.21311858370900155, 'num_tokens': 359137280.0, 'mean_token_accuracy': 0.9443936377763749, 'epoch': 0.56}
{'loss': 0.2134, 'grad_norm': 0.1778699904680252, 'learning_rate': 0.00018718725676408879, 'entropy': 0.21524031087756157, 'num_tokens': 359792640.0, 'mean_token_accuracy': 0.943999183177948, 'epoch': 0.56}
{'loss': 0.2115, 'grad_norm': 0.16929315030574799, 'learning_rate': 0.00018713287034970245, 'entropy': 0.2135082572698593, 'num_tokens': 360448000.0, 'mean_token_accuracy': 0.9443248391151429, 'epoch': 0.57}
{'loss': 0.2117, 'grad_norm': 0.15328745543956757, 'learning_rate': 0.00018707837668780055, 'entropy': 0.213461297750473, 'num_tokens': 361103360.0, 'mean_token_accuracy': 0.9443263590335846, 'epoch': 0.57}
{'loss': 0.2105, 'grad_norm': 0.17877642810344696, 'learning_rate': 0.00018702377584545673, 'entropy': 0.21272990480065346, 'num_tokens': 361758720.0, 'mean_token_accuracy': 0.9446275651454925, 'epoch': 0.57}
{'loss': 0.2096, 'grad_norm': 0.15623940527439117, 'learning_rate': 0.00018696906788987638, 'entropy': 0.2114443302154541, 'num_tokens': 362414080.0, 'mean_token_accuracy': 0.9449623852968216, 'epoch': 0.57}
{'loss': 0.211, 'grad_norm': 0.15133166313171387, 'learning_rate': 0.00018691425288839682, 'entropy': 0.21346909701824188, 'num_tokens': 363069440.0, 'mean_token_accuracy': 0.9446382611989975, 'epoch': 0.57}
{'loss': 0.2104, 'grad_norm': 0.1418384462594986, 'learning_rate': 0.00018685933090848713, 'entropy': 0.2128870442509651, 'num_tokens': 363724800.0, 'mean_token_accuracy': 0.9446657776832581, 'epoch': 0.57}
{'loss': 0.2112, 'grad_norm': 0.17607945203781128, 'learning_rate': 0.000186804302017748, 'entropy': 0.21268119886517525, 'num_tokens': 364380160.0, 'mean_token_accuracy': 0.9445541679859162, 'epoch': 0.57}
{'loss': 0.2115, 'grad_norm': 0.1552858054637909, 'learning_rate': 0.00018674916628391177, 'entropy': 0.21346220895648002, 'num_tokens': 365035520.0, 'mean_token_accuracy': 0.9444043427705765, 'epoch': 0.57}
{'loss': 0.2121, 'grad_norm': 0.19711335003376007, 'learning_rate': 0.00018669392377484233, 'entropy': 0.21410859152674674, 'num_tokens': 365690880.0, 'mean_token_accuracy': 0.9442346334457398, 'epoch': 0.57}
{'loss': 0.2106, 'grad_norm': 0.15339848399162292, 'learning_rate': 0.00018663857455853485, 'entropy': 0.21235347390174866, 'num_tokens': 366346240.0, 'mean_token_accuracy': 0.9443890482187272, 'epoch': 0.57}
{'loss': 0.211, 'grad_norm': 0.15063974261283875, 'learning_rate': 0.00018658311870311595, 'entropy': 0.21263209730386734, 'num_tokens': 367001600.0, 'mean_token_accuracy': 0.9445694595575332, 'epoch': 0.58}
{'loss': 0.2123, 'grad_norm': 0.1393897533416748, 'learning_rate': 0.00018652755627684352, 'entropy': 0.21442594826221467, 'num_tokens': 367656960.0, 'mean_token_accuracy': 0.9439762532711029, 'epoch': 0.58}
{'loss': 0.2117, 'grad_norm': 0.13930392265319824, 'learning_rate': 0.00018647188734810657, 'entropy': 0.21371525377035142, 'num_tokens': 368312320.0, 'mean_token_accuracy': 0.9443447142839432, 'epoch': 0.58}
{'loss': 0.2103, 'grad_norm': 0.1598593145608902, 'learning_rate': 0.00018641611198542518, 'entropy': 0.21192935854196548, 'num_tokens': 368967680.0, 'mean_token_accuracy': 0.9448675870895386, 'epoch': 0.58}
{'loss': 0.2098, 'grad_norm': 0.1589040607213974, 'learning_rate': 0.00018636023025745053, 'entropy': 0.21198352798819542, 'num_tokens': 369623040.0, 'mean_token_accuracy': 0.9449165135622024, 'epoch': 0.58}
{'loss': 0.21, 'grad_norm': 0.15379562973976135, 'learning_rate': 0.0001863042422329646, 'entropy': 0.21155040338635445, 'num_tokens': 370278400.0, 'mean_token_accuracy': 0.9447559803724289, 'epoch': 0.58}
{'loss': 0.2106, 'grad_norm': 0.15581092238426208, 'learning_rate': 0.00018624814798088034, 'entropy': 0.21320345550775527, 'num_tokens': 370933760.0, 'mean_token_accuracy': 0.944497600197792, 'epoch': 0.58}
{'loss': 0.209, 'grad_norm': 0.1695125252008438, 'learning_rate': 0.00018619194757024126, 'entropy': 0.21131815984845162, 'num_tokens': 371589120.0, 'mean_token_accuracy': 0.9450388252735138, 'epoch': 0.58}
{'loss': 0.2094, 'grad_norm': 0.16154031455516815, 'learning_rate': 0.00018613564107022173, 'entropy': 0.21115269139409065, 'num_tokens': 372244480.0, 'mean_token_accuracy': 0.9451397359371185, 'epoch': 0.58}
{'loss': 0.2109, 'grad_norm': 0.1486015021800995, 'learning_rate': 0.00018607922855012662, 'entropy': 0.2130337178707123, 'num_tokens': 372899840.0, 'mean_token_accuracy': 0.9444410264492035, 'epoch': 0.58}
{'loss': 0.2101, 'grad_norm': 0.1375369280576706, 'learning_rate': 0.0001860227100793913, 'entropy': 0.2119785763323307, 'num_tokens': 373555200.0, 'mean_token_accuracy': 0.9446887165307999, 'epoch': 0.59}
{'loss': 0.211, 'grad_norm': 0.15010976791381836, 'learning_rate': 0.00018596608572758153, 'entropy': 0.21280031353235246, 'num_tokens': 374210560.0, 'mean_token_accuracy': 0.9446092009544372, 'epoch': 0.59}
{'loss': 0.2099, 'grad_norm': 0.16829656064510345, 'learning_rate': 0.00018590935556439336, 'entropy': 0.21196572631597518, 'num_tokens': 374865920.0, 'mean_token_accuracy': 0.9446382552385331, 'epoch': 0.59}
{'loss': 0.211, 'grad_norm': 0.1575775444507599, 'learning_rate': 0.00018585251965965317, 'entropy': 0.21272770911455155, 'num_tokens': 375521280.0, 'mean_token_accuracy': 0.9444456189870835, 'epoch': 0.59}
{'loss': 0.2098, 'grad_norm': 0.1617150753736496, 'learning_rate': 0.00018579557808331745, 'entropy': 0.21216775178909303, 'num_tokens': 376176640.0, 'mean_token_accuracy': 0.9448859304189682, 'epoch': 0.59}
{'loss': 0.2096, 'grad_norm': 0.16043418645858765, 'learning_rate': 0.00018573853090547276, 'entropy': 0.2117374785244465, 'num_tokens': 376832000.0, 'mean_token_accuracy': 0.9447942078113556, 'epoch': 0.59}
{'loss': 0.2088, 'grad_norm': 0.14916445314884186, 'learning_rate': 0.00018568137819633562, 'entropy': 0.21071023717522622, 'num_tokens': 377487360.0, 'mean_token_accuracy': 0.9450357645750046, 'epoch': 0.59}
{'loss': 0.2084, 'grad_norm': 0.1733512133359909, 'learning_rate': 0.00018562412002625246, 'entropy': 0.21021788120269774, 'num_tokens': 378142720.0, 'mean_token_accuracy': 0.9454057604074478, 'epoch': 0.59}
{'loss': 0.2094, 'grad_norm': 0.15326698124408722, 'learning_rate': 0.0001855667564656995, 'entropy': 0.2102805957198143, 'num_tokens': 378798080.0, 'mean_token_accuracy': 0.9450923323631286, 'epoch': 0.59}
{'loss': 0.2108, 'grad_norm': 0.1406363993883133, 'learning_rate': 0.0001855092875852827, 'entropy': 0.21288000792264938, 'num_tokens': 379453440.0, 'mean_token_accuracy': 0.9447177618741989, 'epoch': 0.6}
{'loss': 0.2079, 'grad_norm': 0.15758810937404633, 'learning_rate': 0.00018545171345573766, 'entropy': 0.2102588139474392, 'num_tokens': 380108800.0, 'mean_token_accuracy': 0.9454669177532196, 'epoch': 0.6}
{'loss': 0.2081, 'grad_norm': 0.15287843346595764, 'learning_rate': 0.00018539403414792951, 'entropy': 0.21036268025636673, 'num_tokens': 380764160.0, 'mean_token_accuracy': 0.9451152712106705, 'epoch': 0.6}
{'loss': 0.2098, 'grad_norm': 0.13755759596824646, 'learning_rate': 0.0001853362497328528, 'entropy': 0.21180212646722793, 'num_tokens': 381419520.0, 'mean_token_accuracy': 0.9448492467403412, 'epoch': 0.6}
{'loss': 0.2085, 'grad_norm': 0.16331520676612854, 'learning_rate': 0.00018527836028163158, 'entropy': 0.2101856790482998, 'num_tokens': 382074880.0, 'mean_token_accuracy': 0.945349195599556, 'epoch': 0.6}
{'loss': 0.2085, 'grad_norm': 0.14692045748233795, 'learning_rate': 0.000185220365865519, 'entropy': 0.20986075028777124, 'num_tokens': 382730240.0, 'mean_token_accuracy': 0.9452544033527375, 'epoch': 0.6}
{'loss': 0.2088, 'grad_norm': 0.16763953864574432, 'learning_rate': 0.00018516226655589755, 'entropy': 0.21132418811321257, 'num_tokens': 383385600.0, 'mean_token_accuracy': 0.9451183319091797, 'epoch': 0.6}
{'loss': 0.2092, 'grad_norm': 0.16278265416622162, 'learning_rate': 0.00018510406242427878, 'entropy': 0.210768161714077, 'num_tokens': 384040960.0, 'mean_token_accuracy': 0.945184075832367, 'epoch': 0.6}
{'loss': 0.2097, 'grad_norm': 0.15712137520313263, 'learning_rate': 0.00018504575354230324, 'entropy': 0.21184490025043487, 'num_tokens': 384696320.0, 'mean_token_accuracy': 0.945017421245575, 'epoch': 0.6}
{'loss': 0.2094, 'grad_norm': 0.15514644980430603, 'learning_rate': 0.00018498733998174044, 'entropy': 0.21117622181773185, 'num_tokens': 385351680.0, 'mean_token_accuracy': 0.945014363527298, 'epoch': 0.6}
{'loss': 0.2077, 'grad_norm': 0.16550196707248688, 'learning_rate': 0.00018492882181448875, 'entropy': 0.20945036709308623, 'num_tokens': 386007040.0, 'mean_token_accuracy': 0.945171844959259, 'epoch': 0.61}
{'loss': 0.208, 'grad_norm': 0.15542013943195343, 'learning_rate': 0.00018487019911257523, 'entropy': 0.21051947250962258, 'num_tokens': 386662400.0, 'mean_token_accuracy': 0.9453782439231873, 'epoch': 0.61}
{'loss': 0.209, 'grad_norm': 0.14395184814929962, 'learning_rate': 0.0001848114719481557, 'entropy': 0.2110764279961586, 'num_tokens': 387317760.0, 'mean_token_accuracy': 0.945145845413208, 'epoch': 0.61}
{'loss': 0.2077, 'grad_norm': 0.14746640622615814, 'learning_rate': 0.00018475264039351444, 'entropy': 0.20966032519936562, 'num_tokens': 387973120.0, 'mean_token_accuracy': 0.9453430861234665, 'epoch': 0.61}
{'loss': 0.208, 'grad_norm': 0.16342990100383759, 'learning_rate': 0.00018469370452106433, 'entropy': 0.2100547194480896, 'num_tokens': 388628480.0, 'mean_token_accuracy': 0.9453751891851425, 'epoch': 0.61}
{'loss': 0.2058, 'grad_norm': 0.1535268872976303, 'learning_rate': 0.00018463466440334658, 'entropy': 0.20832419842481614, 'num_tokens': 389283840.0, 'mean_token_accuracy': 0.9459791004657745, 'epoch': 0.61}
{'loss': 0.208, 'grad_norm': 0.16461239755153656, 'learning_rate': 0.00018457552011303077, 'entropy': 0.20976932793855668, 'num_tokens': 389939200.0, 'mean_token_accuracy': 0.945335429906845, 'epoch': 0.61}
{'loss': 0.2072, 'grad_norm': 0.1448098123073578, 'learning_rate': 0.00018451627172291462, 'entropy': 0.20945930257439613, 'num_tokens': 390594560.0, 'mean_token_accuracy': 0.945589229464531, 'epoch': 0.61}
{'loss': 0.2084, 'grad_norm': 0.14677195250988007, 'learning_rate': 0.00018445691930592405, 'entropy': 0.20992218479514121, 'num_tokens': 391249920.0, 'mean_token_accuracy': 0.9453400254249573, 'epoch': 0.61}
{'loss': 0.2073, 'grad_norm': 0.14751793444156647, 'learning_rate': 0.000184397462935113, 'entropy': 0.2094840720295906, 'num_tokens': 391905280.0, 'mean_token_accuracy': 0.9454944401979446, 'epoch': 0.61}
{'loss': 0.2073, 'grad_norm': 0.1567428559064865, 'learning_rate': 0.00018433790268366335, 'entropy': 0.20954677760601043, 'num_tokens': 392560640.0, 'mean_token_accuracy': 0.9454837292432785, 'epoch': 0.62}
{'loss': 0.2073, 'grad_norm': 0.14469905197620392, 'learning_rate': 0.00018427823862488484, 'entropy': 0.2093385338783264, 'num_tokens': 393216000.0, 'mean_token_accuracy': 0.9454592734575271, 'epoch': 0.62}
{'eval_loss': 0.2051660716533661, 'eval_runtime': 78.237, 'eval_samples_per_second': 63.908, 'eval_steps_per_second': 1.01, 'eval_entropy': 0.20768603361860105, 'eval_num_tokens': 393216000.0, 'eval_mean_token_accuracy': 0.9459366406066508, 'epoch': 0.62}
{'loss': 0.2067, 'grad_norm': 0.1540469080209732, 'learning_rate': 0.00018421847083221503, 'entropy': 0.2094082400202751, 'num_tokens': 393871360.0, 'mean_token_accuracy': 0.9456549733877182, 'epoch': 0.62}
{'loss': 0.2057, 'grad_norm': 0.15459896624088287, 'learning_rate': 0.00018415859937921908, 'entropy': 0.2070794738829136, 'num_tokens': 394526720.0, 'mean_token_accuracy': 0.9457726955413819, 'epoch': 0.62}
{'loss': 0.2068, 'grad_norm': 0.16004490852355957, 'learning_rate': 0.00018409862433958976, 'entropy': 0.20887264385819435, 'num_tokens': 395182080.0, 'mean_token_accuracy': 0.9456335663795471, 'epoch': 0.62}
{'loss': 0.2077, 'grad_norm': 0.16882897913455963, 'learning_rate': 0.00018403854578714747, 'entropy': 0.21002131327986717, 'num_tokens': 395837440.0, 'mean_token_accuracy': 0.9455877006053924, 'epoch': 0.62}
{'loss': 0.2063, 'grad_norm': 0.16178850829601288, 'learning_rate': 0.0001839783637958398, 'entropy': 0.207844839990139, 'num_tokens': 396492800.0, 'mean_token_accuracy': 0.9457191824913025, 'epoch': 0.62}
{'loss': 0.2081, 'grad_norm': 0.16132338345050812, 'learning_rate': 0.00018391807843974185, 'entropy': 0.21029338613152504, 'num_tokens': 397148160.0, 'mean_token_accuracy': 0.945289570093155, 'epoch': 0.62}
{'loss': 0.2071, 'grad_norm': 0.16643528640270233, 'learning_rate': 0.00018385768979305582, 'entropy': 0.20865936428308487, 'num_tokens': 397803520.0, 'mean_token_accuracy': 0.9454103440046311, 'epoch': 0.62}
{'loss': 0.2073, 'grad_norm': 0.1654341220855713, 'learning_rate': 0.0001837971979301111, 'entropy': 0.2097212292253971, 'num_tokens': 398458880.0, 'mean_token_accuracy': 0.9454225808382034, 'epoch': 0.62}
{'loss': 0.2058, 'grad_norm': 0.1810302883386612, 'learning_rate': 0.00018373660292536409, 'entropy': 0.20743309035897256, 'num_tokens': 399114240.0, 'mean_token_accuracy': 0.9458766609430314, 'epoch': 0.63}
{'loss': 0.2068, 'grad_norm': 0.16704149544239044, 'learning_rate': 0.00018367590485339822, 'entropy': 0.20884740725159645, 'num_tokens': 399769600.0, 'mean_token_accuracy': 0.945543360710144, 'epoch': 0.63}
{'loss': 0.2065, 'grad_norm': 0.18567578494548798, 'learning_rate': 0.00018361510378892367, 'entropy': 0.208317431807518, 'num_tokens': 400424960.0, 'mean_token_accuracy': 0.9456580370664597, 'epoch': 0.63}
{'loss': 0.2071, 'grad_norm': 0.15573179721832275, 'learning_rate': 0.0001835541998067775, 'entropy': 0.20906166806817056, 'num_tokens': 401080320.0, 'mean_token_accuracy': 0.9455922931432724, 'epoch': 0.63}
{'loss': 0.2062, 'grad_norm': 0.16819316148757935, 'learning_rate': 0.00018349319298192337, 'entropy': 0.20798212438821792, 'num_tokens': 401735680.0, 'mean_token_accuracy': 0.9457803428173065, 'epoch': 0.63}
{'loss': 0.2065, 'grad_norm': 0.1397770494222641, 'learning_rate': 0.00018343208338945151, 'entropy': 0.20848643630743027, 'num_tokens': 402391040.0, 'mean_token_accuracy': 0.9459041774272918, 'epoch': 0.63}
{'loss': 0.2062, 'grad_norm': 0.14341793954372406, 'learning_rate': 0.00018337087110457874, 'entropy': 0.20809245035052298, 'num_tokens': 403046400.0, 'mean_token_accuracy': 0.9457268327474594, 'epoch': 0.63}
{'loss': 0.2065, 'grad_norm': 0.15689919888973236, 'learning_rate': 0.0001833095562026482, 'entropy': 0.20826102197170257, 'num_tokens': 403701760.0, 'mean_token_accuracy': 0.9456305086612702, 'epoch': 0.63}
{'loss': 0.2062, 'grad_norm': 0.1736375242471695, 'learning_rate': 0.0001832481387591293, 'entropy': 0.20856464877724648, 'num_tokens': 404357120.0, 'mean_token_accuracy': 0.945971456170082, 'epoch': 0.63}
{'loss': 0.2058, 'grad_norm': 0.19865481555461884, 'learning_rate': 0.0001831866188496178, 'entropy': 0.2073707938194275, 'num_tokens': 405012480.0, 'mean_token_accuracy': 0.9457803428173065, 'epoch': 0.64}
{'loss': 0.2065, 'grad_norm': 0.1642766296863556, 'learning_rate': 0.00018312499654983539, 'entropy': 0.20889464020729065, 'num_tokens': 405667840.0, 'mean_token_accuracy': 0.9458904176950454, 'epoch': 0.64}
{'loss': 0.2047, 'grad_norm': 0.1936107575893402, 'learning_rate': 0.00018306327193563, 'entropy': 0.20661807879805566, 'num_tokens': 406323200.0, 'mean_token_accuracy': 0.9462053745985031, 'epoch': 0.64}
{'loss': 0.2063, 'grad_norm': 0.1687074601650238, 'learning_rate': 0.00018300144508297535, 'entropy': 0.20758667662739755, 'num_tokens': 406978560.0, 'mean_token_accuracy': 0.945826205611229, 'epoch': 0.64}
{'loss': 0.2067, 'grad_norm': 0.15567803382873535, 'learning_rate': 0.00018293951606797098, 'entropy': 0.20895158052444457, 'num_tokens': 407633920.0, 'mean_token_accuracy': 0.9456473261117935, 'epoch': 0.64}
{'loss': 0.2064, 'grad_norm': 0.14330428838729858, 'learning_rate': 0.0001828774849668423, 'entropy': 0.20819540023803712, 'num_tokens': 408289280.0, 'mean_token_accuracy': 0.9459821492433548, 'epoch': 0.64}
{'loss': 0.2056, 'grad_norm': 0.15626688301563263, 'learning_rate': 0.00018281535185594032, 'entropy': 0.20813289359211923, 'num_tokens': 408944640.0, 'mean_token_accuracy': 0.9461335211992263, 'epoch': 0.64}
{'loss': 0.2047, 'grad_norm': 0.1471659243106842, 'learning_rate': 0.00018275311681174153, 'entropy': 0.20638006031513215, 'num_tokens': 409600000.0, 'mean_token_accuracy': 0.946220663189888, 'epoch': 0.64}
{'loss': 0.206, 'grad_norm': 0.14830505847930908, 'learning_rate': 0.000182690779910848, 'entropy': 0.2075562946498394, 'num_tokens': 410255360.0, 'mean_token_accuracy': 0.9459118247032166, 'epoch': 0.64}
{'loss': 0.2053, 'grad_norm': 0.17846092581748962, 'learning_rate': 0.00018262834122998708, 'entropy': 0.20759564340114595, 'num_tokens': 410910720.0, 'mean_token_accuracy': 0.945991325378418, 'epoch': 0.64}
{'loss': 0.205, 'grad_norm': 0.156083881855011, 'learning_rate': 0.0001825658008460115, 'entropy': 0.20754946544766426, 'num_tokens': 411566080.0, 'mean_token_accuracy': 0.9460524886846542, 'epoch': 0.65}
{'loss': 0.205, 'grad_norm': 0.16043643653392792, 'learning_rate': 0.00018250315883589906, 'entropy': 0.20680344477295876, 'num_tokens': 412221440.0, 'mean_token_accuracy': 0.9460983514785767, 'epoch': 0.65}
{'loss': 0.2051, 'grad_norm': 0.17122644186019897, 'learning_rate': 0.00018244041527675268, 'entropy': 0.2073967769742012, 'num_tokens': 412876800.0, 'mean_token_accuracy': 0.9459699302911758, 'epoch': 0.65}
{'loss': 0.2048, 'grad_norm': 0.15569332242012024, 'learning_rate': 0.00018237757024580035, 'entropy': 0.20717035681009294, 'num_tokens': 413532160.0, 'mean_token_accuracy': 0.94598368704319, 'epoch': 0.65}
{'loss': 0.2048, 'grad_norm': 0.1645505726337433, 'learning_rate': 0.0001823146238203948, 'entropy': 0.20637669935822486, 'num_tokens': 414187520.0, 'mean_token_accuracy': 0.946228301525116, 'epoch': 0.65}
{'loss': 0.2052, 'grad_norm': 0.16403023898601532, 'learning_rate': 0.00018225157607801372, 'entropy': 0.20747340396046637, 'num_tokens': 414842880.0, 'mean_token_accuracy': 0.9463154524564743, 'epoch': 0.65}
{'loss': 0.2041, 'grad_norm': 0.15100602805614471, 'learning_rate': 0.0001821884270962594, 'entropy': 0.20617450773715973, 'num_tokens': 415498240.0, 'mean_token_accuracy': 0.9463964819908142, 'epoch': 0.65}
{'loss': 0.205, 'grad_norm': 0.16186216473579407, 'learning_rate': 0.00018212517695285883, 'entropy': 0.20677985101938248, 'num_tokens': 416153600.0, 'mean_token_accuracy': 0.9459928572177887, 'epoch': 0.65}
{'loss': 0.2053, 'grad_norm': 0.14133845269680023, 'learning_rate': 0.00018206182572566343, 'entropy': 0.2077021948993206, 'num_tokens': 416808960.0, 'mean_token_accuracy': 0.9461151659488678, 'epoch': 0.65}
{'loss': 0.2045, 'grad_norm': 0.17343541979789734, 'learning_rate': 0.0001819983734926491, 'entropy': 0.20659107342362404, 'num_tokens': 417464320.0, 'mean_token_accuracy': 0.9464729309082032, 'epoch': 0.65}
{'loss': 0.2033, 'grad_norm': 0.1555403172969818, 'learning_rate': 0.000181934820331916, 'entropy': 0.2053765043616295, 'num_tokens': 418119680.0, 'mean_token_accuracy': 0.9465249091386795, 'epoch': 0.66}
{'loss': 0.204, 'grad_norm': 0.14901472628116608, 'learning_rate': 0.00018187116632168858, 'entropy': 0.2060297228395939, 'num_tokens': 418775040.0, 'mean_token_accuracy': 0.9464591681957245, 'epoch': 0.66}
{'loss': 0.2043, 'grad_norm': 0.1468944400548935, 'learning_rate': 0.00018180741154031536, 'entropy': 0.20614100247621536, 'num_tokens': 419430400.0, 'mean_token_accuracy': 0.9463001638650894, 'epoch': 0.66}
{'loss': 0.2026, 'grad_norm': 0.14847740530967712, 'learning_rate': 0.000181743556066269, 'entropy': 0.2052292361855507, 'num_tokens': 420085760.0, 'mean_token_accuracy': 0.9468092769384384, 'epoch': 0.66}
{'loss': 0.2028, 'grad_norm': 0.15048761665821075, 'learning_rate': 0.00018167959997814596, 'entropy': 0.20475370213389396, 'num_tokens': 420741120.0, 'mean_token_accuracy': 0.946422478556633, 'epoch': 0.66}
{'loss': 0.2034, 'grad_norm': 0.15319716930389404, 'learning_rate': 0.00018161554335466664, 'entropy': 0.20600766092538833, 'num_tokens': 421396480.0, 'mean_token_accuracy': 0.946598294377327, 'epoch': 0.66}
{'loss': 0.2049, 'grad_norm': 0.13563695549964905, 'learning_rate': 0.00018155138627467515, 'entropy': 0.20662594214081764, 'num_tokens': 422051840.0, 'mean_token_accuracy': 0.9462971031665802, 'epoch': 0.66}
{'loss': 0.2024, 'grad_norm': 0.14468231797218323, 'learning_rate': 0.00018148712881713923, 'entropy': 0.20470244958996772, 'num_tokens': 422707200.0, 'mean_token_accuracy': 0.9468689024448395, 'epoch': 0.66}
{'loss': 0.2031, 'grad_norm': 0.15366539359092712, 'learning_rate': 0.0001814227710611502, 'entropy': 0.20468835458159446, 'num_tokens': 423362560.0, 'mean_token_accuracy': 0.9467389494180679, 'epoch': 0.66}
{'loss': 0.2037, 'grad_norm': 0.16120664775371552, 'learning_rate': 0.00018135831308592278, 'entropy': 0.20625492036342621, 'num_tokens': 424017920.0, 'mean_token_accuracy': 0.9465096175670624, 'epoch': 0.66}
{'loss': 0.2042, 'grad_norm': 0.1646466851234436, 'learning_rate': 0.00018129375497079515, 'entropy': 0.2061535619199276, 'num_tokens': 424673280.0, 'mean_token_accuracy': 0.9463261574506759, 'epoch': 0.67}
{'loss': 0.2036, 'grad_norm': 0.18437206745147705, 'learning_rate': 0.00018122909679522866, 'entropy': 0.20585573166608812, 'num_tokens': 425328640.0, 'mean_token_accuracy': 0.9464148253202438, 'epoch': 0.67}
{'loss': 0.2047, 'grad_norm': 0.15227161347866058, 'learning_rate': 0.00018116433863880782, 'entropy': 0.20644008740782738, 'num_tokens': 425984000.0, 'mean_token_accuracy': 0.9462344229221344, 'epoch': 0.67}
{'loss': 0.2045, 'grad_norm': 0.1722521036863327, 'learning_rate': 0.00018109948058124027, 'entropy': 0.20636795908212663, 'num_tokens': 426639360.0, 'mean_token_accuracy': 0.946424001455307, 'epoch': 0.67}
{'loss': 0.2036, 'grad_norm': 0.15043486654758453, 'learning_rate': 0.00018103452270235652, 'entropy': 0.20552451089024543, 'num_tokens': 427294720.0, 'mean_token_accuracy': 0.9465096175670624, 'epoch': 0.67}
{'loss': 0.2024, 'grad_norm': 0.14612947404384613, 'learning_rate': 0.00018096946508211, 'entropy': 0.20446234494447707, 'num_tokens': 427950080.0, 'mean_token_accuracy': 0.9465371370315552, 'epoch': 0.67}
{'loss': 0.2047, 'grad_norm': 0.17146991193294525, 'learning_rate': 0.0001809043078005769, 'entropy': 0.20615670159459115, 'num_tokens': 428605440.0, 'mean_token_accuracy': 0.9463139235973358, 'epoch': 0.67}
{'loss': 0.2032, 'grad_norm': 0.1544811725616455, 'learning_rate': 0.00018083905093795613, 'entropy': 0.20520555078983307, 'num_tokens': 429260800.0, 'mean_token_accuracy': 0.9465004533529282, 'epoch': 0.67}
{'loss': 0.2032, 'grad_norm': 0.15665721893310547, 'learning_rate': 0.00018077369457456904, 'entropy': 0.20529861822724343, 'num_tokens': 429916160.0, 'mean_token_accuracy': 0.9463781386613845, 'epoch': 0.67}
{'loss': 0.2034, 'grad_norm': 0.15496107935905457, 'learning_rate': 0.00018070823879085953, 'entropy': 0.205156796425581, 'num_tokens': 430571520.0, 'mean_token_accuracy': 0.9467221319675445, 'epoch': 0.68}
{'loss': 0.2048, 'grad_norm': 0.13984942436218262, 'learning_rate': 0.00018064268366739392, 'entropy': 0.20687722265720368, 'num_tokens': 431226880.0, 'mean_token_accuracy': 0.9462497144937515, 'epoch': 0.68}
{'loss': 0.2014, 'grad_norm': 0.1370762139558792, 'learning_rate': 0.0001805770292848607, 'entropy': 0.20347388908267022, 'num_tokens': 431882240.0, 'mean_token_accuracy': 0.9471425712108612, 'epoch': 0.68}
{'loss': 0.2039, 'grad_norm': 0.15119709074497223, 'learning_rate': 0.00018051127572407064, 'entropy': 0.20603211522102355, 'num_tokens': 432537600.0, 'mean_token_accuracy': 0.9464240044355392, 'epoch': 0.68}
{'loss': 0.2019, 'grad_norm': 0.1502337008714676, 'learning_rate': 0.00018044542306595645, 'entropy': 0.20370561853051186, 'num_tokens': 433192960.0, 'mean_token_accuracy': 0.9470049738883972, 'epoch': 0.68}
{'loss': 0.204, 'grad_norm': 0.16891244053840637, 'learning_rate': 0.00018037947139157298, 'entropy': 0.20650019869208336, 'num_tokens': 433848320.0, 'mean_token_accuracy': 0.9464331775903702, 'epoch': 0.68}
{'loss': 0.2046, 'grad_norm': 0.1494949460029602, 'learning_rate': 0.0001803134207820968, 'entropy': 0.20569105222821235, 'num_tokens': 434503680.0, 'mean_token_accuracy': 0.9463307470083236, 'epoch': 0.68}
{'loss': 0.2037, 'grad_norm': 0.1655188649892807, 'learning_rate': 0.00018024727131882634, 'entropy': 0.2061134994029999, 'num_tokens': 435159040.0, 'mean_token_accuracy': 0.9464163601398468, 'epoch': 0.68}
{'loss': 0.2043, 'grad_norm': 0.15782217681407928, 'learning_rate': 0.0001801810230831817, 'entropy': 0.20594356805086136, 'num_tokens': 435814400.0, 'mean_token_accuracy': 0.9461717367172241, 'epoch': 0.68}
{'loss': 0.2034, 'grad_norm': 0.1474941074848175, 'learning_rate': 0.0001801146761567045, 'entropy': 0.2057836577296257, 'num_tokens': 436469760.0, 'mean_token_accuracy': 0.9466823846101761, 'epoch': 0.68}
{'loss': 0.2021, 'grad_norm': 0.1633981317281723, 'learning_rate': 0.00018004823062105788, 'entropy': 0.20387353822588922, 'num_tokens': 437125120.0, 'mean_token_accuracy': 0.9463980078697205, 'epoch': 0.69}
{'loss': 0.2021, 'grad_norm': 0.14300860464572906, 'learning_rate': 0.0001799816865580264, 'entropy': 0.2044730432331562, 'num_tokens': 437780480.0, 'mean_token_accuracy': 0.9467496514320374, 'epoch': 0.69}
{'loss': 0.2015, 'grad_norm': 0.14102201163768768, 'learning_rate': 0.00017991504404951575, 'entropy': 0.2034055121243, 'num_tokens': 438435840.0, 'mean_token_accuracy': 0.9471303403377533, 'epoch': 0.69}
{'loss': 0.201, 'grad_norm': 0.1413714587688446, 'learning_rate': 0.00017984830317755292, 'entropy': 0.203257267922163, 'num_tokens': 439091200.0, 'mean_token_accuracy': 0.9471318691968917, 'epoch': 0.69}
{'loss': 0.2022, 'grad_norm': 0.15466547012329102, 'learning_rate': 0.00017978146402428596, 'entropy': 0.20401346310973167, 'num_tokens': 439746560.0, 'mean_token_accuracy': 0.9468092799186707, 'epoch': 0.69}
{'loss': 0.2019, 'grad_norm': 0.16124632954597473, 'learning_rate': 0.00017971452667198378, 'entropy': 0.204068860411644, 'num_tokens': 440401920.0, 'mean_token_accuracy': 0.9466472148895264, 'epoch': 0.69}
{'loss': 0.2034, 'grad_norm': 0.15205512940883636, 'learning_rate': 0.00017964749120303634, 'entropy': 0.20562222823500634, 'num_tokens': 441057280.0, 'mean_token_accuracy': 0.9466502755880356, 'epoch': 0.69}
{'loss': 0.2018, 'grad_norm': 0.14718760550022125, 'learning_rate': 0.0001795803576999542, 'entropy': 0.20411471351981164, 'num_tokens': 441712640.0, 'mean_token_accuracy': 0.9468658447265625, 'epoch': 0.69}
{'loss': 0.2018, 'grad_norm': 0.13976289331912994, 'learning_rate': 0.00017951312624536864, 'entropy': 0.20358110666275026, 'num_tokens': 442368000.0, 'mean_token_accuracy': 0.9470202565193176, 'epoch': 0.69}
{'loss': 0.2009, 'grad_norm': 0.13641969859600067, 'learning_rate': 0.00017944579692203154, 'entropy': 0.20326659455895424, 'num_tokens': 443023360.0, 'mean_token_accuracy': 0.94720678627491, 'epoch': 0.69}
{'loss': 0.2015, 'grad_norm': 0.16446204483509064, 'learning_rate': 0.0001793783698128152, 'entropy': 0.20366935133934022, 'num_tokens': 443678720.0, 'mean_token_accuracy': 0.9470523715019226, 'epoch': 0.7}
{'loss': 0.2029, 'grad_norm': 0.1860494464635849, 'learning_rate': 0.0001793108450007123, 'entropy': 0.205194141715765, 'num_tokens': 444334080.0, 'mean_token_accuracy': 0.9468245685100556, 'epoch': 0.7}
{'loss': 0.2044, 'grad_norm': 0.16697777807712555, 'learning_rate': 0.00017924322256883578, 'entropy': 0.20646499693393708, 'num_tokens': 444989440.0, 'mean_token_accuracy': 0.9461335092782974, 'epoch': 0.7}
{'loss': 0.2026, 'grad_norm': 0.13526935875415802, 'learning_rate': 0.0001791755026004187, 'entropy': 0.20457351580262184, 'num_tokens': 445644800.0, 'mean_token_accuracy': 0.9468123406171799, 'epoch': 0.7}
{'loss': 0.2016, 'grad_norm': 0.1560925394296646, 'learning_rate': 0.00017910768517881426, 'entropy': 0.2029464639723301, 'num_tokens': 446300160.0, 'mean_token_accuracy': 0.9470951735973359, 'epoch': 0.7}
{'loss': 0.2015, 'grad_norm': 0.13648578524589539, 'learning_rate': 0.00017903977038749547, 'entropy': 0.20415699630975723, 'num_tokens': 446955520.0, 'mean_token_accuracy': 0.9468153953552246, 'epoch': 0.7}
{'loss': 0.202, 'grad_norm': 0.14560499787330627, 'learning_rate': 0.00017897175831005536, 'entropy': 0.20397864207625388, 'num_tokens': 447610880.0, 'mean_token_accuracy': 0.9468612611293793, 'epoch': 0.7}
{'loss': 0.2005, 'grad_norm': 0.1489572823047638, 'learning_rate': 0.00017890364903020654, 'entropy': 0.2028829850256443, 'num_tokens': 448266240.0, 'mean_token_accuracy': 0.9470982372760772, 'epoch': 0.7}
{'loss': 0.2002, 'grad_norm': 0.14919564127922058, 'learning_rate': 0.00017883544263178134, 'entropy': 0.20230983719229698, 'num_tokens': 448921600.0, 'mean_token_accuracy': 0.9472434759140015, 'epoch': 0.7}
{'loss': 0.201, 'grad_norm': 0.1449173092842102, 'learning_rate': 0.00017876713919873165, 'entropy': 0.20282358154654503, 'num_tokens': 449576960.0, 'mean_token_accuracy': 0.9470584869384766, 'epoch': 0.7}
{'loss': 0.202, 'grad_norm': 0.15297673642635345, 'learning_rate': 0.00017869873881512876, 'entropy': 0.20401664525270463, 'num_tokens': 450232320.0, 'mean_token_accuracy': 0.9468383252620697, 'epoch': 0.71}
{'loss': 0.2001, 'grad_norm': 0.16194956004619598, 'learning_rate': 0.0001786302415651633, 'entropy': 0.20176493227481843, 'num_tokens': 450887680.0, 'mean_token_accuracy': 0.9470844745635987, 'epoch': 0.71}
{'loss': 0.2018, 'grad_norm': 0.1523016095161438, 'learning_rate': 0.0001785616475331451, 'entropy': 0.20365553796291352, 'num_tokens': 451543040.0, 'mean_token_accuracy': 0.9468612641096115, 'epoch': 0.71}
{'loss': 0.201, 'grad_norm': 0.1505006104707718, 'learning_rate': 0.00017849295680350316, 'entropy': 0.20352279990911484, 'num_tokens': 452198400.0, 'mean_token_accuracy': 0.9470905900001526, 'epoch': 0.71}
{'loss': 0.2026, 'grad_norm': 0.1480678766965866, 'learning_rate': 0.00017842416946078552, 'entropy': 0.20457339361310006, 'num_tokens': 452853760.0, 'mean_token_accuracy': 0.9467756420373916, 'epoch': 0.71}
{'loss': 0.2022, 'grad_norm': 0.1535387933254242, 'learning_rate': 0.00017835528558965907, 'entropy': 0.20438780263066292, 'num_tokens': 453509120.0, 'mean_token_accuracy': 0.9467817574739457, 'epoch': 0.71}
{'loss': 0.2011, 'grad_norm': 0.16977933049201965, 'learning_rate': 0.00017828630527490954, 'entropy': 0.20341671407222747, 'num_tokens': 454164480.0, 'mean_token_accuracy': 0.9471333980560303, 'epoch': 0.71}
{'loss': 0.2019, 'grad_norm': 0.1591845452785492, 'learning_rate': 0.00017821722860144132, 'entropy': 0.20380137488245964, 'num_tokens': 454819840.0, 'mean_token_accuracy': 0.946793994307518, 'epoch': 0.71}
{'loss': 0.2014, 'grad_norm': 0.15065675973892212, 'learning_rate': 0.00017814805565427754, 'entropy': 0.20286725834012032, 'num_tokens': 455475200.0, 'mean_token_accuracy': 0.9470416665077209, 'epoch': 0.71}
{'loss': 0.1999, 'grad_norm': 0.14109855890274048, 'learning_rate': 0.00017807878651855964, 'entropy': 0.20262734815478325, 'num_tokens': 456130560.0, 'mean_token_accuracy': 0.9471578627824784, 'epoch': 0.72}
{'loss': 0.2017, 'grad_norm': 0.14584924280643463, 'learning_rate': 0.00017800942127954765, 'entropy': 0.20364146903157235, 'num_tokens': 456785920.0, 'mean_token_accuracy': 0.9468597292900085, 'epoch': 0.72}
{'loss': 0.2005, 'grad_norm': 0.13561463356018066, 'learning_rate': 0.00017793996002261973, 'entropy': 0.2023022286593914, 'num_tokens': 457441280.0, 'mean_token_accuracy': 0.9472587645053864, 'epoch': 0.72}
{'loss': 0.1998, 'grad_norm': 0.17022258043289185, 'learning_rate': 0.00017787040283327233, 'entropy': 0.20202020928263664, 'num_tokens': 458096640.0, 'mean_token_accuracy': 0.947397893667221, 'epoch': 0.72}
{'loss': 0.2013, 'grad_norm': 0.1349743902683258, 'learning_rate': 0.00017780074979711986, 'entropy': 0.20328924134373666, 'num_tokens': 458752000.0, 'mean_token_accuracy': 0.9469820439815522, 'epoch': 0.72}
{'eval_loss': 0.19915686547756195, 'eval_runtime': 78.2228, 'eval_samples_per_second': 63.92, 'eval_steps_per_second': 1.01, 'eval_entropy': 0.2018879844418055, 'eval_num_tokens': 458752000.0, 'eval_mean_token_accuracy': 0.947595173799539, 'epoch': 0.72}
{'loss': 0.2011, 'grad_norm': 0.17822307348251343, 'learning_rate': 0.0001777310009998949, 'entropy': 0.20272812098264695, 'num_tokens': 459407360.0, 'mean_token_accuracy': 0.9471135199069977, 'epoch': 0.72}
{'loss': 0.1996, 'grad_norm': 0.143148735165596, 'learning_rate': 0.00017766115652744763, 'entropy': 0.20189304202795028, 'num_tokens': 460062720.0, 'mean_token_accuracy': 0.947485038638115, 'epoch': 0.72}
{'loss': 0.2, 'grad_norm': 0.15530970692634583, 'learning_rate': 0.00017759121646574623, 'entropy': 0.20245284140110015, 'num_tokens': 460718080.0, 'mean_token_accuracy': 0.9475049108266831, 'epoch': 0.72}
{'loss': 0.1991, 'grad_norm': 0.151327446103096, 'learning_rate': 0.00017752118090087646, 'entropy': 0.20078653767704963, 'num_tokens': 461373440.0, 'mean_token_accuracy': 0.9475278466939926, 'epoch': 0.72}
{'loss': 0.1995, 'grad_norm': 0.14655928313732147, 'learning_rate': 0.00017745104991904152, 'entropy': 0.20176860615611075, 'num_tokens': 462028800.0, 'mean_token_accuracy': 0.9476287513971329, 'epoch': 0.72}
{'loss': 0.202, 'grad_norm': 0.18079769611358643, 'learning_rate': 0.0001773808236065622, 'entropy': 0.20365598574280738, 'num_tokens': 462684160.0, 'mean_token_accuracy': 0.9470294356346131, 'epoch': 0.73}
{'loss': 0.2028, 'grad_norm': 0.1924266219139099, 'learning_rate': 0.0001773105020498766, 'entropy': 0.20482845231890678, 'num_tokens': 463339520.0, 'mean_token_accuracy': 0.9468046873807907, 'epoch': 0.73}
{'loss': 0.2022, 'grad_norm': 0.15602271258831024, 'learning_rate': 0.00017724008533554, 'entropy': 0.20313002914190292, 'num_tokens': 463994880.0, 'mean_token_accuracy': 0.9470095604658126, 'epoch': 0.73}
{'loss': 0.2019, 'grad_norm': 0.15677271783351898, 'learning_rate': 0.00017716957355022483, 'entropy': 0.20325469300150872, 'num_tokens': 464650240.0, 'mean_token_accuracy': 0.9468551427125931, 'epoch': 0.73}
{'loss': 0.2007, 'grad_norm': 0.15008018910884857, 'learning_rate': 0.00017709896678072052, 'entropy': 0.2025521405041218, 'num_tokens': 465305600.0, 'mean_token_accuracy': 0.9472327768802643, 'epoch': 0.73}
{'loss': 0.2012, 'grad_norm': 0.1817864626646042, 'learning_rate': 0.0001770282651139335, 'entropy': 0.20327031314373017, 'num_tokens': 465960960.0, 'mean_token_accuracy': 0.9471548050642014, 'epoch': 0.73}
{'loss': 0.2014, 'grad_norm': 0.1654810756444931, 'learning_rate': 0.00017695746863688683, 'entropy': 0.2036784768104553, 'num_tokens': 466616320.0, 'mean_token_accuracy': 0.9470294386148452, 'epoch': 0.73}
{'loss': 0.1997, 'grad_norm': 0.16103467345237732, 'learning_rate': 0.00017688657743672047, 'entropy': 0.20190305411815643, 'num_tokens': 467271680.0, 'mean_token_accuracy': 0.9474024802446366, 'epoch': 0.73}
{'loss': 0.1994, 'grad_norm': 0.14084282517433167, 'learning_rate': 0.00017681559160069078, 'entropy': 0.20157408565282822, 'num_tokens': 467927040.0, 'mean_token_accuracy': 0.9476715594530105, 'epoch': 0.73}
{'loss': 0.2007, 'grad_norm': 0.15168705582618713, 'learning_rate': 0.00017674451121617074, 'entropy': 0.20308088809251784, 'num_tokens': 468582400.0, 'mean_token_accuracy': 0.947200670838356, 'epoch': 0.73}
{'loss': 0.201, 'grad_norm': 0.18067264556884766, 'learning_rate': 0.0001766733363706497, 'entropy': 0.2026800997555256, 'num_tokens': 469237760.0, 'mean_token_accuracy': 0.9471395164728165, 'epoch': 0.74}
{'loss': 0.2011, 'grad_norm': 0.1590874344110489, 'learning_rate': 0.00017660206715173316, 'entropy': 0.20321340337395669, 'num_tokens': 469893120.0, 'mean_token_accuracy': 0.9470600128173828, 'epoch': 0.74}
{'loss': 0.199, 'grad_norm': 0.15678218007087708, 'learning_rate': 0.00017653070364714296, 'entropy': 0.20116558000445367, 'num_tokens': 470548480.0, 'mean_token_accuracy': 0.9475079715251923, 'epoch': 0.74}
{'loss': 0.1999, 'grad_norm': 0.16396541893482208, 'learning_rate': 0.00017645924594471675, 'entropy': 0.2017674058675766, 'num_tokens': 471203840.0, 'mean_token_accuracy': 0.9471869111061096, 'epoch': 0.74}
{'loss': 0.2023, 'grad_norm': 0.1928304135799408, 'learning_rate': 0.00017638769413240833, 'entropy': 0.20381958559155464, 'num_tokens': 471859200.0, 'mean_token_accuracy': 0.9472159564495086, 'epoch': 0.74}
{'loss': 0.2042, 'grad_norm': 0.1517775058746338, 'learning_rate': 0.00017631604829828734, 'entropy': 0.20583505183458328, 'num_tokens': 472514560.0, 'mean_token_accuracy': 0.946460697054863, 'epoch': 0.74}
{'loss': 0.2002, 'grad_norm': 0.1547025591135025, 'learning_rate': 0.00017624430853053891, 'entropy': 0.20212891176342965, 'num_tokens': 473169920.0, 'mean_token_accuracy': 0.9470554292201996, 'epoch': 0.74}
{'loss': 0.2017, 'grad_norm': 0.15038272738456726, 'learning_rate': 0.00017617247491746413, 'entropy': 0.20333729460835456, 'num_tokens': 473825280.0, 'mean_token_accuracy': 0.9470431983470917, 'epoch': 0.74}
{'loss': 0.2006, 'grad_norm': 0.17249993979930878, 'learning_rate': 0.00017610054754747928, 'entropy': 0.20213943496346473, 'num_tokens': 474480640.0, 'mean_token_accuracy': 0.9473229795694351, 'epoch': 0.74}
{'loss': 0.2, 'grad_norm': 0.16714246571063995, 'learning_rate': 0.00017602852650911626, 'entropy': 0.2024160899221897, 'num_tokens': 475136000.0, 'mean_token_accuracy': 0.9473229795694351, 'epoch': 0.75}
{'loss': 0.1988, 'grad_norm': 0.15125179290771484, 'learning_rate': 0.00017595641189102214, 'entropy': 0.20099809318780898, 'num_tokens': 475791360.0, 'mean_token_accuracy': 0.9475798279047012, 'epoch': 0.75}
{'loss': 0.1993, 'grad_norm': 0.13792599737644196, 'learning_rate': 0.00017588420378195926, 'entropy': 0.20144112631678582, 'num_tokens': 476446720.0, 'mean_token_accuracy': 0.9475599527359009, 'epoch': 0.75}
{'loss': 0.2001, 'grad_norm': 0.15047092735767365, 'learning_rate': 0.00017581190227080492, 'entropy': 0.20183021798729897, 'num_tokens': 477102080.0, 'mean_token_accuracy': 0.9474758625030517, 'epoch': 0.75}
{'loss': 0.2003, 'grad_norm': 0.13951238989830017, 'learning_rate': 0.00017573950744655155, 'entropy': 0.20258985459804535, 'num_tokens': 477757440.0, 'mean_token_accuracy': 0.947209843993187, 'epoch': 0.75}
{'loss': 0.2003, 'grad_norm': 0.14052921533584595, 'learning_rate': 0.00017566701939830624, 'entropy': 0.20240262970328332, 'num_tokens': 478412800.0, 'mean_token_accuracy': 0.947535490989685, 'epoch': 0.75}
{'loss': 0.1982, 'grad_norm': 0.1418943703174591, 'learning_rate': 0.00017559443821529099, 'entropy': 0.20062997937202454, 'num_tokens': 479068160.0, 'mean_token_accuracy': 0.9477082520723343, 'epoch': 0.75}
{'loss': 0.2002, 'grad_norm': 0.1374807208776474, 'learning_rate': 0.00017552176398684234, 'entropy': 0.202140611410141, 'num_tokens': 479723520.0, 'mean_token_accuracy': 0.9471823215484619, 'epoch': 0.75}
{'loss': 0.1989, 'grad_norm': 0.1534242331981659, 'learning_rate': 0.00017544899680241137, 'entropy': 0.20162632688879967, 'num_tokens': 480378880.0, 'mean_token_accuracy': 0.947416239976883, 'epoch': 0.75}
{'loss': 0.1978, 'grad_norm': 0.1716437190771103, 'learning_rate': 0.00017537613675156364, 'entropy': 0.1996751569211483, 'num_tokens': 481034240.0, 'mean_token_accuracy': 0.9479941487312317, 'epoch': 0.75}
{'loss': 0.1988, 'grad_norm': 0.15956468880176544, 'learning_rate': 0.00017530318392397888, 'entropy': 0.2011619746685028, 'num_tokens': 481689600.0, 'mean_token_accuracy': 0.9476256936788559, 'epoch': 0.76}
{'loss': 0.1987, 'grad_norm': 0.15844497084617615, 'learning_rate': 0.0001752301384094512, 'entropy': 0.20085297301411628, 'num_tokens': 482344960.0, 'mean_token_accuracy': 0.9477571755647659, 'epoch': 0.76}
{'loss': 0.1986, 'grad_norm': 0.14603178203105927, 'learning_rate': 0.00017515700029788856, 'entropy': 0.20030146911740304, 'num_tokens': 483000320.0, 'mean_token_accuracy': 0.9476654440164566, 'epoch': 0.76}
{'loss': 0.1972, 'grad_norm': 0.14986659586429596, 'learning_rate': 0.00017508376967931318, 'entropy': 0.19912925288081168, 'num_tokens': 483655680.0, 'mean_token_accuracy': 0.9481821984052659, 'epoch': 0.76}
{'loss': 0.1988, 'grad_norm': 0.1399047076702118, 'learning_rate': 0.00017501044664386086, 'entropy': 0.20098104551434517, 'num_tokens': 484311040.0, 'mean_token_accuracy': 0.9477525889873505, 'epoch': 0.76}
{'loss': 0.1983, 'grad_norm': 0.14029154181480408, 'learning_rate': 0.0001749370312817813, 'entropy': 0.2008925512433052, 'num_tokens': 484966400.0, 'mean_token_accuracy': 0.947879484295845, 'epoch': 0.76}
{'loss': 0.196, 'grad_norm': 0.14424647390842438, 'learning_rate': 0.00017486352368343785, 'entropy': 0.19809974804520608, 'num_tokens': 485621760.0, 'mean_token_accuracy': 0.948235708475113, 'epoch': 0.76}
{'loss': 0.199, 'grad_norm': 0.16930164396762848, 'learning_rate': 0.00017478992393930737, 'entropy': 0.20103763416409492, 'num_tokens': 486277120.0, 'mean_token_accuracy': 0.9476379215717315, 'epoch': 0.76}
{'loss': 0.1985, 'grad_norm': 0.1483466625213623, 'learning_rate': 0.00017471623213998006, 'entropy': 0.20067261382937432, 'num_tokens': 486932480.0, 'mean_token_accuracy': 0.9478550225496292, 'epoch': 0.76}
{'loss': 0.1977, 'grad_norm': 0.15522663295269012, 'learning_rate': 0.00017464244837615955, 'entropy': 0.1996762603521347, 'num_tokens': 487587840.0, 'mean_token_accuracy': 0.9477525889873505, 'epoch': 0.76}
{'loss': 0.1991, 'grad_norm': 0.17223167419433594, 'learning_rate': 0.00017456857273866257, 'entropy': 0.2006909318268299, 'num_tokens': 488243200.0, 'mean_token_accuracy': 0.9476256906986237, 'epoch': 0.77}
{'loss': 0.1992, 'grad_norm': 0.14664651453495026, 'learning_rate': 0.00017449460531841895, 'entropy': 0.20201580822467805, 'num_tokens': 488898560.0, 'mean_token_accuracy': 0.9476577997207641, 'epoch': 0.77}
{'loss': 0.1965, 'grad_norm': 0.143572136759758, 'learning_rate': 0.00017442054620647155, 'entropy': 0.19833430275321007, 'num_tokens': 489553920.0, 'mean_token_accuracy': 0.948154678940773, 'epoch': 0.77}
{'loss': 0.198, 'grad_norm': 0.16249336302280426, 'learning_rate': 0.00017434639549397606, 'entropy': 0.19960778206586838, 'num_tokens': 490209280.0, 'mean_token_accuracy': 0.9480660051107407, 'epoch': 0.77}
{'loss': 0.1991, 'grad_norm': 0.13696330785751343, 'learning_rate': 0.00017427215327220084, 'entropy': 0.20127994939684868, 'num_tokens': 490864640.0, 'mean_token_accuracy': 0.9475782990455628, 'epoch': 0.77}
{'loss': 0.1982, 'grad_norm': 0.14662854373455048, 'learning_rate': 0.00017419781963252698, 'entropy': 0.2004848264157772, 'num_tokens': 491520000.0, 'mean_token_accuracy': 0.9477739930152893, 'epoch': 0.77}
{'loss': 0.1981, 'grad_norm': 0.14976653456687927, 'learning_rate': 0.00017412339466644808, 'entropy': 0.20035338252782822, 'num_tokens': 492175360.0, 'mean_token_accuracy': 0.9477388292551041, 'epoch': 0.77}
{'loss': 0.1976, 'grad_norm': 0.1635742485523224, 'learning_rate': 0.0001740488784655701, 'entropy': 0.19910551309585572, 'num_tokens': 492830720.0, 'mean_token_accuracy': 0.9477816373109818, 'epoch': 0.77}
{'loss': 0.1996, 'grad_norm': 0.17949025332927704, 'learning_rate': 0.00017397427112161133, 'entropy': 0.20165664702653885, 'num_tokens': 493486080.0, 'mean_token_accuracy': 0.9475064396858215, 'epoch': 0.77}
{'loss': 0.1988, 'grad_norm': 0.14413368701934814, 'learning_rate': 0.00017389957272640226, 'entropy': 0.20113444775342942, 'num_tokens': 494141440.0, 'mean_token_accuracy': 0.9477373003959656, 'epoch': 0.77}
{'loss': 0.1978, 'grad_norm': 0.14075320959091187, 'learning_rate': 0.00017382478337188537, 'entropy': 0.20016703084111215, 'num_tokens': 494796800.0, 'mean_token_accuracy': 0.948055300116539, 'epoch': 0.78}
{'loss': 0.1984, 'grad_norm': 0.17001521587371826, 'learning_rate': 0.00017374990315011522, 'entropy': 0.2000608630478382, 'num_tokens': 495452160.0, 'mean_token_accuracy': 0.9479192346334457, 'epoch': 0.78}
{'loss': 0.1965, 'grad_norm': 0.1447376161813736, 'learning_rate': 0.0001736749321532581, 'entropy': 0.19822824895381927, 'num_tokens': 496107520.0, 'mean_token_accuracy': 0.9480338990688324, 'epoch': 0.78}
{'loss': 0.1986, 'grad_norm': 0.1413736641407013, 'learning_rate': 0.00017359987047359216, 'entropy': 0.2008698582649231, 'num_tokens': 496762880.0, 'mean_token_accuracy': 0.9479849755764007, 'epoch': 0.78}
{'loss': 0.1979, 'grad_norm': 0.15379315614700317, 'learning_rate': 0.00017352471820350702, 'entropy': 0.199862752109766, 'num_tokens': 497418240.0, 'mean_token_accuracy': 0.9479161769151687, 'epoch': 0.78}
{'loss': 0.1975, 'grad_norm': 0.14715996384620667, 'learning_rate': 0.00017344947543550387, 'entropy': 0.1996908888220787, 'num_tokens': 498073600.0, 'mean_token_accuracy': 0.9479880332946777, 'epoch': 0.78}
{'loss': 0.1971, 'grad_norm': 0.16094930469989777, 'learning_rate': 0.0001733741422621953, 'entropy': 0.19896005615592002, 'num_tokens': 498728960.0, 'mean_token_accuracy': 0.9480904668569565, 'epoch': 0.78}
{'loss': 0.1972, 'grad_norm': 0.16616307199001312, 'learning_rate': 0.0001732987187763052, 'entropy': 0.1989080712199211, 'num_tokens': 499384320.0, 'mean_token_accuracy': 0.9480583608150482, 'epoch': 0.78}
{'loss': 0.1978, 'grad_norm': 0.16626352071762085, 'learning_rate': 0.0001732232050706685, 'entropy': 0.19976189583539963, 'num_tokens': 500039680.0, 'mean_token_accuracy': 0.9479039460420609, 'epoch': 0.78}
{'loss': 0.1993, 'grad_norm': 0.1370030790567398, 'learning_rate': 0.00017314760123823136, 'entropy': 0.2015406534075737, 'num_tokens': 500695040.0, 'mean_token_accuracy': 0.9475049138069153, 'epoch': 0.79}
{'loss': 0.197, 'grad_norm': 0.16812793910503387, 'learning_rate': 0.00017307190737205072, 'entropy': 0.19903615191578866, 'num_tokens': 501350400.0, 'mean_token_accuracy': 0.9482265323400497, 'epoch': 0.79}
{'loss': 0.1973, 'grad_norm': 0.1500011384487152, 'learning_rate': 0.00017299612356529444, 'entropy': 0.19950081408023834, 'num_tokens': 502005760.0, 'mean_token_accuracy': 0.9478412628173828, 'epoch': 0.79}
{'loss': 0.1969, 'grad_norm': 0.14817582070827484, 'learning_rate': 0.00017292024991124097, 'entropy': 0.19891167655587197, 'num_tokens': 502661120.0, 'mean_token_accuracy': 0.9482754588127136, 'epoch': 0.79}
{'loss': 0.1967, 'grad_norm': 0.14606785774230957, 'learning_rate': 0.0001728442865032795, 'entropy': 0.19906801581382752, 'num_tokens': 503316480.0, 'mean_token_accuracy': 0.9483977675437927, 'epoch': 0.79}
{'loss': 0.1971, 'grad_norm': 0.1488974541425705, 'learning_rate': 0.00017276823343490954, 'entropy': 0.19915647953748702, 'num_tokens': 503971840.0, 'mean_token_accuracy': 0.9479712158441543, 'epoch': 0.79}
{'loss': 0.1973, 'grad_norm': 0.17325592041015625, 'learning_rate': 0.00017269209079974105, 'entropy': 0.1996297836303711, 'num_tokens': 504627200.0, 'mean_token_accuracy': 0.9479100614786148, 'epoch': 0.79}
{'loss': 0.1963, 'grad_norm': 0.1491427719593048, 'learning_rate': 0.00017261585869149423, 'entropy': 0.1983584575355053, 'num_tokens': 505282560.0, 'mean_token_accuracy': 0.9481806695461273, 'epoch': 0.79}
{'loss': 0.1973, 'grad_norm': 0.2007959634065628, 'learning_rate': 0.00017253953720399937, 'entropy': 0.19867943823337555, 'num_tokens': 505937920.0, 'mean_token_accuracy': 0.9480828225612641, 'epoch': 0.79}
{'loss': 0.1981, 'grad_norm': 0.14410288631916046, 'learning_rate': 0.0001724631264311968, 'entropy': 0.19998358115553855, 'num_tokens': 506593280.0, 'mean_token_accuracy': 0.947960513830185, 'epoch': 0.79}
{'loss': 0.1971, 'grad_norm': 0.16020537912845612, 'learning_rate': 0.00017238662646713672, 'entropy': 0.19907613322138787, 'num_tokens': 507248640.0, 'mean_token_accuracy': 0.9481057554483414, 'epoch': 0.8}
{'loss': 0.1959, 'grad_norm': 0.15604375302791595, 'learning_rate': 0.00017231003740597912, 'entropy': 0.1982993848621845, 'num_tokens': 507904000.0, 'mean_token_accuracy': 0.9485200762748718, 'epoch': 0.8}
{'loss': 0.1972, 'grad_norm': 0.15945833921432495, 'learning_rate': 0.00017223335934199376, 'entropy': 0.19886913001537324, 'num_tokens': 508559360.0, 'mean_token_accuracy': 0.9479788601398468, 'epoch': 0.8}
{'loss': 0.1961, 'grad_norm': 0.16042867302894592, 'learning_rate': 0.00017215659236955973, 'entropy': 0.19904624298214912, 'num_tokens': 509214720.0, 'mean_token_accuracy': 0.9481745541095734, 'epoch': 0.8}
{'loss': 0.1973, 'grad_norm': 0.16142430901527405, 'learning_rate': 0.00017207973658316578, 'entropy': 0.1997363694012165, 'num_tokens': 509870080.0, 'mean_token_accuracy': 0.9479024171829223, 'epoch': 0.8}
{'loss': 0.1976, 'grad_norm': 0.1536591351032257, 'learning_rate': 0.0001720027920774098, 'entropy': 0.19948882907629012, 'num_tokens': 510525440.0, 'mean_token_accuracy': 0.9481669068336487, 'epoch': 0.8}
{'loss': 0.1975, 'grad_norm': 0.15187013149261475, 'learning_rate': 0.000171925758946999, 'entropy': 0.20012025237083436, 'num_tokens': 511180800.0, 'mean_token_accuracy': 0.9480629473924637, 'epoch': 0.8}
{'loss': 0.1966, 'grad_norm': 0.14661234617233276, 'learning_rate': 0.00017184863728674955, 'entropy': 0.19877257719635963, 'num_tokens': 511836160.0, 'mean_token_accuracy': 0.9481271594762802, 'epoch': 0.8}
{'loss': 0.1961, 'grad_norm': 0.17776872217655182, 'learning_rate': 0.0001717714271915868, 'entropy': 0.19830524921417236, 'num_tokens': 512491520.0, 'mean_token_accuracy': 0.9482708692550659, 'epoch': 0.8}
{'loss': 0.1974, 'grad_norm': 0.15703848004341125, 'learning_rate': 0.0001716941287565447, 'entropy': 0.19967026263475418, 'num_tokens': 513146880.0, 'mean_token_accuracy': 0.9482708722352982, 'epoch': 0.8}
{'loss': 0.1979, 'grad_norm': 0.15652728080749512, 'learning_rate': 0.0001716167420767661, 'entropy': 0.19944871962070465, 'num_tokens': 513802240.0, 'mean_token_accuracy': 0.947948282957077, 'epoch': 0.81}
{'loss': 0.1974, 'grad_norm': 0.15770308673381805, 'learning_rate': 0.0001715392672475024, 'entropy': 0.19953115582466124, 'num_tokens': 514457600.0, 'mean_token_accuracy': 0.948088937997818, 'epoch': 0.81}
{'loss': 0.1974, 'grad_norm': 0.15534457564353943, 'learning_rate': 0.00017146170436411353, 'entropy': 0.1991391509771347, 'num_tokens': 515112960.0, 'mean_token_accuracy': 0.9480751782655716, 'epoch': 0.81}
{'loss': 0.1983, 'grad_norm': 0.22541016340255737, 'learning_rate': 0.00017138405352206776, 'entropy': 0.19969092383980752, 'num_tokens': 515768320.0, 'mean_token_accuracy': 0.9479543983936309, 'epoch': 0.81}
{'loss': 0.1979, 'grad_norm': 0.15439322590827942, 'learning_rate': 0.00017130631481694164, 'entropy': 0.20011603608727455, 'num_tokens': 516423680.0, 'mean_token_accuracy': 0.9479192346334457, 'epoch': 0.81}
{'loss': 0.1968, 'grad_norm': 0.139284148812294, 'learning_rate': 0.0001712284883444199, 'entropy': 0.19910009801387787, 'num_tokens': 517079040.0, 'mean_token_accuracy': 0.948148563504219, 'epoch': 0.81}
{'loss': 0.1971, 'grad_norm': 0.13937914371490479, 'learning_rate': 0.0001711505742002953, 'entropy': 0.198899307847023, 'num_tokens': 517734400.0, 'mean_token_accuracy': 0.9482066601514816, 'epoch': 0.81}
{'loss': 0.197, 'grad_norm': 0.15182580053806305, 'learning_rate': 0.00017107257248046842, 'entropy': 0.1987639509141445, 'num_tokens': 518389760.0, 'mean_token_accuracy': 0.9480919957160949, 'epoch': 0.81}
{'loss': 0.1971, 'grad_norm': 0.14331892132759094, 'learning_rate': 0.00017099448328094773, 'entropy': 0.19820834398269654, 'num_tokens': 519045120.0, 'mean_token_accuracy': 0.9479177057743072, 'epoch': 0.81}
{'loss': 0.1972, 'grad_norm': 0.1554926186800003, 'learning_rate': 0.00017091630669784937, 'entropy': 0.19931134283542634, 'num_tokens': 519700480.0, 'mean_token_accuracy': 0.94815773665905, 'epoch': 0.81}
{'loss': 0.1963, 'grad_norm': 0.15048840641975403, 'learning_rate': 0.00017083804282739694, 'entropy': 0.1981935441493988, 'num_tokens': 520355840.0, 'mean_token_accuracy': 0.9482204198837281, 'epoch': 0.82}
{'loss': 0.1951, 'grad_norm': 0.15053367614746094, 'learning_rate': 0.0001707596917659216, 'entropy': 0.19781658798456192, 'num_tokens': 521011200.0, 'mean_token_accuracy': 0.9485445380210876, 'epoch': 0.82}
{'loss': 0.1956, 'grad_norm': 0.15479151904582977, 'learning_rate': 0.00017068125360986174, 'entropy': 0.19783949553966523, 'num_tokens': 521666560.0, 'mean_token_accuracy': 0.9483962386846543, 'epoch': 0.82}
{'loss': 0.1949, 'grad_norm': 0.1723393350839615, 'learning_rate': 0.00017060272845576303, 'entropy': 0.19687069952487946, 'num_tokens': 522321920.0, 'mean_token_accuracy': 0.9485368937253952, 'epoch': 0.82}
{'loss': 0.196, 'grad_norm': 0.15175551176071167, 'learning_rate': 0.0001705241164002781, 'entropy': 0.19819727763533593, 'num_tokens': 522977280.0, 'mean_token_accuracy': 0.9481760829687118, 'epoch': 0.82}
{'loss': 0.1954, 'grad_norm': 0.15172657370567322, 'learning_rate': 0.00017044541754016667, 'entropy': 0.1974538616836071, 'num_tokens': 523632640.0, 'mean_token_accuracy': 0.9483778923749924, 'epoch': 0.82}
{'loss': 0.1967, 'grad_norm': 0.16076001524925232, 'learning_rate': 0.00017036663197229527, 'entropy': 0.1988751195371151, 'num_tokens': 524288000.0, 'mean_token_accuracy': 0.9482112467288971, 'epoch': 0.82}
{'eval_loss': 0.19453731179237366, 'eval_runtime': 78.3362, 'eval_samples_per_second': 63.827, 'eval_steps_per_second': 1.008, 'eval_entropy': 0.19643545584588112, 'eval_num_tokens': 524288000.0, 'eval_mean_token_accuracy': 0.9486475715154334, 'epoch': 0.82}
{'loss': 0.1978, 'grad_norm': 0.1459260880947113, 'learning_rate': 0.0001702877597936371, 'entropy': 0.19970349296927453, 'num_tokens': 524943360.0, 'mean_token_accuracy': 0.9480568319559097, 'epoch': 0.82}
{'loss': 0.1958, 'grad_norm': 0.1681303232908249, 'learning_rate': 0.00017020880110127202, 'entropy': 0.19816530048847197, 'num_tokens': 525598720.0, 'mean_token_accuracy': 0.9482020735740662, 'epoch': 0.82}
{'loss': 0.1952, 'grad_norm': 0.15505099296569824, 'learning_rate': 0.00017012975599238635, 'entropy': 0.19674801379442214, 'num_tokens': 526254080.0, 'mean_token_accuracy': 0.9481653809547425, 'epoch': 0.83}
{'loss': 0.1962, 'grad_norm': 0.1396680474281311, 'learning_rate': 0.00017005062456427276, 'entropy': 0.19830295592546462, 'num_tokens': 526909440.0, 'mean_token_accuracy': 0.9484589219093322, 'epoch': 0.83}
{'loss': 0.196, 'grad_norm': 0.14965370297431946, 'learning_rate': 0.0001699714069143302, 'entropy': 0.19831432327628135, 'num_tokens': 527564800.0, 'mean_token_accuracy': 0.9484558641910553, 'epoch': 0.83}
{'loss': 0.1959, 'grad_norm': 0.14869843423366547, 'learning_rate': 0.00016989210314006378, 'entropy': 0.19741730764508247, 'num_tokens': 528220160.0, 'mean_token_accuracy': 0.9483580172061921, 'epoch': 0.83}
{'loss': 0.1963, 'grad_norm': 0.15999241173267365, 'learning_rate': 0.00016981271333908456, 'entropy': 0.19818705394864083, 'num_tokens': 528875520.0, 'mean_token_accuracy': 0.9482494682073593, 'epoch': 0.83}
{'loss': 0.1941, 'grad_norm': 0.14876233041286469, 'learning_rate': 0.00016973323760910943, 'entropy': 0.19668099507689477, 'num_tokens': 529530880.0, 'mean_token_accuracy': 0.9488044440746307, 'epoch': 0.83}
{'loss': 0.195, 'grad_norm': 0.14864350855350494, 'learning_rate': 0.00016965367604796113, 'entropy': 0.19711355194449426, 'num_tokens': 530186240.0, 'mean_token_accuracy': 0.9485475957393646, 'epoch': 0.83}
{'loss': 0.1965, 'grad_norm': 0.15543225407600403, 'learning_rate': 0.0001695740287535681, 'entropy': 0.1983039766550064, 'num_tokens': 530841600.0, 'mean_token_accuracy': 0.9482555836439133, 'epoch': 0.83}
{'loss': 0.1971, 'grad_norm': 0.14311471581459045, 'learning_rate': 0.00016949429582396413, 'entropy': 0.1990002304315567, 'num_tokens': 531496960.0, 'mean_token_accuracy': 0.9480247259140014, 'epoch': 0.83}
{'loss': 0.1959, 'grad_norm': 0.15299779176712036, 'learning_rate': 0.0001694144773572886, 'entropy': 0.19769228845834733, 'num_tokens': 532152320.0, 'mean_token_accuracy': 0.9484543353319168, 'epoch': 0.83}
{'loss': 0.1969, 'grad_norm': 0.1574212908744812, 'learning_rate': 0.00016933457345178605, 'entropy': 0.1985562339425087, 'num_tokens': 532807680.0, 'mean_token_accuracy': 0.948095053434372, 'epoch': 0.84}
{'loss': 0.1949, 'grad_norm': 0.14889539778232574, 'learning_rate': 0.00016925458420580624, 'entropy': 0.19703923016786576, 'num_tokens': 533463040.0, 'mean_token_accuracy': 0.9486515581607818, 'epoch': 0.84}
{'loss': 0.1946, 'grad_norm': 0.1532640904188156, 'learning_rate': 0.00016917450971780395, 'entropy': 0.1962004043161869, 'num_tokens': 534118400.0, 'mean_token_accuracy': 0.9483503699302673, 'epoch': 0.84}
{'loss': 0.1939, 'grad_norm': 0.16738668084144592, 'learning_rate': 0.00016909435008633888, 'entropy': 0.19590337127447127, 'num_tokens': 534773760.0, 'mean_token_accuracy': 0.948974147439003, 'epoch': 0.84}
{'loss': 0.1946, 'grad_norm': 0.145450621843338, 'learning_rate': 0.00016901410541007552, 'entropy': 0.19650092646479606, 'num_tokens': 535429120.0, 'mean_token_accuracy': 0.9486699044704437, 'epoch': 0.84}
{'loss': 0.1951, 'grad_norm': 0.1383046656847, 'learning_rate': 0.00016893377578778307, 'entropy': 0.19710563942790033, 'num_tokens': 536084480.0, 'mean_token_accuracy': 0.9486546158790589, 'epoch': 0.84}
{'loss': 0.1961, 'grad_norm': 0.14384925365447998, 'learning_rate': 0.00016885336131833525, 'entropy': 0.19835505560040473, 'num_tokens': 536739840.0, 'mean_token_accuracy': 0.9483564883470536, 'epoch': 0.84}
{'loss': 0.1958, 'grad_norm': 0.14025449752807617, 'learning_rate': 0.00016877286210071027, 'entropy': 0.19783677756786347, 'num_tokens': 537395200.0, 'mean_token_accuracy': 0.948498672246933, 'epoch': 0.84}
{'loss': 0.1924, 'grad_norm': 0.1433245986700058, 'learning_rate': 0.00016869227823399055, 'entropy': 0.19498852118849755, 'num_tokens': 538050560.0, 'mean_token_accuracy': 0.9494511514902115, 'epoch': 0.84}
{'loss': 0.1946, 'grad_norm': 0.15187110006809235, 'learning_rate': 0.00016861160981736277, 'entropy': 0.19622485786676408, 'num_tokens': 538705920.0, 'mean_token_accuracy': 0.948905348777771, 'epoch': 0.84}
{'loss': 0.1952, 'grad_norm': 0.17229889333248138, 'learning_rate': 0.00016853085695011773, 'entropy': 0.19764050021767615, 'num_tokens': 539361280.0, 'mean_token_accuracy': 0.9485277205705642, 'epoch': 0.85}
{'loss': 0.1957, 'grad_norm': 0.16320666670799255, 'learning_rate': 0.0001684500197316501, 'entropy': 0.19766826406121255, 'num_tokens': 540016640.0, 'mean_token_accuracy': 0.9485261917114258, 'epoch': 0.85}
{'loss': 0.1938, 'grad_norm': 0.1390334963798523, 'learning_rate': 0.00016836909826145832, 'entropy': 0.19589256420731543, 'num_tokens': 540672000.0, 'mean_token_accuracy': 0.9488732427358627, 'epoch': 0.85}
{'loss': 0.1937, 'grad_norm': 0.15734556317329407, 'learning_rate': 0.0001682880926391447, 'entropy': 0.19586483985185624, 'num_tokens': 541327360.0, 'mean_token_accuracy': 0.9488717138767242, 'epoch': 0.85}
{'loss': 0.1967, 'grad_norm': 0.1479422003030777, 'learning_rate': 0.00016820700296441495, 'entropy': 0.19824739843606948, 'num_tokens': 541982720.0, 'mean_token_accuracy': 0.9482968628406525, 'epoch': 0.85}
{'loss': 0.1932, 'grad_norm': 0.14545480906963348, 'learning_rate': 0.00016812582933707838, 'entropy': 0.19598619714379312, 'num_tokens': 542638080.0, 'mean_token_accuracy': 0.949036830663681, 'epoch': 0.85}
{'loss': 0.1963, 'grad_norm': 0.13697250187397003, 'learning_rate': 0.0001680445718570475, 'entropy': 0.19832942262291908, 'num_tokens': 543293440.0, 'mean_token_accuracy': 0.9482448816299438, 'epoch': 0.85}
{'loss': 0.1957, 'grad_norm': 0.14868347346782684, 'learning_rate': 0.0001679632306243382, 'entropy': 0.19787743538618088, 'num_tokens': 543948800.0, 'mean_token_accuracy': 0.9484573930501938, 'epoch': 0.85}
{'loss': 0.1953, 'grad_norm': 0.14762762188911438, 'learning_rate': 0.00016788180573906926, 'entropy': 0.19708133339881898, 'num_tokens': 544604160.0, 'mean_token_accuracy': 0.9487218856811523, 'epoch': 0.85}
{'loss': 0.194, 'grad_norm': 0.17878358066082, 'learning_rate': 0.00016780029730146257, 'entropy': 0.19632187485694885, 'num_tokens': 545259520.0, 'mean_token_accuracy': 0.9491102159023285, 'epoch': 0.85}
{'loss': 0.1934, 'grad_norm': 0.14549316465854645, 'learning_rate': 0.0001677187054118428, 'entropy': 0.1953762039542198, 'num_tokens': 545914880.0, 'mean_token_accuracy': 0.9490123689174652, 'epoch': 0.86}
{'loss': 0.1941, 'grad_norm': 0.1527138650417328, 'learning_rate': 0.00016763703017063733, 'entropy': 0.196124766767025, 'num_tokens': 546570240.0, 'mean_token_accuracy': 0.9488441944122314, 'epoch': 0.86}
{'loss': 0.196, 'grad_norm': 0.14481201767921448, 'learning_rate': 0.0001675552716783762, 'entropy': 0.19801199734210967, 'num_tokens': 547225600.0, 'mean_token_accuracy': 0.9486194521188736, 'epoch': 0.86}
{'loss': 0.1953, 'grad_norm': 0.1415371596813202, 'learning_rate': 0.0001674734300356918, 'entropy': 0.19690075963735582, 'num_tokens': 547880960.0, 'mean_token_accuracy': 0.94850172996521, 'epoch': 0.86}
{'loss': 0.194, 'grad_norm': 0.16330711543560028, 'learning_rate': 0.00016739150534331903, 'entropy': 0.1959213934838772, 'num_tokens': 548536320.0, 'mean_token_accuracy': 0.9489298105239868, 'epoch': 0.86}
{'loss': 0.1949, 'grad_norm': 0.14683571457862854, 'learning_rate': 0.00016730949770209482, 'entropy': 0.1972882516682148, 'num_tokens': 549191680.0, 'mean_token_accuracy': 0.9486867219209671, 'epoch': 0.86}
{'loss': 0.1958, 'grad_norm': 0.16466735303401947, 'learning_rate': 0.00016722740721295836, 'entropy': 0.19717469364404677, 'num_tokens': 549847040.0, 'mean_token_accuracy': 0.9481745541095734, 'epoch': 0.86}
{'loss': 0.1951, 'grad_norm': 0.14713767170906067, 'learning_rate': 0.00016714523397695072, 'entropy': 0.19720229580998422, 'num_tokens': 550502400.0, 'mean_token_accuracy': 0.9485888749361038, 'epoch': 0.86}
{'loss': 0.1941, 'grad_norm': 0.1364940106868744, 'learning_rate': 0.00016706297809521487, 'entropy': 0.19622478932142257, 'num_tokens': 551157760.0, 'mean_token_accuracy': 0.9487065970897675, 'epoch': 0.86}
{'loss': 0.1944, 'grad_norm': 0.16539247334003448, 'learning_rate': 0.00016698063966899546, 'entropy': 0.1970512315630913, 'num_tokens': 551813120.0, 'mean_token_accuracy': 0.9488732427358627, 'epoch': 0.87}
{'loss': 0.1942, 'grad_norm': 0.15697115659713745, 'learning_rate': 0.00016689821879963877, 'entropy': 0.19628004878759384, 'num_tokens': 552468480.0, 'mean_token_accuracy': 0.9486913084983826, 'epoch': 0.87}
{'loss': 0.1934, 'grad_norm': 0.15910059213638306, 'learning_rate': 0.00016681571558859257, 'entropy': 0.19540266171097756, 'num_tokens': 553123840.0, 'mean_token_accuracy': 0.9489924937486649, 'epoch': 0.87}
{'loss': 0.1954, 'grad_norm': 0.15777131915092468, 'learning_rate': 0.00016673313013740591, 'entropy': 0.19687320813536643, 'num_tokens': 553779200.0, 'mean_token_accuracy': 0.9483656615018845, 'epoch': 0.87}
{'loss': 0.194, 'grad_norm': 0.15880237519741058, 'learning_rate': 0.0001666504625477292, 'entropy': 0.1958448350429535, 'num_tokens': 554434560.0, 'mean_token_accuracy': 0.9488029152154922, 'epoch': 0.87}
{'loss': 0.1931, 'grad_norm': 0.1413678526878357, 'learning_rate': 0.00016656771292131376, 'entropy': 0.19505749344825746, 'num_tokens': 555089920.0, 'mean_token_accuracy': 0.9490123689174652, 'epoch': 0.87}
{'loss': 0.1957, 'grad_norm': 0.1570267230272293, 'learning_rate': 0.00016648488136001205, 'entropy': 0.1975131295621395, 'num_tokens': 555745280.0, 'mean_token_accuracy': 0.948495614528656, 'epoch': 0.87}
{'loss': 0.1945, 'grad_norm': 0.15705201029777527, 'learning_rate': 0.0001664019679657773, 'entropy': 0.1964644104242325, 'num_tokens': 556400640.0, 'mean_token_accuracy': 0.948567470908165, 'epoch': 0.87}
{'loss': 0.1946, 'grad_norm': 0.15195481479167938, 'learning_rate': 0.00016631897284066346, 'entropy': 0.19630130305886268, 'num_tokens': 557056000.0, 'mean_token_accuracy': 0.9485047876834869, 'epoch': 0.87}
{'loss': 0.1933, 'grad_norm': 0.1453671157360077, 'learning_rate': 0.00016623589608682517, 'entropy': 0.19524685442447662, 'num_tokens': 557711360.0, 'mean_token_accuracy': 0.9489558011293411, 'epoch': 0.87}
{'loss': 0.194, 'grad_norm': 0.14402563869953156, 'learning_rate': 0.0001661527378065174, 'entropy': 0.19591528698801994, 'num_tokens': 558366720.0, 'mean_token_accuracy': 0.9489512145519257, 'epoch': 0.88}
{'loss': 0.1939, 'grad_norm': 0.15435649454593658, 'learning_rate': 0.0001660694981020956, 'entropy': 0.19680096879601477, 'num_tokens': 559022080.0, 'mean_token_accuracy': 0.9489955514669418, 'epoch': 0.88}
{'loss': 0.1933, 'grad_norm': 0.146269753575325, 'learning_rate': 0.00016598617707601533, 'entropy': 0.19472980201244355, 'num_tokens': 559677440.0, 'mean_token_accuracy': 0.9490964561700821, 'epoch': 0.88}
{'loss': 0.1942, 'grad_norm': 0.14464496076107025, 'learning_rate': 0.00016590277483083233, 'entropy': 0.19629840105772017, 'num_tokens': 560332800.0, 'mean_token_accuracy': 0.9486913084983826, 'epoch': 0.88}
{'loss': 0.1939, 'grad_norm': 0.14648467302322388, 'learning_rate': 0.00016581929146920225, 'entropy': 0.1957588367164135, 'num_tokens': 560988160.0, 'mean_token_accuracy': 0.9489038199186325, 'epoch': 0.88}
{'loss': 0.1945, 'grad_norm': 0.1523212492465973, 'learning_rate': 0.00016573572709388063, 'entropy': 0.19636209383606912, 'num_tokens': 561643520.0, 'mean_token_accuracy': 0.9486026346683503, 'epoch': 0.88}
{'loss': 0.192, 'grad_norm': 0.1396964192390442, 'learning_rate': 0.0001656520818077227, 'entropy': 0.19432092681527138, 'num_tokens': 562298880.0, 'mean_token_accuracy': 0.9494526803493499, 'epoch': 0.88}
{'loss': 0.1932, 'grad_norm': 0.15101994574069977, 'learning_rate': 0.00016556835571368325, 'entropy': 0.1948780670762062, 'num_tokens': 562954240.0, 'mean_token_accuracy': 0.9489986091852188, 'epoch': 0.88}
{'loss': 0.1936, 'grad_norm': 0.1689731329679489, 'learning_rate': 0.0001654845489148166, 'entropy': 0.19570446461439134, 'num_tokens': 563609600.0, 'mean_token_accuracy': 0.9490001380443573, 'epoch': 0.88}
{'loss': 0.1932, 'grad_norm': 0.19220668077468872, 'learning_rate': 0.00016540066151427636, 'entropy': 0.19442671164870262, 'num_tokens': 564264960.0, 'mean_token_accuracy': 0.9492631018161773, 'epoch': 0.88}
{'loss': 0.1947, 'grad_norm': 0.15069057047367096, 'learning_rate': 0.00016531669361531534, 'entropy': 0.1961654767394066, 'num_tokens': 564920320.0, 'mean_token_accuracy': 0.9485659420490264, 'epoch': 0.89}
{'loss': 0.1951, 'grad_norm': 0.1494620442390442, 'learning_rate': 0.0001652326453212855, 'entropy': 0.19730653688311578, 'num_tokens': 565575680.0, 'mean_token_accuracy': 0.948630154132843, 'epoch': 0.89}
{'loss': 0.1927, 'grad_norm': 0.14995604753494263, 'learning_rate': 0.00016514851673563762, 'entropy': 0.1940917879343033, 'num_tokens': 566231040.0, 'mean_token_accuracy': 0.9490505903959274, 'epoch': 0.89}
{'loss': 0.1942, 'grad_norm': 0.16532129049301147, 'learning_rate': 0.00016506430796192146, 'entropy': 0.1962258219718933, 'num_tokens': 566886400.0, 'mean_token_accuracy': 0.9490016669034957, 'epoch': 0.89}
{'loss': 0.1942, 'grad_norm': 0.14460383355617523, 'learning_rate': 0.0001649800191037854, 'entropy': 0.1962144821882248, 'num_tokens': 567541760.0, 'mean_token_accuracy': 0.9488946467638015, 'epoch': 0.89}
{'loss': 0.1943, 'grad_norm': 0.13580070436000824, 'learning_rate': 0.00016489565026497639, 'entropy': 0.1963285319507122, 'num_tokens': 568197120.0, 'mean_token_accuracy': 0.9487906843423843, 'epoch': 0.89}
{'loss': 0.1924, 'grad_norm': 0.14610721170902252, 'learning_rate': 0.00016481120154933983, 'entropy': 0.19488947913050653, 'num_tokens': 568852480.0, 'mean_token_accuracy': 0.9494419783353806, 'epoch': 0.89}
{'loss': 0.1931, 'grad_norm': 0.14957404136657715, 'learning_rate': 0.00016472667306081945, 'entropy': 0.19552842900156975, 'num_tokens': 569507840.0, 'mean_token_accuracy': 0.9491820722818375, 'epoch': 0.89}
{'loss': 0.1913, 'grad_norm': 0.14195187389850616, 'learning_rate': 0.0001646420649034572, 'entropy': 0.19333746358752252, 'num_tokens': 570163200.0, 'mean_token_accuracy': 0.9494511514902115, 'epoch': 0.89}
{'loss': 0.1928, 'grad_norm': 0.16455411911010742, 'learning_rate': 0.00016455737718139296, 'entropy': 0.1951655514538288, 'num_tokens': 570818560.0, 'mean_token_accuracy': 0.9492906212806702, 'epoch': 0.9}
{'loss': 0.1925, 'grad_norm': 0.15370997786521912, 'learning_rate': 0.00016447260999886471, 'entropy': 0.19410826936364173, 'num_tokens': 571473920.0, 'mean_token_accuracy': 0.9495734602212906, 'epoch': 0.9}
{'loss': 0.1937, 'grad_norm': 0.15143559873104095, 'learning_rate': 0.00016438776346020814, 'entropy': 0.19551304057240487, 'num_tokens': 572129280.0, 'mean_token_accuracy': 0.9489374548196793, 'epoch': 0.9}
{'loss': 0.1923, 'grad_norm': 0.15210576355457306, 'learning_rate': 0.00016430283766985667, 'entropy': 0.19415336102247238, 'num_tokens': 572784640.0, 'mean_token_accuracy': 0.94932119846344, 'epoch': 0.9}
{'loss': 0.1915, 'grad_norm': 0.13775333762168884, 'learning_rate': 0.00016421783273234115, 'entropy': 0.19375367537140847, 'num_tokens': 573440000.0, 'mean_token_accuracy': 0.9494175165891647, 'epoch': 0.9}
{'loss': 0.1915, 'grad_norm': 0.14777213335037231, 'learning_rate': 0.00016413274875228995, 'entropy': 0.19402866438031197, 'num_tokens': 574095360.0, 'mean_token_accuracy': 0.9495581716299057, 'epoch': 0.9}
{'loss': 0.1933, 'grad_norm': 0.1672162562608719, 'learning_rate': 0.00016404758583442878, 'entropy': 0.19537578597664834, 'num_tokens': 574750720.0, 'mean_token_accuracy': 0.9492126494646073, 'epoch': 0.9}
{'loss': 0.1934, 'grad_norm': 0.14469373226165771, 'learning_rate': 0.00016396234408358037, 'entropy': 0.1961030676960945, 'num_tokens': 575406080.0, 'mean_token_accuracy': 0.9488564252853393, 'epoch': 0.9}
{'loss': 0.1922, 'grad_norm': 0.14084435999393463, 'learning_rate': 0.00016387702360466455, 'entropy': 0.19373861998319625, 'num_tokens': 576061440.0, 'mean_token_accuracy': 0.9494144588708877, 'epoch': 0.9}
{'loss': 0.1924, 'grad_norm': 0.1427188217639923, 'learning_rate': 0.0001637916245026981, 'entropy': 0.19469273835420609, 'num_tokens': 576716800.0, 'mean_token_accuracy': 0.9492050051689148, 'epoch': 0.9}
{'loss': 0.1925, 'grad_norm': 0.15967191755771637, 'learning_rate': 0.00016370614688279446, 'entropy': 0.19442507848143578, 'num_tokens': 577372160.0, 'mean_token_accuracy': 0.949177485704422, 'epoch': 0.91}
{'loss': 0.1934, 'grad_norm': 0.13832727074623108, 'learning_rate': 0.00016362059085016386, 'entropy': 0.19582181423902512, 'num_tokens': 578027520.0, 'mean_token_accuracy': 0.949042946100235, 'epoch': 0.91}
{'loss': 0.1926, 'grad_norm': 0.1665268987417221, 'learning_rate': 0.0001635349565101129, 'entropy': 0.19496708288788794, 'num_tokens': 578682880.0, 'mean_token_accuracy': 0.9492982655763627, 'epoch': 0.91}
{'loss': 0.1932, 'grad_norm': 0.14714933931827545, 'learning_rate': 0.00016344924396804466, 'entropy': 0.19493147507309913, 'num_tokens': 579338240.0, 'mean_token_accuracy': 0.9492478132247925, 'epoch': 0.91}
{'loss': 0.1935, 'grad_norm': 0.14826269447803497, 'learning_rate': 0.00016336345332945845, 'entropy': 0.19466845467686653, 'num_tokens': 579993600.0, 'mean_token_accuracy': 0.9490505903959274, 'epoch': 0.91}
{'loss': 0.1929, 'grad_norm': 0.1694677770137787, 'learning_rate': 0.00016327758469994965, 'entropy': 0.19453014060854912, 'num_tokens': 580648960.0, 'mean_token_accuracy': 0.9491423219442368, 'epoch': 0.91}
{'loss': 0.1915, 'grad_norm': 0.1548454463481903, 'learning_rate': 0.00016319163818520973, 'entropy': 0.19405537471175194, 'num_tokens': 581304320.0, 'mean_token_accuracy': 0.9493976414203644, 'epoch': 0.91}
{'loss': 0.1922, 'grad_norm': 0.15797488391399384, 'learning_rate': 0.00016310561389102596, 'entropy': 0.19306398183107376, 'num_tokens': 581959680.0, 'mean_token_accuracy': 0.9493364870548249, 'epoch': 0.91}
{'loss': 0.193, 'grad_norm': 0.1520707607269287, 'learning_rate': 0.00016301951192328139, 'entropy': 0.19546363800764083, 'num_tokens': 582615040.0, 'mean_token_accuracy': 0.9490949273109436, 'epoch': 0.91}
{'loss': 0.1929, 'grad_norm': 0.1835252344608307, 'learning_rate': 0.00016293333238795462, 'entropy': 0.1946658931672573, 'num_tokens': 583270400.0, 'mean_token_accuracy': 0.9491759568452836, 'epoch': 0.91}
{'loss': 0.192, 'grad_norm': 0.14772716164588928, 'learning_rate': 0.0001628470753911198, 'entropy': 0.1943558096885681, 'num_tokens': 583925760.0, 'mean_token_accuracy': 0.9493349581956864, 'epoch': 0.92}
{'loss': 0.1931, 'grad_norm': 0.1563684195280075, 'learning_rate': 0.0001627607410389463, 'entropy': 0.1951267495751381, 'num_tokens': 584581120.0, 'mean_token_accuracy': 0.9491163313388824, 'epoch': 0.92}
{'loss': 0.1952, 'grad_norm': 0.1447545886039734, 'learning_rate': 0.00016267432943769882, 'entropy': 0.19694105610251428, 'num_tokens': 585236480.0, 'mean_token_accuracy': 0.9484390467405319, 'epoch': 0.92}
{'loss': 0.1933, 'grad_norm': 0.1414455622434616, 'learning_rate': 0.00016258784069373713, 'entropy': 0.1955692745745182, 'num_tokens': 585891840.0, 'mean_token_accuracy': 0.9489619165658951, 'epoch': 0.92}
{'loss': 0.1923, 'grad_norm': 0.16527725756168365, 'learning_rate': 0.00016250127491351587, 'entropy': 0.1941214047372341, 'num_tokens': 586547200.0, 'mean_token_accuracy': 0.9492569863796234, 'epoch': 0.92}
{'loss': 0.1933, 'grad_norm': 0.1718098670244217, 'learning_rate': 0.00016241463220358456, 'entropy': 0.1955006591975689, 'num_tokens': 587202560.0, 'mean_token_accuracy': 0.9489726185798645, 'epoch': 0.92}
{'loss': 0.1915, 'grad_norm': 0.15518362820148468, 'learning_rate': 0.00016232791267058744, 'entropy': 0.19319717362523078, 'num_tokens': 587857920.0, 'mean_token_accuracy': 0.9495704025030136, 'epoch': 0.92}
{'loss': 0.1928, 'grad_norm': 0.14050231873989105, 'learning_rate': 0.00016224111642126326, 'entropy': 0.19435596242547035, 'num_tokens': 588513280.0, 'mean_token_accuracy': 0.9492019474506378, 'epoch': 0.92}
{'loss': 0.1914, 'grad_norm': 0.1502104252576828, 'learning_rate': 0.0001621542435624452, 'entropy': 0.19367690160870552, 'num_tokens': 589168640.0, 'mean_token_accuracy': 0.9492325246334076, 'epoch': 0.92}
{'loss': 0.1917, 'grad_norm': 0.1437394917011261, 'learning_rate': 0.00016206729420106068, 'entropy': 0.19384101033210754, 'num_tokens': 589824000.0, 'mean_token_accuracy': 0.9492982655763627, 'epoch': 0.92}
{'eval_loss': 0.18987886607646942, 'eval_runtime': 78.2444, 'eval_samples_per_second': 63.902, 'eval_steps_per_second': 1.01, 'eval_entropy': 0.19265484394906443, 'eval_num_tokens': 589824000.0, 'eval_mean_token_accuracy': 0.9498075691959526, 'epoch': 0.92}
{'loss': 0.1922, 'grad_norm': 0.1342289000749588, 'learning_rate': 0.00016198026844413144, 'entropy': 0.1942441061139107, 'num_tokens': 590479360.0, 'mean_token_accuracy': 0.9492325246334076, 'epoch': 0.93}
{'loss': 0.192, 'grad_norm': 0.14875423908233643, 'learning_rate': 0.0001618931663987731, 'entropy': 0.1941616304218769, 'num_tokens': 591134720.0, 'mean_token_accuracy': 0.9493426024913788, 'epoch': 0.93}
{'loss': 0.1918, 'grad_norm': 0.15303009748458862, 'learning_rate': 0.00016180598817219522, 'entropy': 0.19402847737073897, 'num_tokens': 591790080.0, 'mean_token_accuracy': 0.949518421292305, 'epoch': 0.93}
{'loss': 0.191, 'grad_norm': 0.13893653452396393, 'learning_rate': 0.00016171873387170121, 'entropy': 0.1933300420641899, 'num_tokens': 592445440.0, 'mean_token_accuracy': 0.9496453166007995, 'epoch': 0.93}
{'loss': 0.1919, 'grad_norm': 0.1391586810350418, 'learning_rate': 0.00016163140360468797, 'entropy': 0.1938321679830551, 'num_tokens': 593100800.0, 'mean_token_accuracy': 0.9494037568569184, 'epoch': 0.93}
{'loss': 0.1922, 'grad_norm': 0.15227989852428436, 'learning_rate': 0.00016154399747864604, 'entropy': 0.1938955806195736, 'num_tokens': 593756160.0, 'mean_token_accuracy': 0.9494939595460892, 'epoch': 0.93}
{'loss': 0.1932, 'grad_norm': 0.15811018645763397, 'learning_rate': 0.00016145651560115924, 'entropy': 0.1952984318137169, 'num_tokens': 594411520.0, 'mean_token_accuracy': 0.9491453796625138, 'epoch': 0.93}
{'loss': 0.1914, 'grad_norm': 0.1650582253932953, 'learning_rate': 0.00016136895807990467, 'entropy': 0.19325121864676476, 'num_tokens': 595066880.0, 'mean_token_accuracy': 0.9496223837137222, 'epoch': 0.93}
{'loss': 0.1917, 'grad_norm': 0.1557154357433319, 'learning_rate': 0.00016128132502265255, 'entropy': 0.193813406676054, 'num_tokens': 595722240.0, 'mean_token_accuracy': 0.9496697783470154, 'epoch': 0.93}
{'loss': 0.191, 'grad_norm': 0.14496572315692902, 'learning_rate': 0.00016119361653726602, 'entropy': 0.1930891528725624, 'num_tokens': 596377600.0, 'mean_token_accuracy': 0.9495597004890441, 'epoch': 0.94}
{'loss': 0.1915, 'grad_norm': 0.15424104034900665, 'learning_rate': 0.00016110583273170104, 'entropy': 0.19358845427632332, 'num_tokens': 597032960.0, 'mean_token_accuracy': 0.9494771420955658, 'epoch': 0.94}
{'loss': 0.192, 'grad_norm': 0.15948492288589478, 'learning_rate': 0.00016101797371400643, 'entropy': 0.1937749855220318, 'num_tokens': 597688320.0, 'mean_token_accuracy': 0.9491621941328049, 'epoch': 0.94}
{'loss': 0.1911, 'grad_norm': 0.1453893631696701, 'learning_rate': 0.00016093003959232344, 'entropy': 0.19367431253194808, 'num_tokens': 598343680.0, 'mean_token_accuracy': 0.9495902776718139, 'epoch': 0.94}
{'loss': 0.1911, 'grad_norm': 0.1391017735004425, 'learning_rate': 0.00016084203047488584, 'entropy': 0.19307223334908485, 'num_tokens': 598999040.0, 'mean_token_accuracy': 0.9497171729803086, 'epoch': 0.94}
{'loss': 0.1893, 'grad_norm': 0.14315778017044067, 'learning_rate': 0.0001607539464700196, 'entropy': 0.19210829585790634, 'num_tokens': 599654400.0, 'mean_token_accuracy': 0.9500474065542222, 'epoch': 0.94}
{'loss': 0.1914, 'grad_norm': 0.151450976729393, 'learning_rate': 0.000160665787686143, 'entropy': 0.19371770620346068, 'num_tokens': 600309760.0, 'mean_token_accuracy': 0.9495459407567978, 'epoch': 0.94}
{'loss': 0.1901, 'grad_norm': 0.14279933273792267, 'learning_rate': 0.0001605775542317663, 'entropy': 0.19184805899858476, 'num_tokens': 600965120.0, 'mean_token_accuracy': 0.9496697783470154, 'epoch': 0.94}
{'loss': 0.1897, 'grad_norm': 0.1941918581724167, 'learning_rate': 0.0001604892462154916, 'entropy': 0.19112065583467483, 'num_tokens': 601620480.0, 'mean_token_accuracy': 0.9499205112457275, 'epoch': 0.94}
{'loss': 0.1906, 'grad_norm': 0.20580929517745972, 'learning_rate': 0.00016040086374601294, 'entropy': 0.1924304999411106, 'num_tokens': 602275840.0, 'mean_token_accuracy': 0.9498058468103409, 'epoch': 0.94}
{'loss': 0.1917, 'grad_norm': 0.17357558012008667, 'learning_rate': 0.0001603124069321159, 'entropy': 0.1932351216673851, 'num_tokens': 602931200.0, 'mean_token_accuracy': 0.9494801998138428, 'epoch': 0.95}
{'loss': 0.1907, 'grad_norm': 0.1739397794008255, 'learning_rate': 0.00016022387588267748, 'entropy': 0.19263065680861474, 'num_tokens': 603586560.0, 'mean_token_accuracy': 0.9494221031665802, 'epoch': 0.95}
{'loss': 0.1902, 'grad_norm': 0.14466984570026398, 'learning_rate': 0.0001601352707066662, 'entropy': 0.19193416312336922, 'num_tokens': 604241920.0, 'mean_token_accuracy': 0.9498134911060333, 'epoch': 0.95}
{'loss': 0.1907, 'grad_norm': 0.1702471524477005, 'learning_rate': 0.00016004659151314175, 'entropy': 0.19280936047434807, 'num_tokens': 604897280.0, 'mean_token_accuracy': 0.9498685300350189, 'epoch': 0.95}
{'loss': 0.1901, 'grad_norm': 0.1324589103460312, 'learning_rate': 0.000159957838411255, 'entropy': 0.19235872104763985, 'num_tokens': 605552640.0, 'mean_token_accuracy': 0.9498364239931106, 'epoch': 0.95}
{'loss': 0.1911, 'grad_norm': 0.14253263175487518, 'learning_rate': 0.00015986901151024765, 'entropy': 0.19368843585252762, 'num_tokens': 606208000.0, 'mean_token_accuracy': 0.9495459407567978, 'epoch': 0.95}
{'loss': 0.1889, 'grad_norm': 0.15300795435905457, 'learning_rate': 0.00015978011091945233, 'entropy': 0.19070566371083258, 'num_tokens': 606863360.0, 'mean_token_accuracy': 0.9500611662864685, 'epoch': 0.95}
{'loss': 0.1907, 'grad_norm': 0.15295539796352386, 'learning_rate': 0.0001596911367482924, 'entropy': 0.1932258352637291, 'num_tokens': 607518720.0, 'mean_token_accuracy': 0.9495260655879975, 'epoch': 0.95}
{'loss': 0.1899, 'grad_norm': 0.1400812268257141, 'learning_rate': 0.00015960208910628166, 'entropy': 0.19238315001130105, 'num_tokens': 608174080.0, 'mean_token_accuracy': 0.9499633193016053, 'epoch': 0.95}
{'loss': 0.1915, 'grad_norm': 0.14584359526634216, 'learning_rate': 0.00015951296810302453, 'entropy': 0.19304115027189256, 'num_tokens': 608829440.0, 'mean_token_accuracy': 0.9495612293481827, 'epoch': 0.95}
{'loss': 0.1908, 'grad_norm': 0.16105006635189056, 'learning_rate': 0.00015942377384821552, 'entropy': 0.19295571893453597, 'num_tokens': 609484800.0, 'mean_token_accuracy': 0.949733990430832, 'epoch': 0.96}
{'loss': 0.1912, 'grad_norm': 0.1499200016260147, 'learning_rate': 0.00015933450645163943, 'entropy': 0.19300984144210814, 'num_tokens': 610140160.0, 'mean_token_accuracy': 0.9494603246450424, 'epoch': 0.96}
{'loss': 0.1908, 'grad_norm': 0.14761947095394135, 'learning_rate': 0.00015924516602317107, 'entropy': 0.19254138097167015, 'num_tokens': 610795520.0, 'mean_token_accuracy': 0.9496376723051071, 'epoch': 0.96}
{'loss': 0.1895, 'grad_norm': 0.15790143609046936, 'learning_rate': 0.00015915575267277517, 'entropy': 0.19165929779410362, 'num_tokens': 611450880.0, 'mean_token_accuracy': 0.9501085609197617, 'epoch': 0.96}
{'loss': 0.1898, 'grad_norm': 0.15309132635593414, 'learning_rate': 0.0001590662665105061, 'entropy': 0.19159453064203263, 'num_tokens': 612106240.0, 'mean_token_accuracy': 0.9498180776834488, 'epoch': 0.96}
{'loss': 0.1909, 'grad_norm': 0.15474991500377655, 'learning_rate': 0.00015897670764650795, 'entropy': 0.19285319223999978, 'num_tokens': 612761600.0, 'mean_token_accuracy': 0.9497645676136017, 'epoch': 0.96}
{'loss': 0.1885, 'grad_norm': 0.14720231294631958, 'learning_rate': 0.0001588870761910143, 'entropy': 0.19032398089766503, 'num_tokens': 613416960.0, 'mean_token_accuracy': 0.9500856280326844, 'epoch': 0.96}
{'loss': 0.191, 'grad_norm': 0.14315398037433624, 'learning_rate': 0.000158797372254348, 'entropy': 0.19290508404374124, 'num_tokens': 614072320.0, 'mean_token_accuracy': 0.9495107769966126, 'epoch': 0.96}
{'loss': 0.1908, 'grad_norm': 0.14566558599472046, 'learning_rate': 0.00015870759594692122, 'entropy': 0.19232122376561164, 'num_tokens': 614727680.0, 'mean_token_accuracy': 0.9493303716182708, 'epoch': 0.96}
{'loss': 0.1921, 'grad_norm': 0.14645586907863617, 'learning_rate': 0.00015861774737923508, 'entropy': 0.19400399178266525, 'num_tokens': 615383040.0, 'mean_token_accuracy': 0.9492019474506378, 'epoch': 0.96}
{'loss': 0.1905, 'grad_norm': 0.15711481869220734, 'learning_rate': 0.0001585278266618798, 'entropy': 0.1927577219903469, 'num_tokens': 616038400.0, 'mean_token_accuracy': 0.9497783273458481, 'epoch': 0.97}
{'loss': 0.1915, 'grad_norm': 0.15801171958446503, 'learning_rate': 0.00015843783390553427, 'entropy': 0.1934366598725319, 'num_tokens': 616693760.0, 'mean_token_accuracy': 0.9493655353784561, 'epoch': 0.97}
{'loss': 0.189, 'grad_norm': 0.15924540162086487, 'learning_rate': 0.0001583477692209661, 'entropy': 0.19115944355726242, 'num_tokens': 617349120.0, 'mean_token_accuracy': 0.9499893099069595, 'epoch': 0.97}
{'loss': 0.191, 'grad_norm': 0.13473060727119446, 'learning_rate': 0.0001582576327190314, 'entropy': 0.19350322857499122, 'num_tokens': 618004480.0, 'mean_token_accuracy': 0.9496162682771683, 'epoch': 0.97}
{'loss': 0.1903, 'grad_norm': 0.1597360074520111, 'learning_rate': 0.00015816742451067473, 'entropy': 0.1920690082013607, 'num_tokens': 618659840.0, 'mean_token_accuracy': 0.9495673447847366, 'epoch': 0.97}
{'loss': 0.1894, 'grad_norm': 0.14538586139678955, 'learning_rate': 0.0001580771447069289, 'entropy': 0.19152263328433036, 'num_tokens': 619315200.0, 'mean_token_accuracy': 0.9499465018510819, 'epoch': 0.97}
{'loss': 0.1894, 'grad_norm': 0.13772064447402954, 'learning_rate': 0.00015798679341891484, 'entropy': 0.19159592390060426, 'num_tokens': 619970560.0, 'mean_token_accuracy': 0.950056579709053, 'epoch': 0.97}
{'loss': 0.1899, 'grad_norm': 0.14324337244033813, 'learning_rate': 0.00015789637075784143, 'entropy': 0.1916872262954712, 'num_tokens': 620625920.0, 'mean_token_accuracy': 0.9499724924564361, 'epoch': 0.97}
{'loss': 0.1888, 'grad_norm': 0.14758655428886414, 'learning_rate': 0.00015780587683500544, 'entropy': 0.19103003665804863, 'num_tokens': 621281280.0, 'mean_token_accuracy': 0.9501727730035782, 'epoch': 0.97}
{'loss': 0.1889, 'grad_norm': 0.14486537873744965, 'learning_rate': 0.00015771531176179127, 'entropy': 0.19131326153874398, 'num_tokens': 621936640.0, 'mean_token_accuracy': 0.9500703394412995, 'epoch': 0.98}
{'loss': 0.1894, 'grad_norm': 0.14929044246673584, 'learning_rate': 0.0001576246756496711, 'entropy': 0.19182139709591867, 'num_tokens': 622592000.0, 'mean_token_accuracy': 0.949990838766098, 'epoch': 0.98}
{'loss': 0.1881, 'grad_norm': 0.15094804763793945, 'learning_rate': 0.0001575339686102043, 'entropy': 0.1904110811650753, 'num_tokens': 623247360.0, 'mean_token_accuracy': 0.9501957058906555, 'epoch': 0.98}
{'loss': 0.1914, 'grad_norm': 0.1524239480495453, 'learning_rate': 0.00015744319075503764, 'entropy': 0.19336258620023727, 'num_tokens': 623902720.0, 'mean_token_accuracy': 0.9494358628988266, 'epoch': 0.98}
{'loss': 0.1904, 'grad_norm': 0.15982864797115326, 'learning_rate': 0.00015735234219590516, 'entropy': 0.19277487099170684, 'num_tokens': 624558080.0, 'mean_token_accuracy': 0.9497645676136017, 'epoch': 0.98}
{'loss': 0.189, 'grad_norm': 0.14803028106689453, 'learning_rate': 0.0001572614230446278, 'entropy': 0.19103629738092423, 'num_tokens': 625213440.0, 'mean_token_accuracy': 0.9500244736671448, 'epoch': 0.98}
{'loss': 0.1893, 'grad_norm': 0.1584688127040863, 'learning_rate': 0.00015717043341311336, 'entropy': 0.19102693796157838, 'num_tokens': 625868800.0, 'mean_token_accuracy': 0.9498899340629577, 'epoch': 0.98}
{'loss': 0.1896, 'grad_norm': 0.1408940702676773, 'learning_rate': 0.00015707937341335652, 'entropy': 0.1923918753862381, 'num_tokens': 626524160.0, 'mean_token_accuracy': 0.9498578280210495, 'epoch': 0.98}
{'loss': 0.1883, 'grad_norm': 0.16636040806770325, 'learning_rate': 0.0001569882431574385, 'entropy': 0.19004275649785995, 'num_tokens': 627179520.0, 'mean_token_accuracy': 0.9502828508615494, 'epoch': 0.98}
{'loss': 0.1906, 'grad_norm': 0.15153935551643372, 'learning_rate': 0.00015689704275752693, 'entropy': 0.1922414518892765, 'num_tokens': 627834880.0, 'mean_token_accuracy': 0.9496009796857834, 'epoch': 0.98}
{'loss': 0.1911, 'grad_norm': 0.1531645506620407, 'learning_rate': 0.0001568057723258759, 'entropy': 0.19240476042032242, 'num_tokens': 628490240.0, 'mean_token_accuracy': 0.9496193259954453, 'epoch': 0.99}
{'loss': 0.1911, 'grad_norm': 0.152363583445549, 'learning_rate': 0.00015671443197482567, 'entropy': 0.19332215338945388, 'num_tokens': 629145600.0, 'mean_token_accuracy': 0.9494771420955658, 'epoch': 0.99}
{'loss': 0.1909, 'grad_norm': 0.15846794843673706, 'learning_rate': 0.00015662302181680246, 'entropy': 0.19242520704865457, 'num_tokens': 629800960.0, 'mean_token_accuracy': 0.9496239125728607, 'epoch': 0.99}
{'loss': 0.19, 'grad_norm': 0.1469671130180359, 'learning_rate': 0.00015653154196431857, 'entropy': 0.19200622737407685, 'num_tokens': 630456320.0, 'mean_token_accuracy': 0.9497446924448013, 'epoch': 0.99}
{'loss': 0.1911, 'grad_norm': 0.14561700820922852, 'learning_rate': 0.0001564399925299719, 'entropy': 0.1930034078657627, 'num_tokens': 631111680.0, 'mean_token_accuracy': 0.9494740843772889, 'epoch': 0.99}
{'loss': 0.1896, 'grad_norm': 0.13619326055049896, 'learning_rate': 0.00015634837362644622, 'entropy': 0.19195274636149406, 'num_tokens': 631767040.0, 'mean_token_accuracy': 0.9497584521770477, 'epoch': 0.99}
{'loss': 0.1882, 'grad_norm': 0.1421089619398117, 'learning_rate': 0.00015625668536651058, 'entropy': 0.19037665277719498, 'num_tokens': 632422400.0, 'mean_token_accuracy': 0.950200292468071, 'epoch': 0.99}
{'loss': 0.1901, 'grad_norm': 0.15890218317508698, 'learning_rate': 0.0001561649278630195, 'entropy': 0.19224413633346557, 'num_tokens': 633077760.0, 'mean_token_accuracy': 0.9499679058790207, 'epoch': 0.99}
{'loss': 0.1874, 'grad_norm': 0.1505228579044342, 'learning_rate': 0.0001560731012289128, 'entropy': 0.18954697027802467, 'num_tokens': 633733120.0, 'mean_token_accuracy': 0.9504204481840134, 'epoch': 0.99}
{'loss': 0.1898, 'grad_norm': 0.15574318170547485, 'learning_rate': 0.00015598120557721524, 'entropy': 0.1922162115573883, 'num_tokens': 634388480.0, 'mean_token_accuracy': 0.9499159246683121, 'epoch': 0.99}
{'loss': 0.1896, 'grad_norm': 0.16834500432014465, 'learning_rate': 0.00015588924102103664, 'entropy': 0.19151361882686616, 'num_tokens': 635043840.0, 'mean_token_accuracy': 0.9498471260070801, 'epoch': 1.0}
{'loss': 0.1886, 'grad_norm': 0.1406591683626175, 'learning_rate': 0.0001557972076735716, 'entropy': 0.19052034765481948, 'num_tokens': 635699200.0, 'mean_token_accuracy': 0.9502614468336106, 'epoch': 1.0}
{'loss': 0.1886, 'grad_norm': 0.15774880349636078, 'learning_rate': 0.0001557051056480994, 'entropy': 0.19063089713454245, 'num_tokens': 636354560.0, 'mean_token_accuracy': 0.9502109944820404, 'epoch': 1.0}
{'loss': 0.1893, 'grad_norm': 0.18827906250953674, 'learning_rate': 0.0001556129350579838, 'entropy': 0.19110720604658127, 'num_tokens': 637009920.0, 'mean_token_accuracy': 0.9498318374156952, 'epoch': 1.0}
{'loss': 0.191, 'grad_norm': 0.160757914185524, 'learning_rate': 0.00015552069601667304, 'entropy': 0.19292577505111694, 'num_tokens': 637665280.0, 'mean_token_accuracy': 0.9496055662631988, 'epoch': 1.0}
{'loss': 0.1892, 'grad_norm': 0.13650281727313995, 'learning_rate': 0.00015542838863769954, 'entropy': 0.1909162864089012, 'num_tokens': 638320640.0, 'mean_token_accuracy': 0.9501116186380386, 'epoch': 1.0}
{'loss': 0.1877, 'grad_norm': 0.15240655839443207, 'learning_rate': 0.00015533601303467987, 'entropy': 0.19059295877814292, 'num_tokens': 638976000.0, 'mean_token_accuracy': 0.9504280924797058, 'epoch': 1.0}
{'loss': 0.1889, 'grad_norm': 0.15250468254089355, 'learning_rate': 0.00015524356932131454, 'entropy': 0.19090952426195146, 'num_tokens': 639631360.0, 'mean_token_accuracy': 0.9502323985099792, 'epoch': 1.0}
{'loss': 0.1876, 'grad_norm': 0.14666640758514404, 'learning_rate': 0.00015515105761138798, 'entropy': 0.1897270180284977, 'num_tokens': 640286720.0, 'mean_token_accuracy': 0.9503929287195205, 'epoch': 1.0}
{'loss': 0.1874, 'grad_norm': 0.144694522023201, 'learning_rate': 0.0001550584780187682, 'entropy': 0.18960369899868965, 'num_tokens': 640942080.0, 'mean_token_accuracy': 0.9505718052387238, 'epoch': 1.01}
{'loss': 0.1874, 'grad_norm': 0.15316101908683777, 'learning_rate': 0.0001549658306574068, 'entropy': 0.18952088430523872, 'num_tokens': 641597440.0, 'mean_token_accuracy': 0.9504678428173066, 'epoch': 1.01}
{'loss': 0.1876, 'grad_norm': 0.14434458315372467, 'learning_rate': 0.00015487311564133885, 'entropy': 0.18981948345899582, 'num_tokens': 642252800.0, 'mean_token_accuracy': 0.950325658917427, 'epoch': 1.01}
{'loss': 0.1874, 'grad_norm': 0.18214596807956696, 'learning_rate': 0.00015478033308468262, 'entropy': 0.18991200774908065, 'num_tokens': 642908160.0, 'mean_token_accuracy': 0.9504816025495529, 'epoch': 1.01}
{'loss': 0.187, 'grad_norm': 0.1445472687482834, 'learning_rate': 0.00015468748310163956, 'entropy': 0.1891259767115116, 'num_tokens': 643563520.0, 'mean_token_accuracy': 0.9505167663097381, 'epoch': 1.01}
{'loss': 0.1878, 'grad_norm': 0.1590876579284668, 'learning_rate': 0.0001545945658064941, 'entropy': 0.1899295672774315, 'num_tokens': 644218880.0, 'mean_token_accuracy': 0.950337889790535, 'epoch': 1.01}
{'loss': 0.1873, 'grad_norm': 0.17705096304416656, 'learning_rate': 0.00015450158131361354, 'entropy': 0.1891432911157608, 'num_tokens': 644874240.0, 'mean_token_accuracy': 0.9504907757043839, 'epoch': 1.01}
{'loss': 0.1877, 'grad_norm': 0.1524321287870407, 'learning_rate': 0.0001544085297374478, 'entropy': 0.1893636703491211, 'num_tokens': 645529600.0, 'mean_token_accuracy': 0.9503287166357041, 'epoch': 1.01}
{'loss': 0.1878, 'grad_norm': 0.14101402461528778, 'learning_rate': 0.0001543154111925295, 'entropy': 0.18957472816109658, 'num_tokens': 646184960.0, 'mean_token_accuracy': 0.9504387944936752, 'epoch': 1.01}
{'loss': 0.188, 'grad_norm': 0.14122752845287323, 'learning_rate': 0.00015422222579347357, 'entropy': 0.18996007218956948, 'num_tokens': 646840320.0, 'mean_token_accuracy': 0.9504158616065979, 'epoch': 1.01}
{'loss': 0.1881, 'grad_norm': 0.14449481666088104, 'learning_rate': 0.00015412897365497735, 'entropy': 0.18977480754256248, 'num_tokens': 647495680.0, 'mean_token_accuracy': 0.9504082173109054, 'epoch': 1.02}
{'loss': 0.1875, 'grad_norm': 0.1567944884300232, 'learning_rate': 0.00015403565489182017, 'entropy': 0.1901494100689888, 'num_tokens': 648151040.0, 'mean_token_accuracy': 0.9505672186613083, 'epoch': 1.02}
{'loss': 0.1872, 'grad_norm': 0.13425928354263306, 'learning_rate': 0.00015394226961886354, 'entropy': 0.18976967185735702, 'num_tokens': 648806400.0, 'mean_token_accuracy': 0.9507048159837723, 'epoch': 1.02}
{'loss': 0.189, 'grad_norm': 0.1533624827861786, 'learning_rate': 0.0001538488179510507, 'entropy': 0.190249814838171, 'num_tokens': 649461760.0, 'mean_token_accuracy': 0.9501360803842545, 'epoch': 1.02}
{'loss': 0.1877, 'grad_norm': 0.13792933523654938, 'learning_rate': 0.00015375530000340663, 'entropy': 0.19013475701212884, 'num_tokens': 650117120.0, 'mean_token_accuracy': 0.9504357367753983, 'epoch': 1.02}
{'loss': 0.1877, 'grad_norm': 0.16753648221492767, 'learning_rate': 0.00015366171589103797, 'entropy': 0.18931947648525238, 'num_tokens': 650772480.0, 'mean_token_accuracy': 0.9504219770431519, 'epoch': 1.02}
{'loss': 0.186, 'grad_norm': 0.15220528841018677, 'learning_rate': 0.00015356806572913278, 'entropy': 0.18906028866767882, 'num_tokens': 651427840.0, 'mean_token_accuracy': 0.9507017582654953, 'epoch': 1.02}
{'loss': 0.1886, 'grad_norm': 0.1478232741355896, 'learning_rate': 0.0001534743496329603, 'entropy': 0.19053526669740678, 'num_tokens': 652083200.0, 'mean_token_accuracy': 0.950134551525116, 'epoch': 1.02}
{'loss': 0.1864, 'grad_norm': 0.14007572829723358, 'learning_rate': 0.000153380567717871, 'entropy': 0.1887464255094528, 'num_tokens': 652738560.0, 'mean_token_accuracy': 0.9506941139698029, 'epoch': 1.02}
{'loss': 0.1884, 'grad_norm': 0.15296487510204315, 'learning_rate': 0.00015328672009929653, 'entropy': 0.19034622013568878, 'num_tokens': 653393920.0, 'mean_token_accuracy': 0.9504219770431519, 'epoch': 1.02}
{'loss': 0.1873, 'grad_norm': 0.1590750813484192, 'learning_rate': 0.0001531928068927491, 'entropy': 0.18958672285079955, 'num_tokens': 654049280.0, 'mean_token_accuracy': 0.9506237864494324, 'epoch': 1.03}
{'loss': 0.1873, 'grad_norm': 0.14235150814056396, 'learning_rate': 0.00015309882821382185, 'entropy': 0.18981596902012826, 'num_tokens': 654704640.0, 'mean_token_accuracy': 0.9505763918161392, 'epoch': 1.03}
{'loss': 0.1884, 'grad_norm': 0.14332477748394012, 'learning_rate': 0.0001530047841781885, 'entropy': 0.19046579599380492, 'num_tokens': 655360000.0, 'mean_token_accuracy': 0.9500244736671448, 'epoch': 1.03}
{'eval_loss': 0.18649157881736755, 'eval_runtime': 78.1482, 'eval_samples_per_second': 63.981, 'eval_steps_per_second': 1.011, 'eval_entropy': 0.1890815290846402, 'eval_num_tokens': 655360000.0, 'eval_mean_token_accuracy': 0.9505329064176052, 'epoch': 1.03}
{'loss': 0.1881, 'grad_norm': 0.1414967030286789, 'learning_rate': 0.00015291067490160308, 'entropy': 0.19057608172297477, 'num_tokens': 656015360.0, 'mean_token_accuracy': 0.9503027260303497, 'epoch': 1.03}
{'loss': 0.1876, 'grad_norm': 0.14492422342300415, 'learning_rate': 0.00015281650049990008, 'entropy': 0.1893114946782589, 'num_tokens': 656670720.0, 'mean_token_accuracy': 0.950412803888321, 'epoch': 1.03}
{'loss': 0.1874, 'grad_norm': 0.1397152990102768, 'learning_rate': 0.0001527222610889941, 'entropy': 0.1892581418156624, 'num_tokens': 657326080.0, 'mean_token_accuracy': 0.9504357367753983, 'epoch': 1.03}
{'loss': 0.1866, 'grad_norm': 0.1419592946767807, 'learning_rate': 0.00015262795678487975, 'entropy': 0.18926181346178056, 'num_tokens': 657981440.0, 'mean_token_accuracy': 0.9506665945053101, 'epoch': 1.03}
{'loss': 0.1876, 'grad_norm': 0.16270889341831207, 'learning_rate': 0.00015253358770363145, 'entropy': 0.18973709121346474, 'num_tokens': 658636800.0, 'mean_token_accuracy': 0.9502400428056716, 'epoch': 1.03}
{'loss': 0.1866, 'grad_norm': 0.1622104048728943, 'learning_rate': 0.00015243915396140345, 'entropy': 0.18807681798934936, 'num_tokens': 659292160.0, 'mean_token_accuracy': 0.9506574213504791, 'epoch': 1.03}
{'loss': 0.1878, 'grad_norm': 0.1671607494354248, 'learning_rate': 0.00015234465567442955, 'entropy': 0.18964710012078284, 'num_tokens': 659947520.0, 'mean_token_accuracy': 0.950334832072258, 'epoch': 1.03}
{'loss': 0.1875, 'grad_norm': 0.15495072305202484, 'learning_rate': 0.00015225009295902298, 'entropy': 0.18953173160552977, 'num_tokens': 660602880.0, 'mean_token_accuracy': 0.9505458146333694, 'epoch': 1.04}
{'loss': 0.1867, 'grad_norm': 0.1525372713804245, 'learning_rate': 0.00015215546593157624, 'entropy': 0.18857463225722312, 'num_tokens': 661258240.0, 'mean_token_accuracy': 0.9505366414785386, 'epoch': 1.04}
{'loss': 0.187, 'grad_norm': 0.16820454597473145, 'learning_rate': 0.0001520607747085611, 'entropy': 0.18912698626518248, 'num_tokens': 661913600.0, 'mean_token_accuracy': 0.9506849408149719, 'epoch': 1.04}
{'loss': 0.187, 'grad_norm': 0.16116847097873688, 'learning_rate': 0.0001519660194065282, 'entropy': 0.1891569636762142, 'num_tokens': 662568960.0, 'mean_token_accuracy': 0.9505932092666626, 'epoch': 1.04}
{'loss': 0.1862, 'grad_norm': 0.15798760950565338, 'learning_rate': 0.00015187120014210722, 'entropy': 0.18816660791635514, 'num_tokens': 663224320.0, 'mean_token_accuracy': 0.9507094025611877, 'epoch': 1.04}
{'loss': 0.1869, 'grad_norm': 0.13977696001529694, 'learning_rate': 0.0001517763170320064, 'entropy': 0.18934920206665992, 'num_tokens': 663879680.0, 'mean_token_accuracy': 0.9506513059139252, 'epoch': 1.04}
{'loss': 0.1878, 'grad_norm': 0.1672375202178955, 'learning_rate': 0.00015168137019301266, 'entropy': 0.18971680998802185, 'num_tokens': 664535040.0, 'mean_token_accuracy': 0.9504418522119522, 'epoch': 1.04}
{'loss': 0.1846, 'grad_norm': 0.15961289405822754, 'learning_rate': 0.00015158635974199137, 'entropy': 0.18716320097446443, 'num_tokens': 665190400.0, 'mean_token_accuracy': 0.951004472374916, 'epoch': 1.04}
{'loss': 0.1862, 'grad_norm': 0.16533032059669495, 'learning_rate': 0.00015149128579588613, 'entropy': 0.18800244629383087, 'num_tokens': 665845760.0, 'mean_token_accuracy': 0.9509020388126374, 'epoch': 1.04}
{'loss': 0.1856, 'grad_norm': 0.15555529296398163, 'learning_rate': 0.00015139614847171874, 'entropy': 0.18797309026122094, 'num_tokens': 666501120.0, 'mean_token_accuracy': 0.95074762403965, 'epoch': 1.05}
{'loss': 0.1852, 'grad_norm': 0.13613054156303406, 'learning_rate': 0.00015130094788658904, 'entropy': 0.18733852729201317, 'num_tokens': 667156480.0, 'mean_token_accuracy': 0.951145127415657, 'epoch': 1.05}
{'loss': 0.1866, 'grad_norm': 0.1753830462694168, 'learning_rate': 0.00015120568415767465, 'entropy': 0.18865363970398902, 'num_tokens': 667811840.0, 'mean_token_accuracy': 0.9505458146333694, 'epoch': 1.05}
{'loss': 0.1872, 'grad_norm': 0.15853938460350037, 'learning_rate': 0.00015111035740223097, 'entropy': 0.18836881443858147, 'num_tokens': 668467200.0, 'mean_token_accuracy': 0.950600853562355, 'epoch': 1.05}
{'loss': 0.1858, 'grad_norm': 0.15520082414150238, 'learning_rate': 0.00015101496773759092, 'entropy': 0.1882749043405056, 'num_tokens': 669122560.0, 'mean_token_accuracy': 0.9508928656578064, 'epoch': 1.05}
{'loss': 0.1871, 'grad_norm': 0.16955585777759552, 'learning_rate': 0.00015091951528116491, 'entropy': 0.18869222775101663, 'num_tokens': 669777920.0, 'mean_token_accuracy': 0.9505687475204467, 'epoch': 1.05}
{'loss': 0.1851, 'grad_norm': 0.14373360574245453, 'learning_rate': 0.00015082400015044073, 'entropy': 0.18716919124126435, 'num_tokens': 670433280.0, 'mean_token_accuracy': 0.9509601354598999, 'epoch': 1.05}
{'loss': 0.1881, 'grad_norm': 0.13412876427173615, 'learning_rate': 0.000150728422462983, 'entropy': 0.19014852195978166, 'num_tokens': 671088640.0, 'mean_token_accuracy': 0.9504586696624756, 'epoch': 1.05}
{'loss': 0.1859, 'grad_norm': 0.1472419649362564, 'learning_rate': 0.00015063278233643374, 'entropy': 0.18819404765963554, 'num_tokens': 671744000.0, 'mean_token_accuracy': 0.9506513059139252, 'epoch': 1.05}
{'loss': 0.1851, 'grad_norm': 0.14043961465358734, 'learning_rate': 0.00015053707988851148, 'entropy': 0.18743379935622215, 'num_tokens': 672399360.0, 'mean_token_accuracy': 0.9508118361234665, 'epoch': 1.05}
{'loss': 0.1862, 'grad_norm': 0.15797893702983856, 'learning_rate': 0.0001504413152370117, 'entropy': 0.18836869448423385, 'num_tokens': 673054720.0, 'mean_token_accuracy': 0.9507598549127578, 'epoch': 1.06}
{'loss': 0.1856, 'grad_norm': 0.14722676575183868, 'learning_rate': 0.0001503454884998063, 'entropy': 0.1880181573331356, 'num_tokens': 673710080.0, 'mean_token_accuracy': 0.9509616643190384, 'epoch': 1.06}
{'loss': 0.1878, 'grad_norm': 0.13803504407405853, 'learning_rate': 0.0001502495997948436, 'entropy': 0.18959780931472778, 'num_tokens': 674365440.0, 'mean_token_accuracy': 0.9502232253551484, 'epoch': 1.06}
{'loss': 0.1871, 'grad_norm': 0.14393366873264313, 'learning_rate': 0.00015015364924014833, 'entropy': 0.18977301120758056, 'num_tokens': 675020800.0, 'mean_token_accuracy': 0.9506451904773712, 'epoch': 1.06}
{'loss': 0.1855, 'grad_norm': 0.131753608584404, 'learning_rate': 0.0001500576369538212, 'entropy': 0.1872464396059513, 'num_tokens': 675676160.0, 'mean_token_accuracy': 0.9510365784168243, 'epoch': 1.06}
{'loss': 0.1888, 'grad_norm': 0.1504049301147461, 'learning_rate': 0.00014996156305403896, 'entropy': 0.1906389258801937, 'num_tokens': 676331520.0, 'mean_token_accuracy': 0.9500519931316376, 'epoch': 1.06}
{'loss': 0.1872, 'grad_norm': 0.15499702095985413, 'learning_rate': 0.0001498654276590542, 'entropy': 0.18955867141485214, 'num_tokens': 676986880.0, 'mean_token_accuracy': 0.9504678428173066, 'epoch': 1.06}
{'loss': 0.1874, 'grad_norm': 0.16105911135673523, 'learning_rate': 0.00014976923088719522, 'entropy': 0.1891296960413456, 'num_tokens': 677642240.0, 'mean_token_accuracy': 0.9503470629453659, 'epoch': 1.06}
{'loss': 0.1862, 'grad_norm': 0.16558988392353058, 'learning_rate': 0.00014967297285686579, 'entropy': 0.18853616565465928, 'num_tokens': 678297600.0, 'mean_token_accuracy': 0.9508729904890061, 'epoch': 1.06}
{'loss': 0.1875, 'grad_norm': 0.1617184579372406, 'learning_rate': 0.00014957665368654514, 'entropy': 0.18940003365278243, 'num_tokens': 678952960.0, 'mean_token_accuracy': 0.9504586696624756, 'epoch': 1.06}
{'loss': 0.186, 'grad_norm': 0.16786471009254456, 'learning_rate': 0.00014948027349478778, 'entropy': 0.18763657063245773, 'num_tokens': 679608320.0, 'mean_token_accuracy': 0.9505366414785386, 'epoch': 1.07}
{'loss': 0.1869, 'grad_norm': 0.13851089775562286, 'learning_rate': 0.0001493838324002233, 'entropy': 0.1892516277730465, 'num_tokens': 680263680.0, 'mean_token_accuracy': 0.9504296213388443, 'epoch': 1.07}
{'loss': 0.1863, 'grad_norm': 0.1517942249774933, 'learning_rate': 0.00014928733052155618, 'entropy': 0.18819661810994148, 'num_tokens': 680919040.0, 'mean_token_accuracy': 0.9507139891386032, 'epoch': 1.07}
{'loss': 0.1857, 'grad_norm': 0.1632104218006134, 'learning_rate': 0.00014919076797756587, 'entropy': 0.1882255718111992, 'num_tokens': 681574400.0, 'mean_token_accuracy': 0.9508271247148514, 'epoch': 1.07}
{'loss': 0.1868, 'grad_norm': 0.16351617872714996, 'learning_rate': 0.0001490941448871063, 'entropy': 0.18864165619015694, 'num_tokens': 682229760.0, 'mean_token_accuracy': 0.9506956428289414, 'epoch': 1.07}
{'loss': 0.1856, 'grad_norm': 0.1369871348142624, 'learning_rate': 0.00014899746136910614, 'entropy': 0.18799730241298676, 'num_tokens': 682885120.0, 'mean_token_accuracy': 0.9508653461933136, 'epoch': 1.07}
{'loss': 0.1853, 'grad_norm': 0.1396723836660385, 'learning_rate': 0.0001489007175425682, 'entropy': 0.18712938204407692, 'num_tokens': 683540480.0, 'mean_token_accuracy': 0.9507751435041427, 'epoch': 1.07}
{'loss': 0.1867, 'grad_norm': 0.141202911734581, 'learning_rate': 0.00014880391352656972, 'entropy': 0.18909988179802895, 'num_tokens': 684195840.0, 'mean_token_accuracy': 0.950678825378418, 'epoch': 1.07}
{'loss': 0.1849, 'grad_norm': 0.15413004159927368, 'learning_rate': 0.00014870704944026195, 'entropy': 0.18739327862858773, 'num_tokens': 684851200.0, 'mean_token_accuracy': 0.951073271036148, 'epoch': 1.07}
{'loss': 0.1863, 'grad_norm': 0.15135937929153442, 'learning_rate': 0.00014861012540287006, 'entropy': 0.18888214901089667, 'num_tokens': 685506560.0, 'mean_token_accuracy': 0.9508317112922668, 'epoch': 1.07}
{'loss': 0.1857, 'grad_norm': 0.1358512043952942, 'learning_rate': 0.00014851314153369302, 'entropy': 0.1878512032330036, 'num_tokens': 686161920.0, 'mean_token_accuracy': 0.9508347690105439, 'epoch': 1.08}
{'loss': 0.1851, 'grad_norm': 0.1476302593946457, 'learning_rate': 0.00014841609795210347, 'entropy': 0.18708185628056526, 'num_tokens': 686817280.0, 'mean_token_accuracy': 0.9508255958557129, 'epoch': 1.08}
{'loss': 0.1877, 'grad_norm': 0.14625141024589539, 'learning_rate': 0.00014831899477754748, 'entropy': 0.1890497587621212, 'num_tokens': 687472640.0, 'mean_token_accuracy': 0.950412803888321, 'epoch': 1.08}
{'loss': 0.186, 'grad_norm': 0.14728666841983795, 'learning_rate': 0.00014822183212954458, 'entropy': 0.18841691166162491, 'num_tokens': 688128000.0, 'mean_token_accuracy': 0.9508118361234665, 'epoch': 1.08}
{'loss': 0.1848, 'grad_norm': 0.14736133813858032, 'learning_rate': 0.00014812461012768738, 'entropy': 0.18676740378141404, 'num_tokens': 688783360.0, 'mean_token_accuracy': 0.9509876549243927, 'epoch': 1.08}
{'loss': 0.1867, 'grad_norm': 0.19414639472961426, 'learning_rate': 0.00014802732889164163, 'entropy': 0.18867694735527038, 'num_tokens': 689438720.0, 'mean_token_accuracy': 0.9504877179861069, 'epoch': 1.08}
{'loss': 0.1866, 'grad_norm': 0.15318259596824646, 'learning_rate': 0.00014792998854114598, 'entropy': 0.18864770531654357, 'num_tokens': 690094080.0, 'mean_token_accuracy': 0.9505366414785386, 'epoch': 1.08}
{'loss': 0.1853, 'grad_norm': 0.1522682011127472, 'learning_rate': 0.0001478325891960118, 'entropy': 0.18779244869947434, 'num_tokens': 690749440.0, 'mean_token_accuracy': 0.9507537394762039, 'epoch': 1.08}
{'loss': 0.1845, 'grad_norm': 0.1568778157234192, 'learning_rate': 0.00014773513097612314, 'entropy': 0.1862796038389206, 'num_tokens': 691404800.0, 'mean_token_accuracy': 0.9512490898370742, 'epoch': 1.08}
{'loss': 0.1858, 'grad_norm': 0.14469470083713531, 'learning_rate': 0.00014763761400143644, 'entropy': 0.18808402642607688, 'num_tokens': 692060160.0, 'mean_token_accuracy': 0.9508210092782974, 'epoch': 1.09}
{'loss': 0.1867, 'grad_norm': 0.14820793271064758, 'learning_rate': 0.0001475400383919805, 'entropy': 0.18866870924830437, 'num_tokens': 692715520.0, 'mean_token_accuracy': 0.9506390750408172, 'epoch': 1.09}
{'loss': 0.186, 'grad_norm': 0.14904780685901642, 'learning_rate': 0.00014744240426785624, 'entropy': 0.18790515512228012, 'num_tokens': 693370880.0, 'mean_token_accuracy': 0.950866875052452, 'epoch': 1.09}
{'loss': 0.1857, 'grad_norm': 0.14818133413791656, 'learning_rate': 0.00014734471174923671, 'entropy': 0.18716440871357917, 'num_tokens': 694026240.0, 'mean_token_accuracy': 0.9508653461933136, 'epoch': 1.09}
{'loss': 0.1863, 'grad_norm': 0.15009140968322754, 'learning_rate': 0.00014724696095636677, 'entropy': 0.1886737547814846, 'num_tokens': 694681600.0, 'mean_token_accuracy': 0.9506283730268479, 'epoch': 1.09}
{'loss': 0.1854, 'grad_norm': 0.15277458727359772, 'learning_rate': 0.00014714915200956301, 'entropy': 0.1879720062017441, 'num_tokens': 695336960.0, 'mean_token_accuracy': 0.9509463757276535, 'epoch': 1.09}
{'loss': 0.1867, 'grad_norm': 0.14871086180210114, 'learning_rate': 0.00014705128502921351, 'entropy': 0.18857690319418907, 'num_tokens': 695992320.0, 'mean_token_accuracy': 0.9507399797439575, 'epoch': 1.09}
{'loss': 0.1858, 'grad_norm': 0.1422886699438095, 'learning_rate': 0.00014695336013577798, 'entropy': 0.18847230970859527, 'num_tokens': 696647680.0, 'mean_token_accuracy': 0.9509463757276535, 'epoch': 1.09}
{'loss': 0.1848, 'grad_norm': 0.14730875194072723, 'learning_rate': 0.00014685537744978723, 'entropy': 0.18666007295250892, 'num_tokens': 697303040.0, 'mean_token_accuracy': 0.9510671555995941, 'epoch': 1.09}
{'loss': 0.1842, 'grad_norm': 0.14352400600910187, 'learning_rate': 0.0001467573370918433, 'entropy': 0.1861389845609665, 'num_tokens': 697958400.0, 'mean_token_accuracy': 0.9511833488941193, 'epoch': 1.09}
{'loss': 0.1849, 'grad_norm': 0.16588053107261658, 'learning_rate': 0.00014665923918261918, 'entropy': 0.18732317984104158, 'num_tokens': 698613760.0, 'mean_token_accuracy': 0.9509998857975006, 'epoch': 1.1}
{'loss': 0.1852, 'grad_norm': 0.16487789154052734, 'learning_rate': 0.00014656108384285876, 'entropy': 0.1873962625861168, 'num_tokens': 699269120.0, 'mean_token_accuracy': 0.9508699327707291, 'epoch': 1.1}
{'loss': 0.185, 'grad_norm': 0.154651939868927, 'learning_rate': 0.00014646287119337648, 'entropy': 0.18662262484431266, 'num_tokens': 699924480.0, 'mean_token_accuracy': 0.9511344254016876, 'epoch': 1.1}
{'loss': 0.1851, 'grad_norm': 0.15232907235622406, 'learning_rate': 0.00014636460135505742, 'entropy': 0.18730941861867906, 'num_tokens': 700579840.0, 'mean_token_accuracy': 0.9510060012340545, 'epoch': 1.1}
{'loss': 0.1851, 'grad_norm': 0.14671280980110168, 'learning_rate': 0.0001462662744488571, 'entropy': 0.18738195151090623, 'num_tokens': 701235200.0, 'mean_token_accuracy': 0.951145127415657, 'epoch': 1.1}
{'loss': 0.1838, 'grad_norm': 0.14746536314487457, 'learning_rate': 0.00014616789059580112, 'entropy': 0.18582000955939293, 'num_tokens': 701890560.0, 'mean_token_accuracy': 0.9512766093015671, 'epoch': 1.1}
{'loss': 0.1851, 'grad_norm': 0.14769017696380615, 'learning_rate': 0.00014606944991698537, 'entropy': 0.1870218314230442, 'num_tokens': 702545920.0, 'mean_token_accuracy': 0.9508271247148514, 'epoch': 1.1}
{'loss': 0.1852, 'grad_norm': 0.14476798474788666, 'learning_rate': 0.00014597095253357552, 'entropy': 0.18739564195275307, 'num_tokens': 703201280.0, 'mean_token_accuracy': 0.9509265005588532, 'epoch': 1.1}
{'loss': 0.1871, 'grad_norm': 0.15008559823036194, 'learning_rate': 0.00014587239856680712, 'entropy': 0.18910349905490875, 'num_tokens': 703856640.0, 'mean_token_accuracy': 0.9506390750408172, 'epoch': 1.1}
{'loss': 0.1855, 'grad_norm': 0.14127272367477417, 'learning_rate': 0.00014577378813798535, 'entropy': 0.18789757713675498, 'num_tokens': 704512000.0, 'mean_token_accuracy': 0.9510105878114701, 'epoch': 1.1}
{'loss': 0.1851, 'grad_norm': 0.15363819897174835, 'learning_rate': 0.00014567512136848487, 'entropy': 0.1871168717741966, 'num_tokens': 705167360.0, 'mean_token_accuracy': 0.9510090589523316, 'epoch': 1.11}
{'loss': 0.1866, 'grad_norm': 0.1788087636232376, 'learning_rate': 0.0001455763983797497, 'entropy': 0.18862253352999686, 'num_tokens': 705822720.0, 'mean_token_accuracy': 0.9507705569267273, 'epoch': 1.11}
{'loss': 0.1849, 'grad_norm': 0.15699638426303864, 'learning_rate': 0.00014547761929329306, 'entropy': 0.1869715042412281, 'num_tokens': 706478080.0, 'mean_token_accuracy': 0.9508439421653747, 'epoch': 1.11}
{'loss': 0.185, 'grad_norm': 0.16504159569740295, 'learning_rate': 0.00014537878423069716, 'entropy': 0.18613103181123733, 'num_tokens': 707133440.0, 'mean_token_accuracy': 0.9510457515716553, 'epoch': 1.11}
{'loss': 0.1846, 'grad_norm': 0.1508040726184845, 'learning_rate': 0.0001452798933136133, 'entropy': 0.18761311769485473, 'num_tokens': 707788800.0, 'mean_token_accuracy': 0.9508408844470978, 'epoch': 1.11}
{'loss': 0.1844, 'grad_norm': 0.13925717771053314, 'learning_rate': 0.00014518094666376126, 'entropy': 0.18664220720529556, 'num_tokens': 708444160.0, 'mean_token_accuracy': 0.9513240039348603, 'epoch': 1.11}
{'loss': 0.1855, 'grad_norm': 0.1322060525417328, 'learning_rate': 0.00014508194440292959, 'entropy': 0.18790919110178947, 'num_tokens': 709099520.0, 'mean_token_accuracy': 0.951082444190979, 'epoch': 1.11}
{'loss': 0.1856, 'grad_norm': 0.1522289663553238, 'learning_rate': 0.00014498288665297526, 'entropy': 0.1875588923692703, 'num_tokens': 709754880.0, 'mean_token_accuracy': 0.9509952992200852, 'epoch': 1.11}
{'loss': 0.1853, 'grad_norm': 0.14918765425682068, 'learning_rate': 0.00014488377353582353, 'entropy': 0.18757965490221978, 'num_tokens': 710410240.0, 'mean_token_accuracy': 0.9510182321071625, 'epoch': 1.11}
{'loss': 0.1842, 'grad_norm': 0.15002954006195068, 'learning_rate': 0.00014478460517346778, 'entropy': 0.1863964430987835, 'num_tokens': 711065600.0, 'mean_token_accuracy': 0.9513102442026138, 'epoch': 1.11}
{'loss': 0.1847, 'grad_norm': 0.14950190484523773, 'learning_rate': 0.0001446853816879694, 'entropy': 0.18674004450440407, 'num_tokens': 711720960.0, 'mean_token_accuracy': 0.9511160790920258, 'epoch': 1.12}
{'loss': 0.1839, 'grad_norm': 0.15033107995986938, 'learning_rate': 0.0001445861032014577, 'entropy': 0.185661244392395, 'num_tokens': 712376320.0, 'mean_token_accuracy': 0.9511466562747956, 'epoch': 1.12}
{'loss': 0.1848, 'grad_norm': 0.14700528979301453, 'learning_rate': 0.0001444867698361296, 'entropy': 0.18734578639268876, 'num_tokens': 713031680.0, 'mean_token_accuracy': 0.9511619448661804, 'epoch': 1.12}
{'loss': 0.1857, 'grad_norm': 0.15944960713386536, 'learning_rate': 0.0001443873817142496, 'entropy': 0.18794304579496385, 'num_tokens': 713687040.0, 'mean_token_accuracy': 0.9509020388126374, 'epoch': 1.12}
{'loss': 0.1835, 'grad_norm': 0.15676654875278473, 'learning_rate': 0.0001442879389581496, 'entropy': 0.1854484647512436, 'num_tokens': 714342400.0, 'mean_token_accuracy': 0.9515640348196029, 'epoch': 1.12}
{'loss': 0.1856, 'grad_norm': 0.16715876758098602, 'learning_rate': 0.0001441884416902287, 'entropy': 0.1876789964735508, 'num_tokens': 714997760.0, 'mean_token_accuracy': 0.9509219139814377, 'epoch': 1.12}
{'loss': 0.1848, 'grad_norm': 0.15359824895858765, 'learning_rate': 0.00014408889003295313, 'entropy': 0.18747743293643, 'num_tokens': 715653120.0, 'mean_token_accuracy': 0.9510702133178711, 'epoch': 1.12}
{'loss': 0.1857, 'grad_norm': 0.13636544346809387, 'learning_rate': 0.00014398928410885617, 'entropy': 0.18791121020913124, 'num_tokens': 716308480.0, 'mean_token_accuracy': 0.9508133649826049, 'epoch': 1.12}
{'loss': 0.1845, 'grad_norm': 0.15842755138874054, 'learning_rate': 0.00014388962404053777, 'entropy': 0.1866690531373024, 'num_tokens': 716963840.0, 'mean_token_accuracy': 0.9511650025844574, 'epoch': 1.12}
{'loss': 0.184, 'grad_norm': 0.14050382375717163, 'learning_rate': 0.00014378990995066445, 'entropy': 0.18615238592028618, 'num_tokens': 717619200.0, 'mean_token_accuracy': 0.951213926076889, 'epoch': 1.13}
{'loss': 0.1854, 'grad_norm': 0.15180808305740356, 'learning_rate': 0.00014369014196196944, 'entropy': 0.18706015795469283, 'num_tokens': 718274560.0, 'mean_token_accuracy': 0.951154300570488, 'epoch': 1.13}
{'loss': 0.1839, 'grad_norm': 0.1573076993227005, 'learning_rate': 0.00014359032019725215, 'entropy': 0.1863214150071144, 'num_tokens': 718929920.0, 'mean_token_accuracy': 0.9512643784284591, 'epoch': 1.13}
{'loss': 0.1844, 'grad_norm': 0.1620197296142578, 'learning_rate': 0.0001434904447793782, 'entropy': 0.18618857935070993, 'num_tokens': 719585280.0, 'mean_token_accuracy': 0.9510747998952865, 'epoch': 1.13}
{'loss': 0.1848, 'grad_norm': 0.1603866070508957, 'learning_rate': 0.0001433905158312793, 'entropy': 0.1872129261493683, 'num_tokens': 720240640.0, 'mean_token_accuracy': 0.9509616643190384, 'epoch': 1.13}
{'loss': 0.1847, 'grad_norm': 0.146470844745636, 'learning_rate': 0.000143290533475953, 'entropy': 0.18658345192670822, 'num_tokens': 720896000.0, 'mean_token_accuracy': 0.9510564535856247, 'epoch': 1.13}
{'eval_loss': 0.1830381155014038, 'eval_runtime': 78.2238, 'eval_samples_per_second': 63.919, 'eval_steps_per_second': 1.01, 'eval_entropy': 0.1853305080646201, 'eval_num_tokens': 720896000.0, 'eval_mean_token_accuracy': 0.9514246764062326, 'epoch': 1.13}
{'loss': 0.1845, 'grad_norm': 0.14976896345615387, 'learning_rate': 0.00014319049783646266, 'entropy': 0.18646507039666177, 'num_tokens': 721551360.0, 'mean_token_accuracy': 0.9509295582771301, 'epoch': 1.13}
{'loss': 0.1837, 'grad_norm': 0.16303597390651703, 'learning_rate': 0.00014309040903593708, 'entropy': 0.18591761365532875, 'num_tokens': 722206720.0, 'mean_token_accuracy': 0.9513637542724609, 'epoch': 1.13}
{'loss': 0.1847, 'grad_norm': 0.18310751020908356, 'learning_rate': 0.0001429902671975707, 'entropy': 0.18647803813219072, 'num_tokens': 722862080.0, 'mean_token_accuracy': 0.9509631931781769, 'epoch': 1.13}
{'loss': 0.1846, 'grad_norm': 0.15082310140132904, 'learning_rate': 0.00014289007244462304, 'entropy': 0.18669651299715043, 'num_tokens': 723517440.0, 'mean_token_accuracy': 0.9509127408266067, 'epoch': 1.13}
{'loss': 0.1839, 'grad_norm': 0.16502468287944794, 'learning_rate': 0.00014278982490041885, 'entropy': 0.18598874881863595, 'num_tokens': 724172800.0, 'mean_token_accuracy': 0.951351523399353, 'epoch': 1.14}
{'loss': 0.1845, 'grad_norm': 0.14937420189380646, 'learning_rate': 0.00014268952468834785, 'entropy': 0.18718259483575822, 'num_tokens': 724828160.0, 'mean_token_accuracy': 0.9510992616415024, 'epoch': 1.14}
{'loss': 0.1838, 'grad_norm': 0.1494949609041214, 'learning_rate': 0.00014258917193186465, 'entropy': 0.18601857870817184, 'num_tokens': 725483520.0, 'mean_token_accuracy': 0.9511833488941193, 'epoch': 1.14}
{'loss': 0.1834, 'grad_norm': 0.1583292931318283, 'learning_rate': 0.00014248876675448837, 'entropy': 0.1858185611665249, 'num_tokens': 726138880.0, 'mean_token_accuracy': 0.9511787623167038, 'epoch': 1.14}
{'loss': 0.1836, 'grad_norm': 0.16440460085868835, 'learning_rate': 0.00014238830927980277, 'entropy': 0.18577907085418702, 'num_tokens': 726794240.0, 'mean_token_accuracy': 0.9512674361467361, 'epoch': 1.14}
{'loss': 0.1849, 'grad_norm': 0.1665264070034027, 'learning_rate': 0.00014228779963145602, 'entropy': 0.18657841309905052, 'num_tokens': 727449600.0, 'mean_token_accuracy': 0.9510625690221787, 'epoch': 1.14}
{'loss': 0.1833, 'grad_norm': 0.15022286772727966, 'learning_rate': 0.00014218723793316034, 'entropy': 0.1853841058909893, 'num_tokens': 728104960.0, 'mean_token_accuracy': 0.9513285905122757, 'epoch': 1.14}
{'loss': 0.1838, 'grad_norm': 0.15921945869922638, 'learning_rate': 0.00014208662430869223, 'entropy': 0.1857537716627121, 'num_tokens': 728760320.0, 'mean_token_accuracy': 0.9512659072875976, 'epoch': 1.14}
{'loss': 0.1823, 'grad_norm': 0.16020449995994568, 'learning_rate': 0.0001419859588818919, 'entropy': 0.18511442393064498, 'num_tokens': 729415680.0, 'mean_token_accuracy': 0.9515502750873566, 'epoch': 1.14}
{'loss': 0.1826, 'grad_norm': 0.1424175202846527, 'learning_rate': 0.0001418852417766635, 'entropy': 0.18402807861566545, 'num_tokens': 730071040.0, 'mean_token_accuracy': 0.9514830052852631, 'epoch': 1.14}
{'loss': 0.1834, 'grad_norm': 0.1441621035337448, 'learning_rate': 0.00014178447311697466, 'entropy': 0.18594360575079918, 'num_tokens': 730726400.0, 'mean_token_accuracy': 0.9513423502445221, 'epoch': 1.15}
{'loss': 0.1837, 'grad_norm': 0.16216665506362915, 'learning_rate': 0.0001416836530268565, 'entropy': 0.18555186316370964, 'num_tokens': 731381760.0, 'mean_token_accuracy': 0.9512016952037812, 'epoch': 1.15}
{'loss': 0.1832, 'grad_norm': 0.16238020360469818, 'learning_rate': 0.0001415827816304035, 'entropy': 0.18557394668459892, 'num_tokens': 732037120.0, 'mean_token_accuracy': 0.9515227556228638, 'epoch': 1.15}
{'loss': 0.1833, 'grad_norm': 0.1552562266588211, 'learning_rate': 0.0001414818590517732, 'entropy': 0.18547237813472747, 'num_tokens': 732692480.0, 'mean_token_accuracy': 0.9514371395111084, 'epoch': 1.15}
{'loss': 0.1831, 'grad_norm': 0.14544841647148132, 'learning_rate': 0.0001413808854151862, 'entropy': 0.18555113226175307, 'num_tokens': 733347840.0, 'mean_token_accuracy': 0.9516435354948044, 'epoch': 1.15}
{'loss': 0.1836, 'grad_norm': 0.16686469316482544, 'learning_rate': 0.0001412798608449259, 'entropy': 0.1850686639547348, 'num_tokens': 734003200.0, 'mean_token_accuracy': 0.9513805717229843, 'epoch': 1.15}
{'loss': 0.1853, 'grad_norm': 0.14023013412952423, 'learning_rate': 0.00014117878546533844, 'entropy': 0.18758507668972016, 'num_tokens': 734658560.0, 'mean_token_accuracy': 0.9511558294296265, 'epoch': 1.15}
{'loss': 0.1843, 'grad_norm': 0.16719573736190796, 'learning_rate': 0.0001410776594008325, 'entropy': 0.18654581531882286, 'num_tokens': 735313920.0, 'mean_token_accuracy': 0.9512689650058747, 'epoch': 1.15}
{'loss': 0.1844, 'grad_norm': 0.16503816843032837, 'learning_rate': 0.00014097648277587907, 'entropy': 0.18640944212675095, 'num_tokens': 735969280.0, 'mean_token_accuracy': 0.9512506186962127, 'epoch': 1.15}
{'loss': 0.1845, 'grad_norm': 0.1492346078157425, 'learning_rate': 0.00014087525571501147, 'entropy': 0.1860493890941143, 'num_tokens': 736624640.0, 'mean_token_accuracy': 0.9509601354598999, 'epoch': 1.16}
{'loss': 0.1828, 'grad_norm': 0.14470617473125458, 'learning_rate': 0.00014077397834282504, 'entropy': 0.1849989376962185, 'num_tokens': 737280000.0, 'mean_token_accuracy': 0.9513698697090149, 'epoch': 1.16}
{'loss': 0.1839, 'grad_norm': 0.1453060507774353, 'learning_rate': 0.00014067265078397705, 'entropy': 0.18560311421751977, 'num_tokens': 737935360.0, 'mean_token_accuracy': 0.9512766093015671, 'epoch': 1.16}
{'loss': 0.1843, 'grad_norm': 0.16960902512073517, 'learning_rate': 0.00014057127316318655, 'entropy': 0.18696106001734733, 'num_tokens': 738590720.0, 'mean_token_accuracy': 0.9512766093015671, 'epoch': 1.16}
{'loss': 0.1829, 'grad_norm': 0.1514178216457367, 'learning_rate': 0.00014046984560523422, 'entropy': 0.18508012890815734, 'num_tokens': 739246080.0, 'mean_token_accuracy': 0.9514493703842163, 'epoch': 1.16}
{'loss': 0.1833, 'grad_norm': 0.14134123921394348, 'learning_rate': 0.00014036836823496217, 'entropy': 0.1856463260948658, 'num_tokens': 739901440.0, 'mean_token_accuracy': 0.9515105247497558, 'epoch': 1.16}
{'loss': 0.1834, 'grad_norm': 0.16192734241485596, 'learning_rate': 0.00014026684117727392, 'entropy': 0.18489737659692765, 'num_tokens': 740556800.0, 'mean_token_accuracy': 0.9511665314435959, 'epoch': 1.16}
{'loss': 0.1831, 'grad_norm': 0.14941111207008362, 'learning_rate': 0.000140165264557134, 'entropy': 0.1858862094581127, 'num_tokens': 741212160.0, 'mean_token_accuracy': 0.9514539569616318, 'epoch': 1.16}
{'loss': 0.1826, 'grad_norm': 0.15947546064853668, 'learning_rate': 0.00014006363849956803, 'entropy': 0.18443566784262658, 'num_tokens': 741867520.0, 'mean_token_accuracy': 0.9515732079744339, 'epoch': 1.16}
{'loss': 0.1842, 'grad_norm': 0.1489420235157013, 'learning_rate': 0.00013996196312966247, 'entropy': 0.1867134913802147, 'num_tokens': 742522880.0, 'mean_token_accuracy': 0.9511145502328873, 'epoch': 1.16}
{'loss': 0.1851, 'grad_norm': 0.15504512190818787, 'learning_rate': 0.00013986023857256451, 'entropy': 0.18701078593730927, 'num_tokens': 743178240.0, 'mean_token_accuracy': 0.9509922415018082, 'epoch': 1.17}
{'loss': 0.1845, 'grad_norm': 0.1381026655435562, 'learning_rate': 0.00013975846495348183, 'entropy': 0.1867701791226864, 'num_tokens': 743833600.0, 'mean_token_accuracy': 0.9510671555995941, 'epoch': 1.17}
{'loss': 0.184, 'grad_norm': 0.1583164632320404, 'learning_rate': 0.00013965664239768246, 'entropy': 0.18578456118702888, 'num_tokens': 744488960.0, 'mean_token_accuracy': 0.9511405408382416, 'epoch': 1.17}
{'loss': 0.1814, 'grad_norm': 0.14974722266197205, 'learning_rate': 0.0001395547710304948, 'entropy': 0.18357266411185263, 'num_tokens': 745144320.0, 'mean_token_accuracy': 0.9517536133527755, 'epoch': 1.17}
{'loss': 0.1831, 'grad_norm': 0.16745950281620026, 'learning_rate': 0.00013945285097730724, 'entropy': 0.184932379424572, 'num_tokens': 745799680.0, 'mean_token_accuracy': 0.9516496509313583, 'epoch': 1.17}
{'loss': 0.1828, 'grad_norm': 0.14757554233074188, 'learning_rate': 0.00013935088236356803, 'entropy': 0.18532341346144676, 'num_tokens': 746455040.0, 'mean_token_accuracy': 0.951495236158371, 'epoch': 1.17}
{'loss': 0.1828, 'grad_norm': 0.14485350251197815, 'learning_rate': 0.00013924886531478534, 'entropy': 0.18560655564069747, 'num_tokens': 747110400.0, 'mean_token_accuracy': 0.9517383247613906, 'epoch': 1.17}
{'loss': 0.1827, 'grad_norm': 0.16327740252017975, 'learning_rate': 0.00013914679995652681, 'entropy': 0.18541418984532357, 'num_tokens': 747765760.0, 'mean_token_accuracy': 0.9516572952270508, 'epoch': 1.17}
{'loss': 0.1832, 'grad_norm': 0.16075876355171204, 'learning_rate': 0.0001390446864144197, 'entropy': 0.1848828099668026, 'num_tokens': 748421120.0, 'mean_token_accuracy': 0.9515196979045868, 'epoch': 1.17}
{'loss': 0.1828, 'grad_norm': 0.1492365151643753, 'learning_rate': 0.00013894252481415042, 'entropy': 0.18501954823732375, 'num_tokens': 749076480.0, 'mean_token_accuracy': 0.9516053140163422, 'epoch': 1.17}
{'loss': 0.183, 'grad_norm': 0.16236382722854614, 'learning_rate': 0.00013884031528146464, 'entropy': 0.1853203572332859, 'num_tokens': 749731840.0, 'mean_token_accuracy': 0.9514340817928314, 'epoch': 1.18}
{'loss': 0.1818, 'grad_norm': 0.1751207411289215, 'learning_rate': 0.00013873805794216697, 'entropy': 0.1842605724930763, 'num_tokens': 750387200.0, 'mean_token_accuracy': 0.9516037851572037, 'epoch': 1.18}
{'loss': 0.183, 'grad_norm': 0.1446048468351364, 'learning_rate': 0.00013863575292212085, 'entropy': 0.1848552942276001, 'num_tokens': 751042560.0, 'mean_token_accuracy': 0.9512659072875976, 'epoch': 1.18}
{'loss': 0.1828, 'grad_norm': 0.15543289482593536, 'learning_rate': 0.0001385334003472485, 'entropy': 0.18464334979653357, 'num_tokens': 751697920.0, 'mean_token_accuracy': 0.9514447838068009, 'epoch': 1.18}
{'loss': 0.1839, 'grad_norm': 0.16392026841640472, 'learning_rate': 0.0001384310003435306, 'entropy': 0.18609369844198226, 'num_tokens': 752353280.0, 'mean_token_accuracy': 0.9512475609779358, 'epoch': 1.18}
{'loss': 0.1832, 'grad_norm': 0.14262622594833374, 'learning_rate': 0.0001383285530370062, 'entropy': 0.1857591450214386, 'num_tokens': 753008640.0, 'mean_token_accuracy': 0.9516190737485886, 'epoch': 1.18}
{'loss': 0.1822, 'grad_norm': 0.15580162405967712, 'learning_rate': 0.0001382260585537726, 'entropy': 0.1838626191020012, 'num_tokens': 753664000.0, 'mean_token_accuracy': 0.9517245650291443, 'epoch': 1.18}
{'loss': 0.1819, 'grad_norm': 0.1535724699497223, 'learning_rate': 0.00013812351701998515, 'entropy': 0.18462665304541587, 'num_tokens': 754319360.0, 'mean_token_accuracy': 0.9517704308032989, 'epoch': 1.18}
{'loss': 0.182, 'grad_norm': 0.14207208156585693, 'learning_rate': 0.00013802092856185716, 'entropy': 0.18400462567806244, 'num_tokens': 754974720.0, 'mean_token_accuracy': 0.9517077475786209, 'epoch': 1.18}
{'loss': 0.1831, 'grad_norm': 0.1457383930683136, 'learning_rate': 0.00013791829330565963, 'entropy': 0.18550465255975723, 'num_tokens': 755630080.0, 'mean_token_accuracy': 0.9515349864959717, 'epoch': 1.18}
{'loss': 0.1817, 'grad_norm': 0.15632064640522003, 'learning_rate': 0.00013781561137772116, 'entropy': 0.18349429965019226, 'num_tokens': 756285440.0, 'mean_token_accuracy': 0.9517062187194825, 'epoch': 1.19}
{'loss': 0.1833, 'grad_norm': 0.1533106416463852, 'learning_rate': 0.00013771288290442788, 'entropy': 0.18556336387991906, 'num_tokens': 756940800.0, 'mean_token_accuracy': 0.9513392925262452, 'epoch': 1.19}
{'loss': 0.1819, 'grad_norm': 0.14356715977191925, 'learning_rate': 0.00013761010801222314, 'entropy': 0.18400563225150107, 'num_tokens': 757596160.0, 'mean_token_accuracy': 0.9519141435623169, 'epoch': 1.19}
{'loss': 0.1825, 'grad_norm': 0.16951756179332733, 'learning_rate': 0.00013750728682760747, 'entropy': 0.18484016060829161, 'num_tokens': 758251520.0, 'mean_token_accuracy': 0.9514432549476624, 'epoch': 1.19}
{'loss': 0.1829, 'grad_norm': 0.15232130885124207, 'learning_rate': 0.0001374044194771383, 'entropy': 0.18495871871709824, 'num_tokens': 758906880.0, 'mean_token_accuracy': 0.9514554858207702, 'epoch': 1.19}
{'loss': 0.1813, 'grad_norm': 0.13857829570770264, 'learning_rate': 0.00013730150608742996, 'entropy': 0.1836050309240818, 'num_tokens': 759562240.0, 'mean_token_accuracy': 0.9519814133644104, 'epoch': 1.19}
{'loss': 0.1823, 'grad_norm': 0.1475142240524292, 'learning_rate': 0.0001371985467851534, 'entropy': 0.18420722037553788, 'num_tokens': 760217600.0, 'mean_token_accuracy': 0.9517199784517288, 'epoch': 1.19}
{'loss': 0.1817, 'grad_norm': 0.16320206224918365, 'learning_rate': 0.00013709554169703613, 'entropy': 0.18451380878686904, 'num_tokens': 760872960.0, 'mean_token_accuracy': 0.9518055945634842, 'epoch': 1.19}
{'loss': 0.1821, 'grad_norm': 0.16618074476718903, 'learning_rate': 0.000136992490949862, 'entropy': 0.18393124416470527, 'num_tokens': 761528320.0, 'mean_token_accuracy': 0.9515854388475418, 'epoch': 1.19}
{'loss': 0.1831, 'grad_norm': 0.164775550365448, 'learning_rate': 0.000136889394670471, 'entropy': 0.18536821156740188, 'num_tokens': 762183680.0, 'mean_token_accuracy': 0.9514967650175095, 'epoch': 1.2}
{'loss': 0.183, 'grad_norm': 0.16001710295677185, 'learning_rate': 0.00013678625298575926, 'entropy': 0.18494876921176912, 'num_tokens': 762839040.0, 'mean_token_accuracy': 0.9512689650058747, 'epoch': 1.2}
{'loss': 0.1831, 'grad_norm': 0.15595205128192902, 'learning_rate': 0.00013668306602267872, 'entropy': 0.1850491188466549, 'num_tokens': 763494400.0, 'mean_token_accuracy': 0.9514142066240311, 'epoch': 1.2}
{'loss': 0.1845, 'grad_norm': 0.15427172183990479, 'learning_rate': 0.0001365798339082371, 'entropy': 0.1866833560168743, 'num_tokens': 764149760.0, 'mean_token_accuracy': 0.9512292146682739, 'epoch': 1.2}
{'loss': 0.1826, 'grad_norm': 0.14818866550922394, 'learning_rate': 0.00013647655676949765, 'entropy': 0.18546030446887016, 'num_tokens': 764805120.0, 'mean_token_accuracy': 0.9514753609895706, 'epoch': 1.2}
{'loss': 0.1815, 'grad_norm': 0.14469298720359802, 'learning_rate': 0.0001363732347335791, 'entropy': 0.18354591950774193, 'num_tokens': 765460480.0, 'mean_token_accuracy': 0.9516756415367127, 'epoch': 1.2}
{'loss': 0.1797, 'grad_norm': 0.14170005917549133, 'learning_rate': 0.00013626986792765534, 'entropy': 0.18196269869804382, 'num_tokens': 766115840.0, 'mean_token_accuracy': 0.9523299932479858, 'epoch': 1.2}
{'loss': 0.1814, 'grad_norm': 0.1432613879442215, 'learning_rate': 0.00013616645647895553, 'entropy': 0.1832348920404911, 'num_tokens': 766771200.0, 'mean_token_accuracy': 0.951755142211914, 'epoch': 1.2}
{'loss': 0.1809, 'grad_norm': 0.1608588993549347, 'learning_rate': 0.00013606300051476357, 'entropy': 0.1837208613753319, 'num_tokens': 767426560.0, 'mean_token_accuracy': 0.9519875288009644, 'epoch': 1.2}
{'loss': 0.1814, 'grad_norm': 0.16221117973327637, 'learning_rate': 0.00013595950016241832, 'entropy': 0.1832123227417469, 'num_tokens': 768081920.0, 'mean_token_accuracy': 0.9517367959022522, 'epoch': 1.2}
{'loss': 0.1829, 'grad_norm': 0.17943912744522095, 'learning_rate': 0.0001358559555493132, 'entropy': 0.18468645736575126, 'num_tokens': 768737280.0, 'mean_token_accuracy': 0.9515013515949249, 'epoch': 1.21}
{'loss': 0.1809, 'grad_norm': 0.16143210232257843, 'learning_rate': 0.00013575236680289608, 'entropy': 0.18282673582434655, 'num_tokens': 769392640.0, 'mean_token_accuracy': 0.9518805086612702, 'epoch': 1.21}
{'loss': 0.1837, 'grad_norm': 0.16074302792549133, 'learning_rate': 0.0001356487340506693, 'entropy': 0.18502709940075873, 'num_tokens': 770048000.0, 'mean_token_accuracy': 0.9512047529220581, 'epoch': 1.21}
{'loss': 0.1832, 'grad_norm': 0.19915080070495605, 'learning_rate': 0.00013554505742018917, 'entropy': 0.18514497205615044, 'num_tokens': 770703360.0, 'mean_token_accuracy': 0.9514814764261246, 'epoch': 1.21}
{'loss': 0.1838, 'grad_norm': 0.14952510595321655, 'learning_rate': 0.00013544133703906615, 'entropy': 0.18522893711924554, 'num_tokens': 771358720.0, 'mean_token_accuracy': 0.9510793864727021, 'epoch': 1.21}
{'loss': 0.1832, 'grad_norm': 0.15704135596752167, 'learning_rate': 0.00013533757303496445, 'entropy': 0.18506431207060814, 'num_tokens': 772014080.0, 'mean_token_accuracy': 0.9514998227357865, 'epoch': 1.21}
{'loss': 0.1818, 'grad_norm': 0.1397619992494583, 'learning_rate': 0.00013523376553560204, 'entropy': 0.1840944543480873, 'num_tokens': 772669440.0, 'mean_token_accuracy': 0.9517658442258835, 'epoch': 1.21}
{'loss': 0.1834, 'grad_norm': 0.15062835812568665, 'learning_rate': 0.00013512991466875044, 'entropy': 0.18463749215006828, 'num_tokens': 773324800.0, 'mean_token_accuracy': 0.9514157354831696, 'epoch': 1.21}
{'loss': 0.1806, 'grad_norm': 0.17697717249393463, 'learning_rate': 0.0001350260205622344, 'entropy': 0.18342498540878296, 'num_tokens': 773980160.0, 'mean_token_accuracy': 0.9521572321653367, 'epoch': 1.21}
{'loss': 0.1826, 'grad_norm': 0.17555786669254303, 'learning_rate': 0.00013492208334393217, 'entropy': 0.18422646820545197, 'num_tokens': 774635520.0, 'mean_token_accuracy': 0.9517704308032989, 'epoch': 1.21}
{'loss': 0.1823, 'grad_norm': 0.1617729216814041, 'learning_rate': 0.00013481810314177483, 'entropy': 0.1852417290210724, 'num_tokens': 775290880.0, 'mean_token_accuracy': 0.9516786992549896, 'epoch': 1.22}
{'loss': 0.1822, 'grad_norm': 0.14844554662704468, 'learning_rate': 0.0001347140800837464, 'entropy': 0.1845097579061985, 'num_tokens': 775946240.0, 'mean_token_accuracy': 0.9517337381839752, 'epoch': 1.22}
{'loss': 0.1803, 'grad_norm': 0.14927887916564941, 'learning_rate': 0.00013461001429788372, 'entropy': 0.18217825293540954, 'num_tokens': 776601600.0, 'mean_token_accuracy': 0.9522168576717377, 'epoch': 1.22}
{'loss': 0.1803, 'grad_norm': 0.13691003620624542, 'learning_rate': 0.0001345059059122762, 'entropy': 0.18285218328237535, 'num_tokens': 777256960.0, 'mean_token_accuracy': 0.9522214442491531, 'epoch': 1.22}
{'loss': 0.1823, 'grad_norm': 0.16300654411315918, 'learning_rate': 0.00013440175505506567, 'entropy': 0.18490590155124664, 'num_tokens': 777912320.0, 'mean_token_accuracy': 0.9518254697322845, 'epoch': 1.22}
{'loss': 0.1814, 'grad_norm': 0.21064643561840057, 'learning_rate': 0.0001342975618544462, 'entropy': 0.1835651308298111, 'num_tokens': 778567680.0, 'mean_token_accuracy': 0.9517994791269302, 'epoch': 1.22}
{'loss': 0.1802, 'grad_norm': 0.1565486341714859, 'learning_rate': 0.00013419332643866406, 'entropy': 0.18257833495736123, 'num_tokens': 779223040.0, 'mean_token_accuracy': 0.9520960777997971, 'epoch': 1.22}
{'loss': 0.1826, 'grad_norm': 0.15425848960876465, 'learning_rate': 0.00013408904893601745, 'entropy': 0.18451765924692154, 'num_tokens': 779878400.0, 'mean_token_accuracy': 0.9514570146799087, 'epoch': 1.22}
{'loss': 0.1826, 'grad_norm': 0.15885940194129944, 'learning_rate': 0.00013398472947485633, 'entropy': 0.1846938505768776, 'num_tokens': 780533760.0, 'mean_token_accuracy': 0.9513912737369538, 'epoch': 1.22}
{'loss': 0.1829, 'grad_norm': 0.1452220231294632, 'learning_rate': 0.00013388036818358232, 'entropy': 0.18418913409113885, 'num_tokens': 781189120.0, 'mean_token_accuracy': 0.9514799475669861, 'epoch': 1.22}
{'loss': 0.1836, 'grad_norm': 0.1582462191581726, 'learning_rate': 0.00013377596519064858, 'entropy': 0.18589798510074615, 'num_tokens': 781844480.0, 'mean_token_accuracy': 0.9513010710477829, 'epoch': 1.23}
{'loss': 0.1822, 'grad_norm': 0.14986597001552582, 'learning_rate': 0.00013367152062455955, 'entropy': 0.18434910252690315, 'num_tokens': 782499840.0, 'mean_token_accuracy': 0.9515991985797883, 'epoch': 1.23}
{'loss': 0.1806, 'grad_norm': 0.1649673730134964, 'learning_rate': 0.0001335670346138708, 'entropy': 0.18307613506913184, 'num_tokens': 783155200.0, 'mean_token_accuracy': 0.9519798845052719, 'epoch': 1.23}
{'loss': 0.1822, 'grad_norm': 0.18824324011802673, 'learning_rate': 0.00013346250728718903, 'entropy': 0.18445379957556723, 'num_tokens': 783810560.0, 'mean_token_accuracy': 0.9515196979045868, 'epoch': 1.23}
{'loss': 0.1817, 'grad_norm': 0.1787019670009613, 'learning_rate': 0.00013335793877317174, 'entropy': 0.18388831615447998, 'num_tokens': 784465920.0, 'mean_token_accuracy': 0.951973769068718, 'epoch': 1.23}
{'loss': 0.1814, 'grad_norm': 0.14922644197940826, 'learning_rate': 0.00013325332920052703, 'entropy': 0.18388196900486947, 'num_tokens': 785121280.0, 'mean_token_accuracy': 0.951967653632164, 'epoch': 1.23}
{'loss': 0.1822, 'grad_norm': 0.1617695540189743, 'learning_rate': 0.00013314867869801365, 'entropy': 0.1844349667429924, 'num_tokens': 785776640.0, 'mean_token_accuracy': 0.9517001032829284, 'epoch': 1.23}
{'loss': 0.181, 'grad_norm': 0.1359318494796753, 'learning_rate': 0.00013304398739444077, 'entropy': 0.1824815131723881, 'num_tokens': 786432000.0, 'mean_token_accuracy': 0.9521725207567215, 'epoch': 1.23}
{'eval_loss': 0.18079692125320435, 'eval_runtime': 78.18, 'eval_samples_per_second': 63.955, 'eval_steps_per_second': 1.01, 'eval_entropy': 0.18419608096533183, 'eval_num_tokens': 786432000.0, 'eval_mean_token_accuracy': 0.951980484437339, 'epoch': 1.23}
{'loss': 0.1814, 'grad_norm': 0.1483871191740036, 'learning_rate': 0.0001329392554186676, 'entropy': 0.1834030643105507, 'num_tokens': 787087360.0, 'mean_token_accuracy': 0.9516557663679123, 'epoch': 1.23}
{'loss': 0.1797, 'grad_norm': 0.15032237768173218, 'learning_rate': 0.00013283448289960357, 'entropy': 0.1824728198349476, 'num_tokens': 787742720.0, 'mean_token_accuracy': 0.9521740496158599, 'epoch': 1.24}
{'loss': 0.18, 'grad_norm': 0.13915134966373444, 'learning_rate': 0.000132729669966208, 'entropy': 0.18262821212410926, 'num_tokens': 788398080.0, 'mean_token_accuracy': 0.952108308672905, 'epoch': 1.24}
{'loss': 0.1824, 'grad_norm': 0.1567283272743225, 'learning_rate': 0.00013262481674748987, 'entropy': 0.1846180908381939, 'num_tokens': 789053440.0, 'mean_token_accuracy': 0.9515732079744339, 'epoch': 1.24}
{'loss': 0.1803, 'grad_norm': 0.1441381424665451, 'learning_rate': 0.00013251992337250774, 'entropy': 0.18229193314909936, 'num_tokens': 789708800.0, 'mean_token_accuracy': 0.9520104616880417, 'epoch': 1.24}
{'loss': 0.1812, 'grad_norm': 0.14480939507484436, 'learning_rate': 0.00013241498997036973, 'entropy': 0.1833833359181881, 'num_tokens': 790364160.0, 'mean_token_accuracy': 0.9519064992666244, 'epoch': 1.24}
{'loss': 0.1822, 'grad_norm': 0.13933278620243073, 'learning_rate': 0.00013231001667023316, 'entropy': 0.1847390316426754, 'num_tokens': 791019520.0, 'mean_token_accuracy': 0.9516527086496354, 'epoch': 1.24}
{'loss': 0.1816, 'grad_norm': 0.16741003096103668, 'learning_rate': 0.00013220500360130435, 'entropy': 0.18351767733693122, 'num_tokens': 791674880.0, 'mean_token_accuracy': 0.9518300563097, 'epoch': 1.24}
{'loss': 0.1804, 'grad_norm': 0.17649848759174347, 'learning_rate': 0.0001320999508928387, 'entropy': 0.18226032480597495, 'num_tokens': 792330240.0, 'mean_token_accuracy': 0.9520547986030579, 'epoch': 1.24}
{'loss': 0.1811, 'grad_norm': 0.14887337386608124, 'learning_rate': 0.00013199485867414041, 'entropy': 0.18358504101634027, 'num_tokens': 792985600.0, 'mean_token_accuracy': 0.9517872482538223, 'epoch': 1.24}
{'loss': 0.1813, 'grad_norm': 0.1591530293226242, 'learning_rate': 0.00013188972707456223, 'entropy': 0.18288330361247063, 'num_tokens': 793640960.0, 'mean_token_accuracy': 0.9517857193946838, 'epoch': 1.24}
{'loss': 0.181, 'grad_norm': 0.14964857697486877, 'learning_rate': 0.0001317845562235054, 'entropy': 0.18337232023477554, 'num_tokens': 794296320.0, 'mean_token_accuracy': 0.9520578563213349, 'epoch': 1.25}
{'loss': 0.1807, 'grad_norm': 0.1657165288925171, 'learning_rate': 0.00013167934625041953, 'entropy': 0.18299318701028824, 'num_tokens': 794951680.0, 'mean_token_accuracy': 0.9520150482654571, 'epoch': 1.25}
{'loss': 0.1801, 'grad_norm': 0.14760340750217438, 'learning_rate': 0.0001315740972848023, 'entropy': 0.1823780857026577, 'num_tokens': 795607040.0, 'mean_token_accuracy': 0.9520914912223816, 'epoch': 1.25}
{'loss': 0.1799, 'grad_norm': 0.1529374122619629, 'learning_rate': 0.00013146880945619942, 'entropy': 0.18251227959990501, 'num_tokens': 796262400.0, 'mean_token_accuracy': 0.9521908670663833, 'epoch': 1.25}
{'loss': 0.181, 'grad_norm': 0.14713723957538605, 'learning_rate': 0.00013136348289420445, 'entropy': 0.18278005197644234, 'num_tokens': 796917760.0, 'mean_token_accuracy': 0.952039510011673, 'epoch': 1.25}
{'loss': 0.1805, 'grad_norm': 0.17027722299098969, 'learning_rate': 0.0001312581177284587, 'entropy': 0.1830459088087082, 'num_tokens': 797573120.0, 'mean_token_accuracy': 0.9517704308032989, 'epoch': 1.25}
{'loss': 0.1797, 'grad_norm': 0.16656653583049774, 'learning_rate': 0.00013115271408865078, 'entropy': 0.18229916468262672, 'num_tokens': 798228480.0, 'mean_token_accuracy': 0.952383503317833, 'epoch': 1.25}
{'loss': 0.1798, 'grad_norm': 0.150035560131073, 'learning_rate': 0.00013104727210451686, 'entropy': 0.18123148754239082, 'num_tokens': 798883840.0, 'mean_token_accuracy': 0.9520853757858276, 'epoch': 1.25}
{'loss': 0.1802, 'grad_norm': 0.15387849509716034, 'learning_rate': 0.00013094179190584025, 'entropy': 0.18255897462368012, 'num_tokens': 799539200.0, 'mean_token_accuracy': 0.9522122710943222, 'epoch': 1.25}
{'loss': 0.1814, 'grad_norm': 0.17160578072071075, 'learning_rate': 0.0001308362736224512, 'entropy': 0.18300556838512422, 'num_tokens': 800194560.0, 'mean_token_accuracy': 0.9517520844936371, 'epoch': 1.25}
{'loss': 0.1831, 'grad_norm': 0.17743894457817078, 'learning_rate': 0.00013073071738422696, 'entropy': 0.18491737097501754, 'num_tokens': 800849920.0, 'mean_token_accuracy': 0.9513790428638458, 'epoch': 1.26}
{'loss': 0.1824, 'grad_norm': 0.1703510582447052, 'learning_rate': 0.0001306251233210915, 'entropy': 0.18423125371336938, 'num_tokens': 801505280.0, 'mean_token_accuracy': 0.9517260938882828, 'epoch': 1.26}
{'loss': 0.1805, 'grad_norm': 0.14263580739498138, 'learning_rate': 0.00013051949156301523, 'entropy': 0.18298315703868867, 'num_tokens': 802160640.0, 'mean_token_accuracy': 0.9520532697439194, 'epoch': 1.26}
{'loss': 0.1812, 'grad_norm': 0.17862379550933838, 'learning_rate': 0.00013041382224001505, 'entropy': 0.18327416330575944, 'num_tokens': 802816000.0, 'mean_token_accuracy': 0.9519141435623169, 'epoch': 1.26}
{'loss': 0.182, 'grad_norm': 0.15046235918998718, 'learning_rate': 0.00013030811548215407, 'entropy': 0.18478634506464003, 'num_tokens': 803471360.0, 'mean_token_accuracy': 0.9516496509313583, 'epoch': 1.26}
{'loss': 0.18, 'grad_norm': 0.15223091840744019, 'learning_rate': 0.0001302023714195415, 'entropy': 0.18245596885681153, 'num_tokens': 804126720.0, 'mean_token_accuracy': 0.9521312415599823, 'epoch': 1.26}
{'loss': 0.1807, 'grad_norm': 0.14146272838115692, 'learning_rate': 0.00013009659018233243, 'entropy': 0.18285997360944747, 'num_tokens': 804782080.0, 'mean_token_accuracy': 0.9518820375204087, 'epoch': 1.26}
{'loss': 0.1808, 'grad_norm': 0.1625116765499115, 'learning_rate': 0.0001299907719007277, 'entropy': 0.1825065203011036, 'num_tokens': 805437440.0, 'mean_token_accuracy': 0.9520058751106262, 'epoch': 1.26}
{'loss': 0.1795, 'grad_norm': 0.1587153524160385, 'learning_rate': 0.0001298849167049738, 'entropy': 0.18244843780994416, 'num_tokens': 806092800.0, 'mean_token_accuracy': 0.952377387881279, 'epoch': 1.26}
{'loss': 0.182, 'grad_norm': 0.15278778970241547, 'learning_rate': 0.00012977902472536263, 'entropy': 0.18411927223205565, 'num_tokens': 806748160.0, 'mean_token_accuracy': 0.9516450643539429, 'epoch': 1.27}
{'loss': 0.1794, 'grad_norm': 0.16316702961921692, 'learning_rate': 0.00012967309609223133, 'entropy': 0.18158282786607743, 'num_tokens': 807403520.0, 'mean_token_accuracy': 0.9521450012922287, 'epoch': 1.27}
{'loss': 0.1782, 'grad_norm': 0.1514568030834198, 'learning_rate': 0.00012956713093596222, 'entropy': 0.18111617043614386, 'num_tokens': 808058880.0, 'mean_token_accuracy': 0.9524844080209732, 'epoch': 1.27}
{'loss': 0.1787, 'grad_norm': 0.14556148648262024, 'learning_rate': 0.0001294611293869825, 'entropy': 0.181406107544899, 'num_tokens': 808714240.0, 'mean_token_accuracy': 0.9524385422468186, 'epoch': 1.27}
{'loss': 0.1798, 'grad_norm': 0.16952478885650635, 'learning_rate': 0.00012935509157576425, 'entropy': 0.1820986196398735, 'num_tokens': 809369600.0, 'mean_token_accuracy': 0.9521419435739518, 'epoch': 1.27}
{'loss': 0.1806, 'grad_norm': 0.16531214118003845, 'learning_rate': 0.00012924901763282406, 'entropy': 0.18235476687550545, 'num_tokens': 810024960.0, 'mean_token_accuracy': 0.9521602898836136, 'epoch': 1.27}
{'loss': 0.1794, 'grad_norm': 0.17234809696674347, 'learning_rate': 0.00012914290768872315, 'entropy': 0.18182085752487182, 'num_tokens': 810680320.0, 'mean_token_accuracy': 0.9522611945867538, 'epoch': 1.27}
{'loss': 0.1806, 'grad_norm': 0.1426209956407547, 'learning_rate': 0.00012903676187406694, 'entropy': 0.1825697548687458, 'num_tokens': 811335680.0, 'mean_token_accuracy': 0.9520486831665039, 'epoch': 1.27}
{'loss': 0.1788, 'grad_norm': 0.16262385249137878, 'learning_rate': 0.00012893058031950502, 'entropy': 0.18113154098391532, 'num_tokens': 811991040.0, 'mean_token_accuracy': 0.9523819744586944, 'epoch': 1.27}
{'loss': 0.1803, 'grad_norm': 0.16469745337963104, 'learning_rate': 0.00012882436315573106, 'entropy': 0.18298571929335594, 'num_tokens': 812646400.0, 'mean_token_accuracy': 0.9522153288125992, 'epoch': 1.27}
{'loss': 0.1804, 'grad_norm': 0.15572507679462433, 'learning_rate': 0.00012871811051348234, 'entropy': 0.18247826769948006, 'num_tokens': 813301760.0, 'mean_token_accuracy': 0.9520043462514878, 'epoch': 1.28}
{'loss': 0.1809, 'grad_norm': 0.18447010219097137, 'learning_rate': 0.00012861182252354007, 'entropy': 0.183518448472023, 'num_tokens': 813957120.0, 'mean_token_accuracy': 0.9521205395460128, 'epoch': 1.28}
{'loss': 0.1793, 'grad_norm': 0.1446777582168579, 'learning_rate': 0.00012850549931672878, 'entropy': 0.18159887418150902, 'num_tokens': 814612480.0, 'mean_token_accuracy': 0.9525409758090972, 'epoch': 1.28}
{'loss': 0.1783, 'grad_norm': 0.15145744383335114, 'learning_rate': 0.0001283991410239165, 'entropy': 0.1807351678609848, 'num_tokens': 815267840.0, 'mean_token_accuracy': 0.9526036590337753, 'epoch': 1.28}
{'loss': 0.1812, 'grad_norm': 0.14732801914215088, 'learning_rate': 0.00012829274777601424, 'entropy': 0.18344872295856476, 'num_tokens': 815923200.0, 'mean_token_accuracy': 0.9518514603376389, 'epoch': 1.28}
{'loss': 0.1805, 'grad_norm': 0.14339876174926758, 'learning_rate': 0.0001281863197039763, 'entropy': 0.18280993402004242, 'num_tokens': 816578560.0, 'mean_token_accuracy': 0.9521893382072448, 'epoch': 1.28}
{'loss': 0.1798, 'grad_norm': 0.14155574142932892, 'learning_rate': 0.0001280798569387996, 'entropy': 0.18196642398834229, 'num_tokens': 817233920.0, 'mean_token_accuracy': 0.9523758590221405, 'epoch': 1.28}
{'loss': 0.1813, 'grad_norm': 0.15944832563400269, 'learning_rate': 0.00012797335961152386, 'entropy': 0.18425268679857254, 'num_tokens': 817889280.0, 'mean_token_accuracy': 0.9519126147031785, 'epoch': 1.28}
{'loss': 0.1797, 'grad_norm': 0.14673751592636108, 'learning_rate': 0.00012786682785323139, 'entropy': 0.18183154985308647, 'num_tokens': 818544640.0, 'mean_token_accuracy': 0.952245905995369, 'epoch': 1.28}
{'loss': 0.179, 'grad_norm': 0.14858457446098328, 'learning_rate': 0.00012776026179504678, 'entropy': 0.1813424862921238, 'num_tokens': 819200000.0, 'mean_token_accuracy': 0.9524996966123581, 'epoch': 1.28}
{'loss': 0.1791, 'grad_norm': 0.1541214883327484, 'learning_rate': 0.00012765366156813695, 'entropy': 0.18147533759474754, 'num_tokens': 819855360.0, 'mean_token_accuracy': 0.9523636281490326, 'epoch': 1.29}
{'loss': 0.1794, 'grad_norm': 0.14295217394828796, 'learning_rate': 0.00012754702730371077, 'entropy': 0.18189871609210967, 'num_tokens': 820510720.0, 'mean_token_accuracy': 0.952158761024475, 'epoch': 1.29}
{'loss': 0.1792, 'grad_norm': 0.16169758141040802, 'learning_rate': 0.00012744035913301907, 'entropy': 0.1814102850854397, 'num_tokens': 821166080.0, 'mean_token_accuracy': 0.9523575127124786, 'epoch': 1.29}
{'loss': 0.1799, 'grad_norm': 0.14910666644573212, 'learning_rate': 0.0001273336571873544, 'entropy': 0.18201633542776108, 'num_tokens': 821821440.0, 'mean_token_accuracy': 0.9523758590221405, 'epoch': 1.29}
{'loss': 0.1797, 'grad_norm': 0.152046799659729, 'learning_rate': 0.00012722692159805086, 'entropy': 0.1817439429461956, 'num_tokens': 822476800.0, 'mean_token_accuracy': 0.9522718966007233, 'epoch': 1.29}
{'loss': 0.1797, 'grad_norm': 0.1524343490600586, 'learning_rate': 0.000127120152496484, 'entropy': 0.18164734691381454, 'num_tokens': 823132160.0, 'mean_token_accuracy': 0.9522688388824463, 'epoch': 1.29}
{'loss': 0.1809, 'grad_norm': 0.1416589766740799, 'learning_rate': 0.00012701335001407055, 'entropy': 0.18303451612591742, 'num_tokens': 823787520.0, 'mean_token_accuracy': 0.9518774509429931, 'epoch': 1.29}
{'loss': 0.1794, 'grad_norm': 0.15312066674232483, 'learning_rate': 0.00012690651428226842, 'entropy': 0.18151169791817665, 'num_tokens': 824442880.0, 'mean_token_accuracy': 0.9523559838533402, 'epoch': 1.29}
{'loss': 0.1808, 'grad_norm': 0.1650761514902115, 'learning_rate': 0.0001267996454325764, 'entropy': 0.18339649215340614, 'num_tokens': 825098240.0, 'mean_token_accuracy': 0.9521633476018906, 'epoch': 1.29}
{'loss': 0.1784, 'grad_norm': 0.14906679093837738, 'learning_rate': 0.000126692743596534, 'entropy': 0.18056296780705453, 'num_tokens': 825753600.0, 'mean_token_accuracy': 0.952502754330635, 'epoch': 1.29}
{'loss': 0.1801, 'grad_norm': 0.15482991933822632, 'learning_rate': 0.00012658580890572137, 'entropy': 0.1824791595339775, 'num_tokens': 826408960.0, 'mean_token_accuracy': 0.952105250954628, 'epoch': 1.3}
{'loss': 0.1804, 'grad_norm': 0.1651405394077301, 'learning_rate': 0.00012647884149175916, 'entropy': 0.1821649417281151, 'num_tokens': 827064320.0, 'mean_token_accuracy': 0.9521144241094589, 'epoch': 1.3}
{'loss': 0.1797, 'grad_norm': 0.16334107518196106, 'learning_rate': 0.00012637184148630822, 'entropy': 0.18187539279460907, 'num_tokens': 827719680.0, 'mean_token_accuracy': 0.9521740496158599, 'epoch': 1.3}
{'loss': 0.1798, 'grad_norm': 0.14492253959178925, 'learning_rate': 0.00012626480902106947, 'entropy': 0.1818806931376457, 'num_tokens': 828375040.0, 'mean_token_accuracy': 0.9523315221071244, 'epoch': 1.3}
{'loss': 0.1806, 'grad_norm': 0.17273302376270294, 'learning_rate': 0.00012615774422778392, 'entropy': 0.18259570449590684, 'num_tokens': 829030400.0, 'mean_token_accuracy': 0.9520853757858276, 'epoch': 1.3}
{'loss': 0.18, 'grad_norm': 0.20605918765068054, 'learning_rate': 0.00012605064723823225, 'entropy': 0.1823822572827339, 'num_tokens': 829685760.0, 'mean_token_accuracy': 0.9521832227706909, 'epoch': 1.3}
{'loss': 0.1801, 'grad_norm': 0.24552632868289948, 'learning_rate': 0.00012594351818423488, 'entropy': 0.18168194144964217, 'num_tokens': 830341120.0, 'mean_token_accuracy': 0.9519034415483475, 'epoch': 1.3}
{'loss': 0.1802, 'grad_norm': 0.18830235302448273, 'learning_rate': 0.00012583635719765158, 'entropy': 0.18203915581107138, 'num_tokens': 830996480.0, 'mean_token_accuracy': 0.9520700871944427, 'epoch': 1.3}
{'loss': 0.1788, 'grad_norm': 0.2022438645362854, 'learning_rate': 0.00012572916441038148, 'entropy': 0.18149315118789672, 'num_tokens': 831651840.0, 'mean_token_accuracy': 0.9522688388824463, 'epoch': 1.3}
{'loss': 0.1802, 'grad_norm': 0.18471258878707886, 'learning_rate': 0.00012562193995436282, 'entropy': 0.18185086473822593, 'num_tokens': 832307200.0, 'mean_token_accuracy': 0.9521235972642899, 'epoch': 1.31}
{'loss': 0.1791, 'grad_norm': 0.15955379605293274, 'learning_rate': 0.00012551468396157294, 'entropy': 0.1811238281428814, 'num_tokens': 832962560.0, 'mean_token_accuracy': 0.952308589220047, 'epoch': 1.31}
{'loss': 0.1791, 'grad_norm': 0.14529606699943542, 'learning_rate': 0.00012540739656402783, 'entropy': 0.18115847036242486, 'num_tokens': 833617920.0, 'mean_token_accuracy': 0.9523636281490326, 'epoch': 1.31}
{'loss': 0.1785, 'grad_norm': 0.16316373646259308, 'learning_rate': 0.00012530007789378225, 'entropy': 0.1808648981153965, 'num_tokens': 834273280.0, 'mean_token_accuracy': 0.9524859368801117, 'epoch': 1.31}
{'loss': 0.1784, 'grad_norm': 0.1485632061958313, 'learning_rate': 0.00012519272808292939, 'entropy': 0.18081728890538215, 'num_tokens': 834928640.0, 'mean_token_accuracy': 0.9526204764842987, 'epoch': 1.31}
{'loss': 0.1792, 'grad_norm': 0.15113425254821777, 'learning_rate': 0.00012508534726360078, 'entropy': 0.18091461360454558, 'num_tokens': 835584000.0, 'mean_token_accuracy': 0.9522948294878006, 'epoch': 1.31}
{'loss': 0.1793, 'grad_norm': 0.14156845211982727, 'learning_rate': 0.00012497793556796616, 'entropy': 0.18176830187439919, 'num_tokens': 836239360.0, 'mean_token_accuracy': 0.9525042831897735, 'epoch': 1.31}
{'loss': 0.1776, 'grad_norm': 0.15051774680614471, 'learning_rate': 0.00012487049312823322, 'entropy': 0.1803402505815029, 'num_tokens': 836894720.0, 'mean_token_accuracy': 0.9526953905820846, 'epoch': 1.31}
{'loss': 0.1775, 'grad_norm': 0.13648012280464172, 'learning_rate': 0.00012476302007664755, 'entropy': 0.17982102259993554, 'num_tokens': 837550080.0, 'mean_token_accuracy': 0.952927777171135, 'epoch': 1.31}
{'loss': 0.1772, 'grad_norm': 0.15693871676921844, 'learning_rate': 0.00012465551654549232, 'entropy': 0.17966703996062278, 'num_tokens': 838205440.0, 'mean_token_accuracy': 0.9528207570314408, 'epoch': 1.31}
{'loss': 0.1802, 'grad_norm': 0.15254656970500946, 'learning_rate': 0.00012454798266708835, 'entropy': 0.18250081241130828, 'num_tokens': 838860800.0, 'mean_token_accuracy': 0.9522734254598617, 'epoch': 1.32}
{'loss': 0.1781, 'grad_norm': 0.1600700169801712, 'learning_rate': 0.0001244404185737937, 'entropy': 0.18046188801527024, 'num_tokens': 839516160.0, 'mean_token_accuracy': 0.9525761395692826, 'epoch': 1.32}
{'loss': 0.1784, 'grad_norm': 0.1553448736667633, 'learning_rate': 0.00012433282439800364, 'entropy': 0.18106415420770644, 'num_tokens': 840171520.0, 'mean_token_accuracy': 0.9525623798370362, 'epoch': 1.32}
{'loss': 0.1783, 'grad_norm': 0.14525440335273743, 'learning_rate': 0.00012422520027215056, 'entropy': 0.1809136115014553, 'num_tokens': 840826880.0, 'mean_token_accuracy': 0.9525195717811584, 'epoch': 1.32}
{'loss': 0.1799, 'grad_norm': 0.1625543087720871, 'learning_rate': 0.00012411754632870355, 'entropy': 0.18111391440033914, 'num_tokens': 841482240.0, 'mean_token_accuracy': 0.9522856563329697, 'epoch': 1.32}
{'loss': 0.1794, 'grad_norm': 0.16382674872875214, 'learning_rate': 0.00012400986270016856, 'entropy': 0.18218576312065124, 'num_tokens': 842137600.0, 'mean_token_accuracy': 0.9522581368684768, 'epoch': 1.32}
{'loss': 0.1787, 'grad_norm': 0.15444506704807281, 'learning_rate': 0.00012390214951908798, 'entropy': 0.18095996528863906, 'num_tokens': 842792960.0, 'mean_token_accuracy': 0.9526831597089768, 'epoch': 1.32}
{'loss': 0.1787, 'grad_norm': 0.146428182721138, 'learning_rate': 0.00012379440691804067, 'entropy': 0.18086332678794861, 'num_tokens': 843448320.0, 'mean_token_accuracy': 0.9525088697671891, 'epoch': 1.32}
{'loss': 0.1785, 'grad_norm': 0.1607542783021927, 'learning_rate': 0.00012368663502964155, 'entropy': 0.18067459911108016, 'num_tokens': 844103680.0, 'mean_token_accuracy': 0.9525684952735901, 'epoch': 1.32}
{'loss': 0.1799, 'grad_norm': 0.16877873241901398, 'learning_rate': 0.00012357883398654172, 'entropy': 0.18217529058456422, 'num_tokens': 844759040.0, 'mean_token_accuracy': 0.95230553150177, 'epoch': 1.32}
{'loss': 0.1797, 'grad_norm': 0.15171489119529724, 'learning_rate': 0.00012347100392142812, 'entropy': 0.18253034576773644, 'num_tokens': 845414400.0, 'mean_token_accuracy': 0.952227559685707, 'epoch': 1.33}
{'loss': 0.1791, 'grad_norm': 0.15706054866313934, 'learning_rate': 0.00012336314496702336, 'entropy': 0.18161977902054788, 'num_tokens': 846069760.0, 'mean_token_accuracy': 0.9523972630500793, 'epoch': 1.33}
{'loss': 0.1784, 'grad_norm': 0.15881681442260742, 'learning_rate': 0.00012325525725608575, 'entropy': 0.1804378904402256, 'num_tokens': 846725120.0, 'mean_token_accuracy': 0.9525654375553131, 'epoch': 1.33}
{'loss': 0.1768, 'grad_norm': 0.15144182741641998, 'learning_rate': 0.0001231473409214089, 'entropy': 0.17905044108629226, 'num_tokens': 847380480.0, 'mean_token_accuracy': 0.9530164510011673, 'epoch': 1.33}
{'loss': 0.1776, 'grad_norm': 0.15999560058116913, 'learning_rate': 0.0001230393960958216, 'entropy': 0.1799189031124115, 'num_tokens': 848035840.0, 'mean_token_accuracy': 0.9526204764842987, 'epoch': 1.33}
{'loss': 0.1765, 'grad_norm': 0.1564316302537918, 'learning_rate': 0.00012293142291218772, 'entropy': 0.17902714759111404, 'num_tokens': 848691200.0, 'mean_token_accuracy': 0.9530179798603058, 'epoch': 1.33}
{'loss': 0.1773, 'grad_norm': 0.1507299542427063, 'learning_rate': 0.00012282342150340622, 'entropy': 0.17935213819146156, 'num_tokens': 849346560.0, 'mean_token_accuracy': 0.952855920791626, 'epoch': 1.33}
{'loss': 0.1791, 'grad_norm': 0.1732466220855713, 'learning_rate': 0.00012271539200241061, 'entropy': 0.18107162937521934, 'num_tokens': 850001920.0, 'mean_token_accuracy': 0.9523880898952484, 'epoch': 1.33}
{'loss': 0.1799, 'grad_norm': 0.18943031132221222, 'learning_rate': 0.00012260733454216892, 'entropy': 0.18209647610783578, 'num_tokens': 850657280.0, 'mean_token_accuracy': 0.9522520214319229, 'epoch': 1.33}
{'loss': 0.1795, 'grad_norm': 0.19250015914440155, 'learning_rate': 0.00012249924925568386, 'entropy': 0.18196830227971078, 'num_tokens': 851312640.0, 'mean_token_accuracy': 0.9522688388824463, 'epoch': 1.33}
{'loss': 0.1795, 'grad_norm': 0.13606594502925873, 'learning_rate': 0.00012239113627599213, 'entropy': 0.1810963362455368, 'num_tokens': 851968000.0, 'mean_token_accuracy': 0.9522749543190002, 'epoch': 1.34}
{'eval_loss': 0.1769021451473236, 'eval_runtime': 78.2444, 'eval_samples_per_second': 63.902, 'eval_steps_per_second': 1.01, 'eval_entropy': 0.18065018536923808, 'eval_num_tokens': 851968000.0, 'eval_mean_token_accuracy': 0.9529097985617722, 'epoch': 1.34}
{'loss': 0.1786, 'grad_norm': 0.1500432938337326, 'learning_rate': 0.0001222829957361647, 'entropy': 0.18109022527933122, 'num_tokens': 852623360.0, 'mean_token_accuracy': 0.9523208200931549, 'epoch': 1.34}
{'loss': 0.1785, 'grad_norm': 0.1534738540649414, 'learning_rate': 0.0001221748277693063, 'entropy': 0.18032208681106568, 'num_tokens': 853278720.0, 'mean_token_accuracy': 0.952446186542511, 'epoch': 1.34}
{'loss': 0.1782, 'grad_norm': 0.16327796876430511, 'learning_rate': 0.00012206663250855555, 'entropy': 0.1803318239748478, 'num_tokens': 853934080.0, 'mean_token_accuracy': 0.952643409371376, 'epoch': 1.34}
{'loss': 0.1771, 'grad_norm': 0.161930650472641, 'learning_rate': 0.00012195841008708457, 'entropy': 0.18007434159517288, 'num_tokens': 854589440.0, 'mean_token_accuracy': 0.953056201338768, 'epoch': 1.34}
{'loss': 0.1785, 'grad_norm': 0.1419631689786911, 'learning_rate': 0.00012185016063809898, 'entropy': 0.1807745359838009, 'num_tokens': 855244800.0, 'mean_token_accuracy': 0.9527718335390091, 'epoch': 1.34}
{'loss': 0.1775, 'grad_norm': 0.1523536592721939, 'learning_rate': 0.00012174188429483764, 'entropy': 0.18009986355900764, 'num_tokens': 855900160.0, 'mean_token_accuracy': 0.9527137368917465, 'epoch': 1.34}
{'loss': 0.1775, 'grad_norm': 0.15457479655742645, 'learning_rate': 0.00012163358119057255, 'entropy': 0.1794911079108715, 'num_tokens': 856555520.0, 'mean_token_accuracy': 0.9526357650756836, 'epoch': 1.34}
{'loss': 0.1798, 'grad_norm': 0.14969609677791595, 'learning_rate': 0.00012152525145860856, 'entropy': 0.18171652778983116, 'num_tokens': 857210880.0, 'mean_token_accuracy': 0.9524614751338959, 'epoch': 1.34}
{'loss': 0.1799, 'grad_norm': 0.14125452935695648, 'learning_rate': 0.00012141689523228337, 'entropy': 0.18199271559715272, 'num_tokens': 857866240.0, 'mean_token_accuracy': 0.9520043462514878, 'epoch': 1.35}
{'loss': 0.1774, 'grad_norm': 0.17397157847881317, 'learning_rate': 0.00012130851264496727, 'entropy': 0.17959048300981523, 'num_tokens': 858521600.0, 'mean_token_accuracy': 0.9530500859022141, 'epoch': 1.35}
{'loss': 0.1792, 'grad_norm': 0.16275404393672943, 'learning_rate': 0.00012120010383006299, 'entropy': 0.18135152086615564, 'num_tokens': 859176960.0, 'mean_token_accuracy': 0.9523376375436783, 'epoch': 1.35}
{'loss': 0.1781, 'grad_norm': 0.16465626657009125, 'learning_rate': 0.00012109166892100554, 'entropy': 0.18045211732387542, 'num_tokens': 859832320.0, 'mean_token_accuracy': 0.9525944858789444, 'epoch': 1.35}
{'loss': 0.1771, 'grad_norm': 0.1445678472518921, 'learning_rate': 0.00012098320805126208, 'entropy': 0.17924247905611992, 'num_tokens': 860487680.0, 'mean_token_accuracy': 0.9527489006519317, 'epoch': 1.35}
{'loss': 0.1784, 'grad_norm': 0.16707558929920197, 'learning_rate': 0.00012087472135433166, 'entropy': 0.18019969165325164, 'num_tokens': 861143040.0, 'mean_token_accuracy': 0.9526235342025757, 'epoch': 1.35}
{'loss': 0.178, 'grad_norm': 0.17124733328819275, 'learning_rate': 0.00012076620896374522, 'entropy': 0.18020783364772797, 'num_tokens': 861798400.0, 'mean_token_accuracy': 0.9526571691036224, 'epoch': 1.35}
{'loss': 0.1786, 'grad_norm': 0.16210976243019104, 'learning_rate': 0.0001206576710130652, 'entropy': 0.18093006312847137, 'num_tokens': 862453760.0, 'mean_token_accuracy': 0.9526189476251602, 'epoch': 1.35}
{'loss': 0.1777, 'grad_norm': 0.1428702175617218, 'learning_rate': 0.00012054910763588561, 'entropy': 0.1803955428302288, 'num_tokens': 863109120.0, 'mean_token_accuracy': 0.9527060925960541, 'epoch': 1.35}
{'loss': 0.1762, 'grad_norm': 0.16696763038635254, 'learning_rate': 0.00012044051896583166, 'entropy': 0.1780921660363674, 'num_tokens': 863764480.0, 'mean_token_accuracy': 0.9531800389289856, 'epoch': 1.35}
{'loss': 0.177, 'grad_norm': 0.15689362585544586, 'learning_rate': 0.00012033190513655976, 'entropy': 0.1801844820380211, 'num_tokens': 864419840.0, 'mean_token_accuracy': 0.9529889315366745, 'epoch': 1.36}
{'loss': 0.1783, 'grad_norm': 0.15053889155387878, 'learning_rate': 0.00012022326628175734, 'entropy': 0.1798576109111309, 'num_tokens': 865075200.0, 'mean_token_accuracy': 0.9526663422584534, 'epoch': 1.36}
{'loss': 0.1771, 'grad_norm': 0.15097858011722565, 'learning_rate': 0.00012011460253514244, 'entropy': 0.17988350465893746, 'num_tokens': 865730560.0, 'mean_token_accuracy': 0.952921661734581, 'epoch': 1.36}
{'loss': 0.1777, 'grad_norm': 0.15585289895534515, 'learning_rate': 0.00012000591403046395, 'entropy': 0.17995549887418746, 'num_tokens': 866385920.0, 'mean_token_accuracy': 0.9527030348777771, 'epoch': 1.36}
{'loss': 0.1787, 'grad_norm': 0.16654615104198456, 'learning_rate': 0.00011989720090150114, 'entropy': 0.18114100024104118, 'num_tokens': 867041280.0, 'mean_token_accuracy': 0.952433955669403, 'epoch': 1.36}
{'loss': 0.1787, 'grad_norm': 0.1516401767730713, 'learning_rate': 0.00011978846328206352, 'entropy': 0.18084568306803703, 'num_tokens': 867696640.0, 'mean_token_accuracy': 0.9523804455995559, 'epoch': 1.36}
{'loss': 0.178, 'grad_norm': 0.15842919051647186, 'learning_rate': 0.0001196797013059909, 'entropy': 0.18065485879778861, 'num_tokens': 868352000.0, 'mean_token_accuracy': 0.9527167946100235, 'epoch': 1.36}
{'loss': 0.1784, 'grad_norm': 0.14944206178188324, 'learning_rate': 0.0001195709151071529, 'entropy': 0.18089615777134896, 'num_tokens': 869007360.0, 'mean_token_accuracy': 0.9525960147380829, 'epoch': 1.36}
{'loss': 0.1776, 'grad_norm': 0.20278124511241913, 'learning_rate': 0.00011946210481944917, 'entropy': 0.17968760505318643, 'num_tokens': 869662720.0, 'mean_token_accuracy': 0.9526999771595002, 'epoch': 1.36}
{'loss': 0.1781, 'grad_norm': 0.16174660623073578, 'learning_rate': 0.00011935327057680874, 'entropy': 0.18092217296361923, 'num_tokens': 870318080.0, 'mean_token_accuracy': 0.9527060925960541, 'epoch': 1.36}
{'loss': 0.1775, 'grad_norm': 0.1444913148880005, 'learning_rate': 0.00011924441251319037, 'entropy': 0.17968582659959792, 'num_tokens': 870973440.0, 'mean_token_accuracy': 0.9528115838766098, 'epoch': 1.37}
{'loss': 0.1776, 'grad_norm': 0.14868882298469543, 'learning_rate': 0.00011913553076258197, 'entropy': 0.17972455993294717, 'num_tokens': 871628800.0, 'mean_token_accuracy': 0.9526831597089768, 'epoch': 1.37}
{'loss': 0.1782, 'grad_norm': 0.15312054753303528, 'learning_rate': 0.0001190266254590007, 'entropy': 0.18050924316048622, 'num_tokens': 872284160.0, 'mean_token_accuracy': 0.9528513342142105, 'epoch': 1.37}
{'loss': 0.1792, 'grad_norm': 0.15455082058906555, 'learning_rate': 0.00011891769673649265, 'entropy': 0.1813830628991127, 'num_tokens': 872939520.0, 'mean_token_accuracy': 0.9524568885564804, 'epoch': 1.37}
{'loss': 0.1798, 'grad_norm': 0.15128524601459503, 'learning_rate': 0.00011880874472913279, 'entropy': 0.18197868317365645, 'num_tokens': 873594880.0, 'mean_token_accuracy': 0.9524232536554337, 'epoch': 1.37}
{'loss': 0.1784, 'grad_norm': 0.1590781956911087, 'learning_rate': 0.00011869976957102473, 'entropy': 0.18078088089823724, 'num_tokens': 874250240.0, 'mean_token_accuracy': 0.9526036590337753, 'epoch': 1.37}
{'loss': 0.1782, 'grad_norm': 0.1569843888282776, 'learning_rate': 0.00011859077139630057, 'entropy': 0.18042258471250533, 'num_tokens': 874905600.0, 'mean_token_accuracy': 0.9526388227939606, 'epoch': 1.37}
{'loss': 0.1768, 'grad_norm': 0.15959742665290833, 'learning_rate': 0.00011848175033912072, 'entropy': 0.17906452491879463, 'num_tokens': 875560960.0, 'mean_token_accuracy': 0.9530974805355072, 'epoch': 1.37}
{'loss': 0.1773, 'grad_norm': 0.14576640725135803, 'learning_rate': 0.00011837270653367382, 'entropy': 0.17934887632727622, 'num_tokens': 876216320.0, 'mean_token_accuracy': 0.9528834402561188, 'epoch': 1.37}
{'loss': 0.179, 'grad_norm': 0.15863414108753204, 'learning_rate': 0.00011826364011417642, 'entropy': 0.18095991984009743, 'num_tokens': 876871680.0, 'mean_token_accuracy': 0.9526128321886063, 'epoch': 1.37}
{'loss': 0.1778, 'grad_norm': 0.18891960382461548, 'learning_rate': 0.00011815455121487296, 'entropy': 0.18014275133609772, 'num_tokens': 877527040.0, 'mean_token_accuracy': 0.9527244389057159, 'epoch': 1.38}
{'loss': 0.1793, 'grad_norm': 0.18889294564723969, 'learning_rate': 0.00011804543997003554, 'entropy': 0.1803296536207199, 'num_tokens': 878182400.0, 'mean_token_accuracy': 0.9522245019674301, 'epoch': 1.38}
{'loss': 0.1778, 'grad_norm': 0.17988625168800354, 'learning_rate': 0.00011793630651396379, 'entropy': 0.17988112345337867, 'num_tokens': 878837760.0, 'mean_token_accuracy': 0.952514985203743, 'epoch': 1.38}
{'loss': 0.1777, 'grad_norm': 0.1552446186542511, 'learning_rate': 0.00011782715098098463, 'entropy': 0.17967788577079774, 'num_tokens': 879493120.0, 'mean_token_accuracy': 0.9527580738067627, 'epoch': 1.38}
{'loss': 0.1776, 'grad_norm': 0.1493782103061676, 'learning_rate': 0.00011771797350545218, 'entropy': 0.18017651960253717, 'num_tokens': 880148480.0, 'mean_token_accuracy': 0.9527641892433166, 'epoch': 1.38}
{'loss': 0.1776, 'grad_norm': 0.14911365509033203, 'learning_rate': 0.00011760877422174755, 'entropy': 0.18029808178544043, 'num_tokens': 880803840.0, 'mean_token_accuracy': 0.9526021301746368, 'epoch': 1.38}
{'loss': 0.1769, 'grad_norm': 0.15804876387119293, 'learning_rate': 0.0001174995532642787, 'entropy': 0.17928289100527764, 'num_tokens': 881459200.0, 'mean_token_accuracy': 0.953059259057045, 'epoch': 1.38}
{'loss': 0.1766, 'grad_norm': 0.1429576724767685, 'learning_rate': 0.00011739031076748031, 'entropy': 0.1792854405939579, 'num_tokens': 882114560.0, 'mean_token_accuracy': 0.9529568254947662, 'epoch': 1.38}
{'loss': 0.1774, 'grad_norm': 0.15083132684230804, 'learning_rate': 0.0001172810468658135, 'entropy': 0.1798536352813244, 'num_tokens': 882769920.0, 'mean_token_accuracy': 0.9527198523283005, 'epoch': 1.38}
{'loss': 0.177, 'grad_norm': 0.1541709154844284, 'learning_rate': 0.00011717176169376578, 'entropy': 0.17876449897885321, 'num_tokens': 883425280.0, 'mean_token_accuracy': 0.9529812872409821, 'epoch': 1.39}
{'loss': 0.1778, 'grad_norm': 0.15192300081253052, 'learning_rate': 0.00011706245538585085, 'entropy': 0.18032437115907668, 'num_tokens': 884080640.0, 'mean_token_accuracy': 0.952580726146698, 'epoch': 1.39}
{'loss': 0.1762, 'grad_norm': 0.15089736878871918, 'learning_rate': 0.0001169531280766084, 'entropy': 0.17897627875208855, 'num_tokens': 884736000.0, 'mean_token_accuracy': 0.9531234711408615, 'epoch': 1.39}
{'loss': 0.1773, 'grad_norm': 0.17132820188999176, 'learning_rate': 0.00011684377990060396, 'entropy': 0.17962150126695633, 'num_tokens': 885391360.0, 'mean_token_accuracy': 0.952984344959259, 'epoch': 1.39}
{'loss': 0.1771, 'grad_norm': 0.16579744219779968, 'learning_rate': 0.00011673441099242877, 'entropy': 0.17974233403801917, 'num_tokens': 886046720.0, 'mean_token_accuracy': 0.9529950469732285, 'epoch': 1.39}
{'loss': 0.1779, 'grad_norm': 0.17383290827274323, 'learning_rate': 0.00011662502148669959, 'entropy': 0.17994851022958755, 'num_tokens': 886702080.0, 'mean_token_accuracy': 0.9527167946100235, 'epoch': 1.39}
{'loss': 0.1771, 'grad_norm': 0.15596923232078552, 'learning_rate': 0.00011651561151805847, 'entropy': 0.17927528396248818, 'num_tokens': 887357440.0, 'mean_token_accuracy': 0.9527106791734695, 'epoch': 1.39}
{'loss': 0.1778, 'grad_norm': 0.17165066301822662, 'learning_rate': 0.00011640618122117278, 'entropy': 0.1800278902053833, 'num_tokens': 888012800.0, 'mean_token_accuracy': 0.9526021301746368, 'epoch': 1.39}
{'loss': 0.1762, 'grad_norm': 0.16191299259662628, 'learning_rate': 0.00011629673073073475, 'entropy': 0.17828872054815292, 'num_tokens': 888668160.0, 'mean_token_accuracy': 0.9531035959720612, 'epoch': 1.39}
{'loss': 0.1774, 'grad_norm': 0.16462305188179016, 'learning_rate': 0.00011618726018146163, 'entropy': 0.18014994412660598, 'num_tokens': 889323520.0, 'mean_token_accuracy': 0.9527748912572861, 'epoch': 1.39}
{'loss': 0.1778, 'grad_norm': 0.14805662631988525, 'learning_rate': 0.00011607776970809519, 'entropy': 0.18006580397486688, 'num_tokens': 889978880.0, 'mean_token_accuracy': 0.9525012254714966, 'epoch': 1.4}
{'loss': 0.1776, 'grad_norm': 0.1536596268415451, 'learning_rate': 0.00011596825944540182, 'entropy': 0.18036689087748528, 'num_tokens': 890634240.0, 'mean_token_accuracy': 0.9525532066822052, 'epoch': 1.4}
{'loss': 0.1752, 'grad_norm': 0.14932742714881897, 'learning_rate': 0.00011585872952817229, 'entropy': 0.17780152186751366, 'num_tokens': 891289600.0, 'mean_token_accuracy': 0.9534705221652985, 'epoch': 1.4}
{'loss': 0.1767, 'grad_norm': 0.15551894903182983, 'learning_rate': 0.00011574918009122151, 'entropy': 0.17856564298272132, 'num_tokens': 891944960.0, 'mean_token_accuracy': 0.9531433463096619, 'epoch': 1.4}
{'loss': 0.1762, 'grad_norm': 0.16057145595550537, 'learning_rate': 0.00011563961126938843, 'entropy': 0.17875884100794792, 'num_tokens': 892600320.0, 'mean_token_accuracy': 0.9530638456344604, 'epoch': 1.4}
{'loss': 0.1779, 'grad_norm': 0.150171160697937, 'learning_rate': 0.00011553002319753588, 'entropy': 0.17984442189335823, 'num_tokens': 893255680.0, 'mean_token_accuracy': 0.9526892751455307, 'epoch': 1.4}
{'loss': 0.1759, 'grad_norm': 0.14466285705566406, 'learning_rate': 0.00011542041601055034, 'entropy': 0.17907879129052162, 'num_tokens': 893911040.0, 'mean_token_accuracy': 0.9534154832363129, 'epoch': 1.4}
{'loss': 0.1765, 'grad_norm': 0.15216092765331268, 'learning_rate': 0.00011531078984334183, 'entropy': 0.17835137695074083, 'num_tokens': 894566400.0, 'mean_token_accuracy': 0.9530974805355072, 'epoch': 1.4}
{'loss': 0.1768, 'grad_norm': 0.18994581699371338, 'learning_rate': 0.0001152011448308438, 'entropy': 0.17962507009506226, 'num_tokens': 895221760.0, 'mean_token_accuracy': 0.9530607879161834, 'epoch': 1.4}
{'loss': 0.176, 'grad_norm': 0.1475638747215271, 'learning_rate': 0.00011509148110801278, 'entropy': 0.17805492803454398, 'num_tokens': 895877120.0, 'mean_token_accuracy': 0.9531922698020935, 'epoch': 1.4}
{'loss': 0.1768, 'grad_norm': 0.1493593156337738, 'learning_rate': 0.00011498179880982844, 'entropy': 0.17899275571107864, 'num_tokens': 896532480.0, 'mean_token_accuracy': 0.9531723946332932, 'epoch': 1.41}
{'loss': 0.1769, 'grad_norm': 0.1515597254037857, 'learning_rate': 0.00011487209807129324, 'entropy': 0.17944789603352546, 'num_tokens': 897187840.0, 'mean_token_accuracy': 0.9529124885797501, 'epoch': 1.41}
{'loss': 0.1767, 'grad_norm': 0.14672082662582397, 'learning_rate': 0.00011476237902743239, 'entropy': 0.17897713407874108, 'num_tokens': 897843200.0, 'mean_token_accuracy': 0.9528834402561188, 'epoch': 1.41}
{'loss': 0.175, 'grad_norm': 0.17724910378456116, 'learning_rate': 0.00011465264181329356, 'entropy': 0.1773677200078964, 'num_tokens': 898498560.0, 'mean_token_accuracy': 0.9534246563911438, 'epoch': 1.41}
{'loss': 0.1775, 'grad_norm': 0.176116481423378, 'learning_rate': 0.00011454288656394685, 'entropy': 0.1796417251229286, 'num_tokens': 899153920.0, 'mean_token_accuracy': 0.9526235342025757, 'epoch': 1.41}
{'loss': 0.1759, 'grad_norm': 0.15986356139183044, 'learning_rate': 0.00011443311341448454, 'entropy': 0.1781956247985363, 'num_tokens': 899809280.0, 'mean_token_accuracy': 0.9532014429569244, 'epoch': 1.41}
{'loss': 0.1764, 'grad_norm': 0.16272059082984924, 'learning_rate': 0.00011432332250002093, 'entropy': 0.17915994822978973, 'num_tokens': 900464640.0, 'mean_token_accuracy': 0.9531739234924317, 'epoch': 1.41}
{'loss': 0.1751, 'grad_norm': 0.15477608144283295, 'learning_rate': 0.0001142135139556922, 'entropy': 0.17732553333044052, 'num_tokens': 901120000.0, 'mean_token_accuracy': 0.9534858107566834, 'epoch': 1.41}
{'loss': 0.1759, 'grad_norm': 0.15325695276260376, 'learning_rate': 0.00011410368791665622, 'entropy': 0.17856035009026527, 'num_tokens': 901775360.0, 'mean_token_accuracy': 0.9534965127706527, 'epoch': 1.41}
{'loss': 0.1764, 'grad_norm': 0.16928908228874207, 'learning_rate': 0.00011399384451809241, 'entropy': 0.1786333478987217, 'num_tokens': 902430720.0, 'mean_token_accuracy': 0.953056201338768, 'epoch': 1.42}
{'loss': 0.177, 'grad_norm': 0.18239282071590424, 'learning_rate': 0.00011388398389520154, 'entropy': 0.1777084030210972, 'num_tokens': 903086080.0, 'mean_token_accuracy': 0.9528681516647339, 'epoch': 1.42}
{'loss': 0.1766, 'grad_norm': 0.16067923605442047, 'learning_rate': 0.00011377410618320556, 'entropy': 0.1790418080985546, 'num_tokens': 903741440.0, 'mean_token_accuracy': 0.9527733623981476, 'epoch': 1.42}
{'loss': 0.1774, 'grad_norm': 0.15130199491977692, 'learning_rate': 0.00011366421151734752, 'entropy': 0.17936212494969367, 'num_tokens': 904396800.0, 'mean_token_accuracy': 0.9527366697788239, 'epoch': 1.42}
{'loss': 0.1761, 'grad_norm': 0.17303477227687836, 'learning_rate': 0.00011355430003289126, 'entropy': 0.1787826396524906, 'num_tokens': 905052160.0, 'mean_token_accuracy': 0.9530577301979065, 'epoch': 1.42}
{'loss': 0.1753, 'grad_norm': 0.14779379963874817, 'learning_rate': 0.00011344437186512138, 'entropy': 0.1776105858385563, 'num_tokens': 905707520.0, 'mean_token_accuracy': 0.9532381355762481, 'epoch': 1.42}
{'loss': 0.1762, 'grad_norm': 0.17979510128498077, 'learning_rate': 0.00011333442714934302, 'entropy': 0.1788022831082344, 'num_tokens': 906362880.0, 'mean_token_accuracy': 0.953121942281723, 'epoch': 1.42}
{'loss': 0.1761, 'grad_norm': 0.1489584892988205, 'learning_rate': 0.00011322446602088159, 'entropy': 0.17847243547439576, 'num_tokens': 907018240.0, 'mean_token_accuracy': 0.9532014429569244, 'epoch': 1.42}
{'loss': 0.1754, 'grad_norm': 0.1436552256345749, 'learning_rate': 0.00011311448861508283, 'entropy': 0.17794098779559137, 'num_tokens': 907673600.0, 'mean_token_accuracy': 0.9533466845750809, 'epoch': 1.42}
{'loss': 0.1765, 'grad_norm': 0.1409793645143509, 'learning_rate': 0.00011300449506731245, 'entropy': 0.1789826385676861, 'num_tokens': 908328960.0, 'mean_token_accuracy': 0.9530913650989532, 'epoch': 1.42}
{'loss': 0.1764, 'grad_norm': 0.150386244058609, 'learning_rate': 0.000112894485512956, 'entropy': 0.17841936275362968, 'num_tokens': 908984320.0, 'mean_token_accuracy': 0.9530898362398148, 'epoch': 1.43}
{'loss': 0.175, 'grad_norm': 0.14964774250984192, 'learning_rate': 0.00011278446008741883, 'entropy': 0.17712874710559845, 'num_tokens': 909639680.0, 'mean_token_accuracy': 0.9532732993364335, 'epoch': 1.43}
{'loss': 0.1761, 'grad_norm': 0.14676916599273682, 'learning_rate': 0.00011267441892612571, 'entropy': 0.17894186526536943, 'num_tokens': 910295040.0, 'mean_token_accuracy': 0.9532947033643723, 'epoch': 1.43}
{'loss': 0.1754, 'grad_norm': 0.14596480131149292, 'learning_rate': 0.00011256436216452087, 'entropy': 0.1779572069644928, 'num_tokens': 910950400.0, 'mean_token_accuracy': 0.9533833771944046, 'epoch': 1.43}
{'loss': 0.1748, 'grad_norm': 0.1502522975206375, 'learning_rate': 0.00011245428993806766, 'entropy': 0.17744030952453613, 'num_tokens': 911605760.0, 'mean_token_accuracy': 0.9535118013620376, 'epoch': 1.43}
{'loss': 0.1757, 'grad_norm': 0.14415425062179565, 'learning_rate': 0.00011234420238224853, 'entropy': 0.17783409208059311, 'num_tokens': 912261120.0, 'mean_token_accuracy': 0.953196856379509, 'epoch': 1.43}
{'loss': 0.1758, 'grad_norm': 0.16277854144573212, 'learning_rate': 0.0001122340996325648, 'entropy': 0.1783020578324795, 'num_tokens': 912916480.0, 'mean_token_accuracy': 0.9530959516763687, 'epoch': 1.43}
{'loss': 0.1755, 'grad_norm': 0.15732157230377197, 'learning_rate': 0.00011212398182453641, 'entropy': 0.1778830587863922, 'num_tokens': 913571840.0, 'mean_token_accuracy': 0.9531494617462158, 'epoch': 1.43}
{'loss': 0.1745, 'grad_norm': 0.14595746994018555, 'learning_rate': 0.00011201384909370191, 'entropy': 0.17669021636247634, 'num_tokens': 914227200.0, 'mean_token_accuracy': 0.953606590628624, 'epoch': 1.43}
{'loss': 0.1765, 'grad_norm': 0.16830751299858093, 'learning_rate': 0.00011190370157561824, 'entropy': 0.1785903848707676, 'num_tokens': 914882560.0, 'mean_token_accuracy': 0.9531708657741547, 'epoch': 1.43}
{'loss': 0.1756, 'grad_norm': 0.15417557954788208, 'learning_rate': 0.0001117935394058605, 'entropy': 0.17774963304400443, 'num_tokens': 915537920.0, 'mean_token_accuracy': 0.953121942281723, 'epoch': 1.44}
{'loss': 0.176, 'grad_norm': 0.15328221023082733, 'learning_rate': 0.0001116833627200218, 'entropy': 0.17868401780724524, 'num_tokens': 916193280.0, 'mean_token_accuracy': 0.9530730187892914, 'epoch': 1.44}
{'loss': 0.1748, 'grad_norm': 0.14948949217796326, 'learning_rate': 0.0001115731716537131, 'entropy': 0.1769744224846363, 'num_tokens': 916848640.0, 'mean_token_accuracy': 0.9534277141094207, 'epoch': 1.44}
{'loss': 0.1748, 'grad_norm': 0.15595413744449615, 'learning_rate': 0.00011146296634256319, 'entropy': 0.17662280946969985, 'num_tokens': 917504000.0, 'mean_token_accuracy': 0.9534567624330521, 'epoch': 1.44}
{'eval_loss': 0.1742914915084839, 'eval_runtime': 78.1709, 'eval_samples_per_second': 63.962, 'eval_steps_per_second': 1.011, 'eval_entropy': 0.17705898175511178, 'eval_num_tokens': 917504000.0, 'eval_mean_token_accuracy': 0.9534687030164501, 'epoch': 1.44}
{'loss': 0.1757, 'grad_norm': 0.15814004838466644, 'learning_rate': 0.0001113527469222182, 'entropy': 0.17832119017839432, 'num_tokens': 918159360.0, 'mean_token_accuracy': 0.9530913650989532, 'epoch': 1.44}
{'loss': 0.1773, 'grad_norm': 0.16092334687709808, 'learning_rate': 0.00011124251352834183, 'entropy': 0.1792824685573578, 'num_tokens': 918814720.0, 'mean_token_accuracy': 0.9526846885681153, 'epoch': 1.44}
{'loss': 0.1747, 'grad_norm': 0.15582382678985596, 'learning_rate': 0.00011113226629661484, 'entropy': 0.17686606869101523, 'num_tokens': 919470080.0, 'mean_token_accuracy': 0.9534582912921905, 'epoch': 1.44}
{'loss': 0.1766, 'grad_norm': 0.16237208247184753, 'learning_rate': 0.00011102200536273506, 'entropy': 0.17880203500390052, 'num_tokens': 920125440.0, 'mean_token_accuracy': 0.9530791342258453, 'epoch': 1.44}
{'loss': 0.1754, 'grad_norm': 0.1476190984249115, 'learning_rate': 0.00011091173086241717, 'entropy': 0.17799562439322472, 'num_tokens': 920780800.0, 'mean_token_accuracy': 0.9532977610826492, 'epoch': 1.44}
{'loss': 0.1745, 'grad_norm': 0.1507406234741211, 'learning_rate': 0.00011080144293139261, 'entropy': 0.17642005607485772, 'num_tokens': 921436160.0, 'mean_token_accuracy': 0.9534766376018524, 'epoch': 1.44}
{'loss': 0.1751, 'grad_norm': 0.14731432497501373, 'learning_rate': 0.0001106911417054093, 'entropy': 0.17756688594818115, 'num_tokens': 922091520.0, 'mean_token_accuracy': 0.9533772617578506, 'epoch': 1.45}
{'loss': 0.1753, 'grad_norm': 0.15324638783931732, 'learning_rate': 0.00011058082732023148, 'entropy': 0.17774099856615067, 'num_tokens': 922746880.0, 'mean_token_accuracy': 0.9532213181257247, 'epoch': 1.45}
{'loss': 0.1745, 'grad_norm': 0.15344412624835968, 'learning_rate': 0.00011047049991163969, 'entropy': 0.17696327567100525, 'num_tokens': 923402240.0, 'mean_token_accuracy': 0.9534812241792678, 'epoch': 1.45}
{'loss': 0.1757, 'grad_norm': 0.1767752766609192, 'learning_rate': 0.00011036015961543047, 'entropy': 0.17790117263793945, 'num_tokens': 924057600.0, 'mean_token_accuracy': 0.9531448751688003, 'epoch': 1.45}
{'loss': 0.1757, 'grad_norm': 0.15612925589084625, 'learning_rate': 0.00011024980656741612, 'entropy': 0.17833027467131615, 'num_tokens': 924712960.0, 'mean_token_accuracy': 0.9531555771827698, 'epoch': 1.45}
{'loss': 0.175, 'grad_norm': 0.16879485547542572, 'learning_rate': 0.00011013944090342478, 'entropy': 0.17733216062188148, 'num_tokens': 925368320.0, 'mean_token_accuracy': 0.9532090872526169, 'epoch': 1.45}
{'loss': 0.1762, 'grad_norm': 0.15624938905239105, 'learning_rate': 0.00011002906275930008, 'entropy': 0.17793213129043578, 'num_tokens': 926023680.0, 'mean_token_accuracy': 0.9529705852270126, 'epoch': 1.45}
{'loss': 0.1754, 'grad_norm': 0.15134619176387787, 'learning_rate': 0.0001099186722709009, 'entropy': 0.1776840254664421, 'num_tokens': 926679040.0, 'mean_token_accuracy': 0.9533787906169892, 'epoch': 1.45}
{'loss': 0.1767, 'grad_norm': 0.14120344817638397, 'learning_rate': 0.00010980826957410142, 'entropy': 0.1793034091591835, 'num_tokens': 927334400.0, 'mean_token_accuracy': 0.9530118644237519, 'epoch': 1.45}
{'loss': 0.1761, 'grad_norm': 0.14607751369476318, 'learning_rate': 0.00010969785480479089, 'entropy': 0.1787719964981079, 'num_tokens': 927989760.0, 'mean_token_accuracy': 0.9531800389289856, 'epoch': 1.46}
{'loss': 0.175, 'grad_norm': 0.18902665376663208, 'learning_rate': 0.00010958742809887335, 'entropy': 0.17706388160586356, 'num_tokens': 928645120.0, 'mean_token_accuracy': 0.9533084630966187, 'epoch': 1.46}
{'loss': 0.1736, 'grad_norm': 0.18282203376293182, 'learning_rate': 0.00010947698959226746, 'entropy': 0.17610471695661545, 'num_tokens': 929300480.0, 'mean_token_accuracy': 0.9536539852619171, 'epoch': 1.46}
{'loss': 0.1744, 'grad_norm': 0.15092723071575165, 'learning_rate': 0.00010936653942090658, 'entropy': 0.17685239762067795, 'num_tokens': 929955840.0, 'mean_token_accuracy': 0.9534277141094207, 'epoch': 1.46}
{'loss': 0.1744, 'grad_norm': 0.17547853291034698, 'learning_rate': 0.00010925607772073826, 'entropy': 0.17635320574045182, 'num_tokens': 930611200.0, 'mean_token_accuracy': 0.9534537047147751, 'epoch': 1.46}
{'loss': 0.1758, 'grad_norm': 0.17848367989063263, 'learning_rate': 0.00010914560462772434, 'entropy': 0.17845753952860832, 'num_tokens': 931266560.0, 'mean_token_accuracy': 0.9533604443073272, 'epoch': 1.46}
{'loss': 0.1749, 'grad_norm': 0.14432568848133087, 'learning_rate': 0.00010903512027784064, 'entropy': 0.1772213876247406, 'num_tokens': 931921920.0, 'mean_token_accuracy': 0.9534552335739136, 'epoch': 1.46}
{'loss': 0.1753, 'grad_norm': 0.14959950745105743, 'learning_rate': 0.00010892462480707687, 'entropy': 0.17745153084397317, 'num_tokens': 932577280.0, 'mean_token_accuracy': 0.9533145785331726, 'epoch': 1.46}
{'loss': 0.1743, 'grad_norm': 0.15873152017593384, 'learning_rate': 0.0001088141183514364, 'entropy': 0.1770583286881447, 'num_tokens': 933232640.0, 'mean_token_accuracy': 0.9536998510360718, 'epoch': 1.46}
{'loss': 0.1736, 'grad_norm': 0.1604933887720108, 'learning_rate': 0.0001087036010469361, 'entropy': 0.1760768823325634, 'num_tokens': 933888000.0, 'mean_token_accuracy': 0.953725841641426, 'epoch': 1.46}
{'loss': 0.1754, 'grad_norm': 0.15393173694610596, 'learning_rate': 0.00010859307302960628, 'entropy': 0.17811834290623665, 'num_tokens': 934543360.0, 'mean_token_accuracy': 0.9532503664493561, 'epoch': 1.47}
{'loss': 0.1737, 'grad_norm': 0.165546715259552, 'learning_rate': 0.00010848253443549037, 'entropy': 0.17556252256035804, 'num_tokens': 935198720.0, 'mean_token_accuracy': 0.9537227839231491, 'epoch': 1.47}
{'loss': 0.1739, 'grad_norm': 0.16286525130271912, 'learning_rate': 0.00010837198540064477, 'entropy': 0.17671846598386765, 'num_tokens': 935854080.0, 'mean_token_accuracy': 0.953872612118721, 'epoch': 1.47}
{'loss': 0.1744, 'grad_norm': 0.15284018218517303, 'learning_rate': 0.00010826142606113884, 'entropy': 0.17706968933343886, 'num_tokens': 936509440.0, 'mean_token_accuracy': 0.9535148590803146, 'epoch': 1.47}
{'loss': 0.1749, 'grad_norm': 0.16172347962856293, 'learning_rate': 0.00010815085655305454, 'entropy': 0.17674225717782974, 'num_tokens': 937164800.0, 'mean_token_accuracy': 0.953459820151329, 'epoch': 1.47}
{'loss': 0.1742, 'grad_norm': 0.16664926707744598, 'learning_rate': 0.0001080402770124864, 'entropy': 0.17690119668841361, 'num_tokens': 937820160.0, 'mean_token_accuracy': 0.9535958886146545, 'epoch': 1.47}
{'loss': 0.1742, 'grad_norm': 0.15865057706832886, 'learning_rate': 0.00010792968757554125, 'entropy': 0.1766554072499275, 'num_tokens': 938475520.0, 'mean_token_accuracy': 0.9535515516996383, 'epoch': 1.47}
{'loss': 0.1746, 'grad_norm': 0.1886325627565384, 'learning_rate': 0.00010781908837833818, 'entropy': 0.1760672777891159, 'num_tokens': 939130880.0, 'mean_token_accuracy': 0.9534842818975449, 'epoch': 1.47}
{'loss': 0.1748, 'grad_norm': 0.16643394529819489, 'learning_rate': 0.00010770847955700815, 'entropy': 0.17726393565535545, 'num_tokens': 939786240.0, 'mean_token_accuracy': 0.953534734249115, 'epoch': 1.47}
{'loss': 0.1743, 'grad_norm': 0.1637042909860611, 'learning_rate': 0.00010759786124769415, 'entropy': 0.17611600309610367, 'num_tokens': 940441600.0, 'mean_token_accuracy': 0.9536769181489945, 'epoch': 1.47}
{'loss': 0.1763, 'grad_norm': 0.17905519902706146, 'learning_rate': 0.00010748723358655068, 'entropy': 0.1784563511610031, 'num_tokens': 941096960.0, 'mean_token_accuracy': 0.9529629409313202, 'epoch': 1.48}
{'loss': 0.1756, 'grad_norm': 0.15344443917274475, 'learning_rate': 0.00010737659670974387, 'entropy': 0.17875974476337433, 'num_tokens': 941752320.0, 'mean_token_accuracy': 0.9532687127590179, 'epoch': 1.48}
{'loss': 0.1746, 'grad_norm': 0.1733400970697403, 'learning_rate': 0.00010726595075345114, 'entropy': 0.1762056030333042, 'num_tokens': 942407680.0, 'mean_token_accuracy': 0.9534735798835754, 'epoch': 1.48}
{'loss': 0.1749, 'grad_norm': 0.18075038492679596, 'learning_rate': 0.00010715529585386108, 'entropy': 0.17727446630597116, 'num_tokens': 943063040.0, 'mean_token_accuracy': 0.9532855302095413, 'epoch': 1.48}
{'loss': 0.1748, 'grad_norm': 0.15986670553684235, 'learning_rate': 0.00010704463214717333, 'entropy': 0.1775354713201523, 'num_tokens': 943718400.0, 'mean_token_accuracy': 0.9534582912921905, 'epoch': 1.48}
{'loss': 0.1749, 'grad_norm': 0.16898037493228912, 'learning_rate': 0.0001069339597695983, 'entropy': 0.17699141949415206, 'num_tokens': 944373760.0, 'mean_token_accuracy': 0.9533803194761277, 'epoch': 1.48}
{'loss': 0.1743, 'grad_norm': 0.15029790997505188, 'learning_rate': 0.00010682327885735712, 'entropy': 0.17666831836104394, 'num_tokens': 945029120.0, 'mean_token_accuracy': 0.9534812241792678, 'epoch': 1.48}
{'loss': 0.1743, 'grad_norm': 0.15712711215019226, 'learning_rate': 0.00010671258954668146, 'entropy': 0.17692384049296378, 'num_tokens': 945684480.0, 'mean_token_accuracy': 0.9537029087543487, 'epoch': 1.48}
{'loss': 0.1729, 'grad_norm': 0.15094836056232452, 'learning_rate': 0.00010660189197381326, 'entropy': 0.1753106378018856, 'num_tokens': 946339840.0, 'mean_token_accuracy': 0.9537869960069656, 'epoch': 1.48}
{'loss': 0.1731, 'grad_norm': 0.14365358650684357, 'learning_rate': 0.00010649118627500462, 'entropy': 0.17530059888958932, 'num_tokens': 946995200.0, 'mean_token_accuracy': 0.9538573235273361, 'epoch': 1.48}
{'loss': 0.1753, 'grad_norm': 0.16163378953933716, 'learning_rate': 0.00010638047258651774, 'entropy': 0.1779879242181778, 'num_tokens': 947650560.0, 'mean_token_accuracy': 0.9533482134342194, 'epoch': 1.49}
{'loss': 0.1743, 'grad_norm': 0.14519236981868744, 'learning_rate': 0.00010626975104462457, 'entropy': 0.17666440606117248, 'num_tokens': 948305920.0, 'mean_token_accuracy': 0.9537824094295502, 'epoch': 1.49}
{'loss': 0.175, 'grad_norm': 0.15439017117023468, 'learning_rate': 0.00010615902178560672, 'entropy': 0.1777429200708866, 'num_tokens': 948961280.0, 'mean_token_accuracy': 0.9534399449825287, 'epoch': 1.49}
{'loss': 0.1749, 'grad_norm': 0.17750994861125946, 'learning_rate': 0.00010604828494575536, 'entropy': 0.17703450471162796, 'num_tokens': 949616640.0, 'mean_token_accuracy': 0.9534445315599441, 'epoch': 1.49}
{'loss': 0.1749, 'grad_norm': 0.14766764640808105, 'learning_rate': 0.00010593754066137094, 'entropy': 0.17773524299263954, 'num_tokens': 950272000.0, 'mean_token_accuracy': 0.953394079208374, 'epoch': 1.49}
{'loss': 0.1741, 'grad_norm': 0.14967487752437592, 'learning_rate': 0.00010582678906876309, 'entropy': 0.17661626636981964, 'num_tokens': 950927360.0, 'mean_token_accuracy': 0.9535179167985917, 'epoch': 1.49}
{'loss': 0.1745, 'grad_norm': 0.15043984353542328, 'learning_rate': 0.00010571603030425043, 'entropy': 0.17708754688501357, 'num_tokens': 951582720.0, 'mean_token_accuracy': 0.9534812241792678, 'epoch': 1.49}
{'loss': 0.1747, 'grad_norm': 0.14910738170146942, 'learning_rate': 0.00010560526450416047, 'entropy': 0.1772463597357273, 'num_tokens': 952238080.0, 'mean_token_accuracy': 0.9532870590686798, 'epoch': 1.49}
{'loss': 0.1736, 'grad_norm': 0.15679632127285004, 'learning_rate': 0.00010549449180482925, 'entropy': 0.1757921688258648, 'num_tokens': 952893440.0, 'mean_token_accuracy': 0.9536891490221023, 'epoch': 1.49}
{'loss': 0.1751, 'grad_norm': 0.1570943146944046, 'learning_rate': 0.0001053837123426014, 'entropy': 0.17732404097914695, 'num_tokens': 953548800.0, 'mean_token_accuracy': 0.9533115208148957, 'epoch': 1.5}
{'loss': 0.1742, 'grad_norm': 0.15142901241779327, 'learning_rate': 0.00010527292625382985, 'entropy': 0.1767500013113022, 'num_tokens': 954204160.0, 'mean_token_accuracy': 0.9536188215017318, 'epoch': 1.5}
{'loss': 0.1734, 'grad_norm': 0.15801073610782623, 'learning_rate': 0.00010516213367487569, 'entropy': 0.17538828924298286, 'num_tokens': 954859520.0, 'mean_token_accuracy': 0.9536723315715789, 'epoch': 1.5}
{'loss': 0.1743, 'grad_norm': 0.17042355239391327, 'learning_rate': 0.00010505133474210798, 'entropy': 0.17693356946110725, 'num_tokens': 955514880.0, 'mean_token_accuracy': 0.9534506469964981, 'epoch': 1.5}
{'loss': 0.1739, 'grad_norm': 0.18107467889785767, 'learning_rate': 0.00010494052959190364, 'entropy': 0.17596882805228234, 'num_tokens': 956170240.0, 'mean_token_accuracy': 0.9537732362747192, 'epoch': 1.5}
{'loss': 0.1742, 'grad_norm': 0.1644342988729477, 'learning_rate': 0.00010482971836064721, 'entropy': 0.17596764266490936, 'num_tokens': 956825600.0, 'mean_token_accuracy': 0.9535622537136078, 'epoch': 1.5}
{'loss': 0.1757, 'grad_norm': 0.1572033315896988, 'learning_rate': 0.00010471890118473069, 'entropy': 0.1779852405190468, 'num_tokens': 957480960.0, 'mean_token_accuracy': 0.9533757328987121, 'epoch': 1.5}
{'loss': 0.1733, 'grad_norm': 0.16303016245365143, 'learning_rate': 0.00010460807820055347, 'entropy': 0.17613688558340074, 'num_tokens': 958136320.0, 'mean_token_accuracy': 0.9539077758789063, 'epoch': 1.5}
{'loss': 0.173, 'grad_norm': 0.1446947157382965, 'learning_rate': 0.00010449724954452202, 'entropy': 0.1755247376859188, 'num_tokens': 958791680.0, 'mean_token_accuracy': 0.9537334859371185, 'epoch': 1.5}
{'loss': 0.1736, 'grad_norm': 0.15724952518939972, 'learning_rate': 0.00010438641535304983, 'entropy': 0.17539719939231874, 'num_tokens': 959447040.0, 'mean_token_accuracy': 0.9537717074155807, 'epoch': 1.5}
{'loss': 0.1746, 'grad_norm': 0.13929493725299835, 'learning_rate': 0.00010427557576255719, 'entropy': 0.17707212418317794, 'num_tokens': 960102400.0, 'mean_token_accuracy': 0.9535821288824081, 'epoch': 1.51}
{'loss': 0.1753, 'grad_norm': 0.14453527331352234, 'learning_rate': 0.00010416473090947108, 'entropy': 0.17782514914870262, 'num_tokens': 960757760.0, 'mean_token_accuracy': 0.9531800389289856, 'epoch': 1.51}
{'loss': 0.1753, 'grad_norm': 0.15431617200374603, 'learning_rate': 0.00010405388093022486, 'entropy': 0.17761124968528746, 'num_tokens': 961413120.0, 'mean_token_accuracy': 0.953331395983696, 'epoch': 1.51}
{'loss': 0.1724, 'grad_norm': 0.15912064909934998, 'learning_rate': 0.00010394302596125824, 'entropy': 0.17548526152968408, 'num_tokens': 962068480.0, 'mean_token_accuracy': 0.9540652483701706, 'epoch': 1.51}
{'loss': 0.1748, 'grad_norm': 0.17038510739803314, 'learning_rate': 0.00010383216613901714, 'entropy': 0.17657530456781387, 'num_tokens': 962723840.0, 'mean_token_accuracy': 0.9533619731664658, 'epoch': 1.51}
{'loss': 0.1729, 'grad_norm': 0.14631536602973938, 'learning_rate': 0.00010372130159995339, 'entropy': 0.17572443708777427, 'num_tokens': 963379200.0, 'mean_token_accuracy': 0.9537915825843811, 'epoch': 1.51}
{'loss': 0.1739, 'grad_norm': 0.15664638578891754, 'learning_rate': 0.0001036104324805246, 'entropy': 0.17576513960957527, 'num_tokens': 964034560.0, 'mean_token_accuracy': 0.953540849685669, 'epoch': 1.51}
{'loss': 0.1738, 'grad_norm': 0.1656540185213089, 'learning_rate': 0.0001034995589171941, 'entropy': 0.17659510746598245, 'num_tokens': 964689920.0, 'mean_token_accuracy': 0.9537273705005646, 'epoch': 1.51}
{'loss': 0.1745, 'grad_norm': 0.2132142186164856, 'learning_rate': 0.00010338868104643063, 'entropy': 0.17700695991516113, 'num_tokens': 965345280.0, 'mean_token_accuracy': 0.9533894926309585, 'epoch': 1.51}
{'loss': 0.1752, 'grad_norm': 0.16927452385425568, 'learning_rate': 0.00010327779900470822, 'entropy': 0.176947420835495, 'num_tokens': 966000640.0, 'mean_token_accuracy': 0.9533436268568038, 'epoch': 1.51}
{'loss': 0.175, 'grad_norm': 0.17734794318675995, 'learning_rate': 0.00010316691292850606, 'entropy': 0.1772630013525486, 'num_tokens': 966656000.0, 'mean_token_accuracy': 0.9534537047147751, 'epoch': 1.52}
{'loss': 0.1731, 'grad_norm': 0.18069413304328918, 'learning_rate': 0.00010305602295430835, 'entropy': 0.1756412260234356, 'num_tokens': 967311360.0, 'mean_token_accuracy': 0.953794640302658, 'epoch': 1.52}
{'loss': 0.1747, 'grad_norm': 0.17493027448654175, 'learning_rate': 0.00010294512921860398, 'entropy': 0.17671976312994958, 'num_tokens': 967966720.0, 'mean_token_accuracy': 0.9533849060535431, 'epoch': 1.52}
{'loss': 0.1747, 'grad_norm': 0.15602228045463562, 'learning_rate': 0.00010283423185788658, 'entropy': 0.17695575952529907, 'num_tokens': 968622080.0, 'mean_token_accuracy': 0.9533696174621582, 'epoch': 1.52}
{'loss': 0.1736, 'grad_norm': 0.15466220676898956, 'learning_rate': 0.00010272333100865419, 'entropy': 0.17632416933774947, 'num_tokens': 969277440.0, 'mean_token_accuracy': 0.9537732362747192, 'epoch': 1.52}
{'loss': 0.1733, 'grad_norm': 0.14900287985801697, 'learning_rate': 0.00010261242680740917, 'entropy': 0.17585448697209358, 'num_tokens': 969932800.0, 'mean_token_accuracy': 0.9537059664726257, 'epoch': 1.52}
{'loss': 0.1737, 'grad_norm': 0.15887236595153809, 'learning_rate': 0.00010250151939065791, 'entropy': 0.17610412910580636, 'num_tokens': 970588160.0, 'mean_token_accuracy': 0.9536998510360718, 'epoch': 1.52}
{'loss': 0.173, 'grad_norm': 0.15028564631938934, 'learning_rate': 0.00010239060889491088, 'entropy': 0.17491136863827705, 'num_tokens': 971243520.0, 'mean_token_accuracy': 0.9538099288940429, 'epoch': 1.52}
{'loss': 0.1743, 'grad_norm': 0.153848335146904, 'learning_rate': 0.0001022796954566823, 'entropy': 0.17627781629562378, 'num_tokens': 971898880.0, 'mean_token_accuracy': 0.9534949839115143, 'epoch': 1.52}
{'loss': 0.174, 'grad_norm': 0.14994557201862335, 'learning_rate': 0.00010216877921248997, 'entropy': 0.17668912559747696, 'num_tokens': 972554240.0, 'mean_token_accuracy': 0.9536157637834549, 'epoch': 1.53}
{'loss': 0.174, 'grad_norm': 0.1695631444454193, 'learning_rate': 0.0001020578602988552, 'entropy': 0.1762097805738449, 'num_tokens': 973209600.0, 'mean_token_accuracy': 0.9536738604307174, 'epoch': 1.53}
{'loss': 0.1733, 'grad_norm': 0.1613834798336029, 'learning_rate': 0.00010194693885230257, 'entropy': 0.17581346556544303, 'num_tokens': 973864960.0, 'mean_token_accuracy': 0.9536646872758865, 'epoch': 1.53}
{'loss': 0.173, 'grad_norm': 0.15069447457790375, 'learning_rate': 0.0001018360150093598, 'entropy': 0.1756531037390232, 'num_tokens': 974520320.0, 'mean_token_accuracy': 0.9538940161466598, 'epoch': 1.53}
{'loss': 0.1738, 'grad_norm': 0.1577649563550949, 'learning_rate': 0.00010172508890655746, 'entropy': 0.17544250935316086, 'num_tokens': 975175680.0, 'mean_token_accuracy': 0.9536585718393326, 'epoch': 1.53}
{'loss': 0.1739, 'grad_norm': 0.17794501781463623, 'learning_rate': 0.00010161416068042897, 'entropy': 0.17656735479831695, 'num_tokens': 975831040.0, 'mean_token_accuracy': 0.9536524564027786, 'epoch': 1.53}
{'loss': 0.1728, 'grad_norm': 0.14404228329658508, 'learning_rate': 0.00010150323046751044, 'entropy': 0.1752347469329834, 'num_tokens': 976486400.0, 'mean_token_accuracy': 0.9540530174970627, 'epoch': 1.53}
{'loss': 0.1737, 'grad_norm': 0.18389901518821716, 'learning_rate': 0.00010139229840434028, 'entropy': 0.17537761554121972, 'num_tokens': 977141760.0, 'mean_token_accuracy': 0.9537166684865952, 'epoch': 1.53}
{'loss': 0.1721, 'grad_norm': 0.15385772287845612, 'learning_rate': 0.0001012813646274593, 'entropy': 0.17477884143590927, 'num_tokens': 977797120.0, 'mean_token_accuracy': 0.9538894295692444, 'epoch': 1.53}
{'loss': 0.1735, 'grad_norm': 0.15373608469963074, 'learning_rate': 0.00010117042927341037, 'entropy': 0.1757696382701397, 'num_tokens': 978452480.0, 'mean_token_accuracy': 0.9538282752037048, 'epoch': 1.53}
{'loss': 0.1732, 'grad_norm': 0.1524733155965805, 'learning_rate': 0.00010105949247873823, 'entropy': 0.17574991658329964, 'num_tokens': 979107840.0, 'mean_token_accuracy': 0.9537044376134872, 'epoch': 1.54}
{'loss': 0.1741, 'grad_norm': 0.15398573875427246, 'learning_rate': 0.00010094855437998949, 'entropy': 0.1761276513338089, 'num_tokens': 979763200.0, 'mean_token_accuracy': 0.9535454362630844, 'epoch': 1.54}
{'loss': 0.1729, 'grad_norm': 0.15946286916732788, 'learning_rate': 0.00010083761511371239, 'entropy': 0.17635594978928565, 'num_tokens': 980418560.0, 'mean_token_accuracy': 0.9540056228637696, 'epoch': 1.54}
{'loss': 0.1742, 'grad_norm': 0.1615058332681656, 'learning_rate': 0.00010072667481645648, 'entropy': 0.17641298621892929, 'num_tokens': 981073920.0, 'mean_token_accuracy': 0.9535072147846222, 'epoch': 1.54}
{'loss': 0.173, 'grad_norm': 0.16671188175678253, 'learning_rate': 0.00010061573362477272, 'entropy': 0.17541600465774537, 'num_tokens': 981729280.0, 'mean_token_accuracy': 0.953866496682167, 'epoch': 1.54}
{'loss': 0.1729, 'grad_norm': 0.14989697933197021, 'learning_rate': 0.00010050479167521305, 'entropy': 0.17606461867690087, 'num_tokens': 982384640.0, 'mean_token_accuracy': 0.9541676819324494, 'epoch': 1.54}
{'loss': 0.1725, 'grad_norm': 0.1763327270746231, 'learning_rate': 0.00010039384910433045, 'entropy': 0.1745763197541237, 'num_tokens': 983040000.0, 'mean_token_accuracy': 0.9537594765424728, 'epoch': 1.54}
{'eval_loss': 0.17102429270744324, 'eval_runtime': 78.1802, 'eval_samples_per_second': 63.955, 'eval_steps_per_second': 1.01, 'eval_entropy': 0.1740230914158157, 'eval_num_tokens': 983040000.0, 'eval_mean_token_accuracy': 0.9542784177804295, 'epoch': 1.54}
{'loss': 0.1728, 'grad_norm': 0.1743466705083847, 'learning_rate': 0.00010028290604867856, 'entropy': 0.17528685703873634, 'num_tokens': 983695360.0, 'mean_token_accuracy': 0.9539704591035842, 'epoch': 1.54}
{'loss': 0.1739, 'grad_norm': 0.1680731326341629, 'learning_rate': 0.00010017196264481168, 'entropy': 0.17573078125715255, 'num_tokens': 984350720.0, 'mean_token_accuracy': 0.9535301476716995, 'epoch': 1.54}
{'loss': 0.1733, 'grad_norm': 0.16031447052955627, 'learning_rate': 0.00010006101902928458, 'entropy': 0.17595384791493415, 'num_tokens': 985006080.0, 'mean_token_accuracy': 0.9538557946681976, 'epoch': 1.54}
{'loss': 0.1727, 'grad_norm': 0.1601494699716568, 'learning_rate': 9.995007533865212e-05, 'entropy': 0.1750308871269226, 'num_tokens': 985661440.0, 'mean_token_accuracy': 0.9540988832712174, 'epoch': 1.55}
{'loss': 0.1709, 'grad_norm': 0.17767605185508728, 'learning_rate': 9.983913170946951e-05, 'entropy': 0.1734876848757267, 'num_tokens': 986316800.0, 'mean_token_accuracy': 0.9544107705354691, 'epoch': 1.55}
{'loss': 0.1717, 'grad_norm': 0.1533508598804474, 'learning_rate': 9.972818827829163e-05, 'entropy': 0.1743677094578743, 'num_tokens': 986972160.0, 'mean_token_accuracy': 0.9540621906518936, 'epoch': 1.55}
{'loss': 0.1716, 'grad_norm': 0.15181027352809906, 'learning_rate': 9.96172451816733e-05, 'entropy': 0.17431258782744408, 'num_tokens': 987627520.0, 'mean_token_accuracy': 0.9542716443538666, 'epoch': 1.55}
{'loss': 0.1727, 'grad_norm': 0.15825104713439941, 'learning_rate': 9.950630255616882e-05, 'entropy': 0.17506367117166519, 'num_tokens': 988282880.0, 'mean_token_accuracy': 0.9541264027357101, 'epoch': 1.55}
{'loss': 0.1734, 'grad_norm': 0.15870696306228638, 'learning_rate': 9.939536053833196e-05, 'entropy': 0.17594876363873482, 'num_tokens': 988938240.0, 'mean_token_accuracy': 0.9536111772060394, 'epoch': 1.55}
{'loss': 0.1733, 'grad_norm': 0.15069642663002014, 'learning_rate': 9.928441926471574e-05, 'entropy': 0.1762112520635128, 'num_tokens': 989593600.0, 'mean_token_accuracy': 0.953747245669365, 'epoch': 1.55}
{'loss': 0.1728, 'grad_norm': 0.16026286780834198, 'learning_rate': 9.917347887187224e-05, 'entropy': 0.17478393167257308, 'num_tokens': 990248960.0, 'mean_token_accuracy': 0.9538787275552749, 'epoch': 1.55}
{'loss': 0.1726, 'grad_norm': 0.16228219866752625, 'learning_rate': 9.906253949635252e-05, 'entropy': 0.17507926672697066, 'num_tokens': 990904320.0, 'mean_token_accuracy': 0.9537610054016114, 'epoch': 1.55}
{'loss': 0.1724, 'grad_norm': 0.16591396927833557, 'learning_rate': 9.895160127470628e-05, 'entropy': 0.17530082017183304, 'num_tokens': 991559680.0, 'mean_token_accuracy': 0.9539750456809998, 'epoch': 1.55}
{'loss': 0.1743, 'grad_norm': 0.17208518087863922, 'learning_rate': 9.884066434348186e-05, 'entropy': 0.17651722207665443, 'num_tokens': 992215040.0, 'mean_token_accuracy': 0.9536983221769333, 'epoch': 1.56}
{'loss': 0.1731, 'grad_norm': 0.15099209547042847, 'learning_rate': 9.872972883922601e-05, 'entropy': 0.17515895441174506, 'num_tokens': 992870400.0, 'mean_token_accuracy': 0.9539016604423523, 'epoch': 1.56}
{'loss': 0.1733, 'grad_norm': 0.14528411626815796, 'learning_rate': 9.861879489848377e-05, 'entropy': 0.1760891355574131, 'num_tokens': 993525760.0, 'mean_token_accuracy': 0.9539872765541076, 'epoch': 1.56}
{'loss': 0.1746, 'grad_norm': 0.1632128655910492, 'learning_rate': 9.850786265779817e-05, 'entropy': 0.17663586959242822, 'num_tokens': 994181120.0, 'mean_token_accuracy': 0.9536295235157013, 'epoch': 1.56}
{'loss': 0.1711, 'grad_norm': 0.16311368346214294, 'learning_rate': 9.839693225371022e-05, 'entropy': 0.17410038486123086, 'num_tokens': 994836480.0, 'mean_token_accuracy': 0.9544107705354691, 'epoch': 1.56}
{'loss': 0.1725, 'grad_norm': 0.15789145231246948, 'learning_rate': 9.828600382275857e-05, 'entropy': 0.17514410242438316, 'num_tokens': 995491840.0, 'mean_token_accuracy': 0.9541646242141724, 'epoch': 1.56}
{'loss': 0.1719, 'grad_norm': 0.15088209509849548, 'learning_rate': 9.817507750147957e-05, 'entropy': 0.17445502802729607, 'num_tokens': 996147200.0, 'mean_token_accuracy': 0.9543098658323288, 'epoch': 1.56}
{'loss': 0.1723, 'grad_norm': 0.1599767953157425, 'learning_rate': 9.806415342640688e-05, 'entropy': 0.17503287717700006, 'num_tokens': 996802560.0, 'mean_token_accuracy': 0.9539643436670303, 'epoch': 1.56}
{'loss': 0.173, 'grad_norm': 0.178354412317276, 'learning_rate': 9.795323173407144e-05, 'entropy': 0.17531246170401574, 'num_tokens': 997457920.0, 'mean_token_accuracy': 0.9539505839347839, 'epoch': 1.56}
{'loss': 0.1725, 'grad_norm': 0.15956349670886993, 'learning_rate': 9.784231256100124e-05, 'entropy': 0.17501657381653785, 'num_tokens': 998113280.0, 'mean_token_accuracy': 0.9537717074155807, 'epoch': 1.57}
{'loss': 0.1717, 'grad_norm': 0.15649105608463287, 'learning_rate': 9.773139604372116e-05, 'entropy': 0.17412294521927835, 'num_tokens': 998768640.0, 'mean_token_accuracy': 0.9541111141443253, 'epoch': 1.57}
{'loss': 0.1716, 'grad_norm': 0.1658889353275299, 'learning_rate': 9.762048231875285e-05, 'entropy': 0.17420447915792464, 'num_tokens': 999424000.0, 'mean_token_accuracy': 0.9541340470314026, 'epoch': 1.57}
{'loss': 0.1726, 'grad_norm': 0.15418963134288788, 'learning_rate': 9.750957152261448e-05, 'entropy': 0.17522495836019517, 'num_tokens': 1000079360.0, 'mean_token_accuracy': 0.9538802564144134, 'epoch': 1.57}
{'loss': 0.1721, 'grad_norm': 0.19353848695755005, 'learning_rate': 9.739866379182061e-05, 'entropy': 0.1746696300804615, 'num_tokens': 1000734720.0, 'mean_token_accuracy': 0.9540147960186005, 'epoch': 1.57}
{'loss': 0.1725, 'grad_norm': 0.15920227766036987, 'learning_rate': 9.728775926288208e-05, 'entropy': 0.17563104182481765, 'num_tokens': 1001390080.0, 'mean_token_accuracy': 0.9540545463562011, 'epoch': 1.57}
{'loss': 0.1712, 'grad_norm': 0.16856727004051208, 'learning_rate': 9.717685807230575e-05, 'entropy': 0.17311033830046654, 'num_tokens': 1002045440.0, 'mean_token_accuracy': 0.9542976349592209, 'epoch': 1.57}
{'loss': 0.1713, 'grad_norm': 0.15981832146644592, 'learning_rate': 9.706596035659436e-05, 'entropy': 0.17423565462231635, 'num_tokens': 1002700800.0, 'mean_token_accuracy': 0.9541294604539872, 'epoch': 1.57}
{'loss': 0.1722, 'grad_norm': 0.16277353465557098, 'learning_rate': 9.695506625224641e-05, 'entropy': 0.17435959875583648, 'num_tokens': 1003356160.0, 'mean_token_accuracy': 0.9541034698486328, 'epoch': 1.57}
{'loss': 0.172, 'grad_norm': 0.16409380733966827, 'learning_rate': 9.684417589575598e-05, 'entropy': 0.17424936294555665, 'num_tokens': 1004011520.0, 'mean_token_accuracy': 0.9542578846216202, 'epoch': 1.57}
{'loss': 0.1715, 'grad_norm': 0.17291925847530365, 'learning_rate': 9.673328942361239e-05, 'entropy': 0.17417864501476288, 'num_tokens': 1004666880.0, 'mean_token_accuracy': 0.9541936725378036, 'epoch': 1.58}
{'loss': 0.1715, 'grad_norm': 0.15596003830432892, 'learning_rate': 9.662240697230037e-05, 'entropy': 0.17427948489785194, 'num_tokens': 1005322240.0, 'mean_token_accuracy': 0.9540835946798325, 'epoch': 1.58}
{'loss': 0.1728, 'grad_norm': 0.15545332431793213, 'learning_rate': 9.651152867829957e-05, 'entropy': 0.1751144528388977, 'num_tokens': 1005977600.0, 'mean_token_accuracy': 0.9541829705238343, 'epoch': 1.58}
{'loss': 0.1735, 'grad_norm': 0.16383501887321472, 'learning_rate': 9.640065467808457e-05, 'entropy': 0.17629662603139878, 'num_tokens': 1006632960.0, 'mean_token_accuracy': 0.9537671208381653, 'epoch': 1.58}
{'loss': 0.1713, 'grad_norm': 0.16233909130096436, 'learning_rate': 9.628978510812467e-05, 'entropy': 0.17339858412742615, 'num_tokens': 1007288320.0, 'mean_token_accuracy': 0.9542028456926346, 'epoch': 1.58}
{'loss': 0.1705, 'grad_norm': 0.1613117903470993, 'learning_rate': 9.617892010488374e-05, 'entropy': 0.1727914683520794, 'num_tokens': 1007943680.0, 'mean_token_accuracy': 0.9545025020837784, 'epoch': 1.58}
{'loss': 0.1723, 'grad_norm': 0.16796912252902985, 'learning_rate': 9.606805980481994e-05, 'entropy': 0.17479414269328117, 'num_tokens': 1008599040.0, 'mean_token_accuracy': 0.9540239691734314, 'epoch': 1.58}
{'loss': 0.1721, 'grad_norm': 0.19691142439842224, 'learning_rate': 9.595720434438574e-05, 'entropy': 0.17442238405346872, 'num_tokens': 1009254400.0, 'mean_token_accuracy': 0.9541340470314026, 'epoch': 1.58}
{'loss': 0.1729, 'grad_norm': 0.15342502295970917, 'learning_rate': 9.584635386002757e-05, 'entropy': 0.1751976951956749, 'num_tokens': 1009909760.0, 'mean_token_accuracy': 0.953941410779953, 'epoch': 1.58}
{'loss': 0.1709, 'grad_norm': 0.1664034128189087, 'learning_rate': 9.57355084881858e-05, 'entropy': 0.17370026484131812, 'num_tokens': 1010565120.0, 'mean_token_accuracy': 0.9544902712106704, 'epoch': 1.58}
{'loss': 0.172, 'grad_norm': 0.16235743463039398, 'learning_rate': 9.562466836529451e-05, 'entropy': 0.17479113787412642, 'num_tokens': 1011220480.0, 'mean_token_accuracy': 0.9541814416646958, 'epoch': 1.59}
{'loss': 0.1721, 'grad_norm': 0.15940871834754944, 'learning_rate': 9.551383362778126e-05, 'entropy': 0.17420802414417266, 'num_tokens': 1011875840.0, 'mean_token_accuracy': 0.9540897101163864, 'epoch': 1.59}
{'loss': 0.1727, 'grad_norm': 0.1625225991010666, 'learning_rate': 9.540300441206703e-05, 'entropy': 0.17510039433836938, 'num_tokens': 1012531200.0, 'mean_token_accuracy': 0.9539551705121994, 'epoch': 1.59}
{'loss': 0.1732, 'grad_norm': 0.15120765566825867, 'learning_rate': 9.529218085456598e-05, 'entropy': 0.17562338784337045, 'num_tokens': 1013186560.0, 'mean_token_accuracy': 0.9537640631198883, 'epoch': 1.59}
{'loss': 0.174, 'grad_norm': 0.16555079817771912, 'learning_rate': 9.518136309168531e-05, 'entropy': 0.17675614207983018, 'num_tokens': 1013841920.0, 'mean_token_accuracy': 0.9539307087659836, 'epoch': 1.59}
{'loss': 0.1722, 'grad_norm': 0.18022537231445312, 'learning_rate': 9.50705512598251e-05, 'entropy': 0.17437287122011186, 'num_tokens': 1014497280.0, 'mean_token_accuracy': 0.9540545463562011, 'epoch': 1.59}
{'loss': 0.1709, 'grad_norm': 0.14895939826965332, 'learning_rate': 9.49597454953781e-05, 'entropy': 0.17365060672163962, 'num_tokens': 1015152640.0, 'mean_token_accuracy': 0.9544337034225464, 'epoch': 1.59}
{'loss': 0.1728, 'grad_norm': 0.16821713745594025, 'learning_rate': 9.484894593472965e-05, 'entropy': 0.17565361261367798, 'num_tokens': 1015808000.0, 'mean_token_accuracy': 0.9539368242025376, 'epoch': 1.59}
{'loss': 0.1721, 'grad_norm': 0.1764800250530243, 'learning_rate': 9.473815271425739e-05, 'entropy': 0.17375419959425925, 'num_tokens': 1016463360.0, 'mean_token_accuracy': 0.9540560752153396, 'epoch': 1.59}
{'loss': 0.1728, 'grad_norm': 0.1489245742559433, 'learning_rate': 9.462736597033122e-05, 'entropy': 0.1757247842848301, 'num_tokens': 1017118720.0, 'mean_token_accuracy': 0.9539995074272156, 'epoch': 1.59}
{'loss': 0.1719, 'grad_norm': 0.17038585245609283, 'learning_rate': 9.451658583931298e-05, 'entropy': 0.17418793886899947, 'num_tokens': 1017774080.0, 'mean_token_accuracy': 0.9540530174970627, 'epoch': 1.6}
{'loss': 0.1713, 'grad_norm': 0.1650204062461853, 'learning_rate': 9.440581245755645e-05, 'entropy': 0.17374873012304307, 'num_tokens': 1018429440.0, 'mean_token_accuracy': 0.9541967302560806, 'epoch': 1.6}
{'loss': 0.1716, 'grad_norm': 0.16588187217712402, 'learning_rate': 9.429504596140708e-05, 'entropy': 0.17415194287896157, 'num_tokens': 1019084800.0, 'mean_token_accuracy': 0.954150864481926, 'epoch': 1.6}
{'loss': 0.1718, 'grad_norm': 0.1565997451543808, 'learning_rate': 9.41842864872018e-05, 'entropy': 0.17400973960757254, 'num_tokens': 1019740160.0, 'mean_token_accuracy': 0.9542303651571273, 'epoch': 1.6}
{'loss': 0.1711, 'grad_norm': 0.18093760311603546, 'learning_rate': 9.407353417126899e-05, 'entropy': 0.17416246607899666, 'num_tokens': 1020395520.0, 'mean_token_accuracy': 0.9543098658323288, 'epoch': 1.6}
{'loss': 0.1707, 'grad_norm': 0.1707475334405899, 'learning_rate': 9.396278914992816e-05, 'entropy': 0.17284304797649383, 'num_tokens': 1021050880.0, 'mean_token_accuracy': 0.9542838752269744, 'epoch': 1.6}
{'loss': 0.172, 'grad_norm': 0.16811640560626984, 'learning_rate': 9.385205155948981e-05, 'entropy': 0.1742849566042423, 'num_tokens': 1021706240.0, 'mean_token_accuracy': 0.954213547706604, 'epoch': 1.6}
{'loss': 0.1712, 'grad_norm': 0.16427229344844818, 'learning_rate': 9.374132153625537e-05, 'entropy': 0.17349581196904182, 'num_tokens': 1022361600.0, 'mean_token_accuracy': 0.9543266832828522, 'epoch': 1.6}
{'loss': 0.1713, 'grad_norm': 0.1741909682750702, 'learning_rate': 9.36305992165169e-05, 'entropy': 0.17404696568846703, 'num_tokens': 1023016960.0, 'mean_token_accuracy': 0.9541615664958953, 'epoch': 1.6}
{'loss': 0.1722, 'grad_norm': 0.15032750368118286, 'learning_rate': 9.351988473655696e-05, 'entropy': 0.1746223635971546, 'num_tokens': 1023672320.0, 'mean_token_accuracy': 0.9541768550872802, 'epoch': 1.61}
{'loss': 0.1727, 'grad_norm': 0.16407574713230133, 'learning_rate': 9.340917823264857e-05, 'entropy': 0.17526245936751367, 'num_tokens': 1024327680.0, 'mean_token_accuracy': 0.9540178537368774, 'epoch': 1.61}
{'loss': 0.1717, 'grad_norm': 0.19112427532672882, 'learning_rate': 9.329847984105479e-05, 'entropy': 0.17433161810040473, 'num_tokens': 1024983040.0, 'mean_token_accuracy': 0.9540606617927552, 'epoch': 1.61}
{'loss': 0.1708, 'grad_norm': 0.1684926152229309, 'learning_rate': 9.318778969802883e-05, 'entropy': 0.17366658225655557, 'num_tokens': 1025638400.0, 'mean_token_accuracy': 0.9546293973922729, 'epoch': 1.61}
{'loss': 0.1716, 'grad_norm': 0.15358559787273407, 'learning_rate': 9.307710793981361e-05, 'entropy': 0.17373394444584847, 'num_tokens': 1026293760.0, 'mean_token_accuracy': 0.9542655289173126, 'epoch': 1.61}
{'loss': 0.1703, 'grad_norm': 0.16383995115756989, 'learning_rate': 9.296643470264185e-05, 'entropy': 0.17270642146468163, 'num_tokens': 1026949120.0, 'mean_token_accuracy': 0.9545560121536255, 'epoch': 1.61}
{'loss': 0.1728, 'grad_norm': 0.14296352863311768, 'learning_rate': 9.28557701227357e-05, 'entropy': 0.17520288452506066, 'num_tokens': 1027604480.0, 'mean_token_accuracy': 0.9539995074272156, 'epoch': 1.61}
{'loss': 0.1704, 'grad_norm': 0.17143158614635468, 'learning_rate': 9.27451143363067e-05, 'entropy': 0.17296125888824462, 'num_tokens': 1028259840.0, 'mean_token_accuracy': 0.9546125799417495, 'epoch': 1.61}
{'loss': 0.1716, 'grad_norm': 0.16920705139636993, 'learning_rate': 9.263446747955556e-05, 'entropy': 0.17441784590482712, 'num_tokens': 1028915200.0, 'mean_token_accuracy': 0.9544872134923935, 'epoch': 1.61}
{'loss': 0.1705, 'grad_norm': 0.15633618831634521, 'learning_rate': 9.2523829688672e-05, 'entropy': 0.17297061830759047, 'num_tokens': 1029570560.0, 'mean_token_accuracy': 0.9546400994062424, 'epoch': 1.61}
{'loss': 0.1721, 'grad_norm': 0.17536397278308868, 'learning_rate': 9.241320109983455e-05, 'entropy': 0.17462226524949073, 'num_tokens': 1030225920.0, 'mean_token_accuracy': 0.9541890859603882, 'epoch': 1.62}
{'loss': 0.1707, 'grad_norm': 0.1565045267343521, 'learning_rate': 9.230258184921044e-05, 'entropy': 0.17292893454432487, 'num_tokens': 1030881280.0, 'mean_token_accuracy': 0.9543832510709762, 'epoch': 1.62}
{'loss': 0.1721, 'grad_norm': 0.16088460385799408, 'learning_rate': 9.219197207295541e-05, 'entropy': 0.17457149922847748, 'num_tokens': 1031536640.0, 'mean_token_accuracy': 0.953941410779953, 'epoch': 1.62}
{'loss': 0.1705, 'grad_norm': 0.16739441454410553, 'learning_rate': 9.208137190721354e-05, 'entropy': 0.1731369189918041, 'num_tokens': 1032192000.0, 'mean_token_accuracy': 0.9544872134923935, 'epoch': 1.62}
{'loss': 0.1712, 'grad_norm': 0.1595001220703125, 'learning_rate': 9.197078148811703e-05, 'entropy': 0.17338994294404983, 'num_tokens': 1032847360.0, 'mean_token_accuracy': 0.9543098658323288, 'epoch': 1.62}
{'loss': 0.1716, 'grad_norm': 0.15170054137706757, 'learning_rate': 9.186020095178618e-05, 'entropy': 0.17461327463388443, 'num_tokens': 1033502720.0, 'mean_token_accuracy': 0.9543220967054367, 'epoch': 1.62}
{'loss': 0.1709, 'grad_norm': 0.16479983925819397, 'learning_rate': 9.174963043432908e-05, 'entropy': 0.17307981252670288, 'num_tokens': 1034158080.0, 'mean_token_accuracy': 0.9544428765773774, 'epoch': 1.62}
{'loss': 0.1714, 'grad_norm': 0.15779998898506165, 'learning_rate': 9.163907007184138e-05, 'entropy': 0.17347338795661926, 'num_tokens': 1034813440.0, 'mean_token_accuracy': 0.9541814416646958, 'epoch': 1.62}
{'loss': 0.17, 'grad_norm': 0.16794852912425995, 'learning_rate': 9.152852000040643e-05, 'entropy': 0.17330675423145295, 'num_tokens': 1035468800.0, 'mean_token_accuracy': 0.954482626914978, 'epoch': 1.62}
{'loss': 0.172, 'grad_norm': 0.15161696076393127, 'learning_rate': 9.141798035609476e-05, 'entropy': 0.17391253486275673, 'num_tokens': 1036124160.0, 'mean_token_accuracy': 0.9539245933294296, 'epoch': 1.62}
{'loss': 0.171, 'grad_norm': 0.1760699301958084, 'learning_rate': 9.130745127496416e-05, 'entropy': 0.17385226786136626, 'num_tokens': 1036779520.0, 'mean_token_accuracy': 0.9544122993946076, 'epoch': 1.63}
{'loss': 0.1722, 'grad_norm': 0.176224946975708, 'learning_rate': 9.119693289305935e-05, 'entropy': 0.17501455917954445, 'num_tokens': 1037434880.0, 'mean_token_accuracy': 0.9541753262281418, 'epoch': 1.63}
{'loss': 0.1725, 'grad_norm': 0.1587897390127182, 'learning_rate': 9.10864253464119e-05, 'entropy': 0.17510760053992272, 'num_tokens': 1038090240.0, 'mean_token_accuracy': 0.9539750456809998, 'epoch': 1.63}
{'loss': 0.1708, 'grad_norm': 0.15439221262931824, 'learning_rate': 9.097592877104013e-05, 'entropy': 0.17348281517624856, 'num_tokens': 1038745600.0, 'mean_token_accuracy': 0.954354202747345, 'epoch': 1.63}
{'loss': 0.1694, 'grad_norm': 0.1581655889749527, 'learning_rate': 9.086544330294864e-05, 'entropy': 0.17197551280260087, 'num_tokens': 1039400960.0, 'mean_token_accuracy': 0.9545942336320877, 'epoch': 1.63}
{'loss': 0.1693, 'grad_norm': 0.156626895070076, 'learning_rate': 9.07549690781286e-05, 'entropy': 0.1720703735947609, 'num_tokens': 1040056320.0, 'mean_token_accuracy': 0.9546355128288269, 'epoch': 1.63}
{'loss': 0.1709, 'grad_norm': 0.16666138172149658, 'learning_rate': 9.06445062325572e-05, 'entropy': 0.17356000691652299, 'num_tokens': 1040711680.0, 'mean_token_accuracy': 0.9544184148311615, 'epoch': 1.63}
{'loss': 0.1701, 'grad_norm': 0.15941984951496124, 'learning_rate': 9.053405490219767e-05, 'entropy': 0.17270763888955115, 'num_tokens': 1041367040.0, 'mean_token_accuracy': 0.9546309262514114, 'epoch': 1.63}
{'loss': 0.1707, 'grad_norm': 0.15766502916812897, 'learning_rate': 9.042361522299906e-05, 'entropy': 0.1732452929019928, 'num_tokens': 1042022400.0, 'mean_token_accuracy': 0.954482626914978, 'epoch': 1.63}
{'loss': 0.1703, 'grad_norm': 0.1573372781276703, 'learning_rate': 9.031318733089608e-05, 'entropy': 0.17273771688342093, 'num_tokens': 1042677760.0, 'mean_token_accuracy': 0.9546355128288269, 'epoch': 1.63}
{'loss': 0.1709, 'grad_norm': 0.1547473967075348, 'learning_rate': 9.020277136180895e-05, 'entropy': 0.1730698525905609, 'num_tokens': 1043333120.0, 'mean_token_accuracy': 0.9543740779161454, 'epoch': 1.64}
{'loss': 0.17, 'grad_norm': 0.15175633132457733, 'learning_rate': 9.009236745164315e-05, 'entropy': 0.17333451882004738, 'num_tokens': 1043988480.0, 'mean_token_accuracy': 0.9544627517461777, 'epoch': 1.64}
{'loss': 0.1698, 'grad_norm': 0.1584584265947342, 'learning_rate': 8.998197573628934e-05, 'entropy': 0.17193637564778327, 'num_tokens': 1044643840.0, 'mean_token_accuracy': 0.9546767920255661, 'epoch': 1.64}
{'loss': 0.1722, 'grad_norm': 0.17249290645122528, 'learning_rate': 8.987159635162324e-05, 'entropy': 0.17473910376429558, 'num_tokens': 1045299200.0, 'mean_token_accuracy': 0.954348087310791, 'epoch': 1.64}
{'loss': 0.1714, 'grad_norm': 0.16359862685203552, 'learning_rate': 8.976122943350534e-05, 'entropy': 0.1738449215888977, 'num_tokens': 1045954560.0, 'mean_token_accuracy': 0.9543220967054367, 'epoch': 1.64}
{'loss': 0.1694, 'grad_norm': 0.14786936342716217, 'learning_rate': 8.96508751177808e-05, 'entropy': 0.17259157299995423, 'num_tokens': 1046609920.0, 'mean_token_accuracy': 0.9547654658555984, 'epoch': 1.64}
{'loss': 0.1702, 'grad_norm': 0.1700693964958191, 'learning_rate': 8.954053354027926e-05, 'entropy': 0.17245956659317016, 'num_tokens': 1047265280.0, 'mean_token_accuracy': 0.9545391947031021, 'epoch': 1.64}
{'loss': 0.1713, 'grad_norm': 0.16998514533042908, 'learning_rate': 8.943020483681463e-05, 'entropy': 0.17352477684617043, 'num_tokens': 1047920640.0, 'mean_token_accuracy': 0.9541890859603882, 'epoch': 1.64}
{'loss': 0.1714, 'grad_norm': 0.15263348817825317, 'learning_rate': 8.931988914318503e-05, 'entropy': 0.17391048297286033, 'num_tokens': 1048576000.0, 'mean_token_accuracy': 0.9543985396623611, 'epoch': 1.64}
{'eval_loss': 0.16872867941856384, 'eval_runtime': 78.2154, 'eval_samples_per_second': 63.926, 'eval_steps_per_second': 1.01, 'eval_entropy': 0.17091956432861619, 'eval_num_tokens': 1048576000.0, 'eval_mean_token_accuracy': 0.9548597713060016, 'epoch': 1.64}
{'loss': 0.1696, 'grad_norm': 0.1660255640745163, 'learning_rate': 8.920958659517256e-05, 'entropy': 0.17184835970401763, 'num_tokens': 1049231360.0, 'mean_token_accuracy': 0.9547180712223053, 'epoch': 1.65}
{'loss': 0.17, 'grad_norm': 0.18509627878665924, 'learning_rate': 8.90992973285432e-05, 'entropy': 0.172647188603878, 'num_tokens': 1049886720.0, 'mean_token_accuracy': 0.9547318309545517, 'epoch': 1.65}
{'loss': 0.1705, 'grad_norm': 0.16351692378520966, 'learning_rate': 8.898902147904646e-05, 'entropy': 0.1727103680372238, 'num_tokens': 1050542080.0, 'mean_token_accuracy': 0.9546905517578125, 'epoch': 1.65}
{'loss': 0.1691, 'grad_norm': 0.16463078558444977, 'learning_rate': 8.887875918241543e-05, 'entropy': 0.17145591080188752, 'num_tokens': 1051197440.0, 'mean_token_accuracy': 0.9549275249242782, 'epoch': 1.65}
{'loss': 0.1696, 'grad_norm': 0.17245598137378693, 'learning_rate': 8.876851057436652e-05, 'entropy': 0.17246109694242479, 'num_tokens': 1051852800.0, 'mean_token_accuracy': 0.9545193195343018, 'epoch': 1.65}
{'loss': 0.1702, 'grad_norm': 0.15415938198566437, 'learning_rate': 8.865827579059914e-05, 'entropy': 0.1727212905883789, 'num_tokens': 1052508160.0, 'mean_token_accuracy': 0.954476511478424, 'epoch': 1.65}
{'loss': 0.1706, 'grad_norm': 0.1806974709033966, 'learning_rate': 8.85480549667959e-05, 'entropy': 0.17310452461242676, 'num_tokens': 1053163520.0, 'mean_token_accuracy': 0.9545055598020553, 'epoch': 1.65}
{'loss': 0.172, 'grad_norm': 0.15609417855739594, 'learning_rate': 8.843784823862206e-05, 'entropy': 0.17467402666807175, 'num_tokens': 1053818880.0, 'mean_token_accuracy': 0.9541157007217407, 'epoch': 1.65}
{'loss': 0.1709, 'grad_norm': 0.14527317881584167, 'learning_rate': 8.832765574172567e-05, 'entropy': 0.17315800189971925, 'num_tokens': 1054474240.0, 'mean_token_accuracy': 0.9544214725494384, 'epoch': 1.65}
{'loss': 0.1685, 'grad_norm': 0.1482209414243698, 'learning_rate': 8.821747761173716e-05, 'entropy': 0.17189406082034112, 'num_tokens': 1055129600.0, 'mean_token_accuracy': 0.9549932658672333, 'epoch': 1.65}
{'loss': 0.1693, 'grad_norm': 0.14938020706176758, 'learning_rate': 8.810731398426932e-05, 'entropy': 0.17187402844429017, 'num_tokens': 1055784960.0, 'mean_token_accuracy': 0.9548342645168304, 'epoch': 1.66}
{'loss': 0.1709, 'grad_norm': 0.1870863288640976, 'learning_rate': 8.799716499491711e-05, 'entropy': 0.1729885846376419, 'num_tokens': 1056440320.0, 'mean_token_accuracy': 0.9544810980558396, 'epoch': 1.66}
{'loss': 0.1696, 'grad_norm': 0.18435098230838776, 'learning_rate': 8.788703077925735e-05, 'entropy': 0.17252674773335458, 'num_tokens': 1057095680.0, 'mean_token_accuracy': 0.9548388510942459, 'epoch': 1.66}
{'loss': 0.1695, 'grad_norm': 0.15966257452964783, 'learning_rate': 8.777691147284882e-05, 'entropy': 0.17142376750707627, 'num_tokens': 1057751040.0, 'mean_token_accuracy': 0.954967275261879, 'epoch': 1.66}
{'loss': 0.1705, 'grad_norm': 0.17822669446468353, 'learning_rate': 8.766680721123188e-05, 'entropy': 0.17348895967006683, 'num_tokens': 1058406400.0, 'mean_token_accuracy': 0.9544337034225464, 'epoch': 1.66}
{'loss': 0.169, 'grad_norm': 0.16511976718902588, 'learning_rate': 8.755671812992842e-05, 'entropy': 0.17228974625468255, 'num_tokens': 1059061760.0, 'mean_token_accuracy': 0.9549764484167099, 'epoch': 1.66}
{'loss': 0.1693, 'grad_norm': 0.16608279943466187, 'learning_rate': 8.74466443644416e-05, 'entropy': 0.17135540023446083, 'num_tokens': 1059717120.0, 'mean_token_accuracy': 0.9545972913503646, 'epoch': 1.66}
{'loss': 0.1695, 'grad_norm': 0.15487001836299896, 'learning_rate': 8.733658605025577e-05, 'entropy': 0.1720663845539093, 'num_tokens': 1060372480.0, 'mean_token_accuracy': 0.9545667141675949, 'epoch': 1.66}
{'loss': 0.1684, 'grad_norm': 0.15491239726543427, 'learning_rate': 8.722654332283618e-05, 'entropy': 0.17176498025655745, 'num_tokens': 1061027840.0, 'mean_token_accuracy': 0.9548159182071686, 'epoch': 1.66}
{'loss': 0.1692, 'grad_norm': 0.15465375781059265, 'learning_rate': 8.711651631762896e-05, 'entropy': 0.17104717046022416, 'num_tokens': 1061683200.0, 'mean_token_accuracy': 0.9547761678695679, 'epoch': 1.66}
{'loss': 0.1704, 'grad_norm': 0.16198936104774475, 'learning_rate': 8.70065051700609e-05, 'entropy': 0.17261943444609643, 'num_tokens': 1062338560.0, 'mean_token_accuracy': 0.95468290746212, 'epoch': 1.67}
{'loss': 0.1698, 'grad_norm': 0.17555855214595795, 'learning_rate': 8.689651001553919e-05, 'entropy': 0.1733763374388218, 'num_tokens': 1062993920.0, 'mean_token_accuracy': 0.9547440618276596, 'epoch': 1.67}
{'loss': 0.1703, 'grad_norm': 0.16837124526500702, 'learning_rate': 8.678653098945148e-05, 'entropy': 0.17267136573791503, 'num_tokens': 1063649280.0, 'mean_token_accuracy': 0.9545009732246399, 'epoch': 1.67}
{'loss': 0.1696, 'grad_norm': 0.15523023903369904, 'learning_rate': 8.667656822716544e-05, 'entropy': 0.1722080521285534, 'num_tokens': 1064304640.0, 'mean_token_accuracy': 0.9547669947147369, 'epoch': 1.67}
{'loss': 0.1714, 'grad_norm': 0.1649627983570099, 'learning_rate': 8.656662186402882e-05, 'entropy': 0.17370103672146797, 'num_tokens': 1064960000.0, 'mean_token_accuracy': 0.9543924242258072, 'epoch': 1.67}
{'loss': 0.1693, 'grad_norm': 0.16869911551475525, 'learning_rate': 8.645669203536902e-05, 'entropy': 0.17204058170318604, 'num_tokens': 1065615360.0, 'mean_token_accuracy': 0.954689022898674, 'epoch': 1.67}
{'loss': 0.1688, 'grad_norm': 0.16066202521324158, 'learning_rate': 8.634677887649327e-05, 'entropy': 0.17132207304239272, 'num_tokens': 1066270720.0, 'mean_token_accuracy': 0.9548587262630462, 'epoch': 1.67}
{'loss': 0.1701, 'grad_norm': 0.16494707763195038, 'learning_rate': 8.623688252268817e-05, 'entropy': 0.1723613001406193, 'num_tokens': 1066926080.0, 'mean_token_accuracy': 0.9546553879976273, 'epoch': 1.67}
{'loss': 0.169, 'grad_norm': 0.1533835381269455, 'learning_rate': 8.612700310921968e-05, 'entropy': 0.17190016210079193, 'num_tokens': 1067581440.0, 'mean_token_accuracy': 0.9549947947263717, 'epoch': 1.67}
{'loss': 0.1695, 'grad_norm': 0.16166193783283234, 'learning_rate': 8.601714077133296e-05, 'entropy': 0.1723612926900387, 'num_tokens': 1068236800.0, 'mean_token_accuracy': 0.9546706765890122, 'epoch': 1.68}
{'loss': 0.1697, 'grad_norm': 0.14992564916610718, 'learning_rate': 8.590729564425204e-05, 'entropy': 0.1714487850666046, 'num_tokens': 1068892160.0, 'mean_token_accuracy': 0.9545896470546722, 'epoch': 1.68}
{'loss': 0.1701, 'grad_norm': 0.15834161639213562, 'learning_rate': 8.57974678631799e-05, 'entropy': 0.17316266894340515, 'num_tokens': 1069547520.0, 'mean_token_accuracy': 0.9548128604888916, 'epoch': 1.68}
{'loss': 0.1689, 'grad_norm': 0.1674894243478775, 'learning_rate': 8.568765756329797e-05, 'entropy': 0.17156028747558594, 'num_tokens': 1070202880.0, 'mean_token_accuracy': 0.95510793030262, 'epoch': 1.68}
{'loss': 0.1692, 'grad_norm': 0.15227435529232025, 'learning_rate': 8.557786487976637e-05, 'entropy': 0.17173633947968484, 'num_tokens': 1070858240.0, 'mean_token_accuracy': 0.9547027826309205, 'epoch': 1.68}
{'loss': 0.1683, 'grad_norm': 0.16177232563495636, 'learning_rate': 8.546808994772341e-05, 'entropy': 0.17081503421068192, 'num_tokens': 1071513600.0, 'mean_token_accuracy': 0.9550788819789886, 'epoch': 1.68}
{'loss': 0.1687, 'grad_norm': 0.16583189368247986, 'learning_rate': 8.53583329022856e-05, 'entropy': 0.17176241129636766, 'num_tokens': 1072168960.0, 'mean_token_accuracy': 0.954832735657692, 'epoch': 1.68}
{'loss': 0.1691, 'grad_norm': 0.15561696887016296, 'learning_rate': 8.524859387854746e-05, 'entropy': 0.17100465297698975, 'num_tokens': 1072824320.0, 'mean_token_accuracy': 0.954689022898674, 'epoch': 1.68}
{'loss': 0.1704, 'grad_norm': 0.16824793815612793, 'learning_rate': 8.513887301158133e-05, 'entropy': 0.17327405214309693, 'num_tokens': 1073479680.0, 'mean_token_accuracy': 0.9546095222234726, 'epoch': 1.68}
{'loss': 0.1686, 'grad_norm': 0.14761826395988464, 'learning_rate': 8.502917043643706e-05, 'entropy': 0.1713214173913002, 'num_tokens': 1074135040.0, 'mean_token_accuracy': 0.9550712376832962, 'epoch': 1.68}
{'loss': 0.1686, 'grad_norm': 0.16657015681266785, 'learning_rate': 8.491948628814215e-05, 'entropy': 0.17105417549610138, 'num_tokens': 1074790400.0, 'mean_token_accuracy': 0.9548602551221848, 'epoch': 1.69}
{'loss': 0.168, 'grad_norm': 0.1596207320690155, 'learning_rate': 8.480982070170134e-05, 'entropy': 0.17116763442754745, 'num_tokens': 1075445760.0, 'mean_token_accuracy': 0.9551859021186828, 'epoch': 1.69}
{'loss': 0.1701, 'grad_norm': 0.1654631495475769, 'learning_rate': 8.470017381209658e-05, 'entropy': 0.17221382781863212, 'num_tokens': 1076101120.0, 'mean_token_accuracy': 0.9544459342956543, 'epoch': 1.69}
{'loss': 0.1701, 'grad_norm': 0.17131194472312927, 'learning_rate': 8.459054575428671e-05, 'entropy': 0.17253709360957145, 'num_tokens': 1076756480.0, 'mean_token_accuracy': 0.9544367611408233, 'epoch': 1.69}
{'loss': 0.169, 'grad_norm': 0.17443254590034485, 'learning_rate': 8.448093666320753e-05, 'entropy': 0.17113372087478637, 'num_tokens': 1077411840.0, 'mean_token_accuracy': 0.9548021584749222, 'epoch': 1.69}
{'loss': 0.1691, 'grad_norm': 0.18648761510849, 'learning_rate': 8.437134667377142e-05, 'entropy': 0.17254307866096497, 'num_tokens': 1078067200.0, 'mean_token_accuracy': 0.9547776967287064, 'epoch': 1.69}
{'loss': 0.1691, 'grad_norm': 0.1699913591146469, 'learning_rate': 8.426177592086717e-05, 'entropy': 0.17143662571907042, 'num_tokens': 1078722560.0, 'mean_token_accuracy': 0.9547776967287064, 'epoch': 1.69}
{'loss': 0.1698, 'grad_norm': 0.1502329409122467, 'learning_rate': 8.415222453936002e-05, 'entropy': 0.17248165532946585, 'num_tokens': 1079377920.0, 'mean_token_accuracy': 0.9545407235622406, 'epoch': 1.69}
{'loss': 0.1691, 'grad_norm': 0.15516121685504913, 'learning_rate': 8.404269266409129e-05, 'entropy': 0.1716999389231205, 'num_tokens': 1080033280.0, 'mean_token_accuracy': 0.9548312067985535, 'epoch': 1.69}
{'loss': 0.1688, 'grad_norm': 0.16307775676250458, 'learning_rate': 8.393318042987834e-05, 'entropy': 0.17119842916727065, 'num_tokens': 1080688640.0, 'mean_token_accuracy': 0.9549519866704941, 'epoch': 1.69}
{'loss': 0.1711, 'grad_norm': 0.19877542555332184, 'learning_rate': 8.382368797151428e-05, 'entropy': 0.17292760461568832, 'num_tokens': 1081344000.0, 'mean_token_accuracy': 0.9542716443538666, 'epoch': 1.7}
{'loss': 0.17, 'grad_norm': 0.2051122784614563, 'learning_rate': 8.371421542376801e-05, 'entropy': 0.1730195961892605, 'num_tokens': 1081999360.0, 'mean_token_accuracy': 0.9547929853200913, 'epoch': 1.7}
{'loss': 0.1692, 'grad_norm': 0.17709095776081085, 'learning_rate': 8.360476292138384e-05, 'entropy': 0.17166006863117217, 'num_tokens': 1082654720.0, 'mean_token_accuracy': 0.9548617839813233, 'epoch': 1.7}
{'loss': 0.168, 'grad_norm': 0.1632860004901886, 'learning_rate': 8.349533059908134e-05, 'entropy': 0.16985842883586882, 'num_tokens': 1083310080.0, 'mean_token_accuracy': 0.9548678994178772, 'epoch': 1.7}
{'loss': 0.1702, 'grad_norm': 0.19838681817054749, 'learning_rate': 8.338591859155534e-05, 'entropy': 0.1725471518933773, 'num_tokens': 1083965440.0, 'mean_token_accuracy': 0.9545774161815643, 'epoch': 1.7}
{'loss': 0.1694, 'grad_norm': 0.1572933942079544, 'learning_rate': 8.327652703347564e-05, 'entropy': 0.1716487169265747, 'num_tokens': 1084620800.0, 'mean_token_accuracy': 0.9546813786029815, 'epoch': 1.7}
{'loss': 0.1684, 'grad_norm': 0.1668841689825058, 'learning_rate': 8.316715605948688e-05, 'entropy': 0.17108479291200637, 'num_tokens': 1085276160.0, 'mean_token_accuracy': 0.9548831880092621, 'epoch': 1.7}
{'loss': 0.1692, 'grad_norm': 0.15696464478969574, 'learning_rate': 8.305780580420831e-05, 'entropy': 0.17217765152454376, 'num_tokens': 1085931520.0, 'mean_token_accuracy': 0.9548556685447693, 'epoch': 1.7}
{'loss': 0.1686, 'grad_norm': 0.16206946969032288, 'learning_rate': 8.294847640223382e-05, 'entropy': 0.17092738375067712, 'num_tokens': 1086586880.0, 'mean_token_accuracy': 0.9549412846565246, 'epoch': 1.7}
{'loss': 0.1693, 'grad_norm': 0.16698510944843292, 'learning_rate': 8.283916798813142e-05, 'entropy': 0.17210345789790155, 'num_tokens': 1087242240.0, 'mean_token_accuracy': 0.9547853410243988, 'epoch': 1.7}
{'loss': 0.1697, 'grad_norm': 0.16541172564029694, 'learning_rate': 8.272988069644344e-05, 'entropy': 0.17184658497571945, 'num_tokens': 1087897600.0, 'mean_token_accuracy': 0.9546339839696885, 'epoch': 1.71}
{'loss': 0.1682, 'grad_norm': 0.16311240196228027, 'learning_rate': 8.262061466168616e-05, 'entropy': 0.1714164912700653, 'num_tokens': 1088552960.0, 'mean_token_accuracy': 0.9553082108497619, 'epoch': 1.71}
{'loss': 0.1681, 'grad_norm': 0.17118436098098755, 'learning_rate': 8.251137001834974e-05, 'entropy': 0.17009055688977243, 'num_tokens': 1089208320.0, 'mean_token_accuracy': 0.9552317678928375, 'epoch': 1.71}
{'loss': 0.1683, 'grad_norm': 0.1677728295326233, 'learning_rate': 8.240214690089794e-05, 'entropy': 0.17201411724090576, 'num_tokens': 1089863680.0, 'mean_token_accuracy': 0.9550421893596649, 'epoch': 1.71}
{'loss': 0.1693, 'grad_norm': 0.17261210083961487, 'learning_rate': 8.229294544376806e-05, 'entropy': 0.17129125967621803, 'num_tokens': 1090519040.0, 'mean_token_accuracy': 0.9547914564609528, 'epoch': 1.71}
{'loss': 0.1692, 'grad_norm': 0.17578837275505066, 'learning_rate': 8.218376578137083e-05, 'entropy': 0.17198501974344255, 'num_tokens': 1091174400.0, 'mean_token_accuracy': 0.954757821559906, 'epoch': 1.71}
{'loss': 0.1707, 'grad_norm': 0.15526308119297028, 'learning_rate': 8.207460804808995e-05, 'entropy': 0.17344012930989267, 'num_tokens': 1091829760.0, 'mean_token_accuracy': 0.9545086175203323, 'epoch': 1.71}
{'loss': 0.1685, 'grad_norm': 0.18430829048156738, 'learning_rate': 8.196547237828229e-05, 'entropy': 0.17106286138296128, 'num_tokens': 1092485120.0, 'mean_token_accuracy': 0.9550635933876037, 'epoch': 1.71}
{'loss': 0.1699, 'grad_norm': 0.16210433840751648, 'learning_rate': 8.185635890627751e-05, 'entropy': 0.17266833782196045, 'num_tokens': 1093140480.0, 'mean_token_accuracy': 0.9547257155179978, 'epoch': 1.71}
{'loss': 0.1682, 'grad_norm': 0.16933974623680115, 'learning_rate': 8.174726776637796e-05, 'entropy': 0.17083700820803643, 'num_tokens': 1093795840.0, 'mean_token_accuracy': 0.9551797866821289, 'epoch': 1.72}
{'loss': 0.1703, 'grad_norm': 0.1623763144016266, 'learning_rate': 8.163819909285848e-05, 'entropy': 0.1726335532963276, 'num_tokens': 1094451200.0, 'mean_token_accuracy': 0.9544505208730698, 'epoch': 1.72}
{'loss': 0.1699, 'grad_norm': 0.14399155974388123, 'learning_rate': 8.15291530199663e-05, 'entropy': 0.17262414172291757, 'num_tokens': 1095106560.0, 'mean_token_accuracy': 0.9546217530965805, 'epoch': 1.72}
{'loss': 0.1706, 'grad_norm': 0.15360307693481445, 'learning_rate': 8.142012968192084e-05, 'entropy': 0.17333560511469842, 'num_tokens': 1095761920.0, 'mean_token_accuracy': 0.9545483678579331, 'epoch': 1.72}
{'loss': 0.1679, 'grad_norm': 0.15722407400608063, 'learning_rate': 8.131112921291342e-05, 'entropy': 0.17134038358926773, 'num_tokens': 1096417280.0, 'mean_token_accuracy': 0.9551660269498825, 'epoch': 1.72}
{'loss': 0.1699, 'grad_norm': 0.1531401127576828, 'learning_rate': 8.120215174710734e-05, 'entropy': 0.17180445045232773, 'num_tokens': 1097072640.0, 'mean_token_accuracy': 0.9547532349824905, 'epoch': 1.72}
{'loss': 0.1695, 'grad_norm': 0.17141932249069214, 'learning_rate': 8.109319741863753e-05, 'entropy': 0.17267812192440032, 'num_tokens': 1097728000.0, 'mean_token_accuracy': 0.9547685235738754, 'epoch': 1.72}
{'loss': 0.1676, 'grad_norm': 0.16058509051799774, 'learning_rate': 8.098426636161044e-05, 'entropy': 0.16998083442449569, 'num_tokens': 1098383360.0, 'mean_token_accuracy': 0.9551843732595444, 'epoch': 1.72}
{'loss': 0.1684, 'grad_norm': 0.16404245793819427, 'learning_rate': 8.087535871010394e-05, 'entropy': 0.17109034731984138, 'num_tokens': 1099038720.0, 'mean_token_accuracy': 0.9550437182188034, 'epoch': 1.72}
{'loss': 0.1681, 'grad_norm': 0.1560414880514145, 'learning_rate': 8.076647459816702e-05, 'entropy': 0.17109656780958177, 'num_tokens': 1099694080.0, 'mean_token_accuracy': 0.9552027195692062, 'epoch': 1.72}
{'loss': 0.169, 'grad_norm': 0.1726469248533249, 'learning_rate': 8.065761415981968e-05, 'entropy': 0.1714936800301075, 'num_tokens': 1100349440.0, 'mean_token_accuracy': 0.9549810349941253, 'epoch': 1.73}
{'loss': 0.1677, 'grad_norm': 0.15194888412952423, 'learning_rate': 8.054877752905285e-05, 'entropy': 0.17090045437216758, 'num_tokens': 1101004800.0, 'mean_token_accuracy': 0.955104872584343, 'epoch': 1.73}
{'loss': 0.1684, 'grad_norm': 0.15575717389583588, 'learning_rate': 8.04399648398281e-05, 'entropy': 0.17047237679362298, 'num_tokens': 1101660160.0, 'mean_token_accuracy': 0.9551262766122818, 'epoch': 1.73}
{'loss': 0.1696, 'grad_norm': 0.17540225386619568, 'learning_rate': 8.03311762260776e-05, 'entropy': 0.172641047090292, 'num_tokens': 1102315520.0, 'mean_token_accuracy': 0.9546783208847046, 'epoch': 1.73}
{'loss': 0.1696, 'grad_norm': 0.15020838379859924, 'learning_rate': 8.02224118217038e-05, 'entropy': 0.17214783877134324, 'num_tokens': 1102970880.0, 'mean_token_accuracy': 0.9547425329685211, 'epoch': 1.73}
{'loss': 0.1671, 'grad_norm': 0.17239612340927124, 'learning_rate': 8.011367176057941e-05, 'entropy': 0.1696315348148346, 'num_tokens': 1103626240.0, 'mean_token_accuracy': 0.9552913933992386, 'epoch': 1.73}
{'loss': 0.1688, 'grad_norm': 0.14702828228473663, 'learning_rate': 8.000495617654719e-05, 'entropy': 0.1717163860797882, 'num_tokens': 1104281600.0, 'mean_token_accuracy': 0.9548449665307999, 'epoch': 1.73}
{'loss': 0.1698, 'grad_norm': 0.17816857993602753, 'learning_rate': 7.989626520341969e-05, 'entropy': 0.17254917472600936, 'num_tokens': 1104936960.0, 'mean_token_accuracy': 0.9549412846565246, 'epoch': 1.73}
{'loss': 0.1691, 'grad_norm': 0.18022304773330688, 'learning_rate': 7.978759897497925e-05, 'entropy': 0.17151032388210297, 'num_tokens': 1105592320.0, 'mean_token_accuracy': 0.9550024390220642, 'epoch': 1.73}
{'loss': 0.1679, 'grad_norm': 0.16858500242233276, 'learning_rate': 7.967895762497772e-05, 'entropy': 0.1709623232483864, 'num_tokens': 1106247680.0, 'mean_token_accuracy': 0.9552806913852692, 'epoch': 1.73}
{'loss': 0.1691, 'grad_norm': 0.1613045632839203, 'learning_rate': 7.957034128713635e-05, 'entropy': 0.17169603034853936, 'num_tokens': 1106903040.0, 'mean_token_accuracy': 0.9549840927124024, 'epoch': 1.74}
{'loss': 0.1673, 'grad_norm': 0.18379071354866028, 'learning_rate': 7.946175009514556e-05, 'entropy': 0.17064254805445672, 'num_tokens': 1107558400.0, 'mean_token_accuracy': 0.9552027195692062, 'epoch': 1.74}
{'loss': 0.1682, 'grad_norm': 0.19465498626232147, 'learning_rate': 7.935318418266486e-05, 'entropy': 0.17008655816316604, 'num_tokens': 1108213760.0, 'mean_token_accuracy': 0.9550712376832962, 'epoch': 1.74}
{'loss': 0.167, 'grad_norm': 0.1827951967716217, 'learning_rate': 7.924464368332266e-05, 'entropy': 0.17037401497364044, 'num_tokens': 1108869120.0, 'mean_token_accuracy': 0.955233296751976, 'epoch': 1.74}
{'loss': 0.1691, 'grad_norm': 0.17431804537773132, 'learning_rate': 7.913612873071601e-05, 'entropy': 0.17141174301505088, 'num_tokens': 1109524480.0, 'mean_token_accuracy': 0.9548480242490769, 'epoch': 1.74}
{'loss': 0.1695, 'grad_norm': 0.17727626860141754, 'learning_rate': 7.902763945841058e-05, 'entropy': 0.17212654054164886, 'num_tokens': 1110179840.0, 'mean_token_accuracy': 0.9546508014202117, 'epoch': 1.74}
{'loss': 0.1687, 'grad_norm': 0.15957142412662506, 'learning_rate': 7.891917599994043e-05, 'entropy': 0.17143639847636222, 'num_tokens': 1110835200.0, 'mean_token_accuracy': 0.9550834685564041, 'epoch': 1.74}
{'loss': 0.1678, 'grad_norm': 0.1574118733406067, 'learning_rate': 7.881073848880785e-05, 'entropy': 0.1705884352326393, 'num_tokens': 1111490560.0, 'mean_token_accuracy': 0.9552180081605911, 'epoch': 1.74}
{'loss': 0.1682, 'grad_norm': 0.17563708126544952, 'learning_rate': 7.870232705848313e-05, 'entropy': 0.17067131251096726, 'num_tokens': 1112145920.0, 'mean_token_accuracy': 0.9550223141908646, 'epoch': 1.74}
{'loss': 0.1686, 'grad_norm': 0.15782612562179565, 'learning_rate': 7.859394184240457e-05, 'entropy': 0.1715275064110756, 'num_tokens': 1112801280.0, 'mean_token_accuracy': 0.954892361164093, 'epoch': 1.74}
{'loss': 0.1678, 'grad_norm': 0.2169971764087677, 'learning_rate': 7.848558297397808e-05, 'entropy': 0.17031533941626548, 'num_tokens': 1113456640.0, 'mean_token_accuracy': 0.9552715182304382, 'epoch': 1.75}
{'loss': 0.1672, 'grad_norm': 0.15623562037944794, 'learning_rate': 7.837725058657724e-05, 'entropy': 0.170219686627388, 'num_tokens': 1114112000.0, 'mean_token_accuracy': 0.9553311437368393, 'epoch': 1.75}
{'eval_loss': 0.1656283438205719, 'eval_runtime': 78.1527, 'eval_samples_per_second': 63.977, 'eval_steps_per_second': 1.011, 'eval_entropy': 0.16899202084994014, 'eval_num_tokens': 1114112000.0, 'eval_mean_token_accuracy': 0.9556718083876597, 'epoch': 1.75}
{'loss': 0.1673, 'grad_norm': 0.15213283896446228, 'learning_rate': 7.826894481354297e-05, 'entropy': 0.17028373181819917, 'num_tokens': 1114767360.0, 'mean_token_accuracy': 0.955292922258377, 'epoch': 1.75}
{'loss': 0.1681, 'grad_norm': 0.1684354692697525, 'learning_rate': 7.816066578818348e-05, 'entropy': 0.17026233673095703, 'num_tokens': 1115422720.0, 'mean_token_accuracy': 0.9550590068101883, 'epoch': 1.75}
{'loss': 0.1671, 'grad_norm': 0.1594618707895279, 'learning_rate': 7.805241364377404e-05, 'entropy': 0.17019834443926812, 'num_tokens': 1116078080.0, 'mean_token_accuracy': 0.9553265571594238, 'epoch': 1.75}
{'loss': 0.1675, 'grad_norm': 0.1644841879606247, 'learning_rate': 7.79441885135568e-05, 'entropy': 0.16995486691594125, 'num_tokens': 1116733440.0, 'mean_token_accuracy': 0.9552394121885299, 'epoch': 1.75}
{'loss': 0.1669, 'grad_norm': 0.1633635014295578, 'learning_rate': 7.783599053074074e-05, 'entropy': 0.16973865330219268, 'num_tokens': 1117388800.0, 'mean_token_accuracy': 0.9554228752851486, 'epoch': 1.75}
{'loss': 0.1681, 'grad_norm': 0.17092983424663544, 'learning_rate': 7.77278198285013e-05, 'entropy': 0.17034241557121277, 'num_tokens': 1118044160.0, 'mean_token_accuracy': 0.9550024390220642, 'epoch': 1.75}
{'loss': 0.1682, 'grad_norm': 0.1718977838754654, 'learning_rate': 7.761967653998048e-05, 'entropy': 0.17069748193025588, 'num_tokens': 1118699520.0, 'mean_token_accuracy': 0.9550574779510498, 'epoch': 1.75}
{'loss': 0.1679, 'grad_norm': 0.1637711524963379, 'learning_rate': 7.751156079828643e-05, 'entropy': 0.1707130752503872, 'num_tokens': 1119354880.0, 'mean_token_accuracy': 0.9551614403724671, 'epoch': 1.76}
{'loss': 0.1666, 'grad_norm': 0.158354252576828, 'learning_rate': 7.740347273649347e-05, 'entropy': 0.16929782330989837, 'num_tokens': 1120010240.0, 'mean_token_accuracy': 0.9555191934108734, 'epoch': 1.76}
{'loss': 0.1667, 'grad_norm': 0.15165404975414276, 'learning_rate': 7.72954124876418e-05, 'entropy': 0.16971536353230476, 'num_tokens': 1120665600.0, 'mean_token_accuracy': 0.9553968846797943, 'epoch': 1.76}
{'loss': 0.166, 'grad_norm': 0.15419906377792358, 'learning_rate': 7.718738018473743e-05, 'entropy': 0.1688540518283844, 'num_tokens': 1121320960.0, 'mean_token_accuracy': 0.9555528283119201, 'epoch': 1.76}
{'loss': 0.1676, 'grad_norm': 0.16112396121025085, 'learning_rate': 7.707937596075192e-05, 'entropy': 0.170052433013916, 'num_tokens': 1121976320.0, 'mean_token_accuracy': 0.9550651222467422, 'epoch': 1.76}
{'loss': 0.1666, 'grad_norm': 0.15613742172718048, 'learning_rate': 7.697139994862231e-05, 'entropy': 0.16945933401584626, 'num_tokens': 1122631680.0, 'mean_token_accuracy': 0.9554488658905029, 'epoch': 1.76}
{'loss': 0.1672, 'grad_norm': 0.15825986862182617, 'learning_rate': 7.686345228125089e-05, 'entropy': 0.17043546363711357, 'num_tokens': 1123287040.0, 'mean_token_accuracy': 0.9553464323282241, 'epoch': 1.76}
{'loss': 0.1678, 'grad_norm': 0.16106535494327545, 'learning_rate': 7.675553309150507e-05, 'entropy': 0.1704032115638256, 'num_tokens': 1123942400.0, 'mean_token_accuracy': 0.9553418457508087, 'epoch': 1.76}
{'loss': 0.1687, 'grad_norm': 0.17141853272914886, 'learning_rate': 7.664764251221723e-05, 'entropy': 0.17081181406974794, 'num_tokens': 1124597760.0, 'mean_token_accuracy': 0.9550651222467422, 'epoch': 1.76}
{'loss': 0.1683, 'grad_norm': 0.16172511875629425, 'learning_rate': 7.653978067618451e-05, 'entropy': 0.17123376205563545, 'num_tokens': 1125253120.0, 'mean_token_accuracy': 0.9548678994178772, 'epoch': 1.76}
{'loss': 0.1683, 'grad_norm': 0.17453649640083313, 'learning_rate': 7.64319477161687e-05, 'entropy': 0.1708511970937252, 'num_tokens': 1125908480.0, 'mean_token_accuracy': 0.9552409410476684, 'epoch': 1.77}
{'loss': 0.1677, 'grad_norm': 0.1657020002603531, 'learning_rate': 7.632414376489598e-05, 'entropy': 0.17045769989490508, 'num_tokens': 1126563840.0, 'mean_token_accuracy': 0.9553173840045929, 'epoch': 1.77}
{'loss': 0.1681, 'grad_norm': 0.17039334774017334, 'learning_rate': 7.62163689550569e-05, 'entropy': 0.17036072313785552, 'num_tokens': 1127219200.0, 'mean_token_accuracy': 0.9551461517810822, 'epoch': 1.77}
{'loss': 0.1671, 'grad_norm': 0.1621125042438507, 'learning_rate': 7.610862341930611e-05, 'entropy': 0.17000033408403398, 'num_tokens': 1127874560.0, 'mean_token_accuracy': 0.9551461517810822, 'epoch': 1.77}
{'loss': 0.1678, 'grad_norm': 0.17832662165164948, 'learning_rate': 7.600090729026222e-05, 'entropy': 0.17052986696362496, 'num_tokens': 1128529920.0, 'mean_token_accuracy': 0.9551400363445282, 'epoch': 1.77}
{'loss': 0.1673, 'grad_norm': 0.17931526899337769, 'learning_rate': 7.589322070050766e-05, 'entropy': 0.16970524713397026, 'num_tokens': 1129185280.0, 'mean_token_accuracy': 0.9554580390453339, 'epoch': 1.77}
{'loss': 0.1677, 'grad_norm': 0.19351014494895935, 'learning_rate': 7.578556378258849e-05, 'entropy': 0.1703582912683487, 'num_tokens': 1129840640.0, 'mean_token_accuracy': 0.9553311437368393, 'epoch': 1.77}
{'loss': 0.1671, 'grad_norm': 0.16384480893611908, 'learning_rate': 7.567793666901431e-05, 'entropy': 0.16994307711720466, 'num_tokens': 1130496000.0, 'mean_token_accuracy': 0.9552837491035462, 'epoch': 1.77}
{'loss': 0.1673, 'grad_norm': 0.15838900208473206, 'learning_rate': 7.55703394922579e-05, 'entropy': 0.1697823442518711, 'num_tokens': 1131151360.0, 'mean_token_accuracy': 0.9552394121885299, 'epoch': 1.77}
{'loss': 0.1675, 'grad_norm': 0.1638985425233841, 'learning_rate': 7.546277238475529e-05, 'entropy': 0.1700185738503933, 'num_tokens': 1131806720.0, 'mean_token_accuracy': 0.9553204417228699, 'epoch': 1.77}
{'loss': 0.168, 'grad_norm': 0.16068680584430695, 'learning_rate': 7.535523547890551e-05, 'entropy': 0.17044638991355895, 'num_tokens': 1132462080.0, 'mean_token_accuracy': 0.9550712376832962, 'epoch': 1.78}
{'loss': 0.168, 'grad_norm': 0.15304414927959442, 'learning_rate': 7.524772890707036e-05, 'entropy': 0.1711963839828968, 'num_tokens': 1133117440.0, 'mean_token_accuracy': 0.9552623450756073, 'epoch': 1.78}
{'loss': 0.1677, 'grad_norm': 0.14790603518486023, 'learning_rate': 7.514025280157435e-05, 'entropy': 0.17065979838371276, 'num_tokens': 1133772800.0, 'mean_token_accuracy': 0.9553525477647782, 'epoch': 1.78}
{'loss': 0.1678, 'grad_norm': 0.17787781357765198, 'learning_rate': 7.503280729470447e-05, 'entropy': 0.17052529603242875, 'num_tokens': 1134428160.0, 'mean_token_accuracy': 0.9550345450639725, 'epoch': 1.78}
{'loss': 0.1677, 'grad_norm': 0.17146483063697815, 'learning_rate': 7.492539251871007e-05, 'entropy': 0.17049532234668732, 'num_tokens': 1135083520.0, 'mean_token_accuracy': 0.9551446229219437, 'epoch': 1.78}
{'loss': 0.1667, 'grad_norm': 0.1721697896718979, 'learning_rate': 7.48180086058026e-05, 'entropy': 0.1691164568066597, 'num_tokens': 1135738880.0, 'mean_token_accuracy': 0.9552990376949311, 'epoch': 1.78}
{'loss': 0.167, 'grad_norm': 0.17456282675266266, 'learning_rate': 7.471065568815561e-05, 'entropy': 0.16962691023945808, 'num_tokens': 1136394240.0, 'mean_token_accuracy': 0.9554687410593032, 'epoch': 1.78}
{'loss': 0.1667, 'grad_norm': 0.160450279712677, 'learning_rate': 7.460333389790446e-05, 'entropy': 0.1705485314130783, 'num_tokens': 1137049600.0, 'mean_token_accuracy': 0.9554503947496414, 'epoch': 1.78}
{'loss': 0.1659, 'grad_norm': 0.15950122475624084, 'learning_rate': 7.449604336714619e-05, 'entropy': 0.16800650134682654, 'num_tokens': 1137704960.0, 'mean_token_accuracy': 0.9557210028171539, 'epoch': 1.78}
{'loss': 0.1668, 'grad_norm': 0.1715010553598404, 'learning_rate': 7.438878422793942e-05, 'entropy': 0.16979363858699797, 'num_tokens': 1138360320.0, 'mean_token_accuracy': 0.9555665880441666, 'epoch': 1.79}
{'loss': 0.1672, 'grad_norm': 0.16306710243225098, 'learning_rate': 7.428155661230407e-05, 'entropy': 0.16995230913162232, 'num_tokens': 1139015680.0, 'mean_token_accuracy': 0.9554886162281037, 'epoch': 1.79}
{'loss': 0.1675, 'grad_norm': 0.15910758078098297, 'learning_rate': 7.417436065222125e-05, 'entropy': 0.1700856000185013, 'num_tokens': 1139671040.0, 'mean_token_accuracy': 0.9553189128637314, 'epoch': 1.79}
{'loss': 0.168, 'grad_norm': 0.16119642555713654, 'learning_rate': 7.406719647963314e-05, 'entropy': 0.17124873250722886, 'num_tokens': 1140326400.0, 'mean_token_accuracy': 0.9550483047962188, 'epoch': 1.79}
{'loss': 0.1647, 'grad_norm': 0.1555267721414566, 'learning_rate': 7.396006422644281e-05, 'entropy': 0.16771018132567406, 'num_tokens': 1140981760.0, 'mean_token_accuracy': 0.955993139743805, 'epoch': 1.79}
{'loss': 0.1676, 'grad_norm': 0.17527174949645996, 'learning_rate': 7.385296402451401e-05, 'entropy': 0.17061294466257096, 'num_tokens': 1141637120.0, 'mean_token_accuracy': 0.9551966041326523, 'epoch': 1.79}
{'loss': 0.1683, 'grad_norm': 0.20109201967716217, 'learning_rate': 7.374589600567106e-05, 'entropy': 0.17071524113416672, 'num_tokens': 1142292480.0, 'mean_token_accuracy': 0.9551446229219437, 'epoch': 1.79}
{'loss': 0.1663, 'grad_norm': 0.15075930953025818, 'learning_rate': 7.363886030169864e-05, 'entropy': 0.16918640062212945, 'num_tokens': 1142947840.0, 'mean_token_accuracy': 0.9555895209312439, 'epoch': 1.79}
{'loss': 0.1674, 'grad_norm': 0.16213010251522064, 'learning_rate': 7.353185704434172e-05, 'entropy': 0.170239969342947, 'num_tokens': 1143603200.0, 'mean_token_accuracy': 0.9552669316530228, 'epoch': 1.79}
{'loss': 0.166, 'grad_norm': 0.16968517005443573, 'learning_rate': 7.342488636530523e-05, 'entropy': 0.16895109713077544, 'num_tokens': 1144258560.0, 'mean_token_accuracy': 0.955643031001091, 'epoch': 1.79}
{'loss': 0.1695, 'grad_norm': 0.1632021963596344, 'learning_rate': 7.331794839625406e-05, 'entropy': 0.17239542305469513, 'num_tokens': 1144913920.0, 'mean_token_accuracy': 0.9548969477415085, 'epoch': 1.8}
{'loss': 0.1683, 'grad_norm': 0.16240635514259338, 'learning_rate': 7.321104326881286e-05, 'entropy': 0.1709952771663666, 'num_tokens': 1145569280.0, 'mean_token_accuracy': 0.9550574779510498, 'epoch': 1.8}
{'loss': 0.1666, 'grad_norm': 0.17303511500358582, 'learning_rate': 7.310417111456583e-05, 'entropy': 0.17002615630626677, 'num_tokens': 1146224640.0, 'mean_token_accuracy': 0.9554763853549957, 'epoch': 1.8}
{'loss': 0.1668, 'grad_norm': 0.17870941758155823, 'learning_rate': 7.299733206505658e-05, 'entropy': 0.1695742554962635, 'num_tokens': 1146880000.0, 'mean_token_accuracy': 0.9552577584981918, 'epoch': 1.8}
{'loss': 0.1677, 'grad_norm': 0.1736624389886856, 'learning_rate': 7.289052625178801e-05, 'entropy': 0.17013921067118645, 'num_tokens': 1147535360.0, 'mean_token_accuracy': 0.9550284296274185, 'epoch': 1.8}
{'loss': 0.166, 'grad_norm': 0.1703338623046875, 'learning_rate': 7.278375380622206e-05, 'entropy': 0.16899951472878455, 'num_tokens': 1148190720.0, 'mean_token_accuracy': 0.9556583195924759, 'epoch': 1.8}
{'loss': 0.1674, 'grad_norm': 0.1864132136106491, 'learning_rate': 7.267701485977961e-05, 'entropy': 0.170863326638937, 'num_tokens': 1148846080.0, 'mean_token_accuracy': 0.9554091155529022, 'epoch': 1.8}
{'loss': 0.1688, 'grad_norm': 0.17911161482334137, 'learning_rate': 7.257030954384033e-05, 'entropy': 0.1705985963344574, 'num_tokens': 1149501440.0, 'mean_token_accuracy': 0.9551140457391739, 'epoch': 1.8}
{'loss': 0.1679, 'grad_norm': 0.18580538034439087, 'learning_rate': 7.246363798974246e-05, 'entropy': 0.17128730341792106, 'num_tokens': 1150156800.0, 'mean_token_accuracy': 0.9550024390220642, 'epoch': 1.8}
{'loss': 0.1671, 'grad_norm': 0.16443023085594177, 'learning_rate': 7.235700032878275e-05, 'entropy': 0.169493817538023, 'num_tokens': 1150812160.0, 'mean_token_accuracy': 0.955361720919609, 'epoch': 1.8}
{'loss': 0.1679, 'grad_norm': 0.15788376331329346, 'learning_rate': 7.225039669221618e-05, 'entropy': 0.17038037106394768, 'num_tokens': 1151467520.0, 'mean_token_accuracy': 0.9552975088357926, 'epoch': 1.81}
{'loss': 0.1665, 'grad_norm': 0.16464009881019592, 'learning_rate': 7.214382721125588e-05, 'entropy': 0.1700675792992115, 'num_tokens': 1152122880.0, 'mean_token_accuracy': 0.9555161356925964, 'epoch': 1.81}
{'loss': 0.1666, 'grad_norm': 0.18035879731178284, 'learning_rate': 7.203729201707288e-05, 'entropy': 0.16949842870235443, 'num_tokens': 1152778240.0, 'mean_token_accuracy': 0.9555375397205352, 'epoch': 1.81}
{'loss': 0.1655, 'grad_norm': 0.15730413794517517, 'learning_rate': 7.193079124079607e-05, 'entropy': 0.16847335249185563, 'num_tokens': 1153433600.0, 'mean_token_accuracy': 0.9557852149009705, 'epoch': 1.81}
{'loss': 0.1671, 'grad_norm': 0.16720664501190186, 'learning_rate': 7.182432501351198e-05, 'entropy': 0.16985614150762557, 'num_tokens': 1154088960.0, 'mean_token_accuracy': 0.9554442793130875, 'epoch': 1.81}
{'loss': 0.1666, 'grad_norm': 0.17068490386009216, 'learning_rate': 7.171789346626455e-05, 'entropy': 0.16905241087079048, 'num_tokens': 1154744320.0, 'mean_token_accuracy': 0.9556078672409057, 'epoch': 1.81}
{'loss': 0.166, 'grad_norm': 0.16314539313316345, 'learning_rate': 7.16114967300551e-05, 'entropy': 0.16869276612997056, 'num_tokens': 1155399680.0, 'mean_token_accuracy': 0.9556751370429992, 'epoch': 1.81}
{'loss': 0.1678, 'grad_norm': 0.15864066779613495, 'learning_rate': 7.150513493584208e-05, 'entropy': 0.17058670073747634, 'num_tokens': 1156055040.0, 'mean_token_accuracy': 0.9552164793014526, 'epoch': 1.81}
{'loss': 0.1655, 'grad_norm': 0.16309985518455505, 'learning_rate': 7.139880821454097e-05, 'entropy': 0.168621040135622, 'num_tokens': 1156710400.0, 'mean_token_accuracy': 0.9557240605354309, 'epoch': 1.81}
{'loss': 0.167, 'grad_norm': 0.1749502420425415, 'learning_rate': 7.129251669702396e-05, 'entropy': 0.16935045644640923, 'num_tokens': 1157365760.0, 'mean_token_accuracy': 0.9553234994411468, 'epoch': 1.81}
{'loss': 0.1656, 'grad_norm': 0.15858282148838043, 'learning_rate': 7.118626051412003e-05, 'entropy': 0.16897168532013893, 'num_tokens': 1158021120.0, 'mean_token_accuracy': 0.9556002229452133, 'epoch': 1.82}
{'loss': 0.1661, 'grad_norm': 0.18602389097213745, 'learning_rate': 7.108003979661466e-05, 'entropy': 0.16875495314598082, 'num_tokens': 1158676480.0, 'mean_token_accuracy': 0.9557393491268158, 'epoch': 1.82}
{'loss': 0.1655, 'grad_norm': 0.16951335966587067, 'learning_rate': 7.09738546752496e-05, 'entropy': 0.16820949614048003, 'num_tokens': 1159331840.0, 'mean_token_accuracy': 0.9556185692548752, 'epoch': 1.82}
{'loss': 0.167, 'grad_norm': 0.16883428394794464, 'learning_rate': 7.086770528072286e-05, 'entropy': 0.1698493666946888, 'num_tokens': 1159987200.0, 'mean_token_accuracy': 0.9554213464260102, 'epoch': 1.82}
{'loss': 0.165, 'grad_norm': 0.1560056209564209, 'learning_rate': 7.076159174368844e-05, 'entropy': 0.16790045127272607, 'num_tokens': 1160642560.0, 'mean_token_accuracy': 0.9558968216180801, 'epoch': 1.82}
{'loss': 0.1663, 'grad_norm': 0.17554159462451935, 'learning_rate': 7.065551419475624e-05, 'entropy': 0.1685965247452259, 'num_tokens': 1161297920.0, 'mean_token_accuracy': 0.9555497705936432, 'epoch': 1.82}
{'loss': 0.1662, 'grad_norm': 0.18779216706752777, 'learning_rate': 7.05494727644918e-05, 'entropy': 0.16931988447904586, 'num_tokens': 1161953280.0, 'mean_token_accuracy': 0.9554886162281037, 'epoch': 1.82}
{'loss': 0.167, 'grad_norm': 0.16589120030403137, 'learning_rate': 7.044346758341624e-05, 'entropy': 0.16923991590738297, 'num_tokens': 1162608640.0, 'mean_token_accuracy': 0.9554916739463806, 'epoch': 1.82}
{'loss': 0.1666, 'grad_norm': 0.17880478501319885, 'learning_rate': 7.033749878200608e-05, 'entropy': 0.16941972076892853, 'num_tokens': 1163264000.0, 'mean_token_accuracy': 0.9553372591733933, 'epoch': 1.82}
{'loss': 0.1663, 'grad_norm': 0.1697559803724289, 'learning_rate': 7.023156649069307e-05, 'entropy': 0.16946736201643944, 'num_tokens': 1163919360.0, 'mean_token_accuracy': 0.9556629061698914, 'epoch': 1.83}
{'loss': 0.166, 'grad_norm': 0.15538538992404938, 'learning_rate': 7.012567083986396e-05, 'entropy': 0.16870436817407608, 'num_tokens': 1164574720.0, 'mean_token_accuracy': 0.9557959169149399, 'epoch': 1.83}
{'loss': 0.1659, 'grad_norm': 0.16131578385829926, 'learning_rate': 7.00198119598605e-05, 'entropy': 0.16905949115753174, 'num_tokens': 1165230080.0, 'mean_token_accuracy': 0.9557378202676773, 'epoch': 1.83}
{'loss': 0.1652, 'grad_norm': 0.16312627494335175, 'learning_rate': 6.991398998097898e-05, 'entropy': 0.16792651042342185, 'num_tokens': 1165885440.0, 'mean_token_accuracy': 0.9556139826774597, 'epoch': 1.83}
{'loss': 0.1661, 'grad_norm': 0.1757289171218872, 'learning_rate': 6.980820503347054e-05, 'entropy': 0.16884317696094514, 'num_tokens': 1166540800.0, 'mean_token_accuracy': 0.9555864632129669, 'epoch': 1.83}
{'loss': 0.1654, 'grad_norm': 0.16220036149024963, 'learning_rate': 6.970245724754058e-05, 'entropy': 0.16859900280833245, 'num_tokens': 1167196160.0, 'mean_token_accuracy': 0.9559090524911881, 'epoch': 1.83}
{'loss': 0.1661, 'grad_norm': 0.16844601929187775, 'learning_rate': 6.959674675334878e-05, 'entropy': 0.16876816153526306, 'num_tokens': 1167851520.0, 'mean_token_accuracy': 0.9558478981256485, 'epoch': 1.83}
{'loss': 0.1657, 'grad_norm': 0.17610621452331543, 'learning_rate': 6.949107368100892e-05, 'entropy': 0.16877033561468124, 'num_tokens': 1168506880.0, 'mean_token_accuracy': 0.9556032806634903, 'epoch': 1.83}
{'loss': 0.1653, 'grad_norm': 0.15888433158397675, 'learning_rate': 6.938543816058872e-05, 'entropy': 0.16837148517370223, 'num_tokens': 1169162240.0, 'mean_token_accuracy': 0.9556048095226288, 'epoch': 1.83}
{'loss': 0.1663, 'grad_norm': 0.16756898164749146, 'learning_rate': 6.927984032210977e-05, 'entropy': 0.16878964081406594, 'num_tokens': 1169817600.0, 'mean_token_accuracy': 0.955774512887001, 'epoch': 1.83}
{'loss': 0.1663, 'grad_norm': 0.1692291647195816, 'learning_rate': 6.917428029554704e-05, 'entropy': 0.16880938559770584, 'num_tokens': 1170472960.0, 'mean_token_accuracy': 0.955430519580841, 'epoch': 1.84}
{'loss': 0.167, 'grad_norm': 0.2221231311559677, 'learning_rate': 6.906875821082924e-05, 'entropy': 0.16975588873028755, 'num_tokens': 1171128320.0, 'mean_token_accuracy': 0.9553449034690857, 'epoch': 1.84}
{'loss': 0.1676, 'grad_norm': 0.18449032306671143, 'learning_rate': 6.896327419783822e-05, 'entropy': 0.1693495750427246, 'num_tokens': 1171783680.0, 'mean_token_accuracy': 0.9552225947380066, 'epoch': 1.84}
{'loss': 0.1652, 'grad_norm': 0.18686504662036896, 'learning_rate': 6.885782838640901e-05, 'entropy': 0.16872722655534744, 'num_tokens': 1172439040.0, 'mean_token_accuracy': 0.9557576954364777, 'epoch': 1.84}
{'loss': 0.1647, 'grad_norm': 0.16551581025123596, 'learning_rate': 6.87524209063296e-05, 'entropy': 0.16805876567959785, 'num_tokens': 1173094400.0, 'mean_token_accuracy': 0.9559426873922348, 'epoch': 1.84}
{'loss': 0.1667, 'grad_norm': 0.1714824140071869, 'learning_rate': 6.864705188734081e-05, 'entropy': 0.16885488033294677, 'num_tokens': 1173749760.0, 'mean_token_accuracy': 0.9555497705936432, 'epoch': 1.84}
{'loss': 0.1654, 'grad_norm': 0.16864804923534393, 'learning_rate': 6.854172145913617e-05, 'entropy': 0.16838881745934486, 'num_tokens': 1174405120.0, 'mean_token_accuracy': 0.9556445598602294, 'epoch': 1.84}
{'loss': 0.1665, 'grad_norm': 0.17034466564655304, 'learning_rate': 6.843642975136159e-05, 'entropy': 0.16952319890260698, 'num_tokens': 1175060480.0, 'mean_token_accuracy': 0.9553877115249634, 'epoch': 1.84}
{'loss': 0.1664, 'grad_norm': 0.17979829013347626, 'learning_rate': 6.833117689361544e-05, 'entropy': 0.16901147365570068, 'num_tokens': 1175715840.0, 'mean_token_accuracy': 0.955580347776413, 'epoch': 1.84}
{'loss': 0.1661, 'grad_norm': 0.20355838537216187, 'learning_rate': 6.822596301544822e-05, 'entropy': 0.16914143413305283, 'num_tokens': 1176371200.0, 'mean_token_accuracy': 0.955295979976654, 'epoch': 1.84}
{'loss': 0.1653, 'grad_norm': 0.19225095212459564, 'learning_rate': 6.812078824636246e-05, 'entropy': 0.16805665343999862, 'num_tokens': 1177026560.0, 'mean_token_accuracy': 0.9558173209428787, 'epoch': 1.85}
{'loss': 0.166, 'grad_norm': 0.18617485463619232, 'learning_rate': 6.801565271581256e-05, 'entropy': 0.16830088719725608, 'num_tokens': 1177681920.0, 'mean_token_accuracy': 0.9554366350173951, 'epoch': 1.85}
{'loss': 0.1662, 'grad_norm': 0.18911969661712646, 'learning_rate': 6.791055655320462e-05, 'entropy': 0.16847560703754424, 'num_tokens': 1178337280.0, 'mean_token_accuracy': 0.9554825007915497, 'epoch': 1.85}
{'loss': 0.1653, 'grad_norm': 0.16718555986881256, 'learning_rate': 6.780549988789625e-05, 'entropy': 0.16792072206735612, 'num_tokens': 1178992640.0, 'mean_token_accuracy': 0.9559549182653427, 'epoch': 1.85}
{'loss': 0.1663, 'grad_norm': 0.16882359981536865, 'learning_rate': 6.770048284919645e-05, 'entropy': 0.16902104318141936, 'num_tokens': 1179648000.0, 'mean_token_accuracy': 0.95545192360878, 'epoch': 1.85}
{'eval_loss': 0.1633811593055725, 'eval_runtime': 78.252, 'eval_samples_per_second': 63.896, 'eval_steps_per_second': 1.01, 'eval_entropy': 0.16750709448434128, 'eval_num_tokens': 1179648000.0, 'eval_mean_token_accuracy': 0.9560700858695598, 'epoch': 1.85}
{'loss': 0.1663, 'grad_norm': 0.1600911021232605, 'learning_rate': 6.759550556636551e-05, 'entropy': 0.16906843334436417, 'num_tokens': 1180303360.0, 'mean_token_accuracy': 0.9553311437368393, 'epoch': 1.85}
{'loss': 0.1645, 'grad_norm': 0.15001903474330902, 'learning_rate': 6.749056816861477e-05, 'entropy': 0.16776717081665993, 'num_tokens': 1180958720.0, 'mean_token_accuracy': 0.9558050900697708, 'epoch': 1.85}
{'loss': 0.1663, 'grad_norm': 0.1657963991165161, 'learning_rate': 6.738567078510641e-05, 'entropy': 0.16900719404220582, 'num_tokens': 1181614080.0, 'mean_token_accuracy': 0.9554274618625641, 'epoch': 1.85}
{'loss': 0.1659, 'grad_norm': 0.1865500807762146, 'learning_rate': 6.728081354495339e-05, 'entropy': 0.16930284425616265, 'num_tokens': 1182269440.0, 'mean_token_accuracy': 0.9557668685913085, 'epoch': 1.85}
{'loss': 0.1662, 'grad_norm': 0.15487320721149445, 'learning_rate': 6.717599657721935e-05, 'entropy': 0.1690861888229847, 'num_tokens': 1182924800.0, 'mean_token_accuracy': 0.9555620014667511, 'epoch': 1.85}
{'loss': 0.1648, 'grad_norm': 0.16079452633857727, 'learning_rate': 6.707122001091818e-05, 'entropy': 0.16767475455999375, 'num_tokens': 1183580160.0, 'mean_token_accuracy': 0.9560344189405441, 'epoch': 1.86}
{'loss': 0.1651, 'grad_norm': 0.15234002470970154, 'learning_rate': 6.696648397501417e-05, 'entropy': 0.16802764534950257, 'num_tokens': 1184235520.0, 'mean_token_accuracy': 0.9558983504772186, 'epoch': 1.86}
{'loss': 0.1666, 'grad_norm': 0.16162540018558502, 'learning_rate': 6.686178859842173e-05, 'entropy': 0.1692510060966015, 'num_tokens': 1184890880.0, 'mean_token_accuracy': 0.9554763853549957, 'epoch': 1.86}
{'loss': 0.1658, 'grad_norm': 0.17538446187973022, 'learning_rate': 6.675713401000518e-05, 'entropy': 0.16875523030757905, 'num_tokens': 1185546240.0, 'mean_token_accuracy': 0.9556781947612762, 'epoch': 1.86}
{'loss': 0.1641, 'grad_norm': 0.1705007553100586, 'learning_rate': 6.665252033857865e-05, 'entropy': 0.16753165498375894, 'num_tokens': 1186201600.0, 'mean_token_accuracy': 0.9562729209661484, 'epoch': 1.86}
{'loss': 0.1659, 'grad_norm': 0.18044686317443848, 'learning_rate': 6.654794771290589e-05, 'entropy': 0.16847626119852066, 'num_tokens': 1186856960.0, 'mean_token_accuracy': 0.9557424068450928, 'epoch': 1.86}
{'loss': 0.1674, 'grad_norm': 0.17701375484466553, 'learning_rate': 6.644341626170017e-05, 'entropy': 0.16941341012716293, 'num_tokens': 1187512320.0, 'mean_token_accuracy': 0.9554014712572098, 'epoch': 1.86}
{'loss': 0.1653, 'grad_norm': 0.171441450715065, 'learning_rate': 6.6338926113624e-05, 'entropy': 0.16917580962181092, 'num_tokens': 1188167680.0, 'mean_token_accuracy': 0.9557301759719848, 'epoch': 1.86}
{'loss': 0.1646, 'grad_norm': 0.1561235934495926, 'learning_rate': 6.623447739728912e-05, 'entropy': 0.1679712265729904, 'num_tokens': 1188823040.0, 'mean_token_accuracy': 0.9561704874038697, 'epoch': 1.86}
{'loss': 0.1651, 'grad_norm': 0.15595364570617676, 'learning_rate': 6.61300702412563e-05, 'entropy': 0.16772250533103944, 'num_tokens': 1189478400.0, 'mean_token_accuracy': 0.9560007840394974, 'epoch': 1.87}
{'loss': 0.1661, 'grad_norm': 0.1863807737827301, 'learning_rate': 6.602570477403509e-05, 'entropy': 0.1691407524049282, 'num_tokens': 1190133760.0, 'mean_token_accuracy': 0.9558693021535873, 'epoch': 1.87}
{'loss': 0.1663, 'grad_norm': 0.17565780878067017, 'learning_rate': 6.592138112408373e-05, 'entropy': 0.16922058910131454, 'num_tokens': 1190789120.0, 'mean_token_accuracy': 0.9554228752851486, 'epoch': 1.87}
{'loss': 0.1668, 'grad_norm': 0.17434997856616974, 'learning_rate': 6.581709941980909e-05, 'entropy': 0.1693663589656353, 'num_tokens': 1191444480.0, 'mean_token_accuracy': 0.9555635303258896, 'epoch': 1.87}
{'loss': 0.1634, 'grad_norm': 0.16397692263126373, 'learning_rate': 6.571285978956623e-05, 'entropy': 0.16657178178429605, 'num_tokens': 1192099840.0, 'mean_token_accuracy': 0.9562820941209793, 'epoch': 1.87}
{'loss': 0.1655, 'grad_norm': 0.17428281903266907, 'learning_rate': 6.560866236165856e-05, 'entropy': 0.16849162951111793, 'num_tokens': 1192755200.0, 'mean_token_accuracy': 0.9558754175901413, 'epoch': 1.87}
{'loss': 0.1675, 'grad_norm': 0.1704687923192978, 'learning_rate': 6.550450726433752e-05, 'entropy': 0.16952288299798965, 'num_tokens': 1193410560.0, 'mean_token_accuracy': 0.9552822202444077, 'epoch': 1.87}
{'loss': 0.166, 'grad_norm': 0.16406266391277313, 'learning_rate': 6.540039462580246e-05, 'entropy': 0.16978733316063882, 'num_tokens': 1194065920.0, 'mean_token_accuracy': 0.9558142632246017, 'epoch': 1.87}
{'loss': 0.1649, 'grad_norm': 0.17207440733909607, 'learning_rate': 6.529632457420041e-05, 'entropy': 0.16719554960727692, 'num_tokens': 1194721280.0, 'mean_token_accuracy': 0.9560344189405441, 'epoch': 1.87}
{'loss': 0.1656, 'grad_norm': 0.17026789486408234, 'learning_rate': 6.519229723762603e-05, 'entropy': 0.16852355748414993, 'num_tokens': 1195376640.0, 'mean_token_accuracy': 0.9557072430849075, 'epoch': 1.87}
{'loss': 0.1654, 'grad_norm': 0.18203897774219513, 'learning_rate': 6.508831274412144e-05, 'entropy': 0.16847340986132622, 'num_tokens': 1196032000.0, 'mean_token_accuracy': 0.9556843101978302, 'epoch': 1.88}
{'loss': 0.1648, 'grad_norm': 0.17816878855228424, 'learning_rate': 6.498437122167592e-05, 'entropy': 0.16761705800890922, 'num_tokens': 1196687360.0, 'mean_token_accuracy': 0.9560818135738373, 'epoch': 1.88}
{'loss': 0.1657, 'grad_norm': 0.16956287622451782, 'learning_rate': 6.48804727982259e-05, 'entropy': 0.16858157142996788, 'num_tokens': 1197342720.0, 'mean_token_accuracy': 0.9556827813386917, 'epoch': 1.88}
{'loss': 0.1643, 'grad_norm': 0.17399904131889343, 'learning_rate': 6.477661760165483e-05, 'entropy': 0.16720793545246124, 'num_tokens': 1197998080.0, 'mean_token_accuracy': 0.9561139196157455, 'epoch': 1.88}
{'loss': 0.1637, 'grad_norm': 0.17465655505657196, 'learning_rate': 6.467280575979289e-05, 'entropy': 0.16682553812861442, 'num_tokens': 1198653440.0, 'mean_token_accuracy': 0.9562790364027023, 'epoch': 1.88}
{'loss': 0.1645, 'grad_norm': 0.173651784658432, 'learning_rate': 6.456903740041694e-05, 'entropy': 0.16707146614789964, 'num_tokens': 1199308800.0, 'mean_token_accuracy': 0.9559442162513733, 'epoch': 1.88}
{'loss': 0.1651, 'grad_norm': 0.17942360043525696, 'learning_rate': 6.446531265125024e-05, 'entropy': 0.1682896465063095, 'num_tokens': 1199964160.0, 'mean_token_accuracy': 0.9559365719556808, 'epoch': 1.88}
{'loss': 0.1661, 'grad_norm': 0.1568184345960617, 'learning_rate': 6.43616316399625e-05, 'entropy': 0.16874775141477585, 'num_tokens': 1200619520.0, 'mean_token_accuracy': 0.9556690216064453, 'epoch': 1.88}
{'loss': 0.1641, 'grad_norm': 0.1658044457435608, 'learning_rate': 6.425799449416943e-05, 'entropy': 0.16720918864011763, 'num_tokens': 1201274880.0, 'mean_token_accuracy': 0.956256103515625, 'epoch': 1.88}
{'loss': 0.1651, 'grad_norm': 0.1582813858985901, 'learning_rate': 6.415440134143289e-05, 'entropy': 0.16824018880724906, 'num_tokens': 1201930240.0, 'mean_token_accuracy': 0.9559671491384506, 'epoch': 1.88}
{'loss': 0.1648, 'grad_norm': 0.1550404578447342, 'learning_rate': 6.405085230926049e-05, 'entropy': 0.1673928067088127, 'num_tokens': 1202585600.0, 'mean_token_accuracy': 0.9560160726308823, 'epoch': 1.89}
{'loss': 0.1653, 'grad_norm': 0.1718260794878006, 'learning_rate': 6.394734752510563e-05, 'entropy': 0.1686134047806263, 'num_tokens': 1203240960.0, 'mean_token_accuracy': 0.9558478981256485, 'epoch': 1.89}
{'loss': 0.1662, 'grad_norm': 0.17378678917884827, 'learning_rate': 6.38438871163672e-05, 'entropy': 0.16852387487888337, 'num_tokens': 1203896320.0, 'mean_token_accuracy': 0.9556185692548752, 'epoch': 1.89}
{'loss': 0.1654, 'grad_norm': 0.17461232841014862, 'learning_rate': 6.374047121038948e-05, 'entropy': 0.16914289966225624, 'num_tokens': 1204551680.0, 'mean_token_accuracy': 0.955777570605278, 'epoch': 1.89}
{'loss': 0.1649, 'grad_norm': 0.1724308431148529, 'learning_rate': 6.363709993446192e-05, 'entropy': 0.1679124876856804, 'num_tokens': 1205207040.0, 'mean_token_accuracy': 0.9560833424329758, 'epoch': 1.89}
{'loss': 0.1643, 'grad_norm': 0.16738218069076538, 'learning_rate': 6.35337734158191e-05, 'entropy': 0.16697816103696822, 'num_tokens': 1205862400.0, 'mean_token_accuracy': 0.9560955733060836, 'epoch': 1.89}
{'loss': 0.1647, 'grad_norm': 0.17361782491207123, 'learning_rate': 6.343049178164048e-05, 'entropy': 0.16783417165279388, 'num_tokens': 1206517760.0, 'mean_token_accuracy': 0.9559335142374039, 'epoch': 1.89}
{'loss': 0.1641, 'grad_norm': 0.164842426776886, 'learning_rate': 6.332725515905029e-05, 'entropy': 0.167176965624094, 'num_tokens': 1207173120.0, 'mean_token_accuracy': 0.9561551988124848, 'epoch': 1.89}
{'loss': 0.1657, 'grad_norm': 0.16414105892181396, 'learning_rate': 6.322406367511737e-05, 'entropy': 0.16864164546132088, 'num_tokens': 1207828480.0, 'mean_token_accuracy': 0.9556613773107528, 'epoch': 1.89}
{'loss': 0.1644, 'grad_norm': 0.1659262627363205, 'learning_rate': 6.3120917456855e-05, 'entropy': 0.16765777617692948, 'num_tokens': 1208483840.0, 'mean_token_accuracy': 0.9560879290103912, 'epoch': 1.89}
{'loss': 0.1641, 'grad_norm': 0.16313683986663818, 'learning_rate': 6.301781663122073e-05, 'entropy': 0.16752602383494378, 'num_tokens': 1209139200.0, 'mean_token_accuracy': 0.9558983504772186, 'epoch': 1.9}
{'loss': 0.165, 'grad_norm': 0.17031055688858032, 'learning_rate': 6.291476132511616e-05, 'entropy': 0.16748577877879142, 'num_tokens': 1209794560.0, 'mean_token_accuracy': 0.9557576954364777, 'epoch': 1.9}
{'loss': 0.1635, 'grad_norm': 0.1705869436264038, 'learning_rate': 6.281175166538702e-05, 'entropy': 0.16731678768992425, 'num_tokens': 1210449920.0, 'mean_token_accuracy': 0.956121563911438, 'epoch': 1.9}
{'loss': 0.1663, 'grad_norm': 0.15609849989414215, 'learning_rate': 6.270878777882272e-05, 'entropy': 0.1682993806898594, 'num_tokens': 1211105280.0, 'mean_token_accuracy': 0.9554366350173951, 'epoch': 1.9}
{'loss': 0.1643, 'grad_norm': 0.16889606416225433, 'learning_rate': 6.260586979215642e-05, 'entropy': 0.1674339808523655, 'num_tokens': 1211760640.0, 'mean_token_accuracy': 0.9562637478113174, 'epoch': 1.9}
{'loss': 0.1639, 'grad_norm': 0.1732126623392105, 'learning_rate': 6.250299783206474e-05, 'entropy': 0.16688838601112366, 'num_tokens': 1212416000.0, 'mean_token_accuracy': 0.9561444967985153, 'epoch': 1.9}
{'loss': 0.165, 'grad_norm': 0.15746647119522095, 'learning_rate': 6.240017202516767e-05, 'entropy': 0.16761618182063104, 'num_tokens': 1213071360.0, 'mean_token_accuracy': 0.9557424068450928, 'epoch': 1.9}
{'loss': 0.1638, 'grad_norm': 0.17857740819454193, 'learning_rate': 6.229739249802841e-05, 'entropy': 0.16728751063346864, 'num_tokens': 1213726720.0, 'mean_token_accuracy': 0.9560955733060836, 'epoch': 1.9}
{'loss': 0.1629, 'grad_norm': 0.1736121028661728, 'learning_rate': 6.219465937715309e-05, 'entropy': 0.16570654213428498, 'num_tokens': 1214382080.0, 'mean_token_accuracy': 0.9562973827123642, 'epoch': 1.9}
{'loss': 0.1634, 'grad_norm': 0.15589946508407593, 'learning_rate': 6.209197278899084e-05, 'entropy': 0.1669182561337948, 'num_tokens': 1215037440.0, 'mean_token_accuracy': 0.9561735451221466, 'epoch': 1.91}
{'loss': 0.1642, 'grad_norm': 0.1708602011203766, 'learning_rate': 6.198933285993347e-05, 'entropy': 0.16757329776883126, 'num_tokens': 1215692800.0, 'mean_token_accuracy': 0.9561857759952546, 'epoch': 1.91}
{'loss': 0.1647, 'grad_norm': 0.1608683168888092, 'learning_rate': 6.188673971631534e-05, 'entropy': 0.16694749891757965, 'num_tokens': 1216348160.0, 'mean_token_accuracy': 0.9559916108846664, 'epoch': 1.91}
{'loss': 0.1644, 'grad_norm': 0.16184206306934357, 'learning_rate': 6.178419348441328e-05, 'entropy': 0.1675804264843464, 'num_tokens': 1217003520.0, 'mean_token_accuracy': 0.9560267746448516, 'epoch': 1.91}
{'loss': 0.1642, 'grad_norm': 0.16955676674842834, 'learning_rate': 6.168169429044639e-05, 'entropy': 0.16794379577040672, 'num_tokens': 1217658880.0, 'mean_token_accuracy': 0.955987024307251, 'epoch': 1.91}
{'loss': 0.1642, 'grad_norm': 0.17104047536849976, 'learning_rate': 6.157924226057572e-05, 'entropy': 0.16675756201148034, 'num_tokens': 1218314240.0, 'mean_token_accuracy': 0.9562331706285476, 'epoch': 1.91}
{'loss': 0.1648, 'grad_norm': 0.17512522637844086, 'learning_rate': 6.147683752090445e-05, 'entropy': 0.16795375645160676, 'num_tokens': 1218969600.0, 'mean_token_accuracy': 0.9560191303491592, 'epoch': 1.91}
{'loss': 0.1626, 'grad_norm': 0.2028074562549591, 'learning_rate': 6.137448019747744e-05, 'entropy': 0.1657091774046421, 'num_tokens': 1219624960.0, 'mean_token_accuracy': 0.9563447773456574, 'epoch': 1.91}
{'loss': 0.1648, 'grad_norm': 0.1723601520061493, 'learning_rate': 6.127217041628126e-05, 'entropy': 0.16691694110631944, 'num_tokens': 1220280320.0, 'mean_token_accuracy': 0.955843311548233, 'epoch': 1.91}
{'loss': 0.1653, 'grad_norm': 0.20330429077148438, 'learning_rate': 6.11699083032439e-05, 'entropy': 0.16818013414740562, 'num_tokens': 1220935680.0, 'mean_token_accuracy': 0.9558020323514939, 'epoch': 1.91}
{'loss': 0.1646, 'grad_norm': 0.18145868182182312, 'learning_rate': 6.106769398423473e-05, 'entropy': 0.16683936193585397, 'num_tokens': 1221591040.0, 'mean_token_accuracy': 0.9559228122234344, 'epoch': 1.92}
{'loss': 0.165, 'grad_norm': 0.16197924315929413, 'learning_rate': 6.096552758506431e-05, 'entropy': 0.1688178189098835, 'num_tokens': 1222246400.0, 'mean_token_accuracy': 0.9559900820255279, 'epoch': 1.92}
{'loss': 0.1652, 'grad_norm': 0.16734912991523743, 'learning_rate': 6.086340923148409e-05, 'entropy': 0.16770143434405327, 'num_tokens': 1222901760.0, 'mean_token_accuracy': 0.9556583195924759, 'epoch': 1.92}
{'loss': 0.1639, 'grad_norm': 0.1781568080186844, 'learning_rate': 6.076133904918653e-05, 'entropy': 0.1672091469168663, 'num_tokens': 1223557120.0, 'mean_token_accuracy': 0.9561001598834992, 'epoch': 1.92}
{'loss': 0.164, 'grad_norm': 0.16578583419322968, 'learning_rate': 6.065931716380471e-05, 'entropy': 0.16668622568249702, 'num_tokens': 1224212480.0, 'mean_token_accuracy': 0.9562025934457778, 'epoch': 1.92}
{'loss': 0.1645, 'grad_norm': 0.1660396158695221, 'learning_rate': 6.055734370091232e-05, 'entropy': 0.1671656087040901, 'num_tokens': 1224867840.0, 'mean_token_accuracy': 0.9561582565307617, 'epoch': 1.92}
{'loss': 0.1644, 'grad_norm': 0.1693163812160492, 'learning_rate': 6.0455418786023386e-05, 'entropy': 0.1679549179971218, 'num_tokens': 1225523200.0, 'mean_token_accuracy': 0.9559488028287888, 'epoch': 1.92}
{'loss': 0.1634, 'grad_norm': 0.16500221192836761, 'learning_rate': 6.035354254459224e-05, 'entropy': 0.16640981659293175, 'num_tokens': 1226178560.0, 'mean_token_accuracy': 0.9562117666006088, 'epoch': 1.92}
{'loss': 0.1642, 'grad_norm': 0.16315385699272156, 'learning_rate': 6.0251715102013354e-05, 'entropy': 0.1670304611325264, 'num_tokens': 1226833920.0, 'mean_token_accuracy': 0.9561689585447312, 'epoch': 1.92}
{'loss': 0.1635, 'grad_norm': 0.16707955300807953, 'learning_rate': 6.014993658362094e-05, 'entropy': 0.16636714711785316, 'num_tokens': 1227489280.0, 'mean_token_accuracy': 0.9563004404306412, 'epoch': 1.92}
{'loss': 0.1639, 'grad_norm': 0.1785590797662735, 'learning_rate': 6.004820711468915e-05, 'entropy': 0.16719711124897002, 'num_tokens': 1228144640.0, 'mean_token_accuracy': 0.9562469303607941, 'epoch': 1.93}
{'loss': 0.165, 'grad_norm': 0.18939433991909027, 'learning_rate': 5.994652682043174e-05, 'entropy': 0.16774266436696053, 'num_tokens': 1228800000.0, 'mean_token_accuracy': 0.9559533894062042, 'epoch': 1.93}
{'loss': 0.1637, 'grad_norm': 0.17190413177013397, 'learning_rate': 5.9844895826001925e-05, 'entropy': 0.16708026081323624, 'num_tokens': 1229455360.0, 'mean_token_accuracy': 0.956181189417839, 'epoch': 1.93}
{'loss': 0.1643, 'grad_norm': 0.1725284904241562, 'learning_rate': 5.97433142564922e-05, 'entropy': 0.16691140830516815, 'num_tokens': 1230110720.0, 'mean_token_accuracy': 0.9560680538415909, 'epoch': 1.93}
{'loss': 0.1645, 'grad_norm': 0.17551353573799133, 'learning_rate': 5.9641782236934387e-05, 'entropy': 0.16738223135471345, 'num_tokens': 1230766080.0, 'mean_token_accuracy': 0.9561261504888534, 'epoch': 1.93}
{'loss': 0.1637, 'grad_norm': 0.1687445044517517, 'learning_rate': 5.954029989229906e-05, 'entropy': 0.16691801473498344, 'num_tokens': 1231421440.0, 'mean_token_accuracy': 0.956396758556366, 'epoch': 1.93}
{'loss': 0.1618, 'grad_norm': 0.16051220893859863, 'learning_rate': 5.943886734749585e-05, 'entropy': 0.16483245119452478, 'num_tokens': 1232076800.0, 'mean_token_accuracy': 0.9566199719905853, 'epoch': 1.93}
{'loss': 0.1638, 'grad_norm': 0.17009826004505157, 'learning_rate': 5.933748472737302e-05, 'entropy': 0.1665581226348877, 'num_tokens': 1232732160.0, 'mean_token_accuracy': 0.9560909867286682, 'epoch': 1.93}
{'loss': 0.1649, 'grad_norm': 0.16317224502563477, 'learning_rate': 5.923615215671741e-05, 'entropy': 0.16839247569441795, 'num_tokens': 1233387520.0, 'mean_token_accuracy': 0.9560221880674362, 'epoch': 1.93}
{'loss': 0.1639, 'grad_norm': 0.16354131698608398, 'learning_rate': 5.913486976025421e-05, 'entropy': 0.16690757796168326, 'num_tokens': 1234042880.0, 'mean_token_accuracy': 0.9562454015016556, 'epoch': 1.94}
{'loss': 0.1643, 'grad_norm': 0.17150846123695374, 'learning_rate': 5.9033637662646876e-05, 'entropy': 0.16700598746538162, 'num_tokens': 1234698240.0, 'mean_token_accuracy': 0.9561414390802383, 'epoch': 1.94}
{'loss': 0.1629, 'grad_norm': 0.16213931143283844, 'learning_rate': 5.893245598849706e-05, 'entropy': 0.16591320037841797, 'num_tokens': 1235353600.0, 'mean_token_accuracy': 0.9564502686262131, 'epoch': 1.94}
{'loss': 0.1619, 'grad_norm': 0.17350822687149048, 'learning_rate': 5.883132486234413e-05, 'entropy': 0.16536946967244148, 'num_tokens': 1236008960.0, 'mean_token_accuracy': 0.9566887706518173, 'epoch': 1.94}
{'loss': 0.1643, 'grad_norm': 0.1680830717086792, 'learning_rate': 5.8730244408665414e-05, 'entropy': 0.16737792566418647, 'num_tokens': 1236664320.0, 'mean_token_accuracy': 0.9560573518276214, 'epoch': 1.94}
{'loss': 0.1644, 'grad_norm': 0.1701311618089676, 'learning_rate': 5.862921475187579e-05, 'entropy': 0.16720690131187438, 'num_tokens': 1237319680.0, 'mean_token_accuracy': 0.9560649961233139, 'epoch': 1.94}
{'loss': 0.1632, 'grad_norm': 0.17281702160835266, 'learning_rate': 5.852823601632766e-05, 'entropy': 0.16661580204963683, 'num_tokens': 1237975040.0, 'mean_token_accuracy': 0.9562897384166718, 'epoch': 1.94}
{'loss': 0.1643, 'grad_norm': 0.189501091837883, 'learning_rate': 5.842730832631071e-05, 'entropy': 0.16683149486780166, 'num_tokens': 1238630400.0, 'mean_token_accuracy': 0.9558907061815262, 'epoch': 1.94}
{'loss': 0.1637, 'grad_norm': 0.16677206754684448, 'learning_rate': 5.8326431806051815e-05, 'entropy': 0.16652786135673522, 'num_tokens': 1239285760.0, 'mean_token_accuracy': 0.9561704874038697, 'epoch': 1.94}
{'loss': 0.1639, 'grad_norm': 0.16629870235919952, 'learning_rate': 5.822560657971492e-05, 'entropy': 0.16699043661355972, 'num_tokens': 1239941120.0, 'mean_token_accuracy': 0.9562071800231934, 'epoch': 1.94}
{'loss': 0.1634, 'grad_norm': 0.1664564609527588, 'learning_rate': 5.812483277140071e-05, 'entropy': 0.16642489433288574, 'num_tokens': 1240596480.0, 'mean_token_accuracy': 0.9564242780208587, 'epoch': 1.95}
{'loss': 0.1639, 'grad_norm': 0.17727062106132507, 'learning_rate': 5.8024110505146644e-05, 'entropy': 0.16698343232274054, 'num_tokens': 1241251840.0, 'mean_token_accuracy': 0.9561964780092239, 'epoch': 1.95}
{'loss': 0.1637, 'grad_norm': 0.1633344441652298, 'learning_rate': 5.792343990492679e-05, 'entropy': 0.16687897518277167, 'num_tokens': 1241907200.0, 'mean_token_accuracy': 0.9562102377414703, 'epoch': 1.95}
{'loss': 0.1628, 'grad_norm': 0.14797687530517578, 'learning_rate': 5.782282109465158e-05, 'entropy': 0.1657634697854519, 'num_tokens': 1242562560.0, 'mean_token_accuracy': 0.9565664619207382, 'epoch': 1.95}
{'loss': 0.1626, 'grad_norm': 0.16008587181568146, 'learning_rate': 5.7722254198167683e-05, 'entropy': 0.16532525718212127, 'num_tokens': 1243217920.0, 'mean_token_accuracy': 0.9563799411058426, 'epoch': 1.95}
{'loss': 0.1626, 'grad_norm': 0.16050660610198975, 'learning_rate': 5.762173933925794e-05, 'entropy': 0.16656434983015062, 'num_tokens': 1243873280.0, 'mean_token_accuracy': 0.9565756350755692, 'epoch': 1.95}
{'loss': 0.1639, 'grad_norm': 0.17720717191696167, 'learning_rate': 5.752127664164098e-05, 'entropy': 0.16664107739925385, 'num_tokens': 1244528640.0, 'mean_token_accuracy': 0.9562117666006088, 'epoch': 1.95}
{'loss': 0.1632, 'grad_norm': 0.17618227005004883, 'learning_rate': 5.742086622897143e-05, 'entropy': 0.16616122648119927, 'num_tokens': 1245184000.0, 'mean_token_accuracy': 0.9560252457857132, 'epoch': 1.95}
{'eval_loss': 0.16095136106014252, 'eval_runtime': 78.148, 'eval_samples_per_second': 63.981, 'eval_steps_per_second': 1.011, 'eval_entropy': 0.16471167738679088, 'eval_num_tokens': 1245184000.0, 'eval_mean_token_accuracy': 0.9569049590750586, 'epoch': 1.95}
{'loss': 0.1635, 'grad_norm': 0.16140525043010712, 'learning_rate': 5.732050822483945e-05, 'entropy': 0.16581285148859023, 'num_tokens': 1245839360.0, 'mean_token_accuracy': 0.9561704874038697, 'epoch': 1.95}
{'loss': 0.1641, 'grad_norm': 0.20048923790454865, 'learning_rate': 5.7220202752770734e-05, 'entropy': 0.16707211509346961, 'num_tokens': 1246494720.0, 'mean_token_accuracy': 0.9561659008264541, 'epoch': 1.95}
{'loss': 0.1627, 'grad_norm': 0.1880975216627121, 'learning_rate': 5.711994993622627e-05, 'entropy': 0.16564584597945214, 'num_tokens': 1247150080.0, 'mean_token_accuracy': 0.9564410954713821, 'epoch': 1.96}
{'loss': 0.1641, 'grad_norm': 0.17562171816825867, 'learning_rate': 5.701974989860226e-05, 'entropy': 0.16693979352712632, 'num_tokens': 1247805440.0, 'mean_token_accuracy': 0.9560283035039902, 'epoch': 1.96}
{'loss': 0.1635, 'grad_norm': 0.16236251592636108, 'learning_rate': 5.691960276323001e-05, 'entropy': 0.16693040877580642, 'num_tokens': 1248460800.0, 'mean_token_accuracy': 0.9564793169498443, 'epoch': 1.96}
{'loss': 0.1636, 'grad_norm': 0.15225669741630554, 'learning_rate': 5.6819508653375556e-05, 'entropy': 0.16647716835141183, 'num_tokens': 1249116160.0, 'mean_token_accuracy': 0.956253045797348, 'epoch': 1.96}
{'loss': 0.1635, 'grad_norm': 0.16708670556545258, 'learning_rate': 5.671946769223979e-05, 'entropy': 0.16665941774845122, 'num_tokens': 1249771520.0, 'mean_token_accuracy': 0.9562912672758103, 'epoch': 1.96}
{'loss': 0.1631, 'grad_norm': 0.16425982117652893, 'learning_rate': 5.661948000295816e-05, 'entropy': 0.1668024942278862, 'num_tokens': 1250426880.0, 'mean_token_accuracy': 0.9563172578811645, 'epoch': 1.96}
{'loss': 0.1632, 'grad_norm': 0.16592134535312653, 'learning_rate': 5.651954570860054e-05, 'entropy': 0.1657891280949116, 'num_tokens': 1251082240.0, 'mean_token_accuracy': 0.9563340753316879, 'epoch': 1.96}
{'loss': 0.1638, 'grad_norm': 0.18660497665405273, 'learning_rate': 5.641966493217108e-05, 'entropy': 0.1668651930987835, 'num_tokens': 1251737600.0, 'mean_token_accuracy': 0.9561750739812851, 'epoch': 1.96}
{'loss': 0.1632, 'grad_norm': 0.1573200821876526, 'learning_rate': 5.6319837796608056e-05, 'entropy': 0.16687453240156175, 'num_tokens': 1252392960.0, 'mean_token_accuracy': 0.9562469303607941, 'epoch': 1.96}
{'loss': 0.165, 'grad_norm': 0.17697370052337646, 'learning_rate': 5.622006442478378e-05, 'entropy': 0.16823187172412873, 'num_tokens': 1253048320.0, 'mean_token_accuracy': 0.9559273988008499, 'epoch': 1.96}
{'loss': 0.1634, 'grad_norm': 0.16693735122680664, 'learning_rate': 5.612034493950419e-05, 'entropy': 0.16634900569915773, 'num_tokens': 1253703680.0, 'mean_token_accuracy': 0.9561567276716232, 'epoch': 1.97}
{'loss': 0.1625, 'grad_norm': 0.16033503413200378, 'learning_rate': 5.6020679463509175e-05, 'entropy': 0.16542409509420394, 'num_tokens': 1254359040.0, 'mean_token_accuracy': 0.9565618753433227, 'epoch': 1.97}
{'loss': 0.1629, 'grad_norm': 0.16209827363491058, 'learning_rate': 5.592106811947195e-05, 'entropy': 0.1666402891278267, 'num_tokens': 1255014400.0, 'mean_token_accuracy': 0.9566153854131698, 'epoch': 1.97}
{'loss': 0.1628, 'grad_norm': 0.18106333911418915, 'learning_rate': 5.5821511029999194e-05, 'entropy': 0.1656254306435585, 'num_tokens': 1255669760.0, 'mean_token_accuracy': 0.9565572887659073, 'epoch': 1.97}
{'loss': 0.1645, 'grad_norm': 0.1612987220287323, 'learning_rate': 5.572200831763075e-05, 'entropy': 0.16728899627923965, 'num_tokens': 1256325120.0, 'mean_token_accuracy': 0.9558998793363571, 'epoch': 1.97}
{'loss': 0.1641, 'grad_norm': 0.1656591147184372, 'learning_rate': 5.5622560104839615e-05, 'entropy': 0.16674194410443305, 'num_tokens': 1256980480.0, 'mean_token_accuracy': 0.9562239974737168, 'epoch': 1.97}
{'loss': 0.1617, 'grad_norm': 0.18037885427474976, 'learning_rate': 5.5523166514031544e-05, 'entropy': 0.16520434245467186, 'num_tokens': 1257635840.0, 'mean_token_accuracy': 0.9566857129335403, 'epoch': 1.97}
{'loss': 0.1631, 'grad_norm': 0.20736061036586761, 'learning_rate': 5.5423827667545226e-05, 'entropy': 0.16602560505270958, 'num_tokens': 1258291200.0, 'mean_token_accuracy': 0.956399816274643, 'epoch': 1.97}
{'loss': 0.1638, 'grad_norm': 0.18182599544525146, 'learning_rate': 5.53245436876519e-05, 'entropy': 0.16695732548832892, 'num_tokens': 1258946560.0, 'mean_token_accuracy': 0.9563065558671952, 'epoch': 1.97}
{'loss': 0.1619, 'grad_norm': 0.1767759770154953, 'learning_rate': 5.5225314696555274e-05, 'entropy': 0.1645374119281769, 'num_tokens': 1259601920.0, 'mean_token_accuracy': 0.9566857129335403, 'epoch': 1.98}
{'loss': 0.1634, 'grad_norm': 0.1760779619216919, 'learning_rate': 5.512614081639137e-05, 'entropy': 0.1666906900703907, 'num_tokens': 1260257280.0, 'mean_token_accuracy': 0.9562239974737168, 'epoch': 1.98}
{'loss': 0.163, 'grad_norm': 0.16225026547908783, 'learning_rate': 5.5027022169228394e-05, 'entropy': 0.16629558876156808, 'num_tokens': 1260912640.0, 'mean_token_accuracy': 0.9563264310359955, 'epoch': 1.98}
{'loss': 0.1636, 'grad_norm': 0.16213543713092804, 'learning_rate': 5.4927958877066586e-05, 'entropy': 0.16612084954977036, 'num_tokens': 1261568000.0, 'mean_token_accuracy': 0.9562239974737168, 'epoch': 1.98}
{'loss': 0.1641, 'grad_norm': 0.17304889857769012, 'learning_rate': 5.482895106183797e-05, 'entropy': 0.16746412366628646, 'num_tokens': 1262223360.0, 'mean_token_accuracy': 0.9559472739696503, 'epoch': 1.98}
{'loss': 0.1633, 'grad_norm': 0.16538606584072113, 'learning_rate': 5.472999884540636e-05, 'entropy': 0.16668538004159927, 'num_tokens': 1262878720.0, 'mean_token_accuracy': 0.9562423437833786, 'epoch': 1.98}
{'loss': 0.163, 'grad_norm': 0.17589016258716583, 'learning_rate': 5.4631102349567074e-05, 'entropy': 0.1660401165485382, 'num_tokens': 1263534080.0, 'mean_token_accuracy': 0.956597039103508, 'epoch': 1.98}
{'loss': 0.162, 'grad_norm': 0.16410087049007416, 'learning_rate': 5.453226169604697e-05, 'entropy': 0.16507795006036757, 'num_tokens': 1264189440.0, 'mean_token_accuracy': 0.9566643089056015, 'epoch': 1.98}
{'loss': 0.1632, 'grad_norm': 0.1707858443260193, 'learning_rate': 5.443347700650407e-05, 'entropy': 0.16660882234573365, 'num_tokens': 1264844800.0, 'mean_token_accuracy': 0.9561918914318085, 'epoch': 1.98}
{'loss': 0.1623, 'grad_norm': 0.1716994196176529, 'learning_rate': 5.433474840252751e-05, 'entropy': 0.16516031324863434, 'num_tokens': 1265500160.0, 'mean_token_accuracy': 0.9564441531896591, 'epoch': 1.98}
{'loss': 0.164, 'grad_norm': 0.17051412165164948, 'learning_rate': 5.4236076005637474e-05, 'entropy': 0.16651150733232498, 'num_tokens': 1266155520.0, 'mean_token_accuracy': 0.9561949491500854, 'epoch': 1.99}
{'loss': 0.1634, 'grad_norm': 0.1812615990638733, 'learning_rate': 5.413745993728482e-05, 'entropy': 0.1668856956064701, 'num_tokens': 1266810880.0, 'mean_token_accuracy': 0.9563814699649811, 'epoch': 1.99}
{'loss': 0.1635, 'grad_norm': 0.1567956805229187, 'learning_rate': 5.4038900318851196e-05, 'entropy': 0.1670735239982605, 'num_tokens': 1267466240.0, 'mean_token_accuracy': 0.9562973827123642, 'epoch': 1.99}
{'loss': 0.1632, 'grad_norm': 0.17462603747844696, 'learning_rate': 5.3940397271648746e-05, 'entropy': 0.16605223193764687, 'num_tokens': 1268121600.0, 'mean_token_accuracy': 0.9565557599067688, 'epoch': 1.99}
{'loss': 0.1629, 'grad_norm': 0.17629411816596985, 'learning_rate': 5.384195091691995e-05, 'entropy': 0.16602840945124625, 'num_tokens': 1268776960.0, 'mean_token_accuracy': 0.9563065558671952, 'epoch': 1.99}
{'loss': 0.1622, 'grad_norm': 0.17802587151527405, 'learning_rate': 5.3743561375837556e-05, 'entropy': 0.16533488556742668, 'num_tokens': 1269432320.0, 'mean_token_accuracy': 0.9565802216529846, 'epoch': 1.99}
{'loss': 0.1644, 'grad_norm': 0.16592201590538025, 'learning_rate': 5.3645228769504377e-05, 'entropy': 0.16726563572883607, 'num_tokens': 1270087680.0, 'mean_token_accuracy': 0.9558983504772186, 'epoch': 1.99}
{'loss': 0.1634, 'grad_norm': 0.1679389625787735, 'learning_rate': 5.354695321895304e-05, 'entropy': 0.1666596107184887, 'num_tokens': 1270743040.0, 'mean_token_accuracy': 0.956121563911438, 'epoch': 1.99}
{'loss': 0.163, 'grad_norm': 0.16479994356632233, 'learning_rate': 5.34487348451461e-05, 'entropy': 0.16635288298130035, 'num_tokens': 1271398400.0, 'mean_token_accuracy': 0.9563677102327347, 'epoch': 1.99}
{'loss': 0.1626, 'grad_norm': 0.16613265872001648, 'learning_rate': 5.335057376897563e-05, 'entropy': 0.1656669370830059, 'num_tokens': 1272053760.0, 'mean_token_accuracy': 0.9565450578927994, 'epoch': 1.99}
{'loss': 0.1637, 'grad_norm': 0.18813568353652954, 'learning_rate': 5.3252470111263195e-05, 'entropy': 0.16685659065842628, 'num_tokens': 1272709120.0, 'mean_token_accuracy': 0.956118506193161, 'epoch': 2.0}
{'loss': 0.1632, 'grad_norm': 0.20724943280220032, 'learning_rate': 5.3154423992759806e-05, 'entropy': 0.1658315107226372, 'num_tokens': 1273364480.0, 'mean_token_accuracy': 0.9562270551919937, 'epoch': 2.0}
{'loss': 0.1628, 'grad_norm': 0.1645219475030899, 'learning_rate': 5.305643553414548e-05, 'entropy': 0.16653357818722725, 'num_tokens': 1274019840.0, 'mean_token_accuracy': 0.9564044028520584, 'epoch': 2.0}
{'loss': 0.1635, 'grad_norm': 0.17346183955669403, 'learning_rate': 5.295850485602938e-05, 'entropy': 0.16645659431815146, 'num_tokens': 1274675200.0, 'mean_token_accuracy': 0.9560634672641755, 'epoch': 2.0}
{'loss': 0.1619, 'grad_norm': 0.18691912293434143, 'learning_rate': 5.286063207894945e-05, 'entropy': 0.16479817181825637, 'num_tokens': 1275330560.0, 'mean_token_accuracy': 0.956725463271141, 'epoch': 2.0}
{'loss': 0.1615, 'grad_norm': 0.16953535377979279, 'learning_rate': 5.276281732337243e-05, 'entropy': 0.16538483947515487, 'num_tokens': 1275985920.0, 'mean_token_accuracy': 0.9565756350755692, 'epoch': 2.0}
{'loss': 0.1614, 'grad_norm': 0.18572454154491425, 'learning_rate': 5.266506070969366e-05, 'entropy': 0.1647537551820278, 'num_tokens': 1276641280.0, 'mean_token_accuracy': 0.9569104552268982, 'epoch': 2.0}
{'loss': 0.1601, 'grad_norm': 0.1673412024974823, 'learning_rate': 5.2567362358236895e-05, 'entropy': 0.16410496979951858, 'num_tokens': 1277296640.0, 'mean_token_accuracy': 0.9568905800580978, 'epoch': 2.0}
{'loss': 0.1607, 'grad_norm': 0.1588970273733139, 'learning_rate': 5.2469722389254164e-05, 'entropy': 0.16391522511839868, 'num_tokens': 1277952000.0, 'mean_token_accuracy': 0.957207053899765, 'epoch': 2.0}
{'loss': 0.1595, 'grad_norm': 0.17370249330997467, 'learning_rate': 5.237214092292565e-05, 'entropy': 0.162909397482872, 'num_tokens': 1278607360.0, 'mean_token_accuracy': 0.9571397840976715, 'epoch': 2.0}
{'loss': 0.1608, 'grad_norm': 0.18306031823158264, 'learning_rate': 5.227461807935956e-05, 'entropy': 0.16397890597581863, 'num_tokens': 1279262720.0, 'mean_token_accuracy': 0.9570373505353927, 'epoch': 2.01}
{'loss': 0.1614, 'grad_norm': 0.1792280524969101, 'learning_rate': 5.217715397859184e-05, 'entropy': 0.16472947224974632, 'num_tokens': 1279918080.0, 'mean_token_accuracy': 0.9567071169614791, 'epoch': 2.01}
{'loss': 0.1624, 'grad_norm': 0.17436636984348297, 'learning_rate': 5.2079748740586256e-05, 'entropy': 0.16640754863619805, 'num_tokens': 1280573440.0, 'mean_token_accuracy': 0.9567101746797562, 'epoch': 2.01}
{'loss': 0.1623, 'grad_norm': 0.17649774253368378, 'learning_rate': 5.1982402485234036e-05, 'entropy': 0.1657828100025654, 'num_tokens': 1281228800.0, 'mean_token_accuracy': 0.9567040592432022, 'epoch': 2.01}
{'loss': 0.1619, 'grad_norm': 0.1711307018995285, 'learning_rate': 5.188511533235383e-05, 'entropy': 0.16515589952468873, 'num_tokens': 1281884160.0, 'mean_token_accuracy': 0.9566826552152634, 'epoch': 2.01}
{'loss': 0.161, 'grad_norm': 0.18024513125419617, 'learning_rate': 5.1787887401691616e-05, 'entropy': 0.1653405800461769, 'num_tokens': 1282539520.0, 'mean_token_accuracy': 0.9568936377763748, 'epoch': 2.01}
{'loss': 0.1608, 'grad_norm': 0.18220901489257812, 'learning_rate': 5.169071881292042e-05, 'entropy': 0.16428923085331917, 'num_tokens': 1283194880.0, 'mean_token_accuracy': 0.9570556968450546, 'epoch': 2.01}
{'loss': 0.1597, 'grad_norm': 0.16617049276828766, 'learning_rate': 5.1593609685640175e-05, 'entropy': 0.16367480233311654, 'num_tokens': 1283850240.0, 'mean_token_accuracy': 0.9571841210126877, 'epoch': 2.01}
{'loss': 0.1615, 'grad_norm': 0.18772393465042114, 'learning_rate': 5.149656013937767e-05, 'entropy': 0.16446857079863547, 'num_tokens': 1284505600.0, 'mean_token_accuracy': 0.956872233748436, 'epoch': 2.01}
{'loss': 0.161, 'grad_norm': 0.18891707062721252, 'learning_rate': 5.1399570293586396e-05, 'entropy': 0.16473598554730415, 'num_tokens': 1285160960.0, 'mean_token_accuracy': 0.9570602834224701, 'epoch': 2.02}
{'loss': 0.1615, 'grad_norm': 0.16861596703529358, 'learning_rate': 5.1302640267646306e-05, 'entropy': 0.16540112122893333, 'num_tokens': 1285816320.0, 'mean_token_accuracy': 0.9568538874387741, 'epoch': 2.02}
{'loss': 0.161, 'grad_norm': 0.18063984811306, 'learning_rate': 5.120577018086377e-05, 'entropy': 0.163533553481102, 'num_tokens': 1286471680.0, 'mean_token_accuracy': 0.9568829357624054, 'epoch': 2.02}
{'loss': 0.1615, 'grad_norm': 0.17510007321834564, 'learning_rate': 5.110896015247135e-05, 'entropy': 0.16541067361831666, 'num_tokens': 1287127040.0, 'mean_token_accuracy': 0.95692880153656, 'epoch': 2.02}
{'loss': 0.1611, 'grad_norm': 0.16172771155834198, 'learning_rate': 5.1012210301627714e-05, 'entropy': 0.1650130681693554, 'num_tokens': 1287782400.0, 'mean_token_accuracy': 0.956860002875328, 'epoch': 2.02}
{'loss': 0.1616, 'grad_norm': 0.17111383378505707, 'learning_rate': 5.091552074741739e-05, 'entropy': 0.16457826793193817, 'num_tokens': 1288437760.0, 'mean_token_accuracy': 0.9568171948194504, 'epoch': 2.02}
{'loss': 0.1598, 'grad_norm': 0.19346962869167328, 'learning_rate': 5.081889160885076e-05, 'entropy': 0.1630845248699188, 'num_tokens': 1289093120.0, 'mean_token_accuracy': 0.9571963518857955, 'epoch': 2.02}
{'loss': 0.161, 'grad_norm': 0.17418628931045532, 'learning_rate': 5.0722323004863836e-05, 'entropy': 0.1646031841635704, 'num_tokens': 1289748480.0, 'mean_token_accuracy': 0.956881406903267, 'epoch': 2.02}
{'loss': 0.1593, 'grad_norm': 0.165497824549675, 'learning_rate': 5.06258150543181e-05, 'entropy': 0.16331018656492233, 'num_tokens': 1290403840.0, 'mean_token_accuracy': 0.95727279484272, 'epoch': 2.02}
{'loss': 0.1598, 'grad_norm': 0.1927270144224167, 'learning_rate': 5.052936787600036e-05, 'entropy': 0.1630747713148594, 'num_tokens': 1291059200.0, 'mean_token_accuracy': 0.9571795344352723, 'epoch': 2.02}
{'loss': 0.1603, 'grad_norm': 0.16933028399944305, 'learning_rate': 5.0432981588622715e-05, 'entropy': 0.16381587386131286, 'num_tokens': 1291714560.0, 'mean_token_accuracy': 0.9570113599300385, 'epoch': 2.03}
{'loss': 0.1598, 'grad_norm': 0.1774241328239441, 'learning_rate': 5.033665631082225e-05, 'entropy': 0.16304565072059632, 'num_tokens': 1292369920.0, 'mean_token_accuracy': 0.9573431223630905, 'epoch': 2.03}
{'loss': 0.1603, 'grad_norm': 0.18418370187282562, 'learning_rate': 5.02403921611609e-05, 'entropy': 0.1636243373155594, 'num_tokens': 1293025280.0, 'mean_token_accuracy': 0.9570572257041932, 'epoch': 2.03}
{'loss': 0.1614, 'grad_norm': 0.18359176814556122, 'learning_rate': 5.014418925812543e-05, 'entropy': 0.1644699089229107, 'num_tokens': 1293680640.0, 'mean_token_accuracy': 0.9571718901395798, 'epoch': 2.03}
{'loss': 0.1594, 'grad_norm': 0.16245704889297485, 'learning_rate': 5.004804772012723e-05, 'entropy': 0.16327920854091643, 'num_tokens': 1294336000.0, 'mean_token_accuracy': 0.9571183800697327, 'epoch': 2.03}
{'loss': 0.1592, 'grad_norm': 0.16909246146678925, 'learning_rate': 4.995196766550212e-05, 'entropy': 0.1625041738152504, 'num_tokens': 1294991360.0, 'mean_token_accuracy': 0.9574761331081391, 'epoch': 2.03}
{'loss': 0.1585, 'grad_norm': 0.17602670192718506, 'learning_rate': 4.9855949212510265e-05, 'entropy': 0.16220621690154075, 'num_tokens': 1295646720.0, 'mean_token_accuracy': 0.9575342297554016, 'epoch': 2.03}
{'loss': 0.16, 'grad_norm': 0.18124105036258698, 'learning_rate': 4.975999247933605e-05, 'entropy': 0.16342533975839615, 'num_tokens': 1296302080.0, 'mean_token_accuracy': 0.957341593503952, 'epoch': 2.03}
{'loss': 0.1602, 'grad_norm': 0.16973435878753662, 'learning_rate': 4.9664097584087753e-05, 'entropy': 0.16392574161291124, 'num_tokens': 1296957440.0, 'mean_token_accuracy': 0.9572483330965043, 'epoch': 2.03}
{'loss': 0.16, 'grad_norm': 0.17910127341747284, 'learning_rate': 4.956826464479768e-05, 'entropy': 0.16354477107524873, 'num_tokens': 1297612800.0, 'mean_token_accuracy': 0.9571994096040726, 'epoch': 2.03}
{'loss': 0.1592, 'grad_norm': 0.1755918711423874, 'learning_rate': 4.9472493779421814e-05, 'entropy': 0.16327788904309273, 'num_tokens': 1298268160.0, 'mean_token_accuracy': 0.9574547290802002, 'epoch': 2.04}
{'loss': 0.1604, 'grad_norm': 0.17252932488918304, 'learning_rate': 4.9376785105839766e-05, 'entropy': 0.16352594569325446, 'num_tokens': 1298923520.0, 'mean_token_accuracy': 0.9571994096040726, 'epoch': 2.04}
{'loss': 0.161, 'grad_norm': 0.18323469161987305, 'learning_rate': 4.928113874185457e-05, 'entropy': 0.16405506134033204, 'num_tokens': 1299578880.0, 'mean_token_accuracy': 0.9570052444934845, 'epoch': 2.04}
{'loss': 0.1611, 'grad_norm': 0.20373116433620453, 'learning_rate': 4.9185554805192535e-05, 'entropy': 0.16475267633795737, 'num_tokens': 1300234240.0, 'mean_token_accuracy': 0.9569991290569305, 'epoch': 2.04}
{'loss': 0.1599, 'grad_norm': 0.1874292641878128, 'learning_rate': 4.9090033413503314e-05, 'entropy': 0.16379937306046485, 'num_tokens': 1300889600.0, 'mean_token_accuracy': 0.9571917653083801, 'epoch': 2.04}
{'loss': 0.1611, 'grad_norm': 0.16555094718933105, 'learning_rate': 4.899457468435928e-05, 'entropy': 0.16440286561846734, 'num_tokens': 1301544960.0, 'mean_token_accuracy': 0.9569150418043136, 'epoch': 2.04}
{'loss': 0.1607, 'grad_norm': 0.17755979299545288, 'learning_rate': 4.889917873525591e-05, 'entropy': 0.16398388892412186, 'num_tokens': 1302200320.0, 'mean_token_accuracy': 0.9571611881256104, 'epoch': 2.04}
{'loss': 0.159, 'grad_norm': 0.2118862271308899, 'learning_rate': 4.8803845683611315e-05, 'entropy': 0.1630617156624794, 'num_tokens': 1302855680.0, 'mean_token_accuracy': 0.9573370069265366, 'epoch': 2.04}
{'loss': 0.1606, 'grad_norm': 0.1766897737979889, 'learning_rate': 4.8708575646766205e-05, 'entropy': 0.1638783983886242, 'num_tokens': 1303511040.0, 'mean_token_accuracy': 0.9569395035505295, 'epoch': 2.04}
{'loss': 0.1624, 'grad_norm': 0.19422388076782227, 'learning_rate': 4.8613368741983735e-05, 'entropy': 0.16536010056734085, 'num_tokens': 1304166400.0, 'mean_token_accuracy': 0.9564946055412292, 'epoch': 2.05}
{'loss': 0.1611, 'grad_norm': 0.194118469953537, 'learning_rate': 4.851822508644934e-05, 'entropy': 0.16465009301900863, 'num_tokens': 1304821760.0, 'mean_token_accuracy': 0.9568859934806824, 'epoch': 2.05}
{'loss': 0.1603, 'grad_norm': 0.166500985622406, 'learning_rate': 4.842314479727067e-05, 'entropy': 0.1638118639588356, 'num_tokens': 1305477120.0, 'mean_token_accuracy': 0.9570602834224701, 'epoch': 2.05}
{'loss': 0.1602, 'grad_norm': 0.20221389830112457, 'learning_rate': 4.8328127991477214e-05, 'entropy': 0.16355151310563087, 'num_tokens': 1306132480.0, 'mean_token_accuracy': 0.9570449948310852, 'epoch': 2.05}
{'loss': 0.1604, 'grad_norm': 0.17571520805358887, 'learning_rate': 4.823317478602049e-05, 'entropy': 0.1639707252383232, 'num_tokens': 1306787840.0, 'mean_token_accuracy': 0.9571321398019791, 'epoch': 2.05}
{'loss': 0.1603, 'grad_norm': 0.17884404957294464, 'learning_rate': 4.8138285297773686e-05, 'entropy': 0.16353647261857987, 'num_tokens': 1307443200.0, 'mean_token_accuracy': 0.9572391599416733, 'epoch': 2.05}
{'loss': 0.1603, 'grad_norm': 0.18361598253250122, 'learning_rate': 4.804345964353153e-05, 'entropy': 0.16380371451377868, 'num_tokens': 1308098560.0, 'mean_token_accuracy': 0.9570633411407471, 'epoch': 2.05}
{'loss': 0.1605, 'grad_norm': 0.1711110770702362, 'learning_rate': 4.794869794001021e-05, 'entropy': 0.1644488073885441, 'num_tokens': 1308753920.0, 'mean_token_accuracy': 0.9569135129451751, 'epoch': 2.05}
{'loss': 0.1607, 'grad_norm': 0.18505726754665375, 'learning_rate': 4.7854000303847204e-05, 'entropy': 0.16377055943012236, 'num_tokens': 1309409280.0, 'mean_token_accuracy': 0.9568370699882507, 'epoch': 2.05}
{'loss': 0.1603, 'grad_norm': 0.18962329626083374, 'learning_rate': 4.775936685160109e-05, 'entropy': 0.16402452513575555, 'num_tokens': 1310064640.0, 'mean_token_accuracy': 0.957216227054596, 'epoch': 2.05}
{'loss': 0.1589, 'grad_norm': 0.17032064497470856, 'learning_rate': 4.766479769975152e-05, 'entropy': 0.16270826235413552, 'num_tokens': 1310720000.0, 'mean_token_accuracy': 0.957473075389862, 'epoch': 2.06}
{'eval_loss': 0.1587519496679306, 'eval_runtime': 78.3077, 'eval_samples_per_second': 63.851, 'eval_steps_per_second': 1.009, 'eval_entropy': 0.1614966862186601, 'eval_num_tokens': 1310720000.0, 'eval_mean_token_accuracy': 0.9575114710421502, 'epoch': 2.06}
{'loss': 0.1588, 'grad_norm': 0.17879809439182281, 'learning_rate': 4.757029296469893e-05, 'entropy': 0.16207273826003074, 'num_tokens': 1311375360.0, 'mean_token_accuracy': 0.9574608445167542, 'epoch': 2.06}
{'loss': 0.1603, 'grad_norm': 0.18255434930324554, 'learning_rate': 4.7475852762764505e-05, 'entropy': 0.16347855180501938, 'num_tokens': 1312030720.0, 'mean_token_accuracy': 0.9570633411407471, 'epoch': 2.06}
{'loss': 0.1622, 'grad_norm': 0.17929548025131226, 'learning_rate': 4.738147721018998e-05, 'entropy': 0.1654672719538212, 'num_tokens': 1312686080.0, 'mean_token_accuracy': 0.956731578707695, 'epoch': 2.06}
{'loss': 0.1594, 'grad_norm': 0.1787460893392563, 'learning_rate': 4.728716642313755e-05, 'entropy': 0.1637794591486454, 'num_tokens': 1313341440.0, 'mean_token_accuracy': 0.9572682082653046, 'epoch': 2.06}
{'loss': 0.1594, 'grad_norm': 0.1629476398229599, 'learning_rate': 4.71929205176897e-05, 'entropy': 0.16253025010228156, 'num_tokens': 1313996800.0, 'mean_token_accuracy': 0.9571673035621643, 'epoch': 2.06}
{'loss': 0.1591, 'grad_norm': 0.1715354025363922, 'learning_rate': 4.709873960984894e-05, 'entropy': 0.1624833472073078, 'num_tokens': 1314652160.0, 'mean_token_accuracy': 0.9571199089288711, 'epoch': 2.06}
{'loss': 0.1589, 'grad_norm': 0.16098946332931519, 'learning_rate': 4.700462381553792e-05, 'entropy': 0.1623542368412018, 'num_tokens': 1315307520.0, 'mean_token_accuracy': 0.9574516713619232, 'epoch': 2.06}
{'loss': 0.1606, 'grad_norm': 0.1669948697090149, 'learning_rate': 4.6910573250599065e-05, 'entropy': 0.1639706552028656, 'num_tokens': 1315962880.0, 'mean_token_accuracy': 0.9568661183118821, 'epoch': 2.06}
{'loss': 0.1591, 'grad_norm': 0.17114020884037018, 'learning_rate': 4.681658803079456e-05, 'entropy': 0.16344111263751984, 'num_tokens': 1316618240.0, 'mean_token_accuracy': 0.9573247760534287, 'epoch': 2.06}
{'loss': 0.1596, 'grad_norm': 0.182443767786026, 'learning_rate': 4.672266827180612e-05, 'entropy': 0.16271465867757798, 'num_tokens': 1317273600.0, 'mean_token_accuracy': 0.957285025715828, 'epoch': 2.07}
{'loss': 0.16, 'grad_norm': 0.17460624873638153, 'learning_rate': 4.6628814089234916e-05, 'entropy': 0.16352957263588905, 'num_tokens': 1317928960.0, 'mean_token_accuracy': 0.9572880834341049, 'epoch': 2.07}
{'loss': 0.159, 'grad_norm': 0.17382323741912842, 'learning_rate': 4.653502559860139e-05, 'entropy': 0.162515015155077, 'num_tokens': 1318584320.0, 'mean_token_accuracy': 0.957547989487648, 'epoch': 2.07}
{'loss': 0.1593, 'grad_norm': 0.1621735394001007, 'learning_rate': 4.644130291534513e-05, 'entropy': 0.16275778636336327, 'num_tokens': 1319239680.0, 'mean_token_accuracy': 0.957347708940506, 'epoch': 2.07}
{'loss': 0.1601, 'grad_norm': 0.1729189157485962, 'learning_rate': 4.634764615482472e-05, 'entropy': 0.16371779441833495, 'num_tokens': 1319895040.0, 'mean_token_accuracy': 0.9572055250406265, 'epoch': 2.07}
{'loss': 0.1582, 'grad_norm': 0.17464253306388855, 'learning_rate': 4.62540554323176e-05, 'entropy': 0.16178963482379913, 'num_tokens': 1320550400.0, 'mean_token_accuracy': 0.9575174123048782, 'epoch': 2.07}
{'loss': 0.1595, 'grad_norm': 0.18285726010799408, 'learning_rate': 4.6160530863019944e-05, 'entropy': 0.16265280917286873, 'num_tokens': 1321205760.0, 'mean_token_accuracy': 0.9571229666471481, 'epoch': 2.07}
{'loss': 0.1609, 'grad_norm': 0.17896723747253418, 'learning_rate': 4.606707256204651e-05, 'entropy': 0.16395594999194146, 'num_tokens': 1321861120.0, 'mean_token_accuracy': 0.9571061491966247, 'epoch': 2.07}
{'loss': 0.1596, 'grad_norm': 0.18308009207248688, 'learning_rate': 4.5973680644430474e-05, 'entropy': 0.16328253075480462, 'num_tokens': 1322516480.0, 'mean_token_accuracy': 0.9573140740394592, 'epoch': 2.07}
{'loss': 0.1594, 'grad_norm': 0.2134498655796051, 'learning_rate': 4.588035522512325e-05, 'entropy': 0.1630450151860714, 'num_tokens': 1323171840.0, 'mean_token_accuracy': 0.9573675841093063, 'epoch': 2.07}
{'loss': 0.1602, 'grad_norm': 0.1768903285264969, 'learning_rate': 4.578709641899448e-05, 'entropy': 0.1632979318499565, 'num_tokens': 1323827200.0, 'mean_token_accuracy': 0.9571137934923172, 'epoch': 2.08}
{'loss': 0.158, 'grad_norm': 0.17787154018878937, 'learning_rate': 4.56939043408318e-05, 'entropy': 0.16202211305499076, 'num_tokens': 1324482560.0, 'mean_token_accuracy': 0.9578140109777451, 'epoch': 2.08}
{'loss': 0.1589, 'grad_norm': 0.17879195511341095, 'learning_rate': 4.5600779105340685e-05, 'entropy': 0.1626046396791935, 'num_tokens': 1325137920.0, 'mean_token_accuracy': 0.9574898928403854, 'epoch': 2.08}
{'loss': 0.1598, 'grad_norm': 0.17667551338672638, 'learning_rate': 4.550772082714436e-05, 'entropy': 0.16319774761795997, 'num_tokens': 1325793280.0, 'mean_token_accuracy': 0.9572376310825348, 'epoch': 2.08}
{'loss': 0.1589, 'grad_norm': 0.17565375566482544, 'learning_rate': 4.541472962078365e-05, 'entropy': 0.16290560960769654, 'num_tokens': 1326448640.0, 'mean_token_accuracy': 0.9576458364725113, 'epoch': 2.08}
{'loss': 0.1599, 'grad_norm': 0.179409459233284, 'learning_rate': 4.5321805600716793e-05, 'entropy': 0.16301099434494973, 'num_tokens': 1327104000.0, 'mean_token_accuracy': 0.957135197520256, 'epoch': 2.08}
{'loss': 0.1602, 'grad_norm': 0.17244648933410645, 'learning_rate': 4.522894888131933e-05, 'entropy': 0.16375254914164544, 'num_tokens': 1327759360.0, 'mean_token_accuracy': 0.9571780055761338, 'epoch': 2.08}
{'loss': 0.1594, 'grad_norm': 0.17012973129749298, 'learning_rate': 4.5136159576884e-05, 'entropy': 0.16332025602459907, 'num_tokens': 1328414720.0, 'mean_token_accuracy': 0.9575816243886948, 'epoch': 2.08}
{'loss': 0.1594, 'grad_norm': 0.1880539357662201, 'learning_rate': 4.504343780162053e-05, 'entropy': 0.16263749524950982, 'num_tokens': 1329070080.0, 'mean_token_accuracy': 0.9573507666587829, 'epoch': 2.08}
{'loss': 0.1588, 'grad_norm': 0.17372360825538635, 'learning_rate': 4.495078366965553e-05, 'entropy': 0.16202756240963936, 'num_tokens': 1329725440.0, 'mean_token_accuracy': 0.9573553532361985, 'epoch': 2.09}
{'loss': 0.1588, 'grad_norm': 0.1780199259519577, 'learning_rate': 4.4858197295032365e-05, 'entropy': 0.16262743324041368, 'num_tokens': 1330380800.0, 'mean_token_accuracy': 0.9574761331081391, 'epoch': 2.09}
{'loss': 0.161, 'grad_norm': 0.17424048483371735, 'learning_rate': 4.476567879171102e-05, 'entropy': 0.16429940834641457, 'num_tokens': 1331036160.0, 'mean_token_accuracy': 0.9569028109312058, 'epoch': 2.09}
{'loss': 0.1602, 'grad_norm': 0.16719116270542145, 'learning_rate': 4.467322827356793e-05, 'entropy': 0.16361979991197587, 'num_tokens': 1331691520.0, 'mean_token_accuracy': 0.9570190042257309, 'epoch': 2.09}
{'loss': 0.1594, 'grad_norm': 0.19490258395671844, 'learning_rate': 4.458084585439579e-05, 'entropy': 0.16293314024806022, 'num_tokens': 1332346880.0, 'mean_token_accuracy': 0.9574639022350311, 'epoch': 2.09}
{'loss': 0.1581, 'grad_norm': 0.17449535429477692, 'learning_rate': 4.448853164790353e-05, 'entropy': 0.16200665086507798, 'num_tokens': 1333002240.0, 'mean_token_accuracy': 0.9575112968683243, 'epoch': 2.09}
{'loss': 0.1604, 'grad_norm': 0.18248625099658966, 'learning_rate': 4.439628576771614e-05, 'entropy': 0.1641070529818535, 'num_tokens': 1333657600.0, 'mean_token_accuracy': 0.9570587545633316, 'epoch': 2.09}
{'loss': 0.1595, 'grad_norm': 0.18804918229579926, 'learning_rate': 4.430410832737447e-05, 'entropy': 0.16333809345960618, 'num_tokens': 1334312960.0, 'mean_token_accuracy': 0.9573660552501678, 'epoch': 2.09}
{'loss': 0.159, 'grad_norm': 0.1782342791557312, 'learning_rate': 4.421199944033516e-05, 'entropy': 0.1625986784696579, 'num_tokens': 1334968320.0, 'mean_token_accuracy': 0.9574210941791534, 'epoch': 2.09}
{'loss': 0.1611, 'grad_norm': 0.20100265741348267, 'learning_rate': 4.4119959219970444e-05, 'entropy': 0.16408038660883903, 'num_tokens': 1335623680.0, 'mean_token_accuracy': 0.9568584740161896, 'epoch': 2.09}
{'loss': 0.158, 'grad_norm': 0.18723253905773163, 'learning_rate': 4.4027987779568044e-05, 'entropy': 0.16217157393693923, 'num_tokens': 1336279040.0, 'mean_token_accuracy': 0.9575984418392182, 'epoch': 2.1}
{'loss': 0.1595, 'grad_norm': 0.16749896109104156, 'learning_rate': 4.393608523233105e-05, 'entropy': 0.16278023272752762, 'num_tokens': 1336934400.0, 'mean_token_accuracy': 0.9572238713502884, 'epoch': 2.1}
{'loss': 0.159, 'grad_norm': 0.18298345804214478, 'learning_rate': 4.384425169137772e-05, 'entropy': 0.16243123710155488, 'num_tokens': 1337589760.0, 'mean_token_accuracy': 0.9573996901512146, 'epoch': 2.1}
{'loss': 0.16, 'grad_norm': 0.1763199120759964, 'learning_rate': 4.3752487269741406e-05, 'entropy': 0.16374617218971252, 'num_tokens': 1338245120.0, 'mean_token_accuracy': 0.9572177559137345, 'epoch': 2.1}
{'loss': 0.1586, 'grad_norm': 0.16644667088985443, 'learning_rate': 4.366079208037035e-05, 'entropy': 0.1626381367444992, 'num_tokens': 1338900480.0, 'mean_token_accuracy': 0.9575586915016174, 'epoch': 2.1}
{'loss': 0.1596, 'grad_norm': 0.1663692444562912, 'learning_rate': 4.356916623612762e-05, 'entropy': 0.16335289776325226, 'num_tokens': 1339555840.0, 'mean_token_accuracy': 0.9574272096157074, 'epoch': 2.1}
{'loss': 0.1594, 'grad_norm': 0.16820889711380005, 'learning_rate': 4.347760984979094e-05, 'entropy': 0.16230811253190042, 'num_tokens': 1340211200.0, 'mean_token_accuracy': 0.9573767572641373, 'epoch': 2.1}
{'loss': 0.1585, 'grad_norm': 0.17862895131111145, 'learning_rate': 4.338612303405243e-05, 'entropy': 0.16252834275364875, 'num_tokens': 1340866560.0, 'mean_token_accuracy': 0.9575434029102325, 'epoch': 2.1}
{'loss': 0.1594, 'grad_norm': 0.16750076413154602, 'learning_rate': 4.32947059015187e-05, 'entropy': 0.16271486803889273, 'num_tokens': 1341521920.0, 'mean_token_accuracy': 0.957416507601738, 'epoch': 2.1}
{'loss': 0.1588, 'grad_norm': 0.18367959558963776, 'learning_rate': 4.3203358564710536e-05, 'entropy': 0.16280145570635796, 'num_tokens': 1342177280.0, 'mean_token_accuracy': 0.9576458364725113, 'epoch': 2.1}
{'loss': 0.1603, 'grad_norm': 0.16733680665493011, 'learning_rate': 4.3112081136062865e-05, 'entropy': 0.16356899291276933, 'num_tokens': 1342832640.0, 'mean_token_accuracy': 0.9571841210126877, 'epoch': 2.11}
{'loss': 0.1599, 'grad_norm': 0.17989614605903625, 'learning_rate': 4.3020873727924515e-05, 'entropy': 0.16316692605614663, 'num_tokens': 1343488000.0, 'mean_token_accuracy': 0.9571780055761338, 'epoch': 2.11}
{'loss': 0.1589, 'grad_norm': 0.17975518107414246, 'learning_rate': 4.2929736452558145e-05, 'entropy': 0.16271912455558776, 'num_tokens': 1344143360.0, 'mean_token_accuracy': 0.9576764136552811, 'epoch': 2.11}
{'loss': 0.1587, 'grad_norm': 0.20402982831001282, 'learning_rate': 4.283866942214009e-05, 'entropy': 0.16224796772003175, 'num_tokens': 1344798720.0, 'mean_token_accuracy': 0.9574715465307235, 'epoch': 2.11}
{'loss': 0.161, 'grad_norm': 0.1703530102968216, 'learning_rate': 4.274767274876024e-05, 'entropy': 0.16429149061441423, 'num_tokens': 1345454080.0, 'mean_token_accuracy': 0.9569884270429612, 'epoch': 2.11}
{'loss': 0.1587, 'grad_norm': 0.17590004205703735, 'learning_rate': 4.265674654442187e-05, 'entropy': 0.16259090974926949, 'num_tokens': 1346109440.0, 'mean_token_accuracy': 0.957610672712326, 'epoch': 2.11}
{'loss': 0.1595, 'grad_norm': 0.16445346176624298, 'learning_rate': 4.256589092104151e-05, 'entropy': 0.16338634341955185, 'num_tokens': 1346764800.0, 'mean_token_accuracy': 0.957344651222229, 'epoch': 2.11}
{'loss': 0.1598, 'grad_norm': 0.17331847548484802, 'learning_rate': 4.247510599044883e-05, 'entropy': 0.1629531942307949, 'num_tokens': 1347420160.0, 'mean_token_accuracy': 0.9573064297437668, 'epoch': 2.11}
{'loss': 0.1591, 'grad_norm': 0.1781654953956604, 'learning_rate': 4.23843918643865e-05, 'entropy': 0.16310775205492972, 'num_tokens': 1348075520.0, 'mean_token_accuracy': 0.9573905169963837, 'epoch': 2.11}
{'loss': 0.1595, 'grad_norm': 0.1697360724210739, 'learning_rate': 4.2293748654510045e-05, 'entropy': 0.16291847005486487, 'num_tokens': 1348730880.0, 'mean_token_accuracy': 0.9571458995342255, 'epoch': 2.11}
{'loss': 0.1595, 'grad_norm': 0.16585732996463776, 'learning_rate': 4.2203176472387615e-05, 'entropy': 0.16305160745978356, 'num_tokens': 1349386240.0, 'mean_token_accuracy': 0.9572498619556427, 'epoch': 2.12}
{'loss': 0.1598, 'grad_norm': 0.17864027619361877, 'learning_rate': 4.211267542950005e-05, 'entropy': 0.16306604370474814, 'num_tokens': 1350041600.0, 'mean_token_accuracy': 0.9571780055761338, 'epoch': 2.12}
{'loss': 0.158, 'grad_norm': 0.1654776930809021, 'learning_rate': 4.202224563724057e-05, 'entropy': 0.16220100000500678, 'num_tokens': 1350696960.0, 'mean_token_accuracy': 0.957613730430603, 'epoch': 2.12}
{'loss': 0.1578, 'grad_norm': 0.17719700932502747, 'learning_rate': 4.19318872069147e-05, 'entropy': 0.16157955378293992, 'num_tokens': 1351352320.0, 'mean_token_accuracy': 0.9579837143421173, 'epoch': 2.12}
{'loss': 0.1585, 'grad_norm': 0.17563048005104065, 'learning_rate': 4.184160024974015e-05, 'entropy': 0.16149004697799682, 'num_tokens': 1352007680.0, 'mean_token_accuracy': 0.9576473653316497, 'epoch': 2.12}
{'loss': 0.1587, 'grad_norm': 0.17450791597366333, 'learning_rate': 4.1751384876846655e-05, 'entropy': 0.16245240345597267, 'num_tokens': 1352663040.0, 'mean_token_accuracy': 0.9573232471942902, 'epoch': 2.12}
{'loss': 0.1589, 'grad_norm': 0.17705127596855164, 'learning_rate': 4.16612411992758e-05, 'entropy': 0.16307418271899224, 'num_tokens': 1353318400.0, 'mean_token_accuracy': 0.9576932311058044, 'epoch': 2.12}
{'loss': 0.1585, 'grad_norm': 0.1679374873638153, 'learning_rate': 4.157116932798098e-05, 'entropy': 0.16248240768909455, 'num_tokens': 1353973760.0, 'mean_token_accuracy': 0.9575357586145401, 'epoch': 2.12}
{'loss': 0.1577, 'grad_norm': 0.17367962002754211, 'learning_rate': 4.1481169373827156e-05, 'entropy': 0.1612080715596676, 'num_tokens': 1354629120.0, 'mean_token_accuracy': 0.9579363197088242, 'epoch': 2.12}
{'loss': 0.1603, 'grad_norm': 0.18196704983711243, 'learning_rate': 4.139124144759082e-05, 'entropy': 0.16376787573099136, 'num_tokens': 1355284480.0, 'mean_token_accuracy': 0.9573645263910293, 'epoch': 2.13}
{'loss': 0.1583, 'grad_norm': 0.16883496940135956, 'learning_rate': 4.130138565995977e-05, 'entropy': 0.1618994280695915, 'num_tokens': 1355939840.0, 'mean_token_accuracy': 0.9578216552734375, 'epoch': 2.13}
{'loss': 0.1586, 'grad_norm': 0.184841126203537, 'learning_rate': 4.121160212153301e-05, 'entropy': 0.1629226565361023, 'num_tokens': 1356595200.0, 'mean_token_accuracy': 0.9575311720371247, 'epoch': 2.13}
{'loss': 0.1588, 'grad_norm': 0.18056301772594452, 'learning_rate': 4.112189094282066e-05, 'entropy': 0.16145549938082696, 'num_tokens': 1357250560.0, 'mean_token_accuracy': 0.9575250566005706, 'epoch': 2.13}
{'loss': 0.1601, 'grad_norm': 0.17424830794334412, 'learning_rate': 4.1032252234243776e-05, 'entropy': 0.16367166265845298, 'num_tokens': 1357905920.0, 'mean_token_accuracy': 0.9570281773805618, 'epoch': 2.13}
{'loss': 0.1587, 'grad_norm': 0.16932018101215363, 'learning_rate': 4.094268610613409e-05, 'entropy': 0.16253004670143129, 'num_tokens': 1358561280.0, 'mean_token_accuracy': 0.9573813438415527, 'epoch': 2.13}
{'loss': 0.1596, 'grad_norm': 0.1705026626586914, 'learning_rate': 4.0853192668734154e-05, 'entropy': 0.16245855316519736, 'num_tokens': 1359216640.0, 'mean_token_accuracy': 0.9571520149707794, 'epoch': 2.13}
{'loss': 0.1581, 'grad_norm': 0.164861798286438, 'learning_rate': 4.076377203219698e-05, 'entropy': 0.16204508915543556, 'num_tokens': 1359872000.0, 'mean_token_accuracy': 0.957679471373558, 'epoch': 2.13}
{'loss': 0.1581, 'grad_norm': 0.18577222526073456, 'learning_rate': 4.067442430658598e-05, 'entropy': 0.16140665039420127, 'num_tokens': 1360527360.0, 'mean_token_accuracy': 0.957551047205925, 'epoch': 2.13}
{'loss': 0.1589, 'grad_norm': 0.1837955266237259, 'learning_rate': 4.0585149601874825e-05, 'entropy': 0.16258469521999358, 'num_tokens': 1361182720.0, 'mean_token_accuracy': 0.9573584109544754, 'epoch': 2.13}
{'loss': 0.159, 'grad_norm': 0.17289403080940247, 'learning_rate': 4.0495948027947314e-05, 'entropy': 0.1623522311449051, 'num_tokens': 1361838080.0, 'mean_token_accuracy': 0.9574807196855545, 'epoch': 2.14}
{'loss': 0.1598, 'grad_norm': 0.18833383917808533, 'learning_rate': 4.040681969459722e-05, 'entropy': 0.16327117905020713, 'num_tokens': 1362493440.0, 'mean_token_accuracy': 0.9574501425027847, 'epoch': 2.14}
{'loss': 0.1582, 'grad_norm': 0.2023211270570755, 'learning_rate': 4.031776471152817e-05, 'entropy': 0.16217689141631125, 'num_tokens': 1363148800.0, 'mean_token_accuracy': 0.9577497988939285, 'epoch': 2.14}
{'loss': 0.1577, 'grad_norm': 0.18944667279720306, 'learning_rate': 4.022878318835353e-05, 'entropy': 0.1615602359175682, 'num_tokens': 1363804160.0, 'mean_token_accuracy': 0.9578568190336227, 'epoch': 2.14}
{'loss': 0.1579, 'grad_norm': 0.17674686014652252, 'learning_rate': 4.01398752345962e-05, 'entropy': 0.1609797418117523, 'num_tokens': 1364459520.0, 'mean_token_accuracy': 0.957541874051094, 'epoch': 2.14}
{'loss': 0.159, 'grad_norm': 0.17698554694652557, 'learning_rate': 4.005104095968859e-05, 'entropy': 0.1620778888463974, 'num_tokens': 1365114880.0, 'mean_token_accuracy': 0.9575158834457398, 'epoch': 2.14}
{'loss': 0.1608, 'grad_norm': 0.19574560225009918, 'learning_rate': 3.9962280472972377e-05, 'entropy': 0.16447021141648294, 'num_tokens': 1365770240.0, 'mean_token_accuracy': 0.9571199089288711, 'epoch': 2.14}
{'loss': 0.1587, 'grad_norm': 0.1578279286623001, 'learning_rate': 3.9873593883698454e-05, 'entropy': 0.1631784625351429, 'num_tokens': 1366425600.0, 'mean_token_accuracy': 0.9574715465307235, 'epoch': 2.14}
{'loss': 0.1588, 'grad_norm': 0.17349769175052643, 'learning_rate': 3.978498130102668e-05, 'entropy': 0.16187161654233934, 'num_tokens': 1367080960.0, 'mean_token_accuracy': 0.9573782861232758, 'epoch': 2.14}
{'loss': 0.1591, 'grad_norm': 0.18691498041152954, 'learning_rate': 3.969644283402589e-05, 'entropy': 0.1624898500740528, 'num_tokens': 1367736320.0, 'mean_token_accuracy': 0.9575327008962631, 'epoch': 2.14}
{'loss': 0.1579, 'grad_norm': 0.18061356246471405, 'learning_rate': 3.96079785916737e-05, 'entropy': 0.16190193071961403, 'num_tokens': 1368391680.0, 'mean_token_accuracy': 0.9576718270778656, 'epoch': 2.15}
{'loss': 0.1585, 'grad_norm': 0.17518262565135956, 'learning_rate': 3.9519588682856326e-05, 'entropy': 0.1615861736238003, 'num_tokens': 1369047040.0, 'mean_token_accuracy': 0.9575892686843872, 'epoch': 2.15}
{'loss': 0.1592, 'grad_norm': 0.17476695775985718, 'learning_rate': 3.943127321636851e-05, 'entropy': 0.16268818452954292, 'num_tokens': 1369702400.0, 'mean_token_accuracy': 0.9573782861232758, 'epoch': 2.15}
{'loss': 0.159, 'grad_norm': 0.16797687113285065, 'learning_rate': 3.9343032300913395e-05, 'entropy': 0.16283251270651816, 'num_tokens': 1370357760.0, 'mean_token_accuracy': 0.9575663357973099, 'epoch': 2.15}
{'loss': 0.1582, 'grad_norm': 0.18706639111042023, 'learning_rate': 3.92548660451023e-05, 'entropy': 0.16187285184860228, 'num_tokens': 1371013120.0, 'mean_token_accuracy': 0.9575892686843872, 'epoch': 2.15}
{'loss': 0.1576, 'grad_norm': 0.17593465745449066, 'learning_rate': 3.916677455745469e-05, 'entropy': 0.16116944923996926, 'num_tokens': 1371668480.0, 'mean_token_accuracy': 0.9577176928520202, 'epoch': 2.15}
{'loss': 0.1579, 'grad_norm': 0.17958880960941315, 'learning_rate': 3.9078757946398e-05, 'entropy': 0.16163896694779395, 'num_tokens': 1372323840.0, 'mean_token_accuracy': 0.957757443189621, 'epoch': 2.15}
{'loss': 0.1574, 'grad_norm': 0.17880959808826447, 'learning_rate': 3.899081632026751e-05, 'entropy': 0.1614762179553509, 'num_tokens': 1372979200.0, 'mean_token_accuracy': 0.9580005317926407, 'epoch': 2.15}
{'loss': 0.1589, 'grad_norm': 0.1657058447599411, 'learning_rate': 3.8902949787306185e-05, 'entropy': 0.16235552355647087, 'num_tokens': 1373634560.0, 'mean_token_accuracy': 0.957347708940506, 'epoch': 2.15}
{'loss': 0.1581, 'grad_norm': 0.17279210686683655, 'learning_rate': 3.881515845566456e-05, 'entropy': 0.16199557855725288, 'num_tokens': 1374289920.0, 'mean_token_accuracy': 0.9577314525842666, 'epoch': 2.15}
{'loss': 0.1574, 'grad_norm': 0.2124907523393631, 'learning_rate': 3.872744243340065e-05, 'entropy': 0.16094660460948945, 'num_tokens': 1374945280.0, 'mean_token_accuracy': 0.9578017801046371, 'epoch': 2.16}
{'loss': 0.1581, 'grad_norm': 0.1737617552280426, 'learning_rate': 3.863980182847969e-05, 'entropy': 0.16154990643262862, 'num_tokens': 1375600640.0, 'mean_token_accuracy': 0.9576840579509736, 'epoch': 2.16}
{'loss': 0.1585, 'grad_norm': 0.17804992198944092, 'learning_rate': 3.855223674877416e-05, 'entropy': 0.1624758444726467, 'num_tokens': 1376256000.0, 'mean_token_accuracy': 0.9577727317810059, 'epoch': 2.16}
{'eval_loss': 0.15676343441009521, 'eval_runtime': 78.216, 'eval_samples_per_second': 63.926, 'eval_steps_per_second': 1.01, 'eval_entropy': 0.16067405026170273, 'eval_num_tokens': 1376256000.0, 'eval_mean_token_accuracy': 0.9580444429494157, 'epoch': 2.16}
{'loss': 0.158, 'grad_norm': 0.1830427199602127, 'learning_rate': 3.846474730206358e-05, 'entropy': 0.16138440743088722, 'num_tokens': 1376911360.0, 'mean_token_accuracy': 0.9579057425260544, 'epoch': 2.16}
{'loss': 0.1585, 'grad_norm': 0.18768668174743652, 'learning_rate': 3.837733359603434e-05, 'entropy': 0.16223535537719727, 'num_tokens': 1377566720.0, 'mean_token_accuracy': 0.9575831532478333, 'epoch': 2.16}
{'loss': 0.1584, 'grad_norm': 0.1936875581741333, 'learning_rate': 3.828999573827963e-05, 'entropy': 0.16185158118605614, 'num_tokens': 1378222080.0, 'mean_token_accuracy': 0.957679471373558, 'epoch': 2.16}
{'loss': 0.1591, 'grad_norm': 0.1824423372745514, 'learning_rate': 3.820273383629927e-05, 'entropy': 0.16270001158118247, 'num_tokens': 1378877440.0, 'mean_token_accuracy': 0.9574363827705383, 'epoch': 2.16}
{'loss': 0.1592, 'grad_norm': 0.17118000984191895, 'learning_rate': 3.811554799749962e-05, 'entropy': 0.16319939494132996, 'num_tokens': 1379532800.0, 'mean_token_accuracy': 0.9574088633060456, 'epoch': 2.16}
{'loss': 0.1583, 'grad_norm': 0.19482886791229248, 'learning_rate': 3.802843832919332e-05, 'entropy': 0.1619017906486988, 'num_tokens': 1380188160.0, 'mean_token_accuracy': 0.9577115774154663, 'epoch': 2.16}
{'loss': 0.1576, 'grad_norm': 0.16387030482292175, 'learning_rate': 3.79414049385994e-05, 'entropy': 0.16128410026431084, 'num_tokens': 1380843520.0, 'mean_token_accuracy': 0.9578338861465454, 'epoch': 2.17}
{'loss': 0.1586, 'grad_norm': 0.17002996802330017, 'learning_rate': 3.78544479328429e-05, 'entropy': 0.16251644864678383, 'num_tokens': 1381498880.0, 'mean_token_accuracy': 0.9576351344585419, 'epoch': 2.17}
{'loss': 0.1562, 'grad_norm': 0.17239683866500854, 'learning_rate': 3.7767567418954887e-05, 'entropy': 0.16009915694594384, 'num_tokens': 1382154240.0, 'mean_token_accuracy': 0.9580372244119644, 'epoch': 2.17}
{'loss': 0.1585, 'grad_norm': 0.20094947516918182, 'learning_rate': 3.768076350387225e-05, 'entropy': 0.16201844364404677, 'num_tokens': 1382809600.0, 'mean_token_accuracy': 0.9576030284166336, 'epoch': 2.17}
{'loss': 0.1581, 'grad_norm': 0.23074118793010712, 'learning_rate': 3.7594036294437615e-05, 'entropy': 0.16141523718833922, 'num_tokens': 1383464960.0, 'mean_token_accuracy': 0.9576993465423584, 'epoch': 2.17}
{'loss': 0.1587, 'grad_norm': 0.1946602761745453, 'learning_rate': 3.7507385897399225e-05, 'entropy': 0.16224613338708876, 'num_tokens': 1384120320.0, 'mean_token_accuracy': 0.9574715465307235, 'epoch': 2.17}
{'loss': 0.1582, 'grad_norm': 0.17136305570602417, 'learning_rate': 3.742081241941068e-05, 'entropy': 0.16204779371619224, 'num_tokens': 1384775680.0, 'mean_token_accuracy': 0.9576336055994034, 'epoch': 2.17}
{'loss': 0.1577, 'grad_norm': 0.18793143332004547, 'learning_rate': 3.733431596703099e-05, 'entropy': 0.16141229048371314, 'num_tokens': 1385431040.0, 'mean_token_accuracy': 0.9578507035970688, 'epoch': 2.17}
{'loss': 0.1589, 'grad_norm': 0.16909630596637726, 'learning_rate': 3.7247896646724335e-05, 'entropy': 0.1624772444367409, 'num_tokens': 1386086400.0, 'mean_token_accuracy': 0.9574746042490005, 'epoch': 2.17}
{'loss': 0.158, 'grad_norm': 0.1803939789533615, 'learning_rate': 3.716155456485997e-05, 'entropy': 0.16179851517081262, 'num_tokens': 1386741760.0, 'mean_token_accuracy': 0.9576534807682038, 'epoch': 2.17}
{'loss': 0.1592, 'grad_norm': 0.18093332648277283, 'learning_rate': 3.7075289827712055e-05, 'entropy': 0.16225585266947745, 'num_tokens': 1387397120.0, 'mean_token_accuracy': 0.9575693935155869, 'epoch': 2.18}
{'loss': 0.1583, 'grad_norm': 0.17780478298664093, 'learning_rate': 3.698910254145961e-05, 'entropy': 0.16249432265758515, 'num_tokens': 1388052480.0, 'mean_token_accuracy': 0.957691702246666, 'epoch': 2.18}
{'loss': 0.159, 'grad_norm': 0.16723152995109558, 'learning_rate': 3.690299281218619e-05, 'entropy': 0.1625939689576626, 'num_tokens': 1388707840.0, 'mean_token_accuracy': 0.9576183170080185, 'epoch': 2.18}
{'loss': 0.1581, 'grad_norm': 0.1719277799129486, 'learning_rate': 3.681696074588e-05, 'entropy': 0.1618361085653305, 'num_tokens': 1389363200.0, 'mean_token_accuracy': 0.9575632780790329, 'epoch': 2.18}
{'loss': 0.1579, 'grad_norm': 0.17437244951725006, 'learning_rate': 3.673100644843369e-05, 'entropy': 0.16150083094835282, 'num_tokens': 1390018560.0, 'mean_token_accuracy': 0.9577115774154663, 'epoch': 2.18}
{'loss': 0.158, 'grad_norm': 0.1963030844926834, 'learning_rate': 3.664513002564409e-05, 'entropy': 0.16235430166125298, 'num_tokens': 1390673920.0, 'mean_token_accuracy': 0.957691702246666, 'epoch': 2.18}
{'loss': 0.1577, 'grad_norm': 0.1972503513097763, 'learning_rate': 3.655933158321223e-05, 'entropy': 0.16096404790878296, 'num_tokens': 1391329280.0, 'mean_token_accuracy': 0.9578491747379303, 'epoch': 2.18}
{'loss': 0.158, 'grad_norm': 0.1842641681432724, 'learning_rate': 3.647361122674312e-05, 'entropy': 0.16112152934074403, 'num_tokens': 1391984640.0, 'mean_token_accuracy': 0.9578094244003296, 'epoch': 2.18}
{'loss': 0.159, 'grad_norm': 0.17483305931091309, 'learning_rate': 3.638796906174574e-05, 'entropy': 0.1629011772572994, 'num_tokens': 1392640000.0, 'mean_token_accuracy': 0.9573736995458603, 'epoch': 2.18}
{'loss': 0.157, 'grad_norm': 0.16347523033618927, 'learning_rate': 3.6302405193632694e-05, 'entropy': 0.1613340988755226, 'num_tokens': 1393295360.0, 'mean_token_accuracy': 0.957963839173317, 'epoch': 2.18}
{'loss': 0.1566, 'grad_norm': 0.176885187625885, 'learning_rate': 3.621691972772032e-05, 'entropy': 0.1606563463807106, 'num_tokens': 1393950720.0, 'mean_token_accuracy': 0.9579684257507324, 'epoch': 2.19}
{'loss': 0.1578, 'grad_norm': 0.17414763569831848, 'learning_rate': 3.6131512769228435e-05, 'entropy': 0.16105414554476738, 'num_tokens': 1394606080.0, 'mean_token_accuracy': 0.9579271465539932, 'epoch': 2.19}
{'loss': 0.1582, 'grad_norm': 0.1741662174463272, 'learning_rate': 3.6046184423280216e-05, 'entropy': 0.16244500130414963, 'num_tokens': 1395261440.0, 'mean_token_accuracy': 0.957754385471344, 'epoch': 2.19}
{'loss': 0.1594, 'grad_norm': 0.17861494421958923, 'learning_rate': 3.596093479490207e-05, 'entropy': 0.16283370330929756, 'num_tokens': 1395916800.0, 'mean_token_accuracy': 0.9574317961931229, 'epoch': 2.19}
{'loss': 0.1584, 'grad_norm': 0.19561593234539032, 'learning_rate': 3.5875763989023525e-05, 'entropy': 0.16185856610536575, 'num_tokens': 1396572160.0, 'mean_token_accuracy': 0.9572620928287506, 'epoch': 2.19}
{'loss': 0.1576, 'grad_norm': 0.1716628223657608, 'learning_rate': 3.579067211047712e-05, 'entropy': 0.16141122356057166, 'num_tokens': 1397227520.0, 'mean_token_accuracy': 0.9577329814434051, 'epoch': 2.19}
{'loss': 0.1577, 'grad_norm': 0.1716815084218979, 'learning_rate': 3.570565926399816e-05, 'entropy': 0.16159382238984107, 'num_tokens': 1397882880.0, 'mean_token_accuracy': 0.9579057425260544, 'epoch': 2.19}
{'loss': 0.1583, 'grad_norm': 0.18874409794807434, 'learning_rate': 3.562072555422472e-05, 'entropy': 0.1615668535232544, 'num_tokens': 1398538240.0, 'mean_token_accuracy': 0.9577314525842666, 'epoch': 2.19}
{'loss': 0.158, 'grad_norm': 0.16702662408351898, 'learning_rate': 3.5535871085697536e-05, 'entropy': 0.16194083914160728, 'num_tokens': 1399193600.0, 'mean_token_accuracy': 0.9577773183584213, 'epoch': 2.19}
{'loss': 0.158, 'grad_norm': 0.1870431900024414, 'learning_rate': 3.5451095962859746e-05, 'entropy': 0.1616276130080223, 'num_tokens': 1399848960.0, 'mean_token_accuracy': 0.9578751653432847, 'epoch': 2.2}
{'loss': 0.1559, 'grad_norm': 0.16717177629470825, 'learning_rate': 3.53664002900568e-05, 'entropy': 0.15970697849988938, 'num_tokens': 1400504320.0, 'mean_token_accuracy': 0.9581977546215057, 'epoch': 2.2}
{'loss': 0.1565, 'grad_norm': 0.16656075417995453, 'learning_rate': 3.5281784171536445e-05, 'entropy': 0.1612505741417408, 'num_tokens': 1401159680.0, 'mean_token_accuracy': 0.9580097049474716, 'epoch': 2.2}
{'loss': 0.1573, 'grad_norm': 0.18606872856616974, 'learning_rate': 3.519724771144838e-05, 'entropy': 0.16062616556882858, 'num_tokens': 1401815040.0, 'mean_token_accuracy': 0.9578797519207001, 'epoch': 2.2}
{'loss': 0.1576, 'grad_norm': 0.19565130770206451, 'learning_rate': 3.511279101384435e-05, 'entropy': 0.16114143133163453, 'num_tokens': 1402470400.0, 'mean_token_accuracy': 0.9578522324562073, 'epoch': 2.2}
{'loss': 0.1578, 'grad_norm': 0.18956732749938965, 'learning_rate': 3.502841418267792e-05, 'entropy': 0.16165350526571273, 'num_tokens': 1403125760.0, 'mean_token_accuracy': 0.957820126414299, 'epoch': 2.2}
{'loss': 0.1586, 'grad_norm': 0.17814478278160095, 'learning_rate': 3.494411732180431e-05, 'entropy': 0.16222057417035102, 'num_tokens': 1403781120.0, 'mean_token_accuracy': 0.9576443076133728, 'epoch': 2.2}
{'loss': 0.1569, 'grad_norm': 0.17907731235027313, 'learning_rate': 3.485990053498036e-05, 'entropy': 0.16109408736228942, 'num_tokens': 1404436480.0, 'mean_token_accuracy': 0.9578675210475922, 'epoch': 2.2}
{'loss': 0.1577, 'grad_norm': 0.17643004655838013, 'learning_rate': 3.4775763925864303e-05, 'entropy': 0.16131094470620155, 'num_tokens': 1405091840.0, 'mean_token_accuracy': 0.9577039331197739, 'epoch': 2.2}
{'loss': 0.1572, 'grad_norm': 0.17490915954113007, 'learning_rate': 3.4691707598015755e-05, 'entropy': 0.16125653088092803, 'num_tokens': 1405747200.0, 'mean_token_accuracy': 0.9579271465539932, 'epoch': 2.2}
{'loss': 0.1566, 'grad_norm': 0.1633719801902771, 'learning_rate': 3.460773165489539e-05, 'entropy': 0.1603218674659729, 'num_tokens': 1406402560.0, 'mean_token_accuracy': 0.9579133868217469, 'epoch': 2.21}
{'loss': 0.1569, 'grad_norm': 0.1695002168416977, 'learning_rate': 3.4523836199865056e-05, 'entropy': 0.16069966703653335, 'num_tokens': 1407057920.0, 'mean_token_accuracy': 0.9579317331314087, 'epoch': 2.21}
{'loss': 0.1591, 'grad_norm': 0.1859949380159378, 'learning_rate': 3.444002133618746e-05, 'entropy': 0.16269526556134223, 'num_tokens': 1407713280.0, 'mean_token_accuracy': 0.957551047205925, 'epoch': 2.21}
{'loss': 0.1572, 'grad_norm': 0.16937056183815002, 'learning_rate': 3.4356287167026216e-05, 'entropy': 0.1608639769256115, 'num_tokens': 1408368640.0, 'mean_token_accuracy': 0.9579867720603943, 'epoch': 2.21}
{'loss': 0.1565, 'grad_norm': 0.16997022926807404, 'learning_rate': 3.427263379544551e-05, 'entropy': 0.1604848563671112, 'num_tokens': 1409024000.0, 'mean_token_accuracy': 0.9580158203840256, 'epoch': 2.21}
{'loss': 0.1583, 'grad_norm': 0.1829531192779541, 'learning_rate': 3.418906132441016e-05, 'entropy': 0.16201076060533523, 'num_tokens': 1409679360.0, 'mean_token_accuracy': 0.9577421545982361, 'epoch': 2.21}
{'loss': 0.1586, 'grad_norm': 0.1707773059606552, 'learning_rate': 3.410556985678527e-05, 'entropy': 0.1625165268778801, 'num_tokens': 1410334720.0, 'mean_token_accuracy': 0.9577452123165131, 'epoch': 2.21}
{'loss': 0.158, 'grad_norm': 0.18442459404468536, 'learning_rate': 3.4022159495336406e-05, 'entropy': 0.1617180325090885, 'num_tokens': 1410990080.0, 'mean_token_accuracy': 0.9578965693712235, 'epoch': 2.21}
{'loss': 0.1577, 'grad_norm': 0.19049380719661713, 'learning_rate': 3.393883034272921e-05, 'entropy': 0.1612403027713299, 'num_tokens': 1411645440.0, 'mean_token_accuracy': 0.9576595991849899, 'epoch': 2.21}
{'loss': 0.1573, 'grad_norm': 0.18115247786045074, 'learning_rate': 3.385558250152939e-05, 'entropy': 0.16105502396821975, 'num_tokens': 1412300800.0, 'mean_token_accuracy': 0.9577589720487595, 'epoch': 2.21}
{'loss': 0.1582, 'grad_norm': 0.17937764525413513, 'learning_rate': 3.377241607420257e-05, 'entropy': 0.16194094121456146, 'num_tokens': 1412956160.0, 'mean_token_accuracy': 0.9575648069381714, 'epoch': 2.22}
{'loss': 0.1569, 'grad_norm': 0.18393315374851227, 'learning_rate': 3.368933116311419e-05, 'entropy': 0.16100646704435348, 'num_tokens': 1413611520.0, 'mean_token_accuracy': 0.9579714834690094, 'epoch': 2.22}
{'loss': 0.1578, 'grad_norm': 0.17964154481887817, 'learning_rate': 3.360632787052934e-05, 'entropy': 0.16128593906760216, 'num_tokens': 1414266880.0, 'mean_token_accuracy': 0.957682529091835, 'epoch': 2.22}
{'loss': 0.1574, 'grad_norm': 0.18134815990924835, 'learning_rate': 3.352340629861259e-05, 'entropy': 0.16126633957028388, 'num_tokens': 1414922240.0, 'mean_token_accuracy': 0.9578644633293152, 'epoch': 2.22}
{'loss': 0.1583, 'grad_norm': 0.18735536932945251, 'learning_rate': 3.344056654942801e-05, 'entropy': 0.16182824224233627, 'num_tokens': 1415577600.0, 'mean_token_accuracy': 0.9578552901744842, 'epoch': 2.22}
{'loss': 0.1567, 'grad_norm': 0.17694717645645142, 'learning_rate': 3.335780872493893e-05, 'entropy': 0.16095433607697487, 'num_tokens': 1416232960.0, 'mean_token_accuracy': 0.958101436495781, 'epoch': 2.22}
{'loss': 0.156, 'grad_norm': 0.17544910311698914, 'learning_rate': 3.32751329270078e-05, 'entropy': 0.15964686274528503, 'num_tokens': 1416888320.0, 'mean_token_accuracy': 0.9581824660301208, 'epoch': 2.22}
{'loss': 0.1596, 'grad_norm': 0.17608939111232758, 'learning_rate': 3.3192539257396214e-05, 'entropy': 0.16284284517168998, 'num_tokens': 1417543680.0, 'mean_token_accuracy': 0.9575097680091857, 'epoch': 2.22}
{'loss': 0.1571, 'grad_norm': 0.1691381335258484, 'learning_rate': 3.311002781776458e-05, 'entropy': 0.16090188249945642, 'num_tokens': 1418199040.0, 'mean_token_accuracy': 0.9580846190452575, 'epoch': 2.22}
{'loss': 0.1566, 'grad_norm': 0.1683323234319687, 'learning_rate': 3.3027598709672145e-05, 'entropy': 0.16098726987838746, 'num_tokens': 1418854400.0, 'mean_token_accuracy': 0.958154946565628, 'epoch': 2.22}
{'loss': 0.1571, 'grad_norm': 0.1731133908033371, 'learning_rate': 3.294525203457676e-05, 'entropy': 0.16079640462994577, 'num_tokens': 1419509760.0, 'mean_token_accuracy': 0.9580387532711029, 'epoch': 2.23}
{'loss': 0.1573, 'grad_norm': 0.17330847680568695, 'learning_rate': 3.286298789383485e-05, 'entropy': 0.16101014763116836, 'num_tokens': 1420165120.0, 'mean_token_accuracy': 0.9579990029335022, 'epoch': 2.23}
{'loss': 0.1573, 'grad_norm': 0.17097419500350952, 'learning_rate': 3.278080638870128e-05, 'entropy': 0.16174381226301193, 'num_tokens': 1420820480.0, 'mean_token_accuracy': 0.9579042136669159, 'epoch': 2.23}
{'loss': 0.1572, 'grad_norm': 0.1778104156255722, 'learning_rate': 3.269870762032916e-05, 'entropy': 0.1605870731174946, 'num_tokens': 1421475840.0, 'mean_token_accuracy': 0.9578782230615616, 'epoch': 2.23}
{'loss': 0.1572, 'grad_norm': 0.17484226822853088, 'learning_rate': 3.26166916897698e-05, 'entropy': 0.16078435480594636, 'num_tokens': 1422131200.0, 'mean_token_accuracy': 0.9580616861581802, 'epoch': 2.23}
{'loss': 0.1572, 'grad_norm': 0.16826748847961426, 'learning_rate': 3.2534758697972534e-05, 'entropy': 0.16108474060893058, 'num_tokens': 1422786560.0, 'mean_token_accuracy': 0.9579791277647018, 'epoch': 2.23}
{'loss': 0.1567, 'grad_norm': 0.1712772697210312, 'learning_rate': 3.245290874578456e-05, 'entropy': 0.16070983707904815, 'num_tokens': 1423441920.0, 'mean_token_accuracy': 0.9579699546098709, 'epoch': 2.23}
{'loss': 0.1568, 'grad_norm': 0.1807851642370224, 'learning_rate': 3.237114193395093e-05, 'entropy': 0.16029041036963462, 'num_tokens': 1424097280.0, 'mean_token_accuracy': 0.95809226334095, 'epoch': 2.23}
{'loss': 0.1571, 'grad_norm': 0.18657466769218445, 'learning_rate': 3.2289458363114366e-05, 'entropy': 0.16063739135861396, 'num_tokens': 1424752640.0, 'mean_token_accuracy': 0.9579928874969482, 'epoch': 2.23}
{'loss': 0.1562, 'grad_norm': 0.18281905353069305, 'learning_rate': 3.22078581338151e-05, 'entropy': 0.15983448326587676, 'num_tokens': 1425408000.0, 'mean_token_accuracy': 0.958161062002182, 'epoch': 2.24}
{'loss': 0.1565, 'grad_norm': 0.1803610622882843, 'learning_rate': 3.212634134649075e-05, 'entropy': 0.160508843511343, 'num_tokens': 1426063360.0, 'mean_token_accuracy': 0.9579561948776245, 'epoch': 2.24}
{'loss': 0.1591, 'grad_norm': 0.17597830295562744, 'learning_rate': 3.2044908101476354e-05, 'entropy': 0.16255868524312972, 'num_tokens': 1426718720.0, 'mean_token_accuracy': 0.9575204700231552, 'epoch': 2.24}
{'loss': 0.1577, 'grad_norm': 0.16379185020923615, 'learning_rate': 3.1963558499004055e-05, 'entropy': 0.16145350635051728, 'num_tokens': 1427374080.0, 'mean_token_accuracy': 0.957876694202423, 'epoch': 2.24}
{'loss': 0.1569, 'grad_norm': 0.1745840162038803, 'learning_rate': 3.188229263920294e-05, 'entropy': 0.16080612316727638, 'num_tokens': 1428029440.0, 'mean_token_accuracy': 0.9580616861581802, 'epoch': 2.24}
{'loss': 0.156, 'grad_norm': 0.1728370040655136, 'learning_rate': 3.1801110622099164e-05, 'entropy': 0.1600277028977871, 'num_tokens': 1428684800.0, 'mean_token_accuracy': 0.9581366002559661, 'epoch': 2.24}
{'loss': 0.1573, 'grad_norm': 0.17862874269485474, 'learning_rate': 3.172001254761562e-05, 'entropy': 0.1609887808561325, 'num_tokens': 1429340160.0, 'mean_token_accuracy': 0.9579256176948547, 'epoch': 2.24}
{'loss': 0.1578, 'grad_norm': 0.1880520135164261, 'learning_rate': 3.163899851557189e-05, 'entropy': 0.16135317832231522, 'num_tokens': 1429995520.0, 'mean_token_accuracy': 0.9577926069498062, 'epoch': 2.24}
{'loss': 0.1587, 'grad_norm': 0.17577891051769257, 'learning_rate': 3.155806862568415e-05, 'entropy': 0.1626133568584919, 'num_tokens': 1430650880.0, 'mean_token_accuracy': 0.9575005948543549, 'epoch': 2.24}
{'loss': 0.1564, 'grad_norm': 0.17295871675014496, 'learning_rate': 3.147722297756492e-05, 'entropy': 0.16112209632992744, 'num_tokens': 1431306240.0, 'mean_token_accuracy': 0.9583277076482772, 'epoch': 2.24}
{'loss': 0.1573, 'grad_norm': 0.18260009586811066, 'learning_rate': 3.139646167072318e-05, 'entropy': 0.1606984779238701, 'num_tokens': 1431961600.0, 'mean_token_accuracy': 0.957826241850853, 'epoch': 2.25}
{'loss': 0.1561, 'grad_norm': 0.174407497048378, 'learning_rate': 3.13157848045639e-05, 'entropy': 0.15958014354109765, 'num_tokens': 1432616960.0, 'mean_token_accuracy': 0.9582558512687683, 'epoch': 2.25}
{'loss': 0.1569, 'grad_norm': 0.177448108792305, 'learning_rate': 3.123519247838825e-05, 'entropy': 0.16031659841537477, 'num_tokens': 1433272320.0, 'mean_token_accuracy': 0.9580678015947341, 'epoch': 2.25}
{'loss': 0.1572, 'grad_norm': 0.1832754909992218, 'learning_rate': 3.115468479139334e-05, 'entropy': 0.16089828982949256, 'num_tokens': 1433927680.0, 'mean_token_accuracy': 0.9579928874969482, 'epoch': 2.25}
{'loss': 0.1576, 'grad_norm': 0.17095313966274261, 'learning_rate': 3.107426184267207e-05, 'entropy': 0.16196222975850105, 'num_tokens': 1434583040.0, 'mean_token_accuracy': 0.9578491747379303, 'epoch': 2.25}
{'loss': 0.158, 'grad_norm': 0.1640906184911728, 'learning_rate': 3.0993923731213e-05, 'entropy': 0.16148183718323708, 'num_tokens': 1435238400.0, 'mean_token_accuracy': 0.9577666163444519, 'epoch': 2.25}
{'loss': 0.1564, 'grad_norm': 0.17685192823410034, 'learning_rate': 3.091367055590043e-05, 'entropy': 0.16058867275714875, 'num_tokens': 1435893760.0, 'mean_token_accuracy': 0.9580907344818115, 'epoch': 2.25}
{'loss': 0.1569, 'grad_norm': 0.16519753634929657, 'learning_rate': 3.083350241551389e-05, 'entropy': 0.16096989214420318, 'num_tokens': 1436549120.0, 'mean_token_accuracy': 0.9579088002443313, 'epoch': 2.25}
{'loss': 0.1575, 'grad_norm': 0.1883511245250702, 'learning_rate': 3.07534194087284e-05, 'entropy': 0.16141777560114862, 'num_tokens': 1437204480.0, 'mean_token_accuracy': 0.9579286754131318, 'epoch': 2.25}
{'loss': 0.1566, 'grad_norm': 0.17195148766040802, 'learning_rate': 3.067342163411414e-05, 'entropy': 0.16078697964549066, 'num_tokens': 1437859840.0, 'mean_token_accuracy': 0.9582650244235993, 'epoch': 2.25}
{'loss': 0.156, 'grad_norm': 0.17084045708179474, 'learning_rate': 3.05935091901364e-05, 'entropy': 0.1594886526465416, 'num_tokens': 1438515200.0, 'mean_token_accuracy': 0.9580800324678421, 'epoch': 2.26}
{'loss': 0.1563, 'grad_norm': 0.17185494303703308, 'learning_rate': 3.0513682175155422e-05, 'entropy': 0.16013967320322992, 'num_tokens': 1439170560.0, 'mean_token_accuracy': 0.9581534177064895, 'epoch': 2.26}
{'loss': 0.1559, 'grad_norm': 0.1753813475370407, 'learning_rate': 3.043394068742631e-05, 'entropy': 0.16029655411839486, 'num_tokens': 1439825920.0, 'mean_token_accuracy': 0.958298659324646, 'epoch': 2.26}
{'loss': 0.1575, 'grad_norm': 0.16205386817455292, 'learning_rate': 3.0354284825098932e-05, 'entropy': 0.16101412624120712, 'num_tokens': 1440481280.0, 'mean_token_accuracy': 0.957751327753067, 'epoch': 2.26}
{'loss': 0.1564, 'grad_norm': 0.18304745852947235, 'learning_rate': 3.0274714686217652e-05, 'entropy': 0.16024360954761505, 'num_tokens': 1441136640.0, 'mean_token_accuracy': 0.9581916391849518, 'epoch': 2.26}
{'loss': 0.1571, 'grad_norm': 0.18078862130641937, 'learning_rate': 3.019523036872144e-05, 'entropy': 0.16051768958568574, 'num_tokens': 1441792000.0, 'mean_token_accuracy': 0.9580081760883331, 'epoch': 2.26}
{'eval_loss': 0.15494993329048157, 'eval_runtime': 78.1687, 'eval_samples_per_second': 63.964, 'eval_steps_per_second': 1.011, 'eval_entropy': 0.15934084733075735, 'eval_num_tokens': 1441792000.0, 'eval_mean_token_accuracy': 0.9586327634280241, 'epoch': 2.26}
{'loss': 0.1567, 'grad_norm': 0.1724541336297989, 'learning_rate': 3.0115831970443586e-05, 'entropy': 0.16047271117568015, 'num_tokens': 1442447360.0, 'mean_token_accuracy': 0.958101436495781, 'epoch': 2.26}
{'loss': 0.1566, 'grad_norm': 0.18052539229393005, 'learning_rate': 3.0036519589111623e-05, 'entropy': 0.1606920540332794, 'num_tokens': 1443102720.0, 'mean_token_accuracy': 0.958104494214058, 'epoch': 2.26}
{'loss': 0.1571, 'grad_norm': 0.19150766730308533, 'learning_rate': 2.9957293322347214e-05, 'entropy': 0.16122446805238724, 'num_tokens': 1443758080.0, 'mean_token_accuracy': 0.9578185975551605, 'epoch': 2.26}
{'loss': 0.1574, 'grad_norm': 0.1805807650089264, 'learning_rate': 2.9878153267666e-05, 'entropy': 0.16126025095582008, 'num_tokens': 1444413440.0, 'mean_token_accuracy': 0.9577314525842666, 'epoch': 2.26}
{'loss': 0.1556, 'grad_norm': 0.17738057672977448, 'learning_rate': 2.9799099522477635e-05, 'entropy': 0.16002418473362923, 'num_tokens': 1445068800.0, 'mean_token_accuracy': 0.9582910150289535, 'epoch': 2.27}
{'loss': 0.1551, 'grad_norm': 0.17568090558052063, 'learning_rate': 2.9720132184085346e-05, 'entropy': 0.1587536044418812, 'num_tokens': 1445724160.0, 'mean_token_accuracy': 0.9585631519556046, 'epoch': 2.27}
{'loss': 0.1562, 'grad_norm': 0.17819392681121826, 'learning_rate': 2.9641251349686127e-05, 'entropy': 0.16020117253065108, 'num_tokens': 1446379520.0, 'mean_token_accuracy': 0.9583078324794769, 'epoch': 2.27}
{'loss': 0.1576, 'grad_norm': 0.171407088637352, 'learning_rate': 2.956245711637049e-05, 'entropy': 0.1609317898750305, 'num_tokens': 1447034880.0, 'mean_token_accuracy': 0.9577176928520202, 'epoch': 2.27}
{'loss': 0.1579, 'grad_norm': 0.18254290521144867, 'learning_rate': 2.9483749581122323e-05, 'entropy': 0.1614749550819397, 'num_tokens': 1447690240.0, 'mean_token_accuracy': 0.9581274271011353, 'epoch': 2.27}
{'loss': 0.1566, 'grad_norm': 0.1770981103181839, 'learning_rate': 2.9405128840818806e-05, 'entropy': 0.1610864818096161, 'num_tokens': 1448345600.0, 'mean_token_accuracy': 0.9582436203956604, 'epoch': 2.27}
{'loss': 0.156, 'grad_norm': 0.18187744915485382, 'learning_rate': 2.932659499223035e-05, 'entropy': 0.15967853292822837, 'num_tokens': 1449000960.0, 'mean_token_accuracy': 0.9583063036203384, 'epoch': 2.27}
{'loss': 0.156, 'grad_norm': 0.18153339624404907, 'learning_rate': 2.924814813202028e-05, 'entropy': 0.16006310582160949, 'num_tokens': 1449656320.0, 'mean_token_accuracy': 0.9580754458904266, 'epoch': 2.27}
{'loss': 0.1576, 'grad_norm': 0.19592057168483734, 'learning_rate': 2.916978835674499e-05, 'entropy': 0.1611882910132408, 'num_tokens': 1450311680.0, 'mean_token_accuracy': 0.9578155398368835, 'epoch': 2.27}
{'loss': 0.1577, 'grad_norm': 0.17785437405109406, 'learning_rate': 2.9091515762853605e-05, 'entropy': 0.16159071773290634, 'num_tokens': 1450967040.0, 'mean_token_accuracy': 0.957945492863655, 'epoch': 2.28}
{'loss': 0.1583, 'grad_norm': 0.17811258137226105, 'learning_rate': 2.9013330446687982e-05, 'entropy': 0.16197683438658714, 'num_tokens': 1451622400.0, 'mean_token_accuracy': 0.9576702982187271, 'epoch': 2.28}
{'loss': 0.1552, 'grad_norm': 0.18492677807807922, 'learning_rate': 2.8935232504482525e-05, 'entropy': 0.1596684128046036, 'num_tokens': 1452277760.0, 'mean_token_accuracy': 0.9583429962396621, 'epoch': 2.28}
{'loss': 0.1565, 'grad_norm': 0.19505508244037628, 'learning_rate': 2.8857222032364105e-05, 'entropy': 0.160713392496109, 'num_tokens': 1452933120.0, 'mean_token_accuracy': 0.9583506435155869, 'epoch': 2.28}
{'loss': 0.1564, 'grad_norm': 0.1694721281528473, 'learning_rate': 2.8779299126351954e-05, 'entropy': 0.15990667119622232, 'num_tokens': 1453588480.0, 'mean_token_accuracy': 0.958292543888092, 'epoch': 2.28}
{'loss': 0.1576, 'grad_norm': 0.18263188004493713, 'learning_rate': 2.8701463882357482e-05, 'entropy': 0.1615881122648716, 'num_tokens': 1454243840.0, 'mean_token_accuracy': 0.9579225599765777, 'epoch': 2.28}
{'loss': 0.1574, 'grad_norm': 0.1932990998029709, 'learning_rate': 2.862371639618422e-05, 'entropy': 0.1614108167588711, 'num_tokens': 1454899200.0, 'mean_token_accuracy': 0.9577788472175598, 'epoch': 2.28}
{'loss': 0.1561, 'grad_norm': 0.17464232444763184, 'learning_rate': 2.8546056763527673e-05, 'entropy': 0.15983294397592546, 'num_tokens': 1455554560.0, 'mean_token_accuracy': 0.9581106096506119, 'epoch': 2.28}
{'loss': 0.156, 'grad_norm': 0.17740096151828766, 'learning_rate': 2.8468485079975237e-05, 'entropy': 0.1604199782013893, 'num_tokens': 1456209920.0, 'mean_token_accuracy': 0.9581885814666748, 'epoch': 2.28}
{'loss': 0.1571, 'grad_norm': 0.1725192368030548, 'learning_rate': 2.8391001441006036e-05, 'entropy': 0.16098924428224565, 'num_tokens': 1456865280.0, 'mean_token_accuracy': 0.957966896891594, 'epoch': 2.28}
{'loss': 0.1567, 'grad_norm': 0.17619448900222778, 'learning_rate': 2.8313605941990816e-05, 'entropy': 0.1601375438272953, 'num_tokens': 1457520640.0, 'mean_token_accuracy': 0.9581243693828583, 'epoch': 2.29}
{'loss': 0.1547, 'grad_norm': 0.17464059591293335, 'learning_rate': 2.8236298678191885e-05, 'entropy': 0.15880474969744682, 'num_tokens': 1458176000.0, 'mean_token_accuracy': 0.9584484875202179, 'epoch': 2.29}
{'loss': 0.1553, 'grad_norm': 0.18971779942512512, 'learning_rate': 2.8159079744762852e-05, 'entropy': 0.15982145667076111, 'num_tokens': 1458831360.0, 'mean_token_accuracy': 0.9583521693944931, 'epoch': 2.29}
{'loss': 0.1561, 'grad_norm': 0.18298344314098358, 'learning_rate': 2.8081949236748674e-05, 'entropy': 0.1597250297665596, 'num_tokens': 1459486720.0, 'mean_token_accuracy': 0.9582145720720291, 'epoch': 2.29}
{'loss': 0.1589, 'grad_norm': 0.1862322837114334, 'learning_rate': 2.8004907249085467e-05, 'entropy': 0.16177843660116195, 'num_tokens': 1460142080.0, 'mean_token_accuracy': 0.957619845867157, 'epoch': 2.29}
{'loss': 0.1562, 'grad_norm': 0.18883289396762848, 'learning_rate': 2.7927953876600376e-05, 'entropy': 0.16045803874731063, 'num_tokens': 1460797440.0, 'mean_token_accuracy': 0.9581992834806442, 'epoch': 2.29}
{'loss': 0.1559, 'grad_norm': 0.17510725557804108, 'learning_rate': 2.785108921401148e-05, 'entropy': 0.15968433544039726, 'num_tokens': 1461452800.0, 'mean_token_accuracy': 0.9582099854946137, 'epoch': 2.29}
{'loss': 0.1578, 'grad_norm': 0.18336202204227448, 'learning_rate': 2.7774313355927685e-05, 'entropy': 0.16167330667376517, 'num_tokens': 1462108160.0, 'mean_token_accuracy': 0.9579393774271011, 'epoch': 2.29}
{'loss': 0.1548, 'grad_norm': 0.18879903852939606, 'learning_rate': 2.7697626396848554e-05, 'entropy': 0.15913653373718262, 'num_tokens': 1462763520.0, 'mean_token_accuracy': 0.9583200633525848, 'epoch': 2.29}
{'loss': 0.1553, 'grad_norm': 0.1716029793024063, 'learning_rate': 2.7621028431164265e-05, 'entropy': 0.1589529037475586, 'num_tokens': 1463418880.0, 'mean_token_accuracy': 0.958439314365387, 'epoch': 2.29}
{'loss': 0.1563, 'grad_norm': 0.16169250011444092, 'learning_rate': 2.7544519553155434e-05, 'entropy': 0.1606332078576088, 'num_tokens': 1464074240.0, 'mean_token_accuracy': 0.9582099854946137, 'epoch': 2.3}
{'loss': 0.1563, 'grad_norm': 0.16821202635765076, 'learning_rate': 2.7468099856993024e-05, 'entropy': 0.15994008257985115, 'num_tokens': 1464729600.0, 'mean_token_accuracy': 0.9581717640161515, 'epoch': 2.3}
{'loss': 0.1568, 'grad_norm': 0.17306578159332275, 'learning_rate': 2.7391769436738258e-05, 'entropy': 0.16074863597750663, 'num_tokens': 1465384960.0, 'mean_token_accuracy': 0.9580678015947341, 'epoch': 2.3}
{'loss': 0.1549, 'grad_norm': 0.16920262575149536, 'learning_rate': 2.7315528386342447e-05, 'entropy': 0.15910193771123887, 'num_tokens': 1466040320.0, 'mean_token_accuracy': 0.9583567559719086, 'epoch': 2.3}
{'loss': 0.1563, 'grad_norm': 0.17972183227539062, 'learning_rate': 2.7239376799646932e-05, 'entropy': 0.16020516753196717, 'num_tokens': 1466695680.0, 'mean_token_accuracy': 0.958151888847351, 'epoch': 2.3}
{'loss': 0.1556, 'grad_norm': 0.1697372943162918, 'learning_rate': 2.7163314770382852e-05, 'entropy': 0.15912883058190347, 'num_tokens': 1467351040.0, 'mean_token_accuracy': 0.9582634955644608, 'epoch': 2.3}
{'loss': 0.1566, 'grad_norm': 0.1774764358997345, 'learning_rate': 2.70873423921712e-05, 'entropy': 0.16039961352944374, 'num_tokens': 1468006400.0, 'mean_token_accuracy': 0.9579837143421173, 'epoch': 2.3}
{'loss': 0.1565, 'grad_norm': 0.1791752725839615, 'learning_rate': 2.7011459758522617e-05, 'entropy': 0.16098979637026786, 'num_tokens': 1468661760.0, 'mean_token_accuracy': 0.9581855237483978, 'epoch': 2.3}
{'loss': 0.1571, 'grad_norm': 0.1776677966117859, 'learning_rate': 2.6935666962837236e-05, 'entropy': 0.16047858893871308, 'num_tokens': 1469317120.0, 'mean_token_accuracy': 0.9580372244119644, 'epoch': 2.3}
{'loss': 0.1557, 'grad_norm': 0.16893045604228973, 'learning_rate': 2.6859964098404668e-05, 'entropy': 0.159727693349123, 'num_tokens': 1469972480.0, 'mean_token_accuracy': 0.9584194391965866, 'epoch': 2.31}
{'loss': 0.1561, 'grad_norm': 0.17655113339424133, 'learning_rate': 2.6784351258403772e-05, 'entropy': 0.16022783741354943, 'num_tokens': 1470627840.0, 'mean_token_accuracy': 0.9581580042839051, 'epoch': 2.31}
{'loss': 0.1561, 'grad_norm': 0.17382210493087769, 'learning_rate': 2.6708828535902652e-05, 'entropy': 0.15951830744743348, 'num_tokens': 1471283200.0, 'mean_token_accuracy': 0.958032637834549, 'epoch': 2.31}
{'loss': 0.156, 'grad_norm': 0.18595048785209656, 'learning_rate': 2.663339602385847e-05, 'entropy': 0.16075647622346878, 'num_tokens': 1471938560.0, 'mean_token_accuracy': 0.9584148526191711, 'epoch': 2.31}
{'loss': 0.1562, 'grad_norm': 0.16926006972789764, 'learning_rate': 2.6558053815117336e-05, 'entropy': 0.16010646298527717, 'num_tokens': 1472593920.0, 'mean_token_accuracy': 0.9583506405353546, 'epoch': 2.31}
{'loss': 0.1565, 'grad_norm': 0.19461190700531006, 'learning_rate': 2.6482802002414243e-05, 'entropy': 0.15971184745430947, 'num_tokens': 1473249280.0, 'mean_token_accuracy': 0.9579439640045166, 'epoch': 2.31}
{'loss': 0.1573, 'grad_norm': 0.1697649359703064, 'learning_rate': 2.6407640678372892e-05, 'entropy': 0.16147713884711265, 'num_tokens': 1473904640.0, 'mean_token_accuracy': 0.9579684257507324, 'epoch': 2.31}
{'loss': 0.157, 'grad_norm': 0.17623336613178253, 'learning_rate': 2.6332569935505635e-05, 'entropy': 0.1606994427740574, 'num_tokens': 1474560000.0, 'mean_token_accuracy': 0.9582008123397827, 'epoch': 2.31}
{'loss': 0.1557, 'grad_norm': 0.17627599835395813, 'learning_rate': 2.6257589866213328e-05, 'entropy': 0.16004815176129342, 'num_tokens': 1475215360.0, 'mean_token_accuracy': 0.9584775358438492, 'epoch': 2.31}
{'loss': 0.1559, 'grad_norm': 0.1725160777568817, 'learning_rate': 2.6182700562785146e-05, 'entropy': 0.1595506489276886, 'num_tokens': 1475870720.0, 'mean_token_accuracy': 0.9584790676832199, 'epoch': 2.31}
{'loss': 0.1563, 'grad_norm': 0.1761079877614975, 'learning_rate': 2.610790211739865e-05, 'entropy': 0.15985625311732293, 'num_tokens': 1476526080.0, 'mean_token_accuracy': 0.9581931680440903, 'epoch': 2.32}
{'loss': 0.1558, 'grad_norm': 0.1676139235496521, 'learning_rate': 2.6033194622119527e-05, 'entropy': 0.159993539750576, 'num_tokens': 1477181440.0, 'mean_token_accuracy': 0.9582573801279068, 'epoch': 2.32}
{'loss': 0.1568, 'grad_norm': 0.17882531881332397, 'learning_rate': 2.5958578168901503e-05, 'entropy': 0.16078698113560677, 'num_tokens': 1477836800.0, 'mean_token_accuracy': 0.9581029653549195, 'epoch': 2.32}
{'loss': 0.1557, 'grad_norm': 0.1739943027496338, 'learning_rate': 2.588405284958627e-05, 'entropy': 0.1593473456799984, 'num_tokens': 1478492160.0, 'mean_token_accuracy': 0.9583812177181243, 'epoch': 2.32}
{'loss': 0.1581, 'grad_norm': 0.17150163650512695, 'learning_rate': 2.5809618755903332e-05, 'entropy': 0.16151875779032707, 'num_tokens': 1479147520.0, 'mean_token_accuracy': 0.9576397210359573, 'epoch': 2.32}
{'loss': 0.1553, 'grad_norm': 0.1746682971715927, 'learning_rate': 2.57352759794699e-05, 'entropy': 0.1595698282122612, 'num_tokens': 1479802880.0, 'mean_token_accuracy': 0.9585249304771424, 'epoch': 2.32}
{'loss': 0.1559, 'grad_norm': 0.19101186096668243, 'learning_rate': 2.566102461179082e-05, 'entropy': 0.15975772067904473, 'num_tokens': 1480458240.0, 'mean_token_accuracy': 0.958358284831047, 'epoch': 2.32}
{'loss': 0.1555, 'grad_norm': 0.17566873133182526, 'learning_rate': 2.5586864744258386e-05, 'entropy': 0.15928325578570365, 'num_tokens': 1481113600.0, 'mean_token_accuracy': 0.9581885814666748, 'epoch': 2.32}
{'loss': 0.1558, 'grad_norm': 0.1608668714761734, 'learning_rate': 2.551279646815231e-05, 'entropy': 0.1604759179055691, 'num_tokens': 1481768960.0, 'mean_token_accuracy': 0.9584897667169571, 'epoch': 2.32}
{'loss': 0.1563, 'grad_norm': 0.18206258118152618, 'learning_rate': 2.543881987463954e-05, 'entropy': 0.1597536824643612, 'num_tokens': 1482424320.0, 'mean_token_accuracy': 0.9582589089870452, 'epoch': 2.32}
{'loss': 0.156, 'grad_norm': 0.1754900962114334, 'learning_rate': 2.5364935054774186e-05, 'entropy': 0.16014106199145317, 'num_tokens': 1483079680.0, 'mean_token_accuracy': 0.9581763505935669, 'epoch': 2.33}
{'loss': 0.1552, 'grad_norm': 0.1687384843826294, 'learning_rate': 2.529114209949739e-05, 'entropy': 0.15884655863046646, 'num_tokens': 1483735040.0, 'mean_token_accuracy': 0.9585814982652664, 'epoch': 2.33}
{'loss': 0.1563, 'grad_norm': 0.18212030827999115, 'learning_rate': 2.5217441099637264e-05, 'entropy': 0.15991581305861474, 'num_tokens': 1484390400.0, 'mean_token_accuracy': 0.9579745411872864, 'epoch': 2.33}
{'loss': 0.156, 'grad_norm': 0.17486603558063507, 'learning_rate': 2.514383214590865e-05, 'entropy': 0.16055573523044586, 'num_tokens': 1485045760.0, 'mean_token_accuracy': 0.9583475828170777, 'epoch': 2.33}
{'loss': 0.1562, 'grad_norm': 0.18636810779571533, 'learning_rate': 2.5070315328913163e-05, 'entropy': 0.16012952625751495, 'num_tokens': 1485701120.0, 'mean_token_accuracy': 0.9583292365074157, 'epoch': 2.33}
{'loss': 0.1551, 'grad_norm': 0.190257728099823, 'learning_rate': 2.4996890739139002e-05, 'entropy': 0.15963090285658837, 'num_tokens': 1486356480.0, 'mean_token_accuracy': 0.9582848995923996, 'epoch': 2.33}
{'loss': 0.1558, 'grad_norm': 0.18961311876773834, 'learning_rate': 2.492355846696085e-05, 'entropy': 0.15995168164372445, 'num_tokens': 1487011840.0, 'mean_token_accuracy': 0.9583078324794769, 'epoch': 2.33}
{'loss': 0.1564, 'grad_norm': 0.16836592555046082, 'learning_rate': 2.4850318602639745e-05, 'entropy': 0.1600388415157795, 'num_tokens': 1487667200.0, 'mean_token_accuracy': 0.958026522397995, 'epoch': 2.33}
{'loss': 0.1549, 'grad_norm': 0.18965911865234375, 'learning_rate': 2.4777171236322993e-05, 'entropy': 0.1590334601700306, 'num_tokens': 1488322560.0, 'mean_token_accuracy': 0.9585172861814499, 'epoch': 2.33}
{'loss': 0.1556, 'grad_norm': 0.1902439296245575, 'learning_rate': 2.4704116458044047e-05, 'entropy': 0.15942759588360786, 'num_tokens': 1488977920.0, 'mean_token_accuracy': 0.9584179103374482, 'epoch': 2.33}
{'loss': 0.1559, 'grad_norm': 0.20265112817287445, 'learning_rate': 2.4631154357722396e-05, 'entropy': 0.15968017056584358, 'num_tokens': 1489633280.0, 'mean_token_accuracy': 0.9580402821302414, 'epoch': 2.34}
{'loss': 0.1546, 'grad_norm': 0.17558248341083527, 'learning_rate': 2.4558285025163476e-05, 'entropy': 0.1589413307607174, 'num_tokens': 1490288640.0, 'mean_token_accuracy': 0.958778727054596, 'epoch': 2.34}
{'loss': 0.1551, 'grad_norm': 0.20306894183158875, 'learning_rate': 2.44855085500585e-05, 'entropy': 0.15880635380744934, 'num_tokens': 1490944000.0, 'mean_token_accuracy': 0.9583842754364014, 'epoch': 2.34}
{'loss': 0.1545, 'grad_norm': 0.171238973736763, 'learning_rate': 2.441282502198443e-05, 'entropy': 0.1582486853003502, 'num_tokens': 1491599360.0, 'mean_token_accuracy': 0.9584897667169571, 'epoch': 2.34}
{'loss': 0.1558, 'grad_norm': 0.18577726185321808, 'learning_rate': 2.4340234530403806e-05, 'entropy': 0.15995305627584458, 'num_tokens': 1492254720.0, 'mean_token_accuracy': 0.9585371643304825, 'epoch': 2.34}
{'loss': 0.1547, 'grad_norm': 0.17887462675571442, 'learning_rate': 2.426773716466466e-05, 'entropy': 0.15866992473602295, 'num_tokens': 1492910080.0, 'mean_token_accuracy': 0.9584760069847107, 'epoch': 2.34}
{'loss': 0.1544, 'grad_norm': 0.18020689487457275, 'learning_rate': 2.4195333014000356e-05, 'entropy': 0.15862084850668906, 'num_tokens': 1493565440.0, 'mean_token_accuracy': 0.9586900472640991, 'epoch': 2.34}
{'loss': 0.1559, 'grad_norm': 0.17374606430530548, 'learning_rate': 2.4123022167529574e-05, 'entropy': 0.15977676957845688, 'num_tokens': 1494220800.0, 'mean_token_accuracy': 0.958301717042923, 'epoch': 2.34}
{'loss': 0.1559, 'grad_norm': 0.17756372690200806, 'learning_rate': 2.405080471425616e-05, 'entropy': 0.1598469853401184, 'num_tokens': 1494876160.0, 'mean_token_accuracy': 0.958433198928833, 'epoch': 2.34}
{'loss': 0.1564, 'grad_norm': 0.1941027045249939, 'learning_rate': 2.397868074306896e-05, 'entropy': 0.15990840494632722, 'num_tokens': 1495531520.0, 'mean_token_accuracy': 0.9580800324678421, 'epoch': 2.35}
{'loss': 0.1555, 'grad_norm': 0.19485816359519958, 'learning_rate': 2.3906650342741798e-05, 'entropy': 0.1591916151344776, 'num_tokens': 1496186880.0, 'mean_token_accuracy': 0.9583812177181243, 'epoch': 2.35}
{'loss': 0.1551, 'grad_norm': 0.19125354290008545, 'learning_rate': 2.38347136019333e-05, 'entropy': 0.1594054691493511, 'num_tokens': 1496842240.0, 'mean_token_accuracy': 0.9584041506052017, 'epoch': 2.35}
{'loss': 0.1546, 'grad_norm': 0.1864599883556366, 'learning_rate': 2.3762870609186838e-05, 'entropy': 0.15865679681301117, 'num_tokens': 1497497600.0, 'mean_token_accuracy': 0.9585906714200974, 'epoch': 2.35}
{'loss': 0.155, 'grad_norm': 0.18267284333705902, 'learning_rate': 2.3691121452930355e-05, 'entropy': 0.15856732949614524, 'num_tokens': 1498152960.0, 'mean_token_accuracy': 0.9586227804422378, 'epoch': 2.35}
{'loss': 0.1573, 'grad_norm': 0.17145833373069763, 'learning_rate': 2.3619466221476337e-05, 'entropy': 0.16115442514419556, 'num_tokens': 1498808320.0, 'mean_token_accuracy': 0.9579072713851928, 'epoch': 2.35}
{'loss': 0.1548, 'grad_norm': 0.18712882697582245, 'learning_rate': 2.3547905003021643e-05, 'entropy': 0.159449203312397, 'num_tokens': 1499463680.0, 'mean_token_accuracy': 0.9586640566587448, 'epoch': 2.35}
{'loss': 0.156, 'grad_norm': 0.1852603703737259, 'learning_rate': 2.3476437885647406e-05, 'entropy': 0.15953749120235444, 'num_tokens': 1500119040.0, 'mean_token_accuracy': 0.9583965063095092, 'epoch': 2.35}
{'loss': 0.1552, 'grad_norm': 0.16971765458583832, 'learning_rate': 2.3405064957318946e-05, 'entropy': 0.15963915959000588, 'num_tokens': 1500774400.0, 'mean_token_accuracy': 0.9585157573223114, 'epoch': 2.35}
{'loss': 0.1557, 'grad_norm': 0.18676020205020905, 'learning_rate': 2.3333786305885686e-05, 'entropy': 0.16017807573080062, 'num_tokens': 1501429760.0, 'mean_token_accuracy': 0.9586181938648224, 'epoch': 2.35}
{'loss': 0.1561, 'grad_norm': 0.17770245671272278, 'learning_rate': 2.3262602019080913e-05, 'entropy': 0.16028594225645065, 'num_tokens': 1502085120.0, 'mean_token_accuracy': 0.9584224969148636, 'epoch': 2.36}
{'loss': 0.1554, 'grad_norm': 0.17945098876953125, 'learning_rate': 2.3191512184521848e-05, 'entropy': 0.15886721163988113, 'num_tokens': 1502740480.0, 'mean_token_accuracy': 0.9584056794643402, 'epoch': 2.36}
{'loss': 0.1553, 'grad_norm': 0.16411912441253662, 'learning_rate': 2.3120516889709442e-05, 'entropy': 0.15940123796463013, 'num_tokens': 1503395840.0, 'mean_token_accuracy': 0.9585218727588654, 'epoch': 2.36}
{'loss': 0.155, 'grad_norm': 0.17098210752010345, 'learning_rate': 2.3049616222028258e-05, 'entropy': 0.1597600683569908, 'num_tokens': 1504051200.0, 'mean_token_accuracy': 0.9586640566587448, 'epoch': 2.36}
{'loss': 0.1556, 'grad_norm': 0.17572733759880066, 'learning_rate': 2.297881026874641e-05, 'entropy': 0.1596113122999668, 'num_tokens': 1504706560.0, 'mean_token_accuracy': 0.9580311089754104, 'epoch': 2.36}
{'loss': 0.1545, 'grad_norm': 0.1834777444601059, 'learning_rate': 2.2908099117015425e-05, 'entropy': 0.1583513006567955, 'num_tokens': 1505361920.0, 'mean_token_accuracy': 0.9587267398834228, 'epoch': 2.36}
{'loss': 0.1546, 'grad_norm': 0.1870894879102707, 'learning_rate': 2.283748285387014e-05, 'entropy': 0.15918254479765892, 'num_tokens': 1506017280.0, 'mean_token_accuracy': 0.9585707992315292, 'epoch': 2.36}
{'loss': 0.1563, 'grad_norm': 0.17995060980319977, 'learning_rate': 2.2766961566228593e-05, 'entropy': 0.15981398075819014, 'num_tokens': 1506672640.0, 'mean_token_accuracy': 0.9580693304538727, 'epoch': 2.36}
{'loss': 0.1546, 'grad_norm': 0.1691715121269226, 'learning_rate': 2.2696535340891934e-05, 'entropy': 0.1590127632021904, 'num_tokens': 1507328000.0, 'mean_token_accuracy': 0.9586594700813293, 'epoch': 2.36}
{'eval_loss': 0.1534164547920227, 'eval_runtime': 78.1969, 'eval_samples_per_second': 63.941, 'eval_steps_per_second': 1.01, 'eval_entropy': 0.158583529199226, 'eval_num_tokens': 1507328000.0, 'eval_mean_token_accuracy': 0.9590546511396577, 'epoch': 2.36}
{'loss': 0.1548, 'grad_norm': 0.17018744349479675, 'learning_rate': 2.2626204264544305e-05, 'entropy': 0.1591080032289028, 'num_tokens': 1507983360.0, 'mean_token_accuracy': 0.9585555076599122, 'epoch': 2.36}
{'loss': 0.155, 'grad_norm': 0.1729619950056076, 'learning_rate': 2.2555968423752726e-05, 'entropy': 0.15916680172085762, 'num_tokens': 1508638720.0, 'mean_token_accuracy': 0.9584698915481568, 'epoch': 2.37}
{'loss': 0.1551, 'grad_norm': 0.1943242996931076, 'learning_rate': 2.2485827904966993e-05, 'entropy': 0.15917687118053436, 'num_tokens': 1509294080.0, 'mean_token_accuracy': 0.958439314365387, 'epoch': 2.37}
{'loss': 0.1545, 'grad_norm': 0.17845113575458527, 'learning_rate': 2.2415782794519592e-05, 'entropy': 0.15826098546385764, 'num_tokens': 1509949440.0, 'mean_token_accuracy': 0.958702278137207, 'epoch': 2.37}
{'loss': 0.1534, 'grad_norm': 0.17709411680698395, 'learning_rate': 2.2345833178625587e-05, 'entropy': 0.15798761323094368, 'num_tokens': 1510604800.0, 'mean_token_accuracy': 0.958774134516716, 'epoch': 2.37}
{'loss': 0.1547, 'grad_norm': 0.18174728751182556, 'learning_rate': 2.227597914338242e-05, 'entropy': 0.15869098231196405, 'num_tokens': 1511260160.0, 'mean_token_accuracy': 0.9586441814899445, 'epoch': 2.37}
{'loss': 0.1546, 'grad_norm': 0.17256557941436768, 'learning_rate': 2.2206220774769994e-05, 'entropy': 0.1581820912659168, 'num_tokens': 1511915520.0, 'mean_token_accuracy': 0.9585310459136963, 'epoch': 2.37}
{'loss': 0.1561, 'grad_norm': 0.17284831404685974, 'learning_rate': 2.213655815865039e-05, 'entropy': 0.16021695658564566, 'num_tokens': 1512570880.0, 'mean_token_accuracy': 0.958220687508583, 'epoch': 2.37}
{'loss': 0.1547, 'grad_norm': 0.17593012750148773, 'learning_rate': 2.2066991380767865e-05, 'entropy': 0.15892106294631958, 'num_tokens': 1513226240.0, 'mean_token_accuracy': 0.9586074888706207, 'epoch': 2.37}
{'loss': 0.1538, 'grad_norm': 0.177858367562294, 'learning_rate': 2.1997520526748714e-05, 'entropy': 0.1579935908317566, 'num_tokens': 1513881600.0, 'mean_token_accuracy': 0.958833760023117, 'epoch': 2.37}
{'loss': 0.1554, 'grad_norm': 0.17550954222679138, 'learning_rate': 2.1928145682101176e-05, 'entropy': 0.1588416092097759, 'num_tokens': 1514536960.0, 'mean_token_accuracy': 0.9583552271127701, 'epoch': 2.37}
{'loss': 0.1552, 'grad_norm': 0.18150198459625244, 'learning_rate': 2.1858866932215217e-05, 'entropy': 0.15936443731188774, 'num_tokens': 1515192320.0, 'mean_token_accuracy': 0.9584026217460633, 'epoch': 2.38}
{'loss': 0.1551, 'grad_norm': 0.17606569826602936, 'learning_rate': 2.1789684362362682e-05, 'entropy': 0.1595356620848179, 'num_tokens': 1515847680.0, 'mean_token_accuracy': 0.9587680190801621, 'epoch': 2.38}
{'loss': 0.1559, 'grad_norm': 0.17733991146087646, 'learning_rate': 2.1720598057696928e-05, 'entropy': 0.16007366850972177, 'num_tokens': 1516503040.0, 'mean_token_accuracy': 0.9582176297903061, 'epoch': 2.38}
{'loss': 0.1563, 'grad_norm': 0.184967041015625, 'learning_rate': 2.1651608103252852e-05, 'entropy': 0.16002810895442962, 'num_tokens': 1517158400.0, 'mean_token_accuracy': 0.958083090186119, 'epoch': 2.38}
{'loss': 0.1545, 'grad_norm': 0.1809273511171341, 'learning_rate': 2.158271458394676e-05, 'entropy': 0.1588961310684681, 'num_tokens': 1517813760.0, 'mean_token_accuracy': 0.9586074888706207, 'epoch': 2.38}
{'loss': 0.1551, 'grad_norm': 0.18652589619159698, 'learning_rate': 2.151391758457625e-05, 'entropy': 0.1591302439570427, 'num_tokens': 1518469120.0, 'mean_token_accuracy': 0.9586151331663132, 'epoch': 2.38}
{'loss': 0.1551, 'grad_norm': 0.17908139526844025, 'learning_rate': 2.1445217189820167e-05, 'entropy': 0.15912738889455796, 'num_tokens': 1519124480.0, 'mean_token_accuracy': 0.9584209680557251, 'epoch': 2.38}
{'loss': 0.1543, 'grad_norm': 0.1745370328426361, 'learning_rate': 2.1376613484238338e-05, 'entropy': 0.1586829975247383, 'num_tokens': 1519779840.0, 'mean_token_accuracy': 0.9586487680673599, 'epoch': 2.38}
{'loss': 0.155, 'grad_norm': 0.1849115490913391, 'learning_rate': 2.130810655227168e-05, 'entropy': 0.15949013754725455, 'num_tokens': 1520435200.0, 'mean_token_accuracy': 0.9584729492664337, 'epoch': 2.38}
{'loss': 0.1545, 'grad_norm': 0.19293586909770966, 'learning_rate': 2.1239696478241976e-05, 'entropy': 0.15843082964420319, 'num_tokens': 1521090560.0, 'mean_token_accuracy': 0.9587603747844696, 'epoch': 2.39}
{'loss': 0.155, 'grad_norm': 0.16842126846313477, 'learning_rate': 2.117138334635179e-05, 'entropy': 0.15923252403736116, 'num_tokens': 1521745920.0, 'mean_token_accuracy': 0.9582665532827377, 'epoch': 2.39}
{'loss': 0.1544, 'grad_norm': 0.18023481965065002, 'learning_rate': 2.1103167240684342e-05, 'entropy': 0.15851368978619576, 'num_tokens': 1522401280.0, 'mean_token_accuracy': 0.958764961361885, 'epoch': 2.39}
{'loss': 0.1537, 'grad_norm': 0.20516997575759888, 'learning_rate': 2.1035048245203447e-05, 'entropy': 0.1574727103114128, 'num_tokens': 1523056640.0, 'mean_token_accuracy': 0.9588735103607178, 'epoch': 2.39}
{'loss': 0.1549, 'grad_norm': 0.16506029665470123, 'learning_rate': 2.0967026443753424e-05, 'entropy': 0.15988760590553283, 'num_tokens': 1523712000.0, 'mean_token_accuracy': 0.9586824029684067, 'epoch': 2.39}
{'loss': 0.1553, 'grad_norm': 0.17946705222129822, 'learning_rate': 2.0899101920058826e-05, 'entropy': 0.15890185609459878, 'num_tokens': 1524367360.0, 'mean_token_accuracy': 0.9584683626890182, 'epoch': 2.39}
{'loss': 0.1558, 'grad_norm': 0.1819073110818863, 'learning_rate': 2.083127475772466e-05, 'entropy': 0.15953696221113206, 'num_tokens': 1525022720.0, 'mean_token_accuracy': 0.9583170056343079, 'epoch': 2.39}
{'loss': 0.1548, 'grad_norm': 0.17373503744602203, 'learning_rate': 2.0763545040235988e-05, 'entropy': 0.1591217964887619, 'num_tokens': 1525678080.0, 'mean_token_accuracy': 0.9585600942373276, 'epoch': 2.39}
{'loss': 0.1548, 'grad_norm': 0.1882951706647873, 'learning_rate': 2.0695912850957944e-05, 'entropy': 0.15854005366563798, 'num_tokens': 1526333440.0, 'mean_token_accuracy': 0.9585188150405883, 'epoch': 2.39}
{'loss': 0.1546, 'grad_norm': 0.18493866920471191, 'learning_rate': 2.0628378273135617e-05, 'entropy': 0.15895259082317353, 'num_tokens': 1526988800.0, 'mean_token_accuracy': 0.9585631519556046, 'epoch': 2.39}
{'loss': 0.1555, 'grad_norm': 0.17784364521503448, 'learning_rate': 2.0560941389893996e-05, 'entropy': 0.15966798812150956, 'num_tokens': 1527644160.0, 'mean_token_accuracy': 0.9581778794527054, 'epoch': 2.4}
{'loss': 0.155, 'grad_norm': 0.17152637243270874, 'learning_rate': 2.0493602284237733e-05, 'entropy': 0.15964367762207984, 'num_tokens': 1528299520.0, 'mean_token_accuracy': 0.9586854606866837, 'epoch': 2.4}
{'loss': 0.1548, 'grad_norm': 0.20035509765148163, 'learning_rate': 2.0426361039051202e-05, 'entropy': 0.15851157754659653, 'num_tokens': 1528954880.0, 'mean_token_accuracy': 0.9584744781255722, 'epoch': 2.4}
{'loss': 0.1539, 'grad_norm': 0.1805749535560608, 'learning_rate': 2.0359217737098313e-05, 'entropy': 0.15802822709083558, 'num_tokens': 1529610240.0, 'mean_token_accuracy': 0.9588887989521027, 'epoch': 2.4}
{'loss': 0.1552, 'grad_norm': 0.17988263070583344, 'learning_rate': 2.0292172461022407e-05, 'entropy': 0.1592802919447422, 'num_tokens': 1530265600.0, 'mean_token_accuracy': 0.9585463345050812, 'epoch': 2.4}
{'loss': 0.1566, 'grad_norm': 0.17759969830513, 'learning_rate': 2.0225225293346184e-05, 'entropy': 0.16034952849149703, 'num_tokens': 1530920960.0, 'mean_token_accuracy': 0.9580387532711029, 'epoch': 2.4}
{'loss': 0.1546, 'grad_norm': 0.17481201887130737, 'learning_rate': 2.0158376316471595e-05, 'entropy': 0.15876595452427864, 'num_tokens': 1531576320.0, 'mean_token_accuracy': 0.9585539788007736, 'epoch': 2.4}
{'loss': 0.153, 'grad_norm': 0.17511805891990662, 'learning_rate': 2.009162561267972e-05, 'entropy': 0.1571739509701729, 'num_tokens': 1532231680.0, 'mean_token_accuracy': 0.9590890794992447, 'epoch': 2.4}
{'loss': 0.1553, 'grad_norm': 0.17925645411014557, 'learning_rate': 2.002497326413065e-05, 'entropy': 0.15944257080554963, 'num_tokens': 1532887040.0, 'mean_token_accuracy': 0.9587863653898239, 'epoch': 2.4}
{'loss': 0.1551, 'grad_norm': 0.18024878203868866, 'learning_rate': 1.9958419352863443e-05, 'entropy': 0.15921747162938119, 'num_tokens': 1533542400.0, 'mean_token_accuracy': 0.9583919227123261, 'epoch': 2.4}
{'loss': 0.1556, 'grad_norm': 0.1723586469888687, 'learning_rate': 1.9891963960796046e-05, 'entropy': 0.15935981497168542, 'num_tokens': 1534197760.0, 'mean_token_accuracy': 0.9582910150289535, 'epoch': 2.41}
{'loss': 0.153, 'grad_norm': 0.17172929644584656, 'learning_rate': 1.9825607169725058e-05, 'entropy': 0.15794619545340538, 'num_tokens': 1534853120.0, 'mean_token_accuracy': 0.9589392513036727, 'epoch': 2.41}
{'loss': 0.1553, 'grad_norm': 0.1784822642803192, 'learning_rate': 1.975934906132576e-05, 'entropy': 0.15885029137134551, 'num_tokens': 1535508480.0, 'mean_token_accuracy': 0.9585937291383744, 'epoch': 2.41}
{'loss': 0.1535, 'grad_norm': 0.18233360350131989, 'learning_rate': 1.969318971715197e-05, 'entropy': 0.15763189122080803, 'num_tokens': 1536163840.0, 'mean_token_accuracy': 0.9589331358671188, 'epoch': 2.41}
{'loss': 0.1541, 'grad_norm': 0.1839146912097931, 'learning_rate': 1.9627129218635954e-05, 'entropy': 0.15894178301095963, 'num_tokens': 1536819200.0, 'mean_token_accuracy': 0.9587466150522232, 'epoch': 2.41}
{'loss': 0.1546, 'grad_norm': 0.17237773537635803, 'learning_rate': 1.956116764708824e-05, 'entropy': 0.1587084375321865, 'num_tokens': 1537474560.0, 'mean_token_accuracy': 0.9586136043071747, 'epoch': 2.41}
{'loss': 0.1539, 'grad_norm': 0.1827075183391571, 'learning_rate': 1.9495305083697656e-05, 'entropy': 0.15795720964670182, 'num_tokens': 1538129920.0, 'mean_token_accuracy': 0.9587527304887772, 'epoch': 2.41}
{'loss': 0.155, 'grad_norm': 0.1770552098751068, 'learning_rate': 1.9429541609531187e-05, 'entropy': 0.15909380242228507, 'num_tokens': 1538785280.0, 'mean_token_accuracy': 0.9585662096738815, 'epoch': 2.41}
{'loss': 0.1539, 'grad_norm': 0.1871197372674942, 'learning_rate': 1.9363877305533796e-05, 'entropy': 0.15792266353964807, 'num_tokens': 1539440640.0, 'mean_token_accuracy': 0.9587450861930847, 'epoch': 2.41}
{'loss': 0.1551, 'grad_norm': 0.1861429214477539, 'learning_rate': 1.9298312252528417e-05, 'entropy': 0.15890389755368234, 'num_tokens': 1540096000.0, 'mean_token_accuracy': 0.9584760069847107, 'epoch': 2.41}
{'loss': 0.1546, 'grad_norm': 0.18101871013641357, 'learning_rate': 1.923284653121584e-05, 'entropy': 0.15881171375513076, 'num_tokens': 1540751360.0, 'mean_token_accuracy': 0.9585906714200974, 'epoch': 2.42}
{'loss': 0.1549, 'grad_norm': 0.185857892036438, 'learning_rate': 1.9167480222174507e-05, 'entropy': 0.15971827730536461, 'num_tokens': 1541406720.0, 'mean_token_accuracy': 0.9585555076599122, 'epoch': 2.42}
{'loss': 0.1564, 'grad_norm': 0.19008579850196838, 'learning_rate': 1.910221340586059e-05, 'entropy': 0.1600447565317154, 'num_tokens': 1542062080.0, 'mean_token_accuracy': 0.9583139479160309, 'epoch': 2.42}
{'loss': 0.1532, 'grad_norm': 0.18571916222572327, 'learning_rate': 1.903704616260773e-05, 'entropy': 0.15747257098555564, 'num_tokens': 1542717440.0, 'mean_token_accuracy': 0.9588245898485184, 'epoch': 2.42}
{'loss': 0.1546, 'grad_norm': 0.18422824144363403, 'learning_rate': 1.8971978572627104e-05, 'entropy': 0.1588120438158512, 'num_tokens': 1543372800.0, 'mean_token_accuracy': 0.9587634325027465, 'epoch': 2.42}
{'loss': 0.154, 'grad_norm': 0.17728491127490997, 'learning_rate': 1.8907010716007146e-05, 'entropy': 0.15822615697979928, 'num_tokens': 1544028160.0, 'mean_token_accuracy': 0.9587328553199768, 'epoch': 2.42}
{'loss': 0.1549, 'grad_norm': 0.18700921535491943, 'learning_rate': 1.884214267271356e-05, 'entropy': 0.15890838727355003, 'num_tokens': 1544683520.0, 'mean_token_accuracy': 0.958705335855484, 'epoch': 2.42}
{'loss': 0.1546, 'grad_norm': 0.17459847033023834, 'learning_rate': 1.8777374522589208e-05, 'entropy': 0.15865758955478668, 'num_tokens': 1545338880.0, 'mean_token_accuracy': 0.9584943532943726, 'epoch': 2.42}
{'loss': 0.155, 'grad_norm': 0.17982043325901031, 'learning_rate': 1.8712706345353948e-05, 'entropy': 0.15916394367814063, 'num_tokens': 1545994240.0, 'mean_token_accuracy': 0.9585906744003296, 'epoch': 2.42}
{'loss': 0.1536, 'grad_norm': 0.18161143362522125, 'learning_rate': 1.8648138220604638e-05, 'entropy': 0.15807612910866736, 'num_tokens': 1546649600.0, 'mean_token_accuracy': 0.9590340405702591, 'epoch': 2.43}
{'loss': 0.1535, 'grad_norm': 0.171949565410614, 'learning_rate': 1.8583670227814964e-05, 'entropy': 0.15797701925039292, 'num_tokens': 1547304960.0, 'mean_token_accuracy': 0.95891173183918, 'epoch': 2.43}
{'loss': 0.1547, 'grad_norm': 0.1838957816362381, 'learning_rate': 1.8519302446335395e-05, 'entropy': 0.15818875208497046, 'num_tokens': 1547960320.0, 'mean_token_accuracy': 0.9585295170545578, 'epoch': 2.43}
{'loss': 0.1559, 'grad_norm': 0.1920783817768097, 'learning_rate': 1.8455034955393003e-05, 'entropy': 0.1603153593838215, 'num_tokens': 1548615680.0, 'mean_token_accuracy': 0.9583032459020615, 'epoch': 2.43}
{'loss': 0.1555, 'grad_norm': 0.1847609132528305, 'learning_rate': 1.8390867834091473e-05, 'entropy': 0.1590888023376465, 'num_tokens': 1549271040.0, 'mean_token_accuracy': 0.9582543224096298, 'epoch': 2.43}
{'loss': 0.1561, 'grad_norm': 0.17514176666736603, 'learning_rate': 1.8326801161410922e-05, 'entropy': 0.16048530116677284, 'num_tokens': 1549926400.0, 'mean_token_accuracy': 0.9582864284515381, 'epoch': 2.43}
{'loss': 0.1554, 'grad_norm': 0.20282776653766632, 'learning_rate': 1.8262835016207802e-05, 'entropy': 0.15931262224912643, 'num_tokens': 1550581760.0, 'mean_token_accuracy': 0.9584760069847107, 'epoch': 2.43}
{'loss': 0.1543, 'grad_norm': 0.18119509518146515, 'learning_rate': 1.8198969477214868e-05, 'entropy': 0.1585460215806961, 'num_tokens': 1551237120.0, 'mean_token_accuracy': 0.9585585653781891, 'epoch': 2.43}
{'loss': 0.1556, 'grad_norm': 0.18446460366249084, 'learning_rate': 1.8135204623041013e-05, 'entropy': 0.15931401401758194, 'num_tokens': 1551892480.0, 'mean_token_accuracy': 0.9583842754364014, 'epoch': 2.43}
{'loss': 0.1558, 'grad_norm': 0.1769837737083435, 'learning_rate': 1.8071540532171283e-05, 'entropy': 0.15995079278945923, 'num_tokens': 1552547840.0, 'mean_token_accuracy': 0.9584041506052017, 'epoch': 2.43}
{'loss': 0.1554, 'grad_norm': 0.17532643675804138, 'learning_rate': 1.8007977282966604e-05, 'entropy': 0.15980589091777803, 'num_tokens': 1553203200.0, 'mean_token_accuracy': 0.9583536982536316, 'epoch': 2.44}
{'loss': 0.1561, 'grad_norm': 0.17276503145694733, 'learning_rate': 1.794451495366385e-05, 'entropy': 0.1599162369966507, 'num_tokens': 1553858560.0, 'mean_token_accuracy': 0.9581503599882126, 'epoch': 2.44}
{'loss': 0.1551, 'grad_norm': 0.19925007224082947, 'learning_rate': 1.788115362237558e-05, 'entropy': 0.15938834771513938, 'num_tokens': 1554513920.0, 'mean_token_accuracy': 0.9584240257740021, 'epoch': 2.44}
{'loss': 0.1532, 'grad_norm': 0.1786891222000122, 'learning_rate': 1.7817893367090156e-05, 'entropy': 0.15747938677668571, 'num_tokens': 1555169280.0, 'mean_token_accuracy': 0.9590004056692123, 'epoch': 2.44}
{'loss': 0.1533, 'grad_norm': 0.1794973760843277, 'learning_rate': 1.7754734265671458e-05, 'entropy': 0.15806614905595778, 'num_tokens': 1555824640.0, 'mean_token_accuracy': 0.9592343211174011, 'epoch': 2.44}
{'loss': 0.1535, 'grad_norm': 0.1895148605108261, 'learning_rate': 1.7691676395858893e-05, 'entropy': 0.15732767283916474, 'num_tokens': 1556480000.0, 'mean_token_accuracy': 0.9592068016529083, 'epoch': 2.44}
{'loss': 0.1547, 'grad_norm': 0.16945117712020874, 'learning_rate': 1.762871983526726e-05, 'entropy': 0.1589996635913849, 'num_tokens': 1557135360.0, 'mean_token_accuracy': 0.9585616230964661, 'epoch': 2.44}
{'loss': 0.1555, 'grad_norm': 0.20204205811023712, 'learning_rate': 1.7565864661386634e-05, 'entropy': 0.15958798229694365, 'num_tokens': 1557790720.0, 'mean_token_accuracy': 0.9584637761116028, 'epoch': 2.44}
{'loss': 0.1537, 'grad_norm': 0.17095139622688293, 'learning_rate': 1.750311095158237e-05, 'entropy': 0.1581910125911236, 'num_tokens': 1558446080.0, 'mean_token_accuracy': 0.9586793452501297, 'epoch': 2.44}
{'loss': 0.1536, 'grad_norm': 0.17809639871120453, 'learning_rate': 1.7440458783094826e-05, 'entropy': 0.1579068347811699, 'num_tokens': 1559101440.0, 'mean_token_accuracy': 0.9589698284864425, 'epoch': 2.44}
{'loss': 0.1528, 'grad_norm': 0.18218930065631866, 'learning_rate': 1.7377908233039476e-05, 'entropy': 0.15740830674767495, 'num_tokens': 1559756800.0, 'mean_token_accuracy': 0.959121185541153, 'epoch': 2.45}
{'loss': 0.1527, 'grad_norm': 0.18110936880111694, 'learning_rate': 1.7315459378406672e-05, 'entropy': 0.15706878826022147, 'num_tokens': 1560412160.0, 'mean_token_accuracy': 0.9589591264724732, 'epoch': 2.45}
{'loss': 0.1549, 'grad_norm': 0.1923368126153946, 'learning_rate': 1.7253112296061568e-05, 'entropy': 0.15805827751755713, 'num_tokens': 1561067520.0, 'mean_token_accuracy': 0.9586701720952988, 'epoch': 2.45}
{'loss': 0.1556, 'grad_norm': 0.17333000898361206, 'learning_rate': 1.7190867062744153e-05, 'entropy': 0.15960750579833985, 'num_tokens': 1561722880.0, 'mean_token_accuracy': 0.9584209680557251, 'epoch': 2.45}
{'loss': 0.1542, 'grad_norm': 0.19085904955863953, 'learning_rate': 1.7128723755068954e-05, 'entropy': 0.1586698941886425, 'num_tokens': 1562378240.0, 'mean_token_accuracy': 0.9586778163909913, 'epoch': 2.45}
{'loss': 0.1549, 'grad_norm': 0.181536465883255, 'learning_rate': 1.7066682449525106e-05, 'entropy': 0.1590128391981125, 'num_tokens': 1563033600.0, 'mean_token_accuracy': 0.9584912955760956, 'epoch': 2.45}
{'loss': 0.1542, 'grad_norm': 0.18402552604675293, 'learning_rate': 1.7004743222476115e-05, 'entropy': 0.15873994082212448, 'num_tokens': 1563688960.0, 'mean_token_accuracy': 0.958645710349083, 'epoch': 2.45}
{'loss': 0.1536, 'grad_norm': 0.18313191831111908, 'learning_rate': 1.694290615015992e-05, 'entropy': 0.15813728794455528, 'num_tokens': 1564344320.0, 'mean_token_accuracy': 0.9589499533176422, 'epoch': 2.45}
{'loss': 0.1532, 'grad_norm': 0.16679951548576355, 'learning_rate': 1.6881171308688694e-05, 'entropy': 0.15745311230421066, 'num_tokens': 1564999680.0, 'mean_token_accuracy': 0.9589270204305649, 'epoch': 2.45}
{'loss': 0.1552, 'grad_norm': 0.181637704372406, 'learning_rate': 1.681953877404878e-05, 'entropy': 0.1593775726854801, 'num_tokens': 1565655040.0, 'mean_token_accuracy': 0.9585126996040344, 'epoch': 2.46}
{'loss': 0.1555, 'grad_norm': 0.17445583641529083, 'learning_rate': 1.6758008622100607e-05, 'entropy': 0.15961434990167617, 'num_tokens': 1566310400.0, 'mean_token_accuracy': 0.9583521693944931, 'epoch': 2.46}
{'loss': 0.1551, 'grad_norm': 0.16643938422203064, 'learning_rate': 1.66965809285786e-05, 'entropy': 0.15945288464426993, 'num_tokens': 1566965760.0, 'mean_token_accuracy': 0.9583888620138168, 'epoch': 2.46}
{'loss': 0.1541, 'grad_norm': 0.17678150534629822, 'learning_rate': 1.6635255769090995e-05, 'entropy': 0.15876753255724907, 'num_tokens': 1567621120.0, 'mean_token_accuracy': 0.958764961361885, 'epoch': 2.46}
{'loss': 0.1534, 'grad_norm': 0.19084525108337402, 'learning_rate': 1.657403321911991e-05, 'entropy': 0.15783386826515197, 'num_tokens': 1568276480.0, 'mean_token_accuracy': 0.958914789557457, 'epoch': 2.46}
{'loss': 0.1544, 'grad_norm': 0.18453861773014069, 'learning_rate': 1.651291335402113e-05, 'entropy': 0.15866551026701928, 'num_tokens': 1568931840.0, 'mean_token_accuracy': 0.9588582217693329, 'epoch': 2.46}
{'loss': 0.1548, 'grad_norm': 0.18434247374534607, 'learning_rate': 1.6451896249024078e-05, 'entropy': 0.158705722540617, 'num_tokens': 1569587200.0, 'mean_token_accuracy': 0.9585967868566513, 'epoch': 2.46}
{'loss': 0.1544, 'grad_norm': 0.17643024027347565, 'learning_rate': 1.6390981979231623e-05, 'entropy': 0.1584529809653759, 'num_tokens': 1570242560.0, 'mean_token_accuracy': 0.9586900502443314, 'epoch': 2.46}
{'loss': 0.155, 'grad_norm': 0.18388009071350098, 'learning_rate': 1.6330170619620166e-05, 'entropy': 0.15860479846596717, 'num_tokens': 1570897920.0, 'mean_token_accuracy': 0.9584607183933258, 'epoch': 2.46}
{'loss': 0.1543, 'grad_norm': 0.17831334471702576, 'learning_rate': 1.626946224503939e-05, 'entropy': 0.1587662898004055, 'num_tokens': 1571553280.0, 'mean_token_accuracy': 0.9586518257856369, 'epoch': 2.46}
{'loss': 0.1537, 'grad_norm': 0.1740783154964447, 'learning_rate': 1.6208856930212158e-05, 'entropy': 0.15803498774766922, 'num_tokens': 1572208640.0, 'mean_token_accuracy': 0.9588444620370865, 'epoch': 2.47}
{'loss': 0.1537, 'grad_norm': 0.1848592460155487, 'learning_rate': 1.6148354749734574e-05, 'entropy': 0.15840468183159828, 'num_tokens': 1572864000.0, 'mean_token_accuracy': 0.9586793452501297, 'epoch': 2.47}
{'eval_loss': 0.15186573565006256, 'eval_runtime': 78.2239, 'eval_samples_per_second': 63.919, 'eval_steps_per_second': 1.01, 'eval_entropy': 0.15694125996360295, 'eval_num_tokens': 1572864000.0, 'eval_mean_token_accuracy': 0.9595311155802086, 'epoch': 2.47}
{'loss': 0.1534, 'grad_norm': 0.18270491063594818, 'learning_rate': 1.6087955778075737e-05, 'entropy': 0.15752640068531037, 'num_tokens': 1573519360.0, 'mean_token_accuracy': 0.958939254283905, 'epoch': 2.47}
{'loss': 0.1541, 'grad_norm': 0.16594325006008148, 'learning_rate': 1.6027660089577766e-05, 'entropy': 0.15868813470005988, 'num_tokens': 1574174720.0, 'mean_token_accuracy': 0.9588796257972717, 'epoch': 2.47}
{'loss': 0.1545, 'grad_norm': 0.1677173227071762, 'learning_rate': 1.59674677584556e-05, 'entropy': 0.15868957936763764, 'num_tokens': 1574830080.0, 'mean_token_accuracy': 0.9586441814899445, 'epoch': 2.47}
{'loss': 0.1542, 'grad_norm': 0.18646851181983948, 'learning_rate': 1.5907378858797008e-05, 'entropy': 0.15860745906829835, 'num_tokens': 1575485440.0, 'mean_token_accuracy': 0.9588077694177628, 'epoch': 2.47}
{'loss': 0.154, 'grad_norm': 0.17406904697418213, 'learning_rate': 1.584739346456242e-05, 'entropy': 0.15777568370103837, 'num_tokens': 1576140800.0, 'mean_token_accuracy': 0.9588184714317322, 'epoch': 2.47}
{'loss': 0.1546, 'grad_norm': 0.19163374602794647, 'learning_rate': 1.5787511649584862e-05, 'entropy': 0.15878221839666368, 'num_tokens': 1576796160.0, 'mean_token_accuracy': 0.9587512016296387, 'epoch': 2.47}
{'loss': 0.1545, 'grad_norm': 0.17603205144405365, 'learning_rate': 1.5727733487569883e-05, 'entropy': 0.15824767351150512, 'num_tokens': 1577451520.0, 'mean_token_accuracy': 0.9589300811290741, 'epoch': 2.47}
{'loss': 0.1529, 'grad_norm': 0.17052657902240753, 'learning_rate': 1.566805905209545e-05, 'entropy': 0.15786133334040642, 'num_tokens': 1578106880.0, 'mean_token_accuracy': 0.9588979721069336, 'epoch': 2.47}
{'loss': 0.1535, 'grad_norm': 0.18928687274456024, 'learning_rate': 1.5608488416611866e-05, 'entropy': 0.15797750204801558, 'num_tokens': 1578762240.0, 'mean_token_accuracy': 0.958798599243164, 'epoch': 2.48}
{'loss': 0.1542, 'grad_norm': 0.18740394711494446, 'learning_rate': 1.554902165444162e-05, 'entropy': 0.1584182597696781, 'num_tokens': 1579417600.0, 'mean_token_accuracy': 0.9587955385446548, 'epoch': 2.48}
{'loss': 0.1536, 'grad_norm': 0.1945684850215912, 'learning_rate': 1.5489658838779486e-05, 'entropy': 0.15769123807549476, 'num_tokens': 1580072960.0, 'mean_token_accuracy': 0.9588184714317322, 'epoch': 2.48}
{'loss': 0.1532, 'grad_norm': 0.17931807041168213, 'learning_rate': 1.5430400042692128e-05, 'entropy': 0.15789317414164544, 'num_tokens': 1580728320.0, 'mean_token_accuracy': 0.958977472782135, 'epoch': 2.48}
{'loss': 0.1543, 'grad_norm': 0.1813877820968628, 'learning_rate': 1.5371245339118256e-05, 'entropy': 0.15789759606122972, 'num_tokens': 1581383680.0, 'mean_token_accuracy': 0.9587970674037933, 'epoch': 2.48}
{'loss': 0.1533, 'grad_norm': 0.1795557141304016, 'learning_rate': 1.531219480086845e-05, 'entropy': 0.1574401393532753, 'num_tokens': 1582039040.0, 'mean_token_accuracy': 0.9590462744235992, 'epoch': 2.48}
{'loss': 0.1543, 'grad_norm': 0.17329652607440948, 'learning_rate': 1.5253248500625106e-05, 'entropy': 0.15838257670402528, 'num_tokens': 1582694400.0, 'mean_token_accuracy': 0.9586441814899445, 'epoch': 2.48}
{'loss': 0.1527, 'grad_norm': 0.17752324044704437, 'learning_rate': 1.5194406510942272e-05, 'entropy': 0.1579121932387352, 'num_tokens': 1583349760.0, 'mean_token_accuracy': 0.9592144459486007, 'epoch': 2.48}
{'loss': 0.1544, 'grad_norm': 0.17651349306106567, 'learning_rate': 1.5135668904245637e-05, 'entropy': 0.15844686180353165, 'num_tokens': 1584005120.0, 'mean_token_accuracy': 0.9586915761232376, 'epoch': 2.48}
{'loss': 0.1522, 'grad_norm': 0.1775045543909073, 'learning_rate': 1.5077035752832413e-05, 'entropy': 0.15712027624249458, 'num_tokens': 1584660480.0, 'mean_token_accuracy': 0.9592006891965866, 'epoch': 2.48}
{'loss': 0.1539, 'grad_norm': 0.17541976273059845, 'learning_rate': 1.5018507128871183e-05, 'entropy': 0.1580907955765724, 'num_tokens': 1585315840.0, 'mean_token_accuracy': 0.9587343841791153, 'epoch': 2.49}
{'loss': 0.1546, 'grad_norm': 0.17250800132751465, 'learning_rate': 1.4960083104401957e-05, 'entropy': 0.15848742797970772, 'num_tokens': 1585971200.0, 'mean_token_accuracy': 0.9586625307798385, 'epoch': 2.49}
{'loss': 0.1553, 'grad_norm': 0.1790749430656433, 'learning_rate': 1.490176375133594e-05, 'entropy': 0.15898822993040085, 'num_tokens': 1586626560.0, 'mean_token_accuracy': 0.9586166620254517, 'epoch': 2.49}
{'loss': 0.1556, 'grad_norm': 0.18064731359481812, 'learning_rate': 1.4843549141455526e-05, 'entropy': 0.1599289856851101, 'num_tokens': 1587281920.0, 'mean_token_accuracy': 0.9584010928869248, 'epoch': 2.49}
{'loss': 0.1527, 'grad_norm': 0.17636236548423767, 'learning_rate': 1.4785439346414198e-05, 'entropy': 0.15727418065071105, 'num_tokens': 1587937280.0, 'mean_token_accuracy': 0.9592343211174011, 'epoch': 2.49}
{'loss': 0.1543, 'grad_norm': 0.17880477011203766, 'learning_rate': 1.4727434437736399e-05, 'entropy': 0.15828678086400033, 'num_tokens': 1588592640.0, 'mean_token_accuracy': 0.9585983157157898, 'epoch': 2.49}
{'loss': 0.1529, 'grad_norm': 0.17137359082698822, 'learning_rate': 1.4669534486817482e-05, 'entropy': 0.15732943415641784, 'num_tokens': 1589248000.0, 'mean_token_accuracy': 0.9588750392198563, 'epoch': 2.49}
{'loss': 0.155, 'grad_norm': 0.1972460150718689, 'learning_rate': 1.4611739564923633e-05, 'entropy': 0.15869103670120238, 'num_tokens': 1589903360.0, 'mean_token_accuracy': 0.9585157573223114, 'epoch': 2.49}
{'loss': 0.1531, 'grad_norm': 0.16955234110355377, 'learning_rate': 1.4554049743191723e-05, 'entropy': 0.15758205577731133, 'num_tokens': 1590558720.0, 'mean_token_accuracy': 0.9587221562862396, 'epoch': 2.49}
{'loss': 0.1546, 'grad_norm': 0.18230371177196503, 'learning_rate': 1.4496465092629297e-05, 'entropy': 0.15897564589977264, 'num_tokens': 1591214080.0, 'mean_token_accuracy': 0.9586747586727142, 'epoch': 2.5}
{'loss': 0.1537, 'grad_norm': 0.1902683824300766, 'learning_rate': 1.4438985684114448e-05, 'entropy': 0.15796230882406234, 'num_tokens': 1591869440.0, 'mean_token_accuracy': 0.9589178502559662, 'epoch': 2.5}
{'loss': 0.1544, 'grad_norm': 0.1774444580078125, 'learning_rate': 1.4381611588395694e-05, 'entropy': 0.1585146777331829, 'num_tokens': 1592524800.0, 'mean_token_accuracy': 0.9587619036436081, 'epoch': 2.5}
{'loss': 0.1535, 'grad_norm': 0.17678923904895782, 'learning_rate': 1.4324342876092e-05, 'entropy': 0.158143200725317, 'num_tokens': 1593180160.0, 'mean_token_accuracy': 0.9590707361698151, 'epoch': 2.5}
{'loss': 0.1529, 'grad_norm': 0.17625102400779724, 'learning_rate': 1.4267179617692516e-05, 'entropy': 0.15763894319534302, 'num_tokens': 1593835520.0, 'mean_token_accuracy': 0.9592083334922791, 'epoch': 2.5}
{'loss': 0.1527, 'grad_norm': 0.16375227272510529, 'learning_rate': 1.4210121883556693e-05, 'entropy': 0.15744192525744438, 'num_tokens': 1594490880.0, 'mean_token_accuracy': 0.9591456472873687, 'epoch': 2.5}
{'loss': 0.1545, 'grad_norm': 0.1796274483203888, 'learning_rate': 1.415316974391404e-05, 'entropy': 0.15838734433054924, 'num_tokens': 1595146240.0, 'mean_token_accuracy': 0.9587817788124084, 'epoch': 2.5}
{'loss': 0.1529, 'grad_norm': 0.1890101432800293, 'learning_rate': 1.409632326886411e-05, 'entropy': 0.1574324831366539, 'num_tokens': 1595801600.0, 'mean_token_accuracy': 0.9591334164142609, 'epoch': 2.5}
{'loss': 0.1544, 'grad_norm': 0.18828846514225006, 'learning_rate': 1.4039582528376416e-05, 'entropy': 0.15839563459157943, 'num_tokens': 1596456960.0, 'mean_token_accuracy': 0.9588689237833024, 'epoch': 2.5}
{'loss': 0.1538, 'grad_norm': 0.1768641471862793, 'learning_rate': 1.3982947592290307e-05, 'entropy': 0.15758267790079117, 'num_tokens': 1597112320.0, 'mean_token_accuracy': 0.958839875459671, 'epoch': 2.5}
{'loss': 0.1538, 'grad_norm': 0.17769086360931396, 'learning_rate': 1.3926418530314911e-05, 'entropy': 0.15820631086826326, 'num_tokens': 1597767680.0, 'mean_token_accuracy': 0.9590294569730758, 'epoch': 2.51}
{'loss': 0.1539, 'grad_norm': 0.17428773641586304, 'learning_rate': 1.3869995412029036e-05, 'entropy': 0.15846296772360802, 'num_tokens': 1598423040.0, 'mean_token_accuracy': 0.9588903278112412, 'epoch': 2.51}
{'loss': 0.1541, 'grad_norm': 0.16864131391048431, 'learning_rate': 1.3813678306881083e-05, 'entropy': 0.1580895632505417, 'num_tokens': 1599078400.0, 'mean_token_accuracy': 0.9587726056575775, 'epoch': 2.51}
{'loss': 0.1526, 'grad_norm': 0.1796363890171051, 'learning_rate': 1.3757467284188984e-05, 'entropy': 0.1571310840547085, 'num_tokens': 1599733760.0, 'mean_token_accuracy': 0.9591945737600327, 'epoch': 2.51}
{'loss': 0.1526, 'grad_norm': 0.18566475808620453, 'learning_rate': 1.3701362413140095e-05, 'entropy': 0.15748921930789947, 'num_tokens': 1600389120.0, 'mean_token_accuracy': 0.958936196565628, 'epoch': 2.51}
{'loss': 0.1524, 'grad_norm': 0.1706329584121704, 'learning_rate': 1.3645363762791108e-05, 'entropy': 0.15721708983182908, 'num_tokens': 1601044480.0, 'mean_token_accuracy': 0.9592847764492035, 'epoch': 2.51}
{'loss': 0.1544, 'grad_norm': 0.1807318925857544, 'learning_rate': 1.3589471402067966e-05, 'entropy': 0.15822310596704484, 'num_tokens': 1601699840.0, 'mean_token_accuracy': 0.9588245868682861, 'epoch': 2.51}
{'loss': 0.1523, 'grad_norm': 0.17949408292770386, 'learning_rate': 1.3533685399765817e-05, 'entropy': 0.15695470198988914, 'num_tokens': 1602355200.0, 'mean_token_accuracy': 0.9592618435621262, 'epoch': 2.51}
{'loss': 0.1539, 'grad_norm': 0.17330777645111084, 'learning_rate': 1.3478005824548857e-05, 'entropy': 0.15802231729030608, 'num_tokens': 1603010560.0, 'mean_token_accuracy': 0.9590539187192917, 'epoch': 2.51}
{'loss': 0.1539, 'grad_norm': 0.1820971816778183, 'learning_rate': 1.3422432744950298e-05, 'entropy': 0.1580907180905342, 'num_tokens': 1603665920.0, 'mean_token_accuracy': 0.9589254945516587, 'epoch': 2.51}
{'loss': 0.1545, 'grad_norm': 0.16832362115383148, 'learning_rate': 1.3366966229372292e-05, 'entropy': 0.15902042537927627, 'num_tokens': 1604321280.0, 'mean_token_accuracy': 0.9586931049823761, 'epoch': 2.52}
{'loss': 0.1547, 'grad_norm': 0.18779955804347992, 'learning_rate': 1.3311606346085803e-05, 'entropy': 0.15917012915015222, 'num_tokens': 1604976640.0, 'mean_token_accuracy': 0.9586288928985596, 'epoch': 2.52}
{'loss': 0.1531, 'grad_norm': 0.1726042479276657, 'learning_rate': 1.3256353163230583e-05, 'entropy': 0.15785883665084838, 'num_tokens': 1605632000.0, 'mean_token_accuracy': 0.9591441184282303, 'epoch': 2.52}
{'loss': 0.1541, 'grad_norm': 0.1886334866285324, 'learning_rate': 1.3201206748814998e-05, 'entropy': 0.158799184858799, 'num_tokens': 1606287360.0, 'mean_token_accuracy': 0.958908674120903, 'epoch': 2.52}
{'loss': 0.154, 'grad_norm': 0.18582811951637268, 'learning_rate': 1.3146167170716039e-05, 'entropy': 0.15797591507434844, 'num_tokens': 1606942720.0, 'mean_token_accuracy': 0.9586885184049606, 'epoch': 2.52}
{'loss': 0.1525, 'grad_norm': 0.16942550241947174, 'learning_rate': 1.3091234496679194e-05, 'entropy': 0.15720417946577073, 'num_tokens': 1607598080.0, 'mean_token_accuracy': 0.9590187519788742, 'epoch': 2.52}
{'loss': 0.1533, 'grad_norm': 0.1814616322517395, 'learning_rate': 1.3036408794318333e-05, 'entropy': 0.15734347328543663, 'num_tokens': 1608253440.0, 'mean_token_accuracy': 0.9589667707681656, 'epoch': 2.52}
{'loss': 0.1529, 'grad_norm': 0.18251323699951172, 'learning_rate': 1.2981690131115709e-05, 'entropy': 0.1574874311685562, 'num_tokens': 1608908800.0, 'mean_token_accuracy': 0.9589973479509354, 'epoch': 2.52}
{'loss': 0.1536, 'grad_norm': 0.17537671327590942, 'learning_rate': 1.2927078574421792e-05, 'entropy': 0.15793078318238257, 'num_tokens': 1609564160.0, 'mean_token_accuracy': 0.9590233415365219, 'epoch': 2.52}
{'loss': 0.1535, 'grad_norm': 0.1812143623828888, 'learning_rate': 1.2872574191455233e-05, 'entropy': 0.15808040797710418, 'num_tokens': 1610219520.0, 'mean_token_accuracy': 0.9588368177413941, 'epoch': 2.52}
{'loss': 0.1532, 'grad_norm': 0.17773671448230743, 'learning_rate': 1.2818177049302794e-05, 'entropy': 0.1571177512407303, 'num_tokens': 1610874880.0, 'mean_token_accuracy': 0.9591823399066925, 'epoch': 2.53}
{'loss': 0.1526, 'grad_norm': 0.19388322532176971, 'learning_rate': 1.2763887214919156e-05, 'entropy': 0.15723547488451003, 'num_tokens': 1611530240.0, 'mean_token_accuracy': 0.958942312002182, 'epoch': 2.53}
{'loss': 0.1538, 'grad_norm': 0.19450394809246063, 'learning_rate': 1.2709704755126995e-05, 'entropy': 0.1583477057516575, 'num_tokens': 1612185600.0, 'mean_token_accuracy': 0.9592572569847106, 'epoch': 2.53}
{'loss': 0.1532, 'grad_norm': 0.17767585813999176, 'learning_rate': 1.2655629736616825e-05, 'entropy': 0.15720027312636375, 'num_tokens': 1612840960.0, 'mean_token_accuracy': 0.9588735103607178, 'epoch': 2.53}
{'loss': 0.1524, 'grad_norm': 0.1753719002008438, 'learning_rate': 1.2601662225946875e-05, 'entropy': 0.1572994701564312, 'num_tokens': 1613496320.0, 'mean_token_accuracy': 0.9593000620603561, 'epoch': 2.53}
{'loss': 0.1539, 'grad_norm': 0.19271713495254517, 'learning_rate': 1.2547802289543076e-05, 'entropy': 0.15828981921076773, 'num_tokens': 1614151680.0, 'mean_token_accuracy': 0.9589224338531495, 'epoch': 2.53}
{'loss': 0.1527, 'grad_norm': 0.17436538636684418, 'learning_rate': 1.2494049993698942e-05, 'entropy': 0.15705984458327293, 'num_tokens': 1614807040.0, 'mean_token_accuracy': 0.9590187519788742, 'epoch': 2.53}
{'loss': 0.1521, 'grad_norm': 0.20887839794158936, 'learning_rate': 1.2440405404575517e-05, 'entropy': 0.15638261958956717, 'num_tokens': 1615462400.0, 'mean_token_accuracy': 0.9593260556459426, 'epoch': 2.53}
{'loss': 0.1532, 'grad_norm': 0.16965627670288086, 'learning_rate': 1.2386868588201228e-05, 'entropy': 0.15742616802453996, 'num_tokens': 1616117760.0, 'mean_token_accuracy': 0.9590111076831818, 'epoch': 2.53}
{'loss': 0.1538, 'grad_norm': 0.19025152921676636, 'learning_rate': 1.2333439610471908e-05, 'entropy': 0.15732332691550255, 'num_tokens': 1616773120.0, 'mean_token_accuracy': 0.9590294539928437, 'epoch': 2.54}
{'loss': 0.1518, 'grad_norm': 0.19545988738536835, 'learning_rate': 1.228011853715061e-05, 'entropy': 0.15655298829078673, 'num_tokens': 1617428480.0, 'mean_token_accuracy': 0.9593046486377717, 'epoch': 2.54}
{'loss': 0.1539, 'grad_norm': 0.19405332207679749, 'learning_rate': 1.2226905433867598e-05, 'entropy': 0.15810958817601203, 'num_tokens': 1618083840.0, 'mean_token_accuracy': 0.9590080499649047, 'epoch': 2.54}
{'loss': 0.1533, 'grad_norm': 0.1745806336402893, 'learning_rate': 1.2173800366120225e-05, 'entropy': 0.1581534691154957, 'num_tokens': 1618739200.0, 'mean_token_accuracy': 0.9590676754713059, 'epoch': 2.54}
{'loss': 0.1538, 'grad_norm': 0.17799697816371918, 'learning_rate': 1.2120803399272906e-05, 'entropy': 0.15810003206133844, 'num_tokens': 1619394560.0, 'mean_token_accuracy': 0.9589224338531495, 'epoch': 2.54}
{'loss': 0.1547, 'grad_norm': 0.18827927112579346, 'learning_rate': 1.2067914598556918e-05, 'entropy': 0.15870333686470986, 'num_tokens': 1620049920.0, 'mean_token_accuracy': 0.9589056193828582, 'epoch': 2.54}
{'loss': 0.1544, 'grad_norm': 0.17016689479351044, 'learning_rate': 1.2015134029070497e-05, 'entropy': 0.15907153785228728, 'num_tokens': 1620705280.0, 'mean_token_accuracy': 0.9587236821651459, 'epoch': 2.54}
{'loss': 0.1534, 'grad_norm': 0.19290266931056976, 'learning_rate': 1.196246175577861e-05, 'entropy': 0.1578192077577114, 'num_tokens': 1621360640.0, 'mean_token_accuracy': 0.9588597506284714, 'epoch': 2.54}
{'loss': 0.1535, 'grad_norm': 0.17944081127643585, 'learning_rate': 1.190989784351293e-05, 'entropy': 0.15802037864923477, 'num_tokens': 1622016000.0, 'mean_token_accuracy': 0.9588735103607178, 'epoch': 2.54}
{'loss': 0.1524, 'grad_norm': 0.17991439998149872, 'learning_rate': 1.185744235697176e-05, 'entropy': 0.1567700907588005, 'num_tokens': 1622671360.0, 'mean_token_accuracy': 0.9590462744235992, 'epoch': 2.54}
{'loss': 0.1535, 'grad_norm': 0.17951712012290955, 'learning_rate': 1.1805095360719964e-05, 'entropy': 0.15788918286561965, 'num_tokens': 1623326720.0, 'mean_token_accuracy': 0.9590630888938904, 'epoch': 2.55}
{'loss': 0.1519, 'grad_norm': 0.17969562113285065, 'learning_rate': 1.1752856919188848e-05, 'entropy': 0.15650105401873587, 'num_tokens': 1623982080.0, 'mean_token_accuracy': 0.9592847734689712, 'epoch': 2.55}
{'loss': 0.1542, 'grad_norm': 0.17745542526245117, 'learning_rate': 1.1700727096676112e-05, 'entropy': 0.15869685932993888, 'num_tokens': 1624637440.0, 'mean_token_accuracy': 0.9588689237833024, 'epoch': 2.55}
{'loss': 0.154, 'grad_norm': 0.18424572050571442, 'learning_rate': 1.1648705957345763e-05, 'entropy': 0.1578620605170727, 'num_tokens': 1625292800.0, 'mean_token_accuracy': 0.9587894231081009, 'epoch': 2.55}
{'loss': 0.1531, 'grad_norm': 0.17499803006649017, 'learning_rate': 1.1596793565228014e-05, 'entropy': 0.15750004425644876, 'num_tokens': 1625948160.0, 'mean_token_accuracy': 0.9590676754713059, 'epoch': 2.55}
{'loss': 0.1535, 'grad_norm': 0.16360792517662048, 'learning_rate': 1.154498998421928e-05, 'entropy': 0.15801020041108133, 'num_tokens': 1626603520.0, 'mean_token_accuracy': 0.9589790046215058, 'epoch': 2.55}
{'loss': 0.1539, 'grad_norm': 0.1772005409002304, 'learning_rate': 1.1493295278081994e-05, 'entropy': 0.15782770216464997, 'num_tokens': 1627258880.0, 'mean_token_accuracy': 0.9587878942489624, 'epoch': 2.55}
{'loss': 0.1532, 'grad_norm': 0.18657603859901428, 'learning_rate': 1.1441709510444587e-05, 'entropy': 0.15728726238012314, 'num_tokens': 1627914240.0, 'mean_token_accuracy': 0.9591380029916763, 'epoch': 2.55}
{'loss': 0.1532, 'grad_norm': 0.17265936732292175, 'learning_rate': 1.1390232744801455e-05, 'entropy': 0.1579119123518467, 'num_tokens': 1628569600.0, 'mean_token_accuracy': 0.9589958190917969, 'epoch': 2.55}
{'loss': 0.154, 'grad_norm': 0.18641303479671478, 'learning_rate': 1.1338865044512737e-05, 'entropy': 0.15834008455276488, 'num_tokens': 1629224960.0, 'mean_token_accuracy': 0.9587909519672394, 'epoch': 2.55}
{'loss': 0.1527, 'grad_norm': 0.1737367808818817, 'learning_rate': 1.1287606472804403e-05, 'entropy': 0.15718310996890067, 'num_tokens': 1629880320.0, 'mean_token_accuracy': 0.9592603117227554, 'epoch': 2.56}
{'loss': 0.1539, 'grad_norm': 0.18411941826343536, 'learning_rate': 1.123645709276807e-05, 'entropy': 0.15815988704562187, 'num_tokens': 1630535680.0, 'mean_token_accuracy': 0.9589285492897034, 'epoch': 2.56}
{'loss': 0.1533, 'grad_norm': 0.18054834008216858, 'learning_rate': 1.1185416967360974e-05, 'entropy': 0.15746028646826743, 'num_tokens': 1631191040.0, 'mean_token_accuracy': 0.9592603117227554, 'epoch': 2.56}
{'loss': 0.1531, 'grad_norm': 0.18055739998817444, 'learning_rate': 1.1134486159405876e-05, 'entropy': 0.15798718482255936, 'num_tokens': 1631846400.0, 'mean_token_accuracy': 0.9589438378810883, 'epoch': 2.56}
{'loss': 0.1521, 'grad_norm': 0.17770153284072876, 'learning_rate': 1.1083664731590947e-05, 'entropy': 0.15640995353460313, 'num_tokens': 1632501760.0, 'mean_token_accuracy': 0.9593398183584213, 'epoch': 2.56}
{'loss': 0.1529, 'grad_norm': 0.17867109179496765, 'learning_rate': 1.1032952746469782e-05, 'entropy': 0.15724005922675133, 'num_tokens': 1633157120.0, 'mean_token_accuracy': 0.9591303616762161, 'epoch': 2.56}
{'loss': 0.1537, 'grad_norm': 0.17493881285190582, 'learning_rate': 1.0982350266461227e-05, 'entropy': 0.1572672940790653, 'num_tokens': 1633812480.0, 'mean_token_accuracy': 0.9588475227355957, 'epoch': 2.56}
{'loss': 0.1528, 'grad_norm': 0.20107601583003998, 'learning_rate': 1.0931857353849362e-05, 'entropy': 0.1574728012084961, 'num_tokens': 1634467840.0, 'mean_token_accuracy': 0.9590844929218292, 'epoch': 2.56}
{'loss': 0.1552, 'grad_norm': 0.17842034995555878, 'learning_rate': 1.0881474070783392e-05, 'entropy': 0.15921465307474136, 'num_tokens': 1635123200.0, 'mean_token_accuracy': 0.9585662096738815, 'epoch': 2.56}
{'loss': 0.1536, 'grad_norm': 0.18026140332221985, 'learning_rate': 1.0831200479277604e-05, 'entropy': 0.15805568769574166, 'num_tokens': 1635778560.0, 'mean_token_accuracy': 0.9587985962629318, 'epoch': 2.56}
{'loss': 0.1526, 'grad_norm': 0.19175009429454803, 'learning_rate': 1.078103664121125e-05, 'entropy': 0.15699020847678186, 'num_tokens': 1636433920.0, 'mean_token_accuracy': 0.9591013103723526, 'epoch': 2.57}
{'loss': 0.1532, 'grad_norm': 0.18453127145767212, 'learning_rate': 1.0730982618328534e-05, 'entropy': 0.15789583027362825, 'num_tokens': 1637089280.0, 'mean_token_accuracy': 0.9590325117111206, 'epoch': 2.57}
{'loss': 0.1536, 'grad_norm': 0.18631872534751892, 'learning_rate': 1.0681038472238424e-05, 'entropy': 0.15842011347413062, 'num_tokens': 1637744640.0, 'mean_token_accuracy': 0.958971357345581, 'epoch': 2.57}
{'loss': 0.1522, 'grad_norm': 0.1752845048904419, 'learning_rate': 1.0631204264414696e-05, 'entropy': 0.15655701234936714, 'num_tokens': 1638400000.0, 'mean_token_accuracy': 0.9591899871826172, 'epoch': 2.57}
{'eval_loss': 0.150907963514328, 'eval_runtime': 78.2232, 'eval_samples_per_second': 63.92, 'eval_steps_per_second': 1.01, 'eval_entropy': 0.15603585673283926, 'eval_num_tokens': 1638400000.0, 'eval_mean_token_accuracy': 0.9598570171790787, 'epoch': 2.57}
{'loss': 0.1518, 'grad_norm': 0.1900763362646103, 'learning_rate': 1.0581480056195803e-05, 'entropy': 0.15658252239227294, 'num_tokens': 1639055360.0, 'mean_token_accuracy': 0.9595293909311294, 'epoch': 2.57}
{'loss': 0.1534, 'grad_norm': 0.1927863359451294, 'learning_rate': 1.0531865908784787e-05, 'entropy': 0.15771455317735672, 'num_tokens': 1639710720.0, 'mean_token_accuracy': 0.9587894231081009, 'epoch': 2.57}
{'loss': 0.1536, 'grad_norm': 0.18412871658802032, 'learning_rate': 1.0482361883249259e-05, 'entropy': 0.15780986249446868, 'num_tokens': 1640366080.0, 'mean_token_accuracy': 0.9588811546564102, 'epoch': 2.57}
