Starting CRTBP Data Generation on gpua066.delta.ncsa.illinois.edu at Tue Aug 18 04:11:40 CDT 2026
Starting dataset generation for 6 mission types. Output: 'crtbp_llm_dataset_20260818_041140.jsonl'
[Multiple Shooting] Converged in 2 iterations with residual 2.93e-12
[Solver Step 001000] t= 0.418 | Pos Err:    0.48 km | Vel Err:    0.01 m/s
[Solver Step 002000] t= 0.921 | Pos Err:    6.38 km | Vel Err:    0.12 m/s
[Solver Step 003000] t= 1.342 | Pos Err:  100.80 km | Vel Err:    2.21 m/s
[Solver Step 004000] t= 1.750 | Pos Err:   72.01 km | Vel Err:    1.56 m/s
[Solver Step 005000] t= 2.242 | Pos Err:    0.79 km | Vel Err:    0.02 m/s
[Solver Step 006000] t= 2.633 | Pos Err:    0.09 km | Vel Err:    0.01 m/s
[Solver Step 007000] t= 3.093 | Pos Err:    8.38 km | Vel Err:    0.20 m/s
Completed [HALO_L1] Trajectory 1/120 | Saved 592 samples | Total: 592
[Solver Step 001000] t= 0.417 | Pos Err:    0.43 km | Vel Err:    0.01 m/s
[Solver Step 002000] t= 0.791 | Pos Err:    0.07 km | Vel Err:    0.00 m/s
[Solver Step 003000] t= 1.100 | Pos Err:    0.01 km | Vel Err:    0.04 m/s
[Solver Step 004000] t= 1.552 | Pos Err:    0.05 km | Vel Err:    0.00 m/s
[Solver Step 005000] t= 2.103 | Pos Err:    0.05 km | Vel Err:    0.00 m/s
[Solver Step 006000] t= 2.516 | Pos Err:    0.05 km | Vel Err:    0.01 m/s
[Solver Step 007000] t= 3.016 | Pos Err:    0.05 km | Vel Err:    0.00 m/s
[Solver Step 008000] t= 3.568 | Pos Err:    0.05 km | Vel Err:    0.00 m/s
[Solver Step 009000] t= 4.058 | Pos Err:    0.05 km | Vel Err:    0.01 m/s
[Solver Step 010000] t= 4.460 | Pos Err:    0.05 km | Vel Err:    0.00 m/s
[Solver Step 011000] t= 4.998 | Pos Err:    0.05 km | Vel Err:    0.00 m/s
[Solver Step 012000] t= 5.585 | Pos Err:    0.04 km | Vel Err:    0.05 m/s
[Solver Step 013000] t= 6.067 | Pos Err:    0.05 km | Vel Err:    0.00 m/s
[Solver Step 014000] t= 6.469 | Pos Err:    0.06 km | Vel Err:    0.00 m/s
[Solver Step 015000] t= 7.026 | Pos Err:    0.03 km | Vel Err:    0.08 m/s
Completed [MOON_ORBIT] Trajectory 2/120 | Saved 1314 samples | Total: 1906
[Solver Step 001000] t= 0.215 | Pos Err:   19.00 km | Vel Err:    0.42 m/s
[Solver Step 002000] t= 0.468 | Pos Err:    2.35 km | Vel Err:    0.07 m/s
[Solver Step 003000] t= 0.710 | Pos Err:    0.34 km | Vel Err:    0.06 m/s
[Solver Step 004000] t= 0.925 | Pos Err:    0.02 km | Vel Err:    0.00 m/s
[Solver Step 005000] t= 1.175 | Pos Err:    0.07 km | Vel Err:    0.00 m/s
[Solver Step 006000] t= 1.429 | Pos Err:    0.08 km | Vel Err:    0.05 m/s
[Solver Step 007000] t= 1.656 | Pos Err:    0.07 km | Vel Err:    0.00 m/s
[Solver Step 008000] t= 1.871 | Pos Err:    0.08 km | Vel Err:    0.00 m/s
[Solver Step 009000] t= 2.132 | Pos Err:    0.26 km | Vel Err:    0.22 m/s
[Solver Step 010000] t= 2.371 | Pos Err:    0.06 km | Vel Err:    0.00 m/s
[Solver Step 011000] t= 2.582 | Pos Err:    0.06 km | Vel Err:    0.00 m/s
[Solver Step 012000] t= 2.833 | Pos Err:    1.71 km | Vel Err:    1.31 m/s
[Solver Step 013000] t= 3.087 | Pos Err:    0.06 km | Vel Err:    0.00 m/s
[Solver Step 014000] t= 3.305 | Pos Err:    0.03 km | Vel Err:    0.00 m/s
[Solver Step 015000] t= 3.529 | Pos Err:    0.78 km | Vel Err:    0.59 m/s
[Solver Step 016000] t= 3.792 | Pos Err:    0.04 km | Vel Err:    0.01 m/s
[Solver Step 017000] t= 4.032 | Pos Err:    0.01 km | Vel Err:    0.00 m/s
[Solver Step 018000] t= 4.238 | Pos Err:    0.40 km | Vel Err:    0.24 m/s
[Solver Step 019000] t= 4.493 | Pos Err:    0.04 km | Vel Err:    0.02 m/s
[Solver Step 020000] t= 4.745 | Pos Err:    0.03 km | Vel Err:    0.00 m/s
[Solver Step 021000] t= 4.961 | Pos Err:    0.19 km | Vel Err:    0.12 m/s
[Solver Step 022000] t= 5.184 | Pos Err:    0.02 km | Vel Err:    0.01 m/s
[Solver Step 023000] t= 5.450 | Pos Err:    0.04 km | Vel Err:    0.00 m/s
[Solver Step 024000] t= 5.691 | Pos Err:    0.13 km | Vel Err:    0.11 m/s
[Solver Step 025000] t= 5.897 | Pos Err:    0.06 km | Vel Err:    0.00 m/s
[Solver Step 026000] t= 6.154 | Pos Err:    0.05 km | Vel Err:    0.00 m/s
[Solver Step 027000] t= 6.406 | Pos Err:    0.24 km | Vel Err:    0.24 m/s
[Solver Step 028000] t= 6.616 | Pos Err:    0.08 km | Vel Err:    0.00 m/s
[Solver Step 029000] t= 6.845 | Pos Err:    0.08 km | Vel Err:    0.00 m/s
Completed [TRANSFER] Trajectory 3/120 | Saved 2399 samples | Total: 4305
[Multiple Shooting] Converged in 2 iterations with residual 1.35e-15
[Solver Step 001000] t= 0.472 | Pos Err:    0.19 km | Vel Err:    0.00 m/s
[Solver Step 002000] t= 0.999 | Pos Err:    0.12 km | Vel Err:    0.00 m/s
[Solver Step 003000] t= 1.591 | Pos Err:    0.18 km | Vel Err:    0.02 m/s
[Solver Step 004000] t= 2.106 | Pos Err:    0.22 km | Vel Err:    0.01 m/s
[Solver Step 005000] t= 2.510 | Pos Err:    0.33 km | Vel Err:    0.01 m/s
[Solver Step 006000] t= 3.033 | Pos Err:    4.33 km | Vel Err:    0.11 m/s
Completed [HALO_L2] Trajectory 4/120 | Saved 516 samples | Total: 4821
[Solver Step 001000] t= 0.218 | Pos Err:   11.67 km | Vel Err:    0.20 m/s
[Solver Step 002000] t= 0.470 | Pos Err:    1.42 km | Vel Err:    0.01 m/s
[Solver Step 003000] t= 0.713 | Pos Err:    0.17 km | Vel Err:    0.02 m/s
[Solver Step 004000] t= 0.930 | Pos Err:    0.01 km | Vel Err:    0.00 m/s
[Solver Step 005000] t= 1.178 | Pos Err:    0.04 km | Vel Err:    0.00 m/s
[Solver Step 006000] t= 1.431 | Pos Err:    0.08 km | Vel Err:    0.04 m/s
[Solver Step 007000] t= 1.661 | Pos Err:    0.07 km | Vel Err:    0.00 m/s
[Solver Step 008000] t= 1.876 | Pos Err:    0.05 km | Vel Err:    0.00 m/s
[Solver Step 009000] t= 2.134 | Pos Err:    0.17 km | Vel Err:    0.11 m/s
[Solver Step 010000] t= 2.377 | Pos Err:    0.07 km | Vel Err:    0.00 m/s
[Solver Step 011000] t= 2.590 | Pos Err:    0.05 km | Vel Err:    0.00 m/s
[Solver Step 012000] t= 2.837 | Pos Err:    0.96 km | Vel Err:    0.77 m/s
[Solver Step 013000] t= 3.092 | Pos Err:    0.07 km | Vel Err:    0.00 m/s
[Solver Step 014000] t= 3.313 | Pos Err:    0.04 km | Vel Err:    0.00 m/s
[Solver Step 015000] t= 3.535 | Pos Err:    0.69 km | Vel Err:    0.54 m/s
[Solver Step 016000] t= 3.796 | Pos Err:    0.07 km | Vel Err:    0.00 m/s
[Solver Step 017000] t= 4.038 | Pos Err:    0.04 km | Vel Err:    0.00 m/s
[Solver Step 018000] t= 4.246 | Pos Err:    0.33 km | Vel Err:    0.22 m/s
[Solver Step 019000] t= 4.496 | Pos Err:    0.03 km | Vel Err:    0.02 m/s
[Solver Step 020000] t= 4.750 | Pos Err:    0.02 km | Vel Err:    0.00 m/s
[Solver Step 021000] t= 4.967 | Pos Err:    0.12 km | Vel Err:    0.11 m/s
[Solver Step 022000] t= 5.188 | Pos Err:    0.03 km | Vel Err:    0.01 m/s
[Solver Step 023000] t= 5.454 | Pos Err:    0.02 km | Vel Err:    0.00 m/s
[Solver Step 024000] t= 5.696 | Pos Err:    0.10 km | Vel Err:    0.12 m/s
[Solver Step 025000] t= 5.905 | Pos Err:    0.03 km | Vel Err:    0.00 m/s
[Solver Step 026000] t= 6.158 | Pos Err:    0.01 km | Vel Err:    0.00 m/s
[Solver Step 027000] t= 6.412 | Pos Err:    0.25 km | Vel Err:    0.24 m/s
[Solver Step 028000] t= 6.625 | Pos Err:    0.05 km | Vel Err:    0.00 m/s
[Solver Step 029000] t= 6.850 | Pos Err:    0.02 km | Vel Err:    0.00 m/s
Completed [TRANSFER] Trajectory 5/120 | Saved 2399 samples | Total: 7220
[Multiple Shooting] Converged in 7 iterations with residual 2.00e-14
[Solver Step 001000] t= 0.316 | Pos Err:  172.14 km | Vel Err:    3.56 m/s
[Solver Step 002000] t= 0.640 | Pos Err:  524.38 km | Vel Err:    9.43 m/s
[Solver Step 003000] t= 0.982 | Pos Err:   58.07 km | Vel Err:    1.03 m/s
[Solver Step 004000] t= 1.298 | Pos Err:  832.66 km | Vel Err:   17.89 m/s
[Solver Step 005000] t= 1.637 | Pos Err:   62.12 km | Vel Err:    1.09 m/s
[Solver Step 006000] t= 1.966 | Pos Err:  348.57 km | Vel Err:    6.65 m/s
[Solver Step 007000] t= 2.291 | Pos Err:  128.71 km | Vel Err:    2.73 m/s
Completed [DRO] Trajectory 6/120 | Saved 638 samples | Total: 7858
[Multiple Shooting] Converged in 7 iterations with residual 1.50e-14
[Solver Step 001000] t= 0.321 | Pos Err:  179.56 km | Vel Err:    3.71 m/s
[Solver Step 002000] t= 0.644 | Pos Err:  506.25 km | Vel Err:    9.24 m/s
[Solver Step 003000] t= 0.986 | Pos Err:   58.15 km | Vel Err:    0.98 m/s
[Solver Step 004000] t= 1.301 | Pos Err:  821.22 km | Vel Err:   17.81 m/s
[Solver Step 005000] t= 1.640 | Pos Err:   59.61 km | Vel Err:    1.07 m/s
[Solver Step 006000] t= 1.970 | Pos Err:  353.95 km | Vel Err:    6.52 m/s
[Solver Step 007000] t= 2.294 | Pos Err:  110.09 km | Vel Err:    2.39 m/s
Completed [DRO] Trajectory 7/120 | Saved 637 samples | Total: 8495
[Multiple Shooting] Converged in 4 iterations with residual 2.83e-15
[Solver Step 001000] t= 0.374 | Pos Err:    4.68 km | Vel Err:    0.11 m/s
[Solver Step 002000] t= 0.750 | Pos Err:   12.14 km | Vel Err:    0.22 m/s
[Solver Step 003000] t= 1.117 | Pos Err:    3.08 km | Vel Err:    0.07 m/s
[Solver Step 004000] t= 1.479 | Pos Err:    8.89 km | Vel Err:    0.16 m/s
[Solver Step 005000] t= 1.858 | Pos Err:    0.94 km | Vel Err:    0.01 m/s
[Solver Step 006000] t= 2.237 | Pos Err:   11.03 km | Vel Err:    0.22 m/s
Completed [DRO] Trajectory 8/120 | Saved 556 samples | Total: 9051
[Solver Step 001000] t= 0.415 | Pos Err:    2.37 km | Vel Err:    0.05 m/s
[Solver Step 002000] t= 0.819 | Pos Err:    0.08 km | Vel Err:    0.00 m/s
[Solver Step 003000] t= 1.260 | Pos Err:    0.06 km | Vel Err:    0.01 m/s
[Solver Step 004000] t= 1.608 | Pos Err:    0.08 km | Vel Err:    0.00 m/s
[Solver Step 005000] t= 1.993 | Pos Err:    0.08 km | Vel Err:    0.00 m/s
[Solver Step 006000] t= 2.446 | Pos Err:    0.06 km | Vel Err:    0.02 m/s
[Solver Step 007000] t= 2.847 | Pos Err:    0.04 km | Vel Err:    0.00 m/s
[Solver Step 008000] t= 3.244 | Pos Err:    0.04 km | Vel Err:    0.00 m/s
[Solver Step 009000] t= 3.619 | Pos Err:    0.08 km | Vel Err:    0.08 m/s
[Solver Step 010000] t= 4.034 | Pos Err:    0.08 km | Vel Err:    0.00 m/s
[Solver Step 011000] t= 4.453 | Pos Err:    0.09 km | Vel Err:    0.00 m/s
[Solver Step 012000] t= 4.895 | Pos Err:    0.07 km | Vel Err:    0.04 m/s
[Solver Step 013000] t= 5.234 | Pos Err:    0.06 km | Vel Err:    0.00 m/s
[Solver Step 014000] t= 5.632 | Pos Err:    0.03 km | Vel Err:    0.00 m/s
[Solver Step 015000] t= 6.111 | Pos Err:    0.06 km | Vel Err:    0.02 m/s
[Solver Step 016000] t= 6.497 | Pos Err:    0.08 km | Vel Err:    0.00 m/s
[Solver Step 017000] t= 6.924 | Pos Err:    0.09 km | Vel Err:    0.00 m/s
[Solver Step 018000] t= 7.268 | Pos Err:    0.15 km | Vel Err:    0.10 m/s
[Solver Step 019000] t= 7.689 | Pos Err:    0.04 km | Vel Err:    0.00 m/s
[Solver Step 020000] t= 8.168 | Pos Err:    0.04 km | Vel Err:    0.00 m/s
[Solver Step 021000] t= 8.554 | Pos Err:    0.03 km | Vel Err:    0.03 m/s
[Solver Step 022000] t= 8.922 | Pos Err:    0.06 km | Vel Err:    0.00 m/s
[Solver Step 023000] t= 9.315 | Pos Err:    0.08 km | Vel Err:    0.00 m/s
[Solver Step 024000] t= 9.774 | Pos Err:    0.07 km | Vel Err:    0.03 m/s
[Solver Step 025000] t=10.174 | Pos Err:    0.07 km | Vel Err:    0.00 m/s
[Solver Step 026000] t=10.574 | Pos Err:    0.05 km | Vel Err:    0.00 m/s
[Solver Step 027000] t=10.934 | Pos Err:    0.10 km | Vel Err:    0.09 m/s
[Solver Step 028000] t=11.353 | Pos Err:    0.08 km | Vel Err:    0.00 m/s
[Solver Step 029000] t=11.809 | Pos Err:    0.09 km | Vel Err:    0.00 m/s
[Solver Step 030000] t=12.178 | Pos Err:    0.08 km | Vel Err:    0.03 m/s
Completed [EARTH_ORBIT] Trajectory 9/120 | Saved 2583 samples | Total: 11634
[Solver Step 001000] t= 0.416 | Pos Err:    0.62 km | Vel Err:    0.01 m/s
[Solver Step 002000] t= 0.790 | Pos Err:    0.07 km | Vel Err:    0.00 m/s
[Solver Step 003000] t= 1.099 | Pos Err:    0.01 km | Vel Err:    0.04 m/s
[Solver Step 004000] t= 1.551 | Pos Err:    0.05 km | Vel Err:    0.00 m/s
[Solver Step 005000] t= 2.102 | Pos Err:    0.05 km | Vel Err:    0.00 m/s
[Solver Step 006000] t= 2.515 | Pos Err:    0.05 km | Vel Err:    0.01 m/s
[Solver Step 007000] t= 3.014 | Pos Err:    0.05 km | Vel Err:    0.00 m/s
[Solver Step 008000] t= 3.567 | Pos Err:    0.04 km | Vel Err:    0.00 m/s
[Solver Step 009000] t= 4.057 | Pos Err:    0.04 km | Vel Err:    0.01 m/s
[Solver Step 010000] t= 4.459 | Pos Err:    0.04 km | Vel Err:    0.00 m/s
[Solver Step 011000] t= 4.997 | Pos Err:    0.04 km | Vel Err:    0.00 m/s
[Solver Step 012000] t= 5.584 | Pos Err:    0.03 km | Vel Err:    0.05 m/s
[Solver Step 013000] t= 6.066 | Pos Err:    0.05 km | Vel Err:    0.00 m/s
[Solver Step 014000] t= 6.467 | Pos Err:    0.06 km | Vel Err:    0.00 m/s
[Solver Step 015000] t= 7.025 | Pos Err:    0.03 km | Vel Err:    0.08 m/s
Completed [MOON_ORBIT] Trajectory 10/120 | Saved 1314 samples | Total: 12948
[Solver Step 001000] t= 0.420 | Pos Err:    0.41 km | Vel Err:    0.01 m/s
[Solver Step 002000] t= 0.794 | Pos Err:    0.07 km | Vel Err:    0.00 m/s
[Solver Step 003000] t= 1.103 | Pos Err:    0.01 km | Vel Err:    0.04 m/s
[Solver Step 004000] t= 1.556 | Pos Err:    0.05 km | Vel Err:    0.00 m/s
[Solver Step 005000] t= 2.106 | Pos Err:    0.05 km | Vel Err:    0.00 m/s
[Solver Step 006000] t= 2.519 | Pos Err:    0.05 km | Vel Err:    0.01 m/s
[Solver Step 007000] t= 3.020 | Pos Err:    0.05 km | Vel Err:    0.00 m/s
[Solver Step 008000] t= 3.572 | Pos Err:    0.05 km | Vel Err:    0.00 m/s
[Solver Step 009000] t= 4.061 | Pos Err:    0.05 km | Vel Err:    0.01 m/s
[Solver Step 010000] t= 4.463 | Pos Err:    0.05 km | Vel Err:    0.00 m/s
[Solver Step 011000] t= 5.002 | Pos Err:    0.05 km | Vel Err:    0.00 m/s
[Solver Step 012000] t= 5.589 | Pos Err:    0.04 km | Vel Err:    0.05 m/s
[Solver Step 013000] t= 6.070 | Pos Err:    0.06 km | Vel Err:    0.00 m/s
[Solver Step 014000] t= 6.472 | Pos Err:    0.06 km | Vel Err:    0.00 m/s
[Solver Step 015000] t= 7.030 | Pos Err:    0.04 km | Vel Err:    0.08 m/s
Completed [MOON_ORBIT] Trajectory 11/120 | Saved 1313 samples | Total: 14261
[Multiple Shooting] Converged in 2 iterations with residual 2.85e-11
[Solver Step 001000] t= 0.435 | Pos Err:    0.25 km | Vel Err:    0.01 m/s
[Solver Step 002000] t= 0.877 | Pos Err:    0.36 km | Vel Err:    0.01 m/s
[Solver Step 003000] t= 1.361 | Pos Err:    0.39 km | Vel Err:    0.03 m/s
[Solver Step 004000] t= 1.790 | Pos Err:    6.23 km | Vel Err:    0.16 m/s
[Solver Step 005000] t= 2.148 | Pos Err:  236.20 km | Vel Err:    4.80 m/s
[Solver Step 006000] t= 2.587 | Pos Err:   35.92 km | Vel Err:    0.83 m/s
[Solver Step 007000] t= 3.070 | Pos Err:   48.87 km | Vel Err:    1.08 m/s
Completed [HALO_L1] Trajectory 12/120 | Saved 595 samples | Total: 14856
[Multiple Shooting] Converged in 2 iterations with residual 4.30e-13
[Solver Step 001000] t= 0.458 | Pos Err:    0.27 km | Vel Err:    0.01 m/s
[Solver Step 002000] t= 0.911 | Pos Err:    0.23 km | Vel Err:    0.00 m/s
[Solver Step 003000] t= 1.357 | Pos Err:    0.32 km | Vel Err:    0.01 m/s
[Solver Step 004000] t= 1.809 | Pos Err:    1.71 km | Vel Err:    0.04 m/s
[Solver Step 005000] t= 2.274 | Pos Err:    0.35 km | Vel Err:    0.01 m/s
[Solver Step 006000] t= 2.687 | Pos Err:    0.11 km | Vel Err:    0.01 m/s
Completed [HALO_L2] Trajectory 13/120 | Saved 573 samples | Total: 15429
[Multiple Shooting] Converged in 2 iterations with residual 1.38e-15
[Solver Step 001000] t= 0.461 | Pos Err:    0.46 km | Vel Err:    0.01 m/s
[Solver Step 002000] t= 1.020 | Pos Err:    0.14 km | Vel Err:    0.00 m/s
[Solver Step 003000] t= 1.616 | Pos Err:    0.09 km | Vel Err:    0.01 m/s
[Solver Step 004000] t= 2.045 | Pos Err:    0.32 km | Vel Err:    0.01 m/s
[Solver Step 005000] t= 2.505 | Pos Err:    0.33 km | Vel Err:    0.01 m/s
[Solver Step 006000] t= 3.059 | Pos Err:    5.41 km | Vel Err:    0.14 m/s
Completed [HALO_L2] Trajectory 14/120 | Saved 512 samples | Total: 15941
[Multiple Shooting] Converged in 2 iterations with residual 2.90e-11
[Solver Step 001000] t= 0.468 | Pos Err:    0.36 km | Vel Err:    0.01 m/s
[Solver Step 002000] t= 0.879 | Pos Err:    0.37 km | Vel Err:    0.01 m/s
[Solver Step 003000] t= 1.334 | Pos Err:    0.41 km | Vel Err:    0.02 m/s
[Solver Step 004000] t= 1.767 | Pos Err:   16.02 km | Vel Err:    0.31 m/s
[Solver Step 005000] t= 2.175 | Pos Err:  434.89 km | Vel Err:    8.28 m/s
[Solver Step 006000] t= 2.554 | Pos Err:  365.48 km | Vel Err:    8.21 m/s
[Solver Step 007000] t= 3.060 | Pos Err:   89.40 km | Vel Err:    1.99 m/s
Completed [HALO_L1] Trajectory 15/120 | Saved 596 samples | Total: 16537
[Multiple Shooting] Converged in 6 iterations with residual 1.68e-11
[Solver Step 001000] t= 0.305 | Pos Err: 1167.61 km | Vel Err:   26.15 m/s
[Solver Step 002000] t= 0.694 | Pos Err:  100.75 km | Vel Err:    2.87 m/s
[Solver Step 003000] t= 1.056 | Pos Err: 2209.39 km | Vel Err:   57.09 m/s
[Solver Step 004000] t= 1.388 | Pos Err:  135.31 km | Vel Err:    1.80 m/s
[Solver Step 005000] t= 1.786 | Pos Err: 1691.73 km | Vel Err:   30.96 m/s
[Solver Step 006000] t= 2.111 | Pos Err:  444.98 km | Vel Err:    8.27 m/s
Completed [DRO] Trajectory 16/120 | Saved 565 samples | Total: 17102
[Multiple Shooting] Converged in 19 iterations with residual 2.09e-15
[Solver Step 001000] t= 0.480 | Pos Err:    1.21 km | Vel Err:    0.03 m/s
[Solver Step 002000] t= 0.953 | Pos Err:    0.06 km | Vel Err:    0.00 m/s
[Solver Step 003000] t= 1.525 | Pos Err:    0.08 km | Vel Err:    0.00 m/s
[Solver Step 004000] t= 2.012 | Pos Err:    0.13 km | Vel Err:    0.00 m/s
[Solver Step 005000] t= 2.482 | Pos Err:    3.43 km | Vel Err:    0.09 m/s
Completed [DRO] Trajectory 17/120 | Saved 423 samples | Total: 17525
[Multiple Shooting] Converged in 2 iterations with residual 1.18e-15
[Solver Step 001000] t= 0.485 | Pos Err:    0.19 km | Vel Err:    0.01 m/s
[Solver Step 002000] t= 0.961 | Pos Err:    0.17 km | Vel Err:    0.00 m/s
[Solver Step 003000] t= 1.434 | Pos Err:    0.17 km | Vel Err:    0.01 m/s
[Solver Step 004000] t= 1.971 | Pos Err:    0.20 km | Vel Err:    0.01 m/s
[Solver Step 005000] t= 2.526 | Pos Err:    0.29 km | Vel Err:    0.01 m/s
[Solver Step 006000] t= 2.928 | Pos Err:    1.68 km | Vel Err:    0.03 m/s
Completed [HALO_L2] Trajectory 18/120 | Saved 540 samples | Total: 18065
[Solver Step 001000] t= 0.215 | Pos Err:    9.76 km | Vel Err:    0.24 m/s
[Solver Step 002000] t= 0.469 | Pos Err:    1.18 km | Vel Err:    0.04 m/s
[Solver Step 003000] t= 0.712 | Pos Err:    0.15 km | Vel Err:    0.04 m/s
[Solver Step 004000] t= 0.927 | Pos Err:    0.01 km | Vel Err:    0.00 m/s
[Solver Step 005000] t= 1.176 | Pos Err:    0.05 km | Vel Err:    0.00 m/s
[Solver Step 006000] t= 1.429 | Pos Err:    0.06 km | Vel Err:    0.03 m/s
[Solver Step 007000] t= 1.658 | Pos Err:    0.05 km | Vel Err:    0.00 m/s
[Solver Step 008000] t= 1.873 | Pos Err:    0.05 km | Vel Err:    0.00 m/s
[Solver Step 009000] t= 2.133 | Pos Err:    0.19 km | Vel Err:    0.15 m/s
[Solver Step 010000] t= 2.374 | Pos Err:    0.04 km | Vel Err:    0.00 m/s
[Solver Step 011000] t= 2.586 | Pos Err:    0.03 km | Vel Err:    0.00 m/s
[Solver Step 012000] t= 2.835 | Pos Err:    1.35 km | Vel Err:    1.06 m/s
[Solver Step 013000] t= 3.090 | Pos Err:    0.04 km | Vel Err:    0.00 m/s
[Solver Step 014000] t= 3.309 | Pos Err:    0.01 km | Vel Err:    0.00 m/s
[Solver Step 015000] t= 3.532 | Pos Err:    0.75 km | Vel Err:    0.57 m/s
[Solver Step 016000] t= 3.794 | Pos Err:    0.03 km | Vel Err:    0.01 m/s
[Solver Step 017000] t= 4.035 | Pos Err:    0.02 km | Vel Err:    0.00 m/s
[Solver Step 018000] t= 4.242 | Pos Err:    0.38 km | Vel Err:    0.23 m/s
[Solver Step 019000] t= 4.494 | Pos Err:    0.01 km | Vel Err:    0.02 m/s
[Solver Step 020000] t= 4.747 | Pos Err:    0.03 km | Vel Err:    0.00 m/s
[Solver Step 021000] t= 4.963 | Pos Err:    0.17 km | Vel Err:    0.12 m/s
[Solver Step 022000] t= 5.186 | Pos Err:    0.02 km | Vel Err:    0.01 m/s
[Solver Step 023000] t= 5.451 | Pos Err:    0.04 km | Vel Err:    0.00 m/s
[Solver Step 024000] t= 5.693 | Pos Err:    0.10 km | Vel Err:    0.11 m/s
[Solver Step 025000] t= 5.901 | Pos Err:    0.03 km | Vel Err:    0.00 m/s
[Solver Step 026000] t= 6.156 | Pos Err:    0.04 km | Vel Err:    0.00 m/s
[Solver Step 027000] t= 6.409 | Pos Err:    0.23 km | Vel Err:    0.24 m/s
[Solver Step 028000] t= 6.620 | Pos Err:    0.05 km | Vel Err:    0.00 m/s
[Solver Step 029000] t= 6.848 | Pos Err:    0.05 km | Vel Err:    0.00 m/s
Completed [TRANSFER] Trajectory 19/120 | Saved 2399 samples | Total: 20464
[Multiple Shooting] Converged in 3 iterations with residual 1.52e-12
[Solver Step 001000] t= 0.396 | Pos Err:    3.23 km | Vel Err:    0.07 m/s
[Solver Step 002000] t= 0.784 | Pos Err:    4.57 km | Vel Err:    0.07 m/s
[Solver Step 003000] t= 1.163 | Pos Err:    0.71 km | Vel Err:    0.04 m/s
[Solver Step 004000] t= 1.541 | Pos Err:    7.35 km | Vel Err:    0.13 m/s
[Solver Step 005000] t= 1.932 | Pos Err:    0.73 km | Vel Err:    0.01 m/s
[Solver Step 006000] t= 2.320 | Pos Err:   23.08 km | Vel Err:    0.49 m/s
Completed [DRO] Trajectory 20/120 | Saved 547 samples | Total: 21011
[Solver Step 001000] t= 0.217 | Pos Err:   16.62 km | Vel Err:    0.43 m/s
[Solver Step 002000] t= 0.471 | Pos Err:    2.05 km | Vel Err:    0.04 m/s
[Solver Step 003000] t= 0.713 | Pos Err:    0.27 km | Vel Err:    0.03 m/s
[Solver Step 004000] t= 0.932 | Pos Err:    0.03 km | Vel Err:    0.00 m/s
[Solver Step 005000] t= 1.178 | Pos Err:    0.06 km | Vel Err:    0.00 m/s
[Solver Step 006000] t= 1.431 | Pos Err:    0.03 km | Vel Err:    0.05 m/s
[Solver Step 007000] t= 1.664 | Pos Err:    0.03 km | Vel Err:    0.00 m/s
[Solver Step 008000] t= 1.879 | Pos Err:    0.05 km | Vel Err:    0.00 m/s
[Solver Step 009000] t= 2.135 | Pos Err:    0.15 km | Vel Err:    0.14 m/s
[Solver Step 010000] t= 2.380 | Pos Err:    0.02 km | Vel Err:    0.00 m/s
[Solver Step 011000] t= 2.594 | Pos Err:    0.02 km | Vel Err:    0.00 m/s
[Solver Step 012000] t= 2.839 | Pos Err:    1.04 km | Vel Err:    0.82 m/s
[Solver Step 013000] t= 3.095 | Pos Err:    0.01 km | Vel Err:    0.00 m/s
[Solver Step 014000] t= 3.317 | Pos Err:    0.03 km | Vel Err:    0.00 m/s
[Solver Step 015000] t= 3.538 | Pos Err:    0.72 km | Vel Err:    0.51 m/s
[Solver Step 016000] t= 3.798 | Pos Err:    0.01 km | Vel Err:    0.00 m/s
[Solver Step 017000] t= 4.041 | Pos Err:    0.05 km | Vel Err:    0.00 m/s
[Solver Step 018000] t= 4.250 | Pos Err:    0.39 km | Vel Err:    0.20 m/s
[Solver Step 019000] t= 4.499 | Pos Err:    0.04 km | Vel Err:    0.02 m/s
[Solver Step 020000] t= 4.754 | Pos Err:    0.07 km | Vel Err:    0.00 m/s
[Solver Step 021000] t= 4.973 | Pos Err:    0.16 km | Vel Err:    0.11 m/s
[Solver Step 022000] t= 5.192 | Pos Err:    0.05 km | Vel Err:    0.01 m/s
[Solver Step 023000] t= 5.458 | Pos Err:    0.07 km | Vel Err:    0.00 m/s
[Solver Step 024000] t= 5.701 | Pos Err:    0.10 km | Vel Err:    0.12 m/s
[Solver Step 025000] t= 5.908 | Pos Err:    0.05 km | Vel Err:    0.00 m/s
[Solver Step 026000] t= 6.160 | Pos Err:    0.06 km | Vel Err:    0.00 m/s
[Solver Step 027000] t= 6.416 | Pos Err:    0.21 km | Vel Err:    0.24 m/s
[Solver Step 028000] t= 6.629 | Pos Err:    0.06 km | Vel Err:    0.00 m/s
[Solver Step 029000] t= 6.852 | Pos Err:    0.08 km | Vel Err:    0.00 m/s
Completed [TRANSFER] Trajectory 21/120 | Saved 2399 samples | Total: 23410
[Multiple Shooting] Converged in 2 iterations with residual 9.68e-12
[Solver Step 001000] t= 0.425 | Pos Err:    0.70 km | Vel Err:    0.02 m/s
[Solver Step 002000] t= 0.931 | Pos Err:    1.52 km | Vel Err:    0.03 m/s
[Solver Step 003000] t= 1.409 | Pos Err:   14.93 km | Vel Err:    0.29 m/s
[Solver Step 004000] t= 1.744 | Pos Err:   90.65 km | Vel Err:    1.80 m/s
[Solver Step 005000] t= 2.241 | Pos Err:    1.35 km | Vel Err:    0.03 m/s
[Solver Step 006000] t= 2.685 | Pos Err:    1.25 km | Vel Err:    0.02 m/s
[Solver Step 007000] t= 3.081 | Pos Err:    7.60 km | Vel Err:    0.17 m/s
Completed [HALO_L1] Trajectory 22/120 | Saved 595 samples | Total: 24005
[Multiple Shooting] Converged in 2 iterations with residual 8.34e-12
[Solver Step 001000] t= 0.421 | Pos Err:    0.46 km | Vel Err:    0.01 m/s
[Solver Step 002000] t= 0.927 | Pos Err:    1.58 km | Vel Err:    0.03 m/s
[Solver Step 003000] t= 1.404 | Pos Err:   17.27 km | Vel Err:    0.34 m/s
[Solver Step 004000] t= 1.740 | Pos Err:   96.02 km | Vel Err:    1.90 m/s
[Solver Step 005000] t= 2.238 | Pos Err:    1.67 km | Vel Err:    0.04 m/s
[Solver Step 006000] t= 2.681 | Pos Err:    1.26 km | Vel Err:    0.02 m/s
[Solver Step 007000] t= 3.077 | Pos Err:    7.53 km | Vel Err:    0.17 m/s
Completed [HALO_L1] Trajectory 23/120 | Saved 595 samples | Total: 24600
[Solver Step 001000] t= 0.216 | Pos Err:   25.72 km | Vel Err:    0.60 m/s
[Solver Step 002000] t= 0.470 | Pos Err:    3.20 km | Vel Err:    0.05 m/s
[Solver Step 003000] t= 0.713 | Pos Err:    0.39 km | Vel Err:    0.01 m/s
[Solver Step 004000] t= 0.930 | Pos Err:    0.03 km | Vel Err:    0.01 m/s
[Solver Step 005000] t= 1.178 | Pos Err:    0.04 km | Vel Err:    0.00 m/s
[Solver Step 006000] t= 1.431 | Pos Err:    0.11 km | Vel Err:    0.04 m/s
[Solver Step 007000] t= 1.661 | Pos Err:    0.10 km | Vel Err:    0.00 m/s
[Solver Step 008000] t= 1.876 | Pos Err:    0.08 km | Vel Err:    0.00 m/s
[Solver Step 009000] t= 2.134 | Pos Err:    0.21 km | Vel Err:    0.11 m/s
[Solver Step 010000] t= 2.377 | Pos Err:    0.11 km | Vel Err:    0.00 m/s
[Solver Step 011000] t= 2.590 | Pos Err:    0.09 km | Vel Err:    0.00 m/s
[Solver Step 012000] t= 2.837 | Pos Err:    0.92 km | Vel Err:    0.77 m/s
[Solver Step 013000] t= 3.092 | Pos Err:    0.12 km | Vel Err:    0.00 m/s
[Solver Step 014000] t= 3.313 | Pos Err:    0.08 km | Vel Err:    0.00 m/s
[Solver Step 015000] t= 3.535 | Pos Err:    0.63 km | Vel Err:    0.54 m/s
[Solver Step 016000] t= 3.796 | Pos Err:    0.11 km | Vel Err:    0.00 m/s
[Solver Step 017000] t= 4.038 | Pos Err:    0.08 km | Vel Err:    0.00 m/s
[Solver Step 018000] t= 4.246 | Pos Err:    0.29 km | Vel Err:    0.22 m/s
[Solver Step 019000] t= 4.497 | Pos Err:    0.08 km | Vel Err:    0.02 m/s
[Solver Step 020000] t= 4.753 | Pos Err:    0.06 km | Vel Err:    0.00 m/s
[Solver Step 021000] t= 4.969 | Pos Err:    0.08 km | Vel Err:    0.11 m/s
[Solver Step 022000] t= 5.189 | Pos Err:    0.08 km | Vel Err:    0.01 m/s
[Solver Step 023000] t= 5.455 | Pos Err:    0.05 km | Vel Err:    0.00 m/s
[Solver Step 024000] t= 5.698 | Pos Err:    0.11 km | Vel Err:    0.12 m/s
[Solver Step 025000] t= 5.906 | Pos Err:    0.06 km | Vel Err:    0.00 m/s
[Solver Step 026000] t= 6.159 | Pos Err:    0.04 km | Vel Err:    0.00 m/s
[Solver Step 027000] t= 6.414 | Pos Err:    0.27 km | Vel Err:    0.24 m/s
[Solver Step 028000] t= 6.627 | Pos Err:    0.07 km | Vel Err:    0.00 m/s
[Solver Step 029000] t= 6.851 | Pos Err:    0.04 km | Vel Err:    0.00 m/s
Completed [TRANSFER] Trajectory 24/120 | Saved 2399 samples | Total: 26999
[Multiple Shooting] Converged in 2 iterations with residual 3.01e-12
[Solver Step 001000] t= 0.419 | Pos Err:    0.87 km | Vel Err:    0.02 m/s
[Solver Step 002000] t= 0.925 | Pos Err:    2.26 km | Vel Err:    0.05 m/s
[Solver Step 003000] t= 1.388 | Pos Err:   35.04 km | Vel Err:    0.67 m/s
[Solver Step 004000] t= 1.743 | Pos Err:  104.90 km | Vel Err:    2.12 m/s
[Solver Step 005000] t= 2.242 | Pos Err:    1.98 km | Vel Err:    0.04 m/s
[Solver Step 006000] t= 2.674 | Pos Err:    1.01 km | Vel Err:    0.02 m/s
[Solver Step 007000] t= 3.081 | Pos Err:    6.87 km | Vel Err:    0.15 m/s
Completed [HALO_L1] Trajectory 25/120 | Saved 594 samples | Total: 27593
[Multiple Shooting] Converged in 4 iterations with residual 1.38e-13
[Solver Step 001000] t= 0.359 | Pos Err:    6.53 km | Vel Err:    0.15 m/s
[Solver Step 002000] t= 0.709 | Pos Err:   20.33 km | Vel Err:    0.43 m/s
[Solver Step 003000] t= 1.071 | Pos Err:   10.06 km | Vel Err:    0.21 m/s
[Solver Step 004000] t= 1.451 | Pos Err:    5.86 km | Vel Err:    0.12 m/s
[Solver Step 005000] t= 1.826 | Pos Err:    9.93 km | Vel Err:    0.21 m/s
[Solver Step 006000] t= 2.190 | Pos Err:   10.78 km | Vel Err:    0.24 m/s
Completed [DRO] Trajectory 26/120 | Saved 577 samples | Total: 28170
[Multiple Shooting] Converged in 7 iterations with residual 2.34e-14
[Solver Step 001000] t= 0.322 | Pos Err: 1714.06 km | Vel Err:   41.77 m/s
Completed [DRO] Trajectory 27/120 | Saved 120 samples | Total: 28290
[Multiple Shooting] Converged in 2 iterations with residual 1.51e-15
[Solver Step 001000] t= 0.455 | Pos Err:    0.22 km | Vel Err:    0.01 m/s
[Solver Step 002000] t= 1.020 | Pos Err:    0.14 km | Vel Err:    0.00 m/s
[Solver Step 003000] t= 1.608 | Pos Err:    0.08 km | Vel Err:    0.01 m/s
[Solver Step 004000] t= 2.021 | Pos Err:    0.25 km | Vel Err:    0.00 m/s
[Solver Step 005000] t= 2.495 | Pos Err:    0.28 km | Vel Err:    0.01 m/s
[Solver Step 006000] t= 3.057 | Pos Err:    5.57 km | Vel Err:    0.15 m/s
Completed [HALO_L2] Trajectory 28/120 | Saved 512 samples | Total: 28802
[Multiple Shooting] Converged in 2 iterations with residual 1.62e-15
[Solver Step 001000] t= 0.455 | Pos Err:    0.43 km | Vel Err:    0.01 m/s
[Solver Step 002000] t= 1.019 | Pos Err:    0.14 km | Vel Err:    0.00 m/s
[Solver Step 003000] t= 1.609 | Pos Err:    0.07 km | Vel Err:    0.01 m/s
[Solver Step 004000] t= 2.026 | Pos Err:    0.30 km | Vel Err:    0.01 m/s
[Solver Step 005000] t= 2.496 | Pos Err:    0.29 km | Vel Err:    0.01 m/s
[Solver Step 006000] t= 3.056 | Pos Err:    5.50 km | Vel Err:    0.15 m/s
Completed [HALO_L2] Trajectory 29/120 | Saved 512 samples | Total: 29314
[Solver Step 001000] t= 0.217 | Pos Err:   20.56 km | Vel Err:    0.44 m/s
[Solver Step 002000] t= 0.470 | Pos Err:    2.48 km | Vel Err:    0.07 m/s
[Solver Step 003000] t= 0.712 | Pos Err:    0.34 km | Vel Err:    0.04 m/s
[Solver Step 004000] t= 0.932 | Pos Err:    0.03 km | Vel Err:    0.00 m/s
[Solver Step 005000] t= 1.179 | Pos Err:    0.08 km | Vel Err:    0.00 m/s
[Solver Step 006000] t= 1.430 | Pos Err:    0.09 km | Vel Err:    0.03 m/s
[Solver Step 007000] t= 1.660 | Pos Err:    0.08 km | Vel Err:    0.00 m/s
[Solver Step 008000] t= 1.873 | Pos Err:    0.09 km | Vel Err:    0.00 m/s
[Solver Step 009000] t= 2.133 | Pos Err:    0.23 km | Vel Err:    0.19 m/s
[Solver Step 010000] t= 2.371 | Pos Err:    0.07 km | Vel Err:    0.00 m/s
[Solver Step 011000] t= 2.582 | Pos Err:    0.06 km | Vel Err:    0.00 m/s
[Solver Step 012000] t= 2.833 | Pos Err:    1.72 km | Vel Err:    1.31 m/s
[Solver Step 013000] t= 3.087 | Pos Err:    0.06 km | Vel Err:    0.00 m/s
[Solver Step 014000] t= 3.305 | Pos Err:    0.04 km | Vel Err:    0.00 m/s
[Solver Step 015000] t= 3.529 | Pos Err:    0.79 km | Vel Err:    0.59 m/s
[Solver Step 016000] t= 3.792 | Pos Err:    0.05 km | Vel Err:    0.01 m/s
[Solver Step 017000] t= 4.032 | Pos Err:    0.02 km | Vel Err:    0.00 m/s
[Solver Step 018000] t= 4.238 | Pos Err:    0.40 km | Vel Err:    0.24 m/s
[Solver Step 019000] t= 4.493 | Pos Err:    0.04 km | Vel Err:    0.02 m/s
[Solver Step 020000] t= 4.745 | Pos Err:    0.04 km | Vel Err:    0.00 m/s
[Solver Step 021000] t= 4.961 | Pos Err:    0.20 km | Vel Err:    0.12 m/s
[Solver Step 022000] t= 5.184 | Pos Err:    0.03 km | Vel Err:    0.01 m/s
[Solver Step 023000] t= 5.450 | Pos Err:    0.05 km | Vel Err:    0.00 m/s
[Solver Step 024000] t= 5.691 | Pos Err:    0.13 km | Vel Err:    0.11 m/s
[Solver Step 025000] t= 5.897 | Pos Err:    0.06 km | Vel Err:    0.00 m/s
[Solver Step 026000] t= 6.154 | Pos Err:    0.06 km | Vel Err:    0.00 m/s
[Solver Step 027000] t= 6.406 | Pos Err:    0.25 km | Vel Err:    0.24 m/s
[Solver Step 028000] t= 6.616 | Pos Err:    0.08 km | Vel Err:    0.00 m/s
[Solver Step 029000] t= 6.845 | Pos Err:    0.08 km | Vel Err:    0.00 m/s
Completed [TRANSFER] Trajectory 30/120 | Saved 2399 samples | Total: 31713
[Solver Step 001000] t= 0.215 | Pos Err:   21.20 km | Vel Err:    0.50 m/s
[Solver Step 002000] t= 0.469 | Pos Err:    2.62 km | Vel Err:    0.08 m/s
[Solver Step 003000] t= 0.711 | Pos Err:    0.37 km | Vel Err:    0.05 m/s
[Solver Step 004000] t= 0.929 | Pos Err:    0.03 km | Vel Err:    0.00 m/s
[Solver Step 005000] t= 1.178 | Pos Err:    0.08 km | Vel Err:    0.00 m/s
[Solver Step 006000] t= 1.431 | Pos Err:    0.09 km | Vel Err:    0.05 m/s
[Solver Step 007000] t= 1.662 | Pos Err:    0.08 km | Vel Err:    0.00 m/s
[Solver Step 008000] t= 1.877 | Pos Err:    0.08 km | Vel Err:    0.00 m/s
[Solver Step 009000] t= 2.135 | Pos Err:    0.18 km | Vel Err:    0.14 m/s
[Solver Step 010000] t= 2.381 | Pos Err:    0.07 km | Vel Err:    0.00 m/s
[Solver Step 011000] t= 2.597 | Pos Err:    0.06 km | Vel Err:    0.00 m/s
[Solver Step 012000] t= 2.841 | Pos Err:    1.08 km | Vel Err:    0.83 m/s
[Solver Step 013000] t= 3.096 | Pos Err:    0.06 km | Vel Err:    0.00 m/s
[Solver Step 014000] t= 3.317 | Pos Err:    0.03 km | Vel Err:    0.00 m/s
[Solver Step 015000] t= 3.538 | Pos Err:    0.70 km | Vel Err:    0.51 m/s
[Solver Step 016000] t= 3.798 | Pos Err:    0.04 km | Vel Err:    0.00 m/s
[Solver Step 017000] t= 4.041 | Pos Err:    0.02 km | Vel Err:    0.00 m/s
[Solver Step 018000] t= 4.250 | Pos Err:    0.37 km | Vel Err:    0.20 m/s
[Solver Step 019000] t= 4.499 | Pos Err:    0.03 km | Vel Err:    0.02 m/s
[Solver Step 020000] t= 4.754 | Pos Err:    0.03 km | Vel Err:    0.00 m/s
[Solver Step 021000] t= 4.973 | Pos Err:    0.16 km | Vel Err:    0.11 m/s
[Solver Step 022000] t= 5.192 | Pos Err:    0.03 km | Vel Err:    0.01 m/s
[Solver Step 023000] t= 5.458 | Pos Err:    0.04 km | Vel Err:    0.00 m/s
[Solver Step 024000] t= 5.701 | Pos Err:    0.14 km | Vel Err:    0.12 m/s
[Solver Step 025000] t= 5.908 | Pos Err:    0.07 km | Vel Err:    0.00 m/s
[Solver Step 026000] t= 6.160 | Pos Err:    0.06 km | Vel Err:    0.00 m/s
[Solver Step 027000] t= 6.416 | Pos Err:    0.26 km | Vel Err:    0.24 m/s
[Solver Step 028000] t= 6.629 | Pos Err:    0.09 km | Vel Err:    0.00 m/s
[Solver Step 029000] t= 6.852 | Pos Err:    0.09 km | Vel Err:    0.00 m/s
Completed [TRANSFER] Trajectory 31/120 | Saved 2399 samples | Total: 34112
[Solver Step 001000] t= 0.217 | Pos Err:   27.27 km | Vel Err:    0.48 m/s
[Solver Step 002000] t= 0.471 | Pos Err:    3.25 km | Vel Err:    0.03 m/s
[Solver Step 003000] t= 0.713 | Pos Err:    0.49 km | Vel Err:    0.03 m/s
[Solver Step 004000] t= 0.932 | Pos Err:    0.05 km | Vel Err:    0.00 m/s
[Solver Step 005000] t= 1.178 | Pos Err:    0.08 km | Vel Err:    0.00 m/s
[Solver Step 006000] t= 1.430 | Pos Err:    0.02 km | Vel Err:    0.03 m/s
[Solver Step 007000] t= 1.660 | Pos Err:    0.04 km | Vel Err:    0.00 m/s
[Solver Step 008000] t= 1.877 | Pos Err:    0.07 km | Vel Err:    0.00 m/s
[Solver Step 009000] t= 2.134 | Pos Err:    0.06 km | Vel Err:    0.08 m/s
[Solver Step 010000] t= 2.380 | Pos Err:    0.04 km | Vel Err:    0.00 m/s
[Solver Step 011000] t= 2.592 | Pos Err:    0.06 km | Vel Err:    0.00 m/s
[Solver Step 012000] t= 2.838 | Pos Err:    0.98 km | Vel Err:    0.79 m/s
[Solver Step 013000] t= 3.094 | Pos Err:    0.05 km | Vel Err:    0.00 m/s
[Solver Step 014000] t= 3.315 | Pos Err:    0.08 km | Vel Err:    0.00 m/s
[Solver Step 015000] t= 3.536 | Pos Err:    0.76 km | Vel Err:    0.53 m/s
[Solver Step 016000] t= 3.797 | Pos Err:    0.06 km | Vel Err:    0.00 m/s
[Solver Step 017000] t= 4.038 | Pos Err:    0.10 km | Vel Err:    0.00 m/s
[Solver Step 018000] t= 4.248 | Pos Err:    0.42 km | Vel Err:    0.21 m/s
[Solver Step 019000] t= 4.498 | Pos Err:    0.10 km | Vel Err:    0.02 m/s
[Solver Step 020000] t= 4.753 | Pos Err:    0.11 km | Vel Err:    0.00 m/s
[Solver Step 021000] t= 4.971 | Pos Err:    0.17 km | Vel Err:    0.11 m/s
[Solver Step 022000] t= 5.190 | Pos Err:    0.11 km | Vel Err:    0.01 m/s
[Solver Step 023000] t= 5.456 | Pos Err:    0.12 km | Vel Err:    0.00 m/s
[Solver Step 024000] t= 5.699 | Pos Err:    0.07 km | Vel Err:    0.12 m/s
[Solver Step 025000] t= 5.906 | Pos Err:    0.09 km | Vel Err:    0.00 m/s
[Solver Step 026000] t= 6.159 | Pos Err:    0.10 km | Vel Err:    0.00 m/s
[Solver Step 027000] t= 6.414 | Pos Err:    0.16 km | Vel Err:    0.24 m/s
[Solver Step 028000] t= 6.627 | Pos Err:    0.07 km | Vel Err:    0.00 m/s
[Solver Step 029000] t= 6.851 | Pos Err:    0.10 km | Vel Err:    0.00 m/s
Completed [TRANSFER] Trajectory 32/120 | Saved 2399 samples | Total: 36511
[Solver Step 001000] t= 0.414 | Pos Err:    1.84 km | Vel Err:    0.04 m/s
[Solver Step 002000] t= 0.818 | Pos Err:    0.08 km | Vel Err:    0.00 m/s
[Solver Step 003000] t= 1.259 | Pos Err:    0.04 km | Vel Err:    0.01 m/s
[Solver Step 004000] t= 1.606 | Pos Err:    0.06 km | Vel Err:    0.00 m/s
[Solver Step 005000] t= 1.992 | Pos Err:    0.08 km | Vel Err:    0.00 m/s
[Solver Step 006000] t= 2.445 | Pos Err:    0.07 km | Vel Err:    0.02 m/s
[Solver Step 007000] t= 2.846 | Pos Err:    0.06 km | Vel Err:    0.00 m/s
[Solver Step 008000] t= 3.243 | Pos Err:    0.05 km | Vel Err:    0.00 m/s
[Solver Step 009000] t= 3.618 | Pos Err:    0.09 km | Vel Err:    0.08 m/s
[Solver Step 010000] t= 4.032 | Pos Err:    0.07 km | Vel Err:    0.00 m/s
[Solver Step 011000] t= 4.452 | Pos Err:    0.08 km | Vel Err:    0.00 m/s
[Solver Step 012000] t= 4.894 | Pos Err:    0.06 km | Vel Err:    0.04 m/s
[Solver Step 013000] t= 5.232 | Pos Err:    0.07 km | Vel Err:    0.00 m/s
[Solver Step 014000] t= 5.630 | Pos Err:    0.04 km | Vel Err:    0.00 m/s
[Solver Step 015000] t= 6.109 | Pos Err:    0.05 km | Vel Err:    0.02 m/s
[Solver Step 016000] t= 6.496 | Pos Err:    0.06 km | Vel Err:    0.00 m/s
[Solver Step 017000] t= 6.923 | Pos Err:    0.07 km | Vel Err:    0.00 m/s
[Solver Step 018000] t= 7.267 | Pos Err:    0.14 km | Vel Err:    0.10 m/s
[Solver Step 019000] t= 7.687 | Pos Err:    0.06 km | Vel Err:    0.00 m/s
[Solver Step 020000] t= 8.167 | Pos Err:    0.05 km | Vel Err:    0.00 m/s
[Solver Step 021000] t= 8.552 | Pos Err:    0.03 km | Vel Err:    0.03 m/s
[Solver Step 022000] t= 8.922 | Pos Err:    0.04 km | Vel Err:    0.00 m/s
[Solver Step 023000] t= 9.314 | Pos Err:    0.07 km | Vel Err:    0.00 m/s
[Solver Step 024000] t= 9.772 | Pos Err:    0.07 km | Vel Err:    0.03 m/s
[Solver Step 025000] t=10.173 | Pos Err:    0.08 km | Vel Err:    0.00 m/s
[Solver Step 026000] t=10.573 | Pos Err:    0.07 km | Vel Err:    0.00 m/s
[Solver Step 027000] t=10.932 | Pos Err:    0.11 km | Vel Err:    0.09 m/s
[Solver Step 028000] t=11.352 | Pos Err:    0.06 km | Vel Err:    0.00 m/s
[Solver Step 029000] t=11.808 | Pos Err:    0.07 km | Vel Err:    0.00 m/s
[Solver Step 030000] t=12.177 | Pos Err:    0.06 km | Vel Err:    0.03 m/s
Completed [EARTH_ORBIT] Trajectory 33/120 | Saved 2583 samples | Total: 39094
[Multiple Shooting] Converged in 2 iterations with residual 3.03e-12
[Solver Step 001000] t= 0.414 | Pos Err:    0.55 km | Vel Err:    0.01 m/s
[Solver Step 002000] t= 0.917 | Pos Err:    6.07 km | Vel Err:    0.11 m/s
[Solver Step 003000] t= 1.339 | Pos Err:  102.54 km | Vel Err:    2.26 m/s
[Solver Step 004000] t= 1.746 | Pos Err:   75.43 km | Vel Err:    1.62 m/s
[Solver Step 005000] t= 2.238 | Pos Err:    1.09 km | Vel Err:    0.03 m/s
[Solver Step 006000] t= 2.629 | Pos Err:    0.18 km | Vel Err:    0.01 m/s
[Solver Step 007000] t= 3.089 | Pos Err:    9.09 km | Vel Err:    0.21 m/s
Completed [HALO_L1] Trajectory 34/120 | Saved 593 samples | Total: 39687
[Solver Step 001000] t= 0.417 | Pos Err:    0.60 km | Vel Err:    0.01 m/s
[Solver Step 002000] t= 0.791 | Pos Err:    0.07 km | Vel Err:    0.00 m/s
[Solver Step 003000] t= 1.100 | Pos Err:    0.01 km | Vel Err:    0.04 m/s
[Solver Step 004000] t= 1.552 | Pos Err:    0.05 km | Vel Err:    0.00 m/s
[Solver Step 005000] t= 2.103 | Pos Err:    0.05 km | Vel Err:    0.00 m/s
[Solver Step 006000] t= 2.516 | Pos Err:    0.05 km | Vel Err:    0.01 m/s
[Solver Step 007000] t= 3.016 | Pos Err:    0.04 km | Vel Err:    0.00 m/s
[Solver Step 008000] t= 3.569 | Pos Err:    0.05 km | Vel Err:    0.00 m/s
[Solver Step 009000] t= 4.058 | Pos Err:    0.04 km | Vel Err:    0.01 m/s
[Solver Step 010000] t= 4.460 | Pos Err:    0.05 km | Vel Err:    0.00 m/s
[Solver Step 011000] t= 4.999 | Pos Err:    0.05 km | Vel Err:    0.00 m/s
[Solver Step 012000] t= 5.586 | Pos Err:    0.04 km | Vel Err:    0.05 m/s
[Solver Step 013000] t= 6.068 | Pos Err:    0.06 km | Vel Err:    0.00 m/s
[Solver Step 014000] t= 6.469 | Pos Err:    0.06 km | Vel Err:    0.00 m/s
[Solver Step 015000] t= 7.027 | Pos Err:    0.04 km | Vel Err:    0.08 m/s
Completed [MOON_ORBIT] Trajectory 35/120 | Saved 1314 samples | Total: 41001
[Solver Step 001000] t= 0.417 | Pos Err:    3.29 km | Vel Err:    0.08 m/s
[Solver Step 002000] t= 0.821 | Pos Err:    0.03 km | Vel Err:    0.00 m/s
[Solver Step 003000] t= 1.261 | Pos Err:    0.11 km | Vel Err:    0.01 m/s
[Solver Step 004000] t= 1.609 | Pos Err:    0.10 km | Vel Err:    0.00 m/s
[Solver Step 005000] t= 1.995 | Pos Err:    0.03 km | Vel Err:    0.00 m/s
[Solver Step 006000] t= 2.447 | Pos Err:    0.04 km | Vel Err:    0.02 m/s
[Solver Step 007000] t= 2.849 | Pos Err:    0.06 km | Vel Err:    0.00 m/s
[Solver Step 008000] t= 3.245 | Pos Err:    0.08 km | Vel Err:    0.00 m/s
[Solver Step 009000] t= 3.621 | Pos Err:    0.14 km | Vel Err:    0.08 m/s
[Solver Step 010000] t= 4.035 | Pos Err:    0.07 km | Vel Err:    0.00 m/s
[Solver Step 011000] t= 4.454 | Pos Err:    0.05 km | Vel Err:    0.00 m/s
[Solver Step 012000] t= 4.897 | Pos Err:    0.03 km | Vel Err:    0.04 m/s
[Solver Step 013000] t= 5.235 | Pos Err:    0.02 km | Vel Err:    0.00 m/s
[Solver Step 014000] t= 5.633 | Pos Err:    0.09 km | Vel Err:    0.00 m/s
[Solver Step 015000] t= 6.112 | Pos Err:    0.10 km | Vel Err:    0.02 m/s
[Solver Step 016000] t= 6.499 | Pos Err:    0.10 km | Vel Err:    0.00 m/s
[Solver Step 017000] t= 6.926 | Pos Err:    0.09 km | Vel Err:    0.00 m/s
[Solver Step 018000] t= 7.270 | Pos Err:    0.12 km | Vel Err:    0.10 m/s
[Solver Step 019000] t= 7.691 | Pos Err:    0.06 km | Vel Err:    0.00 m/s
[Solver Step 020000] t= 8.169 | Pos Err:    0.09 km | Vel Err:    0.00 m/s
[Solver Step 021000] t= 8.555 | Pos Err:    0.08 km | Vel Err:    0.03 m/s
[Solver Step 022000] t= 8.923 | Pos Err:    0.11 km | Vel Err:    0.00 m/s
[Solver Step 023000] t= 9.317 | Pos Err:    0.06 km | Vel Err:    0.00 m/s
[Solver Step 024000] t= 9.776 | Pos Err:    0.02 km | Vel Err:    0.03 m/s
[Solver Step 025000] t=10.176 | Pos Err:    0.02 km | Vel Err:    0.00 m/s
[Solver Step 026000] t=10.576 | Pos Err:    0.05 km | Vel Err:    0.00 m/s
[Solver Step 027000] t=10.935 | Pos Err:    0.15 km | Vel Err:    0.09 m/s
[Solver Step 028000] t=11.354 | Pos Err:    0.10 km | Vel Err:    0.00 m/s
[Solver Step 029000] t=11.811 | Pos Err:    0.08 km | Vel Err:    0.00 m/s
[Solver Step 030000] t=12.180 | Pos Err:    0.06 km | Vel Err:    0.03 m/s
Completed [EARTH_ORBIT] Trajectory 36/120 | Saved 2583 samples | Total: 43584
[Multiple Shooting] Converged in 6 iterations with residual 4.88e-11
[Solver Step 001000] t= 0.319 | Pos Err:   77.46 km | Vel Err:    1.61 m/s
[Solver Step 002000] t= 0.641 | Pos Err:  365.91 km | Vel Err:    6.48 m/s
[Solver Step 003000] t= 1.002 | Pos Err:   21.26 km | Vel Err:    0.36 m/s
[Solver Step 004000] t= 1.318 | Pos Err:  361.71 km | Vel Err:    7.91 m/s
[Solver Step 005000] t= 1.649 | Pos Err:  115.90 km | Vel Err:    2.26 m/s
[Solver Step 006000] t= 1.993 | Pos Err:   32.15 km | Vel Err:    0.61 m/s
[Solver Step 007000] t= 2.314 | Pos Err:  684.18 km | Vel Err:   14.97 m/s
Completed [DRO] Trajectory 37/120 | Saved 633 samples | Total: 44217
[Multiple Shooting] Converged in 2 iterations with residual 2.35e-14
[Solver Step 001000] t= 0.465 | Pos Err:    0.51 km | Vel Err:    0.01 m/s
[Solver Step 002000] t= 0.959 | Pos Err:    0.18 km | Vel Err:    0.00 m/s
[Solver Step 003000] t= 1.352 | Pos Err:    0.22 km | Vel Err:    0.00 m/s
[Solver Step 004000] t= 1.819 | Pos Err:    0.12 km | Vel Err:    0.00 m/s
[Solver Step 005000] t= 2.213 | Pos Err:    0.37 km | Vel Err:    0.01 m/s
[Solver Step 006000] t= 2.718 | Pos Err:    0.24 km | Vel Err:    0.03 m/s
Completed [HALO_L2] Trajectory 38/120 | Saved 565 samples | Total: 44782
[Solver Step 001000] t= 0.420 | Pos Err:    0.44 km | Vel Err:    0.01 m/s
[Solver Step 002000] t= 0.794 | Pos Err:    0.06 km | Vel Err:    0.00 m/s
[Solver Step 003000] t= 1.103 | Pos Err:    0.01 km | Vel Err:    0.04 m/s
[Solver Step 004000] t= 1.556 | Pos Err:    0.05 km | Vel Err:    0.00 m/s
[Solver Step 005000] t= 2.106 | Pos Err:    0.05 km | Vel Err:    0.00 m/s
[Solver Step 006000] t= 2.519 | Pos Err:    0.05 km | Vel Err:    0.01 m/s
[Solver Step 007000] t= 3.020 | Pos Err:    0.05 km | Vel Err:    0.00 m/s
[Solver Step 008000] t= 3.573 | Pos Err:    0.05 km | Vel Err:    0.00 m/s
[Solver Step 009000] t= 4.061 | Pos Err:    0.05 km | Vel Err:    0.01 m/s
[Solver Step 010000] t= 4.463 | Pos Err:    0.05 km | Vel Err:    0.00 m/s
[Solver Step 011000] t= 5.002 | Pos Err:    0.06 km | Vel Err:    0.00 m/s
[Solver Step 012000] t= 5.589 | Pos Err:    0.04 km | Vel Err:    0.05 m/s
[Solver Step 013000] t= 6.070 | Pos Err:    0.06 km | Vel Err:    0.00 m/s
[Solver Step 014000] t= 6.472 | Pos Err:    0.06 km | Vel Err:    0.00 m/s
[Solver Step 015000] t= 7.030 | Pos Err:    0.04 km | Vel Err:    0.08 m/s
Completed [MOON_ORBIT] Trajectory 39/120 | Saved 1313 samples | Total: 46095
[Multiple Shooting] Converged in 4 iterations with residual 5.38e-15
[Solver Step 001000] t= 0.374 | Pos Err:    5.78 km | Vel Err:    0.13 m/s
[Solver Step 002000] t= 0.749 | Pos Err:   12.74 km | Vel Err:    0.23 m/s
[Solver Step 003000] t= 1.114 | Pos Err:    2.88 km | Vel Err:    0.06 m/s
[Solver Step 004000] t= 1.477 | Pos Err:    8.79 km | Vel Err:    0.16 m/s
[Solver Step 005000] t= 1.856 | Pos Err:    1.07 km | Vel Err:    0.02 m/s
[Solver Step 006000] t= 2.235 | Pos Err:   10.33 km | Vel Err:    0.21 m/s
Completed [DRO] Trajectory 40/120 | Saved 558 samples | Total: 46653
[Multiple Shooting] Converged in 2 iterations with residual 1.58e-15
[Solver Step 001000] t= 0.491 | Pos Err:    0.39 km | Vel Err:    0.01 m/s
[Solver Step 002000] t= 0.943 | Pos Err:    0.28 km | Vel Err:    0.01 m/s
[Solver Step 003000] t= 1.453 | Pos Err:    0.04 km | Vel Err:    0.01 m/s
[Solver Step 004000] t= 2.022 | Pos Err:    0.29 km | Vel Err:    0.00 m/s
[Solver Step 005000] t= 2.529 | Pos Err:    0.23 km | Vel Err:    0.00 m/s
[Solver Step 006000] t= 2.929 | Pos Err:    1.51 km | Vel Err:    0.03 m/s
Completed [HALO_L2] Trajectory 41/120 | Saved 536 samples | Total: 47189
[Multiple Shooting] Converged in 2 iterations with residual 1.21e-15
[Solver Step 001000] t= 0.493 | Pos Err:    0.32 km | Vel Err:    0.01 m/s
[Solver Step 002000] t= 0.945 | Pos Err:    0.26 km | Vel Err:    0.01 m/s
[Solver Step 003000] t= 1.476 | Pos Err:    0.17 km | Vel Err:    0.01 m/s
[Solver Step 004000] t= 2.055 | Pos Err:    0.27 km | Vel Err:    0.01 m/s
[Solver Step 005000] t= 2.508 | Pos Err:    0.35 km | Vel Err:    0.01 m/s
[Solver Step 006000] t= 2.946 | Pos Err:    0.90 km | Vel Err:    0.02 m/s
Completed [HALO_L2] Trajectory 42/120 | Saved 532 samples | Total: 47721
[Multiple Shooting] Converged in 3 iterations with residual 6.40e-13
[Solver Step 001000] t= 0.396 | Pos Err:    3.88 km | Vel Err:    0.09 m/s
[Solver Step 002000] t= 0.785 | Pos Err:    4.12 km | Vel Err:    0.06 m/s
[Solver Step 003000] t= 1.164 | Pos Err:    0.86 km | Vel Err:    0.05 m/s
[Solver Step 004000] t= 1.542 | Pos Err:    7.18 km | Vel Err:    0.13 m/s
[Solver Step 005000] t= 1.934 | Pos Err:    0.92 km | Vel Err:    0.02 m/s
[Solver Step 006000] t= 2.323 | Pos Err:   21.47 km | Vel Err:    0.45 m/s
Completed [DRO] Trajectory 43/120 | Saved 546 samples | Total: 48267
[Multiple Shooting] Converged in 2 iterations with residual 1.21e-15
[Solver Step 001000] t= 0.452 | Pos Err:    0.56 km | Vel Err:    0.01 m/s
[Solver Step 002000] t= 1.015 | Pos Err:    0.15 km | Vel Err:    0.00 m/s
[Solver Step 003000] t= 1.606 | Pos Err:    0.06 km | Vel Err:    0.01 m/s
[Solver Step 004000] t= 2.025 | Pos Err:    0.29 km | Vel Err:    0.00 m/s
[Solver Step 005000] t= 2.493 | Pos Err:    0.28 km | Vel Err:    0.01 m/s
[Solver Step 006000] t= 3.053 | Pos Err:    5.41 km | Vel Err:    0.14 m/s
Completed [HALO_L2] Trajectory 44/120 | Saved 513 samples | Total: 48780
[Solver Step 001000] t= 0.421 | Pos Err:    0.46 km | Vel Err:    0.01 m/s
[Solver Step 002000] t= 0.794 | Pos Err:    0.06 km | Vel Err:    0.00 m/s
[Solver Step 003000] t= 1.103 | Pos Err:    0.01 km | Vel Err:    0.04 m/s
[Solver Step 004000] t= 1.557 | Pos Err:    0.06 km | Vel Err:    0.00 m/s
[Solver Step 005000] t= 2.107 | Pos Err:    0.06 km | Vel Err:    0.00 m/s
[Solver Step 006000] t= 2.520 | Pos Err:    0.06 km | Vel Err:    0.01 m/s
[Solver Step 007000] t= 3.020 | Pos Err:    0.05 km | Vel Err:    0.00 m/s
[Solver Step 008000] t= 3.573 | Pos Err:    0.05 km | Vel Err:    0.00 m/s
[Solver Step 009000] t= 4.061 | Pos Err:    0.05 km | Vel Err:    0.01 m/s
[Solver Step 010000] t= 4.464 | Pos Err:    0.05 km | Vel Err:    0.00 m/s
[Solver Step 011000] t= 5.003 | Pos Err:    0.05 km | Vel Err:    0.00 m/s
[Solver Step 012000] t= 5.590 | Pos Err:    0.03 km | Vel Err:    0.05 m/s
[Solver Step 013000] t= 6.071 | Pos Err:    0.05 km | Vel Err:    0.00 m/s
[Solver Step 014000] t= 6.473 | Pos Err:    0.05 km | Vel Err:    0.00 m/s
[Solver Step 015000] t= 7.031 | Pos Err:    0.03 km | Vel Err:    0.08 m/s
Completed [MOON_ORBIT] Trajectory 45/120 | Saved 1313 samples | Total: 50093
[Solver Step 001000] t= 0.413 | Pos Err:    1.71 km | Vel Err:    0.04 m/s
[Solver Step 002000] t= 0.817 | Pos Err:    0.06 km | Vel Err:    0.00 m/s
[Solver Step 003000] t= 1.258 | Pos Err:    0.05 km | Vel Err:    0.01 m/s
[Solver Step 004000] t= 1.605 | Pos Err:    0.04 km | Vel Err:    0.00 m/s
[Solver Step 005000] t= 1.991 | Pos Err:    0.06 km | Vel Err:    0.00 m/s
[Solver Step 006000] t= 2.444 | Pos Err:    0.08 km | Vel Err:    0.02 m/s
[Solver Step 007000] t= 2.845 | Pos Err:    0.08 km | Vel Err:    0.00 m/s
[Solver Step 008000] t= 3.243 | Pos Err:    0.08 km | Vel Err:    0.00 m/s
[Solver Step 009000] t= 3.617 | Pos Err:    0.12 km | Vel Err:    0.08 m/s
[Solver Step 010000] t= 4.031 | Pos Err:    0.04 km | Vel Err:    0.00 m/s
[Solver Step 011000] t= 4.451 | Pos Err:    0.06 km | Vel Err:    0.00 m/s
[Solver Step 012000] t= 4.893 | Pos Err:    0.05 km | Vel Err:    0.04 m/s
[Solver Step 013000] t= 5.232 | Pos Err:    0.08 km | Vel Err:    0.00 m/s
[Solver Step 014000] t= 5.629 | Pos Err:    0.06 km | Vel Err:    0.00 m/s
[Solver Step 015000] t= 6.108 | Pos Err:    0.04 km | Vel Err:    0.02 m/s
[Solver Step 016000] t= 6.495 | Pos Err:    0.04 km | Vel Err:    0.00 m/s
[Solver Step 017000] t= 6.922 | Pos Err:    0.04 km | Vel Err:    0.00 m/s
[Solver Step 018000] t= 7.266 | Pos Err:    0.11 km | Vel Err:    0.10 m/s
[Solver Step 019000] t= 7.686 | Pos Err:    0.08 km | Vel Err:    0.00 m/s
[Solver Step 020000] t= 8.166 | Pos Err:    0.07 km | Vel Err:    0.00 m/s
[Solver Step 021000] t= 8.551 | Pos Err:    0.05 km | Vel Err:    0.03 m/s
[Solver Step 022000] t= 8.921 | Pos Err:    0.05 km | Vel Err:    0.00 m/s
[Solver Step 023000] t= 9.313 | Pos Err:    0.04 km | Vel Err:    0.00 m/s
[Solver Step 024000] t= 9.771 | Pos Err:    0.07 km | Vel Err:    0.03 m/s
[Solver Step 025000] t=10.172 | Pos Err:    0.08 km | Vel Err:    0.00 m/s
[Solver Step 026000] t=10.572 | Pos Err:    0.08 km | Vel Err:    0.00 m/s
[Solver Step 027000] t=10.931 | Pos Err:    0.14 km | Vel Err:    0.09 m/s
[Solver Step 028000] t=11.352 | Pos Err:    0.04 km | Vel Err:    0.00 m/s
[Solver Step 029000] t=11.807 | Pos Err:    0.04 km | Vel Err:    0.00 m/s
[Solver Step 030000] t=12.176 | Pos Err:    0.04 km | Vel Err:    0.03 m/s
[Solver Step 031000] t=12.566 | Pos Err:    0.07 km | Vel Err:    0.00 m/s
Completed [EARTH_ORBIT] Trajectory 46/120 | Saved 2584 samples | Total: 52677
[Solver Step 001000] t= 0.215 | Pos Err:   21.05 km | Vel Err:    0.57 m/s
[Solver Step 002000] t= 0.468 | Pos Err:    2.67 km | Vel Err:    0.06 m/s
[Solver Step 003000] t= 0.711 | Pos Err:    0.32 km | Vel Err:    0.04 m/s
[Solver Step 004000] t= 0.924 | Pos Err:    0.03 km | Vel Err:    0.01 m/s
[Solver Step 005000] t= 1.175 | Pos Err:    0.02 km | Vel Err:    0.00 m/s
[Solver Step 006000] t= 1.429 | Pos Err:    0.10 km | Vel Err:    0.05 m/s
[Solver Step 007000] t= 1.656 | Pos Err:    0.08 km | Vel Err:    0.00 m/s
[Solver Step 008000] t= 1.871 | Pos Err:    0.06 km | Vel Err:    0.00 m/s
[Solver Step 009000] t= 2.133 | Pos Err:    0.29 km | Vel Err:    0.19 m/s
[Solver Step 010000] t= 2.373 | Pos Err:    0.10 km | Vel Err:    0.00 m/s
[Solver Step 011000] t= 2.584 | Pos Err:    0.08 km | Vel Err:    0.00 m/s
[Solver Step 012000] t= 2.834 | Pos Err:    1.50 km | Vel Err:    1.23 m/s
[Solver Step 013000] t= 3.089 | Pos Err:    0.11 km | Vel Err:    0.00 m/s
[Solver Step 014000] t= 3.307 | Pos Err:    0.08 km | Vel Err:    0.00 m/s
[Solver Step 015000] t= 3.531 | Pos Err:    0.68 km | Vel Err:    0.58 m/s
[Solver Step 016000] t= 3.793 | Pos Err:    0.10 km | Vel Err:    0.00 m/s
[Solver Step 017000] t= 4.033 | Pos Err:    0.09 km | Vel Err:    0.00 m/s
[Solver Step 018000] t= 4.240 | Pos Err:    0.32 km | Vel Err:    0.23 m/s
[Solver Step 019000] t= 4.494 | Pos Err:    0.07 km | Vel Err:    0.02 m/s
[Solver Step 020000] t= 4.749 | Pos Err:    0.07 km | Vel Err:    0.00 m/s
[Solver Step 021000] t= 4.963 | Pos Err:    0.09 km | Vel Err:    0.11 m/s
[Solver Step 022000] t= 5.186 | Pos Err:    0.08 km | Vel Err:    0.01 m/s
[Solver Step 023000] t= 5.451 | Pos Err:    0.06 km | Vel Err:    0.00 m/s
[Solver Step 024000] t= 5.693 | Pos Err:    0.08 km | Vel Err:    0.11 m/s
[Solver Step 025000] t= 5.901 | Pos Err:    0.05 km | Vel Err:    0.00 m/s
[Solver Step 026000] t= 6.156 | Pos Err:    0.05 km | Vel Err:    0.00 m/s
[Solver Step 027000] t= 6.409 | Pos Err:    0.24 km | Vel Err:    0.24 m/s
[Solver Step 028000] t= 6.620 | Pos Err:    0.05 km | Vel Err:    0.00 m/s
[Solver Step 029000] t= 6.848 | Pos Err:    0.04 km | Vel Err:    0.00 m/s
Completed [TRANSFER] Trajectory 47/120 | Saved 2399 samples | Total: 55076
[Multiple Shooting] Converged in 2 iterations with residual 2.66e-11
[Solver Step 001000] t= 0.418 | Pos Err:    0.62 km | Vel Err:    0.01 m/s
[Solver Step 002000] t= 0.922 | Pos Err:    4.02 km | Vel Err:    0.08 m/s
[Solver Step 003000] t= 1.367 | Pos Err:   57.14 km | Vel Err:    1.15 m/s
[Solver Step 004000] t= 1.750 | Pos Err:   89.47 km | Vel Err:    1.90 m/s
[Solver Step 005000] t= 2.245 | Pos Err:    1.20 km | Vel Err:    0.03 m/s
[Solver Step 006000] t= 2.647 | Pos Err:    0.28 km | Vel Err:    0.00 m/s
[Solver Step 007000] t= 3.091 | Pos Err:    6.81 km | Vel Err:    0.16 m/s
Completed [HALO_L1] Trajectory 48/120 | Saved 592 samples | Total: 55668
[Solver Step 001000] t= 0.410 | Pos Err:    3.25 km | Vel Err:    0.08 m/s
[Solver Step 002000] t= 0.815 | Pos Err:    0.09 km | Vel Err:    0.00 m/s
[Solver Step 003000] t= 1.257 | Pos Err:    0.03 km | Vel Err:    0.01 m/s
[Solver Step 004000] t= 1.603 | Pos Err:    0.01 km | Vel Err:    0.00 m/s
[Solver Step 005000] t= 1.989 | Pos Err:    0.09 km | Vel Err:    0.00 m/s
[Solver Step 006000] t= 2.442 | Pos Err:    0.11 km | Vel Err:    0.02 m/s
[Solver Step 007000] t= 2.843 | Pos Err:    0.10 km | Vel Err:    0.00 m/s
[Solver Step 008000] t= 3.242 | Pos Err:    0.09 km | Vel Err:    0.00 m/s
[Solver Step 009000] t= 3.615 | Pos Err:    0.12 km | Vel Err:    0.08 m/s
[Solver Step 010000] t= 4.029 | Pos Err:    0.05 km | Vel Err:    0.00 m/s
[Solver Step 011000] t= 4.449 | Pos Err:    0.08 km | Vel Err:    0.00 m/s
[Solver Step 012000] t= 4.891 | Pos Err:    0.08 km | Vel Err:    0.04 m/s
[Solver Step 013000] t= 5.230 | Pos Err:    0.10 km | Vel Err:    0.00 m/s
[Solver Step 014000] t= 5.627 | Pos Err:    0.07 km | Vel Err:    0.00 m/s
[Solver Step 015000] t= 6.106 | Pos Err:    0.02 km | Vel Err:    0.02 m/s
[Solver Step 016000] t= 6.493 | Pos Err:    0.02 km | Vel Err:    0.00 m/s
[Solver Step 017000] t= 6.920 | Pos Err:    0.04 km | Vel Err:    0.00 m/s
[Solver Step 018000] t= 7.264 | Pos Err:    0.11 km | Vel Err:    0.11 m/s
[Solver Step 019000] t= 7.684 | Pos Err:    0.10 km | Vel Err:    0.00 m/s
[Solver Step 020000] t= 8.164 | Pos Err:    0.09 km | Vel Err:    0.00 m/s
[Solver Step 021000] t= 8.549 | Pos Err:    0.06 km | Vel Err:    0.03 m/s
[Solver Step 022000] t= 8.920 | Pos Err:    0.03 km | Vel Err:    0.00 m/s
[Solver Step 023000] t= 9.311 | Pos Err:    0.06 km | Vel Err:    0.00 m/s
[Solver Step 024000] t= 9.769 | Pos Err:    0.10 km | Vel Err:    0.03 m/s
[Solver Step 025000] t=10.171 | Pos Err:    0.11 km | Vel Err:    0.00 m/s
[Solver Step 026000] t=10.570 | Pos Err:    0.11 km | Vel Err:    0.00 m/s
[Solver Step 027000] t=10.930 | Pos Err:    0.14 km | Vel Err:    0.09 m/s
[Solver Step 028000] t=11.350 | Pos Err:    0.02 km | Vel Err:    0.00 m/s
[Solver Step 029000] t=11.805 | Pos Err:    0.05 km | Vel Err:    0.00 m/s
[Solver Step 030000] t=12.174 | Pos Err:    0.06 km | Vel Err:    0.03 m/s
[Solver Step 031000] t=12.565 | Pos Err:    0.09 km | Vel Err:    0.00 m/s
Completed [EARTH_ORBIT] Trajectory 49/120 | Saved 2584 samples | Total: 58252
[Solver Step 001000] t= 0.415 | Pos Err:    0.71 km | Vel Err:    0.02 m/s
[Solver Step 002000] t= 0.789 | Pos Err:    0.07 km | Vel Err:    0.00 m/s
[Solver Step 003000] t= 1.099 | Pos Err:    0.01 km | Vel Err:    0.04 m/s
[Solver Step 004000] t= 1.550 | Pos Err:    0.05 km | Vel Err:    0.00 m/s
[Solver Step 005000] t= 2.101 | Pos Err:    0.05 km | Vel Err:    0.00 m/s
[Solver Step 006000] t= 2.514 | Pos Err:    0.05 km | Vel Err:    0.01 m/s
[Solver Step 007000] t= 3.013 | Pos Err:    0.04 km | Vel Err:    0.00 m/s
[Solver Step 008000] t= 3.566 | Pos Err:    0.05 km | Vel Err:    0.00 m/s
[Solver Step 009000] t= 4.056 | Pos Err:    0.05 km | Vel Err:    0.01 m/s
[Solver Step 010000] t= 4.458 | Pos Err:    0.05 km | Vel Err:    0.00 m/s
[Solver Step 011000] t= 4.996 | Pos Err:    0.05 km | Vel Err:    0.00 m/s
[Solver Step 012000] t= 5.583 | Pos Err:    0.04 km | Vel Err:    0.05 m/s
[Solver Step 013000] t= 6.066 | Pos Err:    0.06 km | Vel Err:    0.00 m/s
[Solver Step 014000] t= 6.466 | Pos Err:    0.07 km | Vel Err:    0.00 m/s
[Solver Step 015000] t= 7.024 | Pos Err:    0.04 km | Vel Err:    0.08 m/s
Completed [MOON_ORBIT] Trajectory 50/120 | Saved 1314 samples | Total: 59566
[Solver Step 001000] t= 0.417 | Pos Err:    2.86 km | Vel Err:    0.07 m/s
[Solver Step 002000] t= 0.821 | Pos Err:    0.08 km | Vel Err:    0.00 m/s
[Solver Step 003000] t= 1.261 | Pos Err:    0.08 km | Vel Err:    0.01 m/s
[Solver Step 004000] t= 1.609 | Pos Err:    0.10 km | Vel Err:    0.00 m/s
[Solver Step 005000] t= 1.995 | Pos Err:    0.08 km | Vel Err:    0.00 m/s
[Solver Step 006000] t= 2.448 | Pos Err:    0.04 km | Vel Err:    0.02 m/s
[Solver Step 007000] t= 2.849 | Pos Err:    0.02 km | Vel Err:    0.00 m/s
[Solver Step 008000] t= 3.245 | Pos Err:    0.03 km | Vel Err:    0.00 m/s
[Solver Step 009000] t= 3.621 | Pos Err:    0.09 km | Vel Err:    0.08 m/s
[Solver Step 010000] t= 4.036 | Pos Err:    0.09 km | Vel Err:    0.00 m/s
[Solver Step 011000] t= 4.454 | Pos Err:    0.09 km | Vel Err:    0.00 m/s
[Solver Step 012000] t= 4.897 | Pos Err:    0.07 km | Vel Err:    0.04 m/s
[Solver Step 013000] t= 5.235 | Pos Err:    0.05 km | Vel Err:    0.00 m/s
[Solver Step 014000] t= 5.633 | Pos Err:    0.04 km | Vel Err:    0.00 m/s
[Solver Step 015000] t= 6.112 | Pos Err:    0.08 km | Vel Err:    0.02 m/s
[Solver Step 016000] t= 6.499 | Pos Err:    0.10 km | Vel Err:    0.00 m/s
[Solver Step 017000] t= 6.926 | Pos Err:    0.10 km | Vel Err:    0.00 m/s
[Solver Step 018000] t= 7.270 | Pos Err:    0.16 km | Vel Err:    0.10 m/s
[Solver Step 019000] t= 7.691 | Pos Err:    0.02 km | Vel Err:    0.00 m/s
[Solver Step 020000] t= 8.169 | Pos Err:    0.04 km | Vel Err:    0.00 m/s
[Solver Step 021000] t= 8.555 | Pos Err:    0.04 km | Vel Err:    0.03 m/s
[Solver Step 022000] t= 8.923 | Pos Err:    0.08 km | Vel Err:    0.00 m/s
[Solver Step 023000] t= 9.317 | Pos Err:    0.09 km | Vel Err:    0.00 m/s
[Solver Step 024000] t= 9.776 | Pos Err:    0.06 km | Vel Err:    0.03 m/s
[Solver Step 025000] t=10.176 | Pos Err:    0.05 km | Vel Err:    0.00 m/s
[Solver Step 026000] t=10.576 | Pos Err:    0.03 km | Vel Err:    0.00 m/s
[Solver Step 027000] t=10.935 | Pos Err:    0.09 km | Vel Err:    0.09 m/s
[Solver Step 028000] t=11.354 | Pos Err:    0.10 km | Vel Err:    0.00 m/s
[Solver Step 029000] t=11.811 | Pos Err:    0.10 km | Vel Err:    0.00 m/s
[Solver Step 030000] t=12.180 | Pos Err:    0.08 km | Vel Err:    0.03 m/s
Completed [EARTH_ORBIT] Trajectory 51/120 | Saved 2583 samples | Total: 62149
[Solver Step 001000] t= 0.215 | Pos Err:    7.86 km | Vel Err:    0.16 m/s
[Solver Step 002000] t= 0.468 | Pos Err:    0.92 km | Vel Err:    0.02 m/s
[Solver Step 003000] t= 0.711 | Pos Err:    0.11 km | Vel Err:    0.05 m/s
[Solver Step 004000] t= 0.924 | Pos Err:    0.01 km | Vel Err:    0.00 m/s
[Solver Step 005000] t= 1.175 | Pos Err:    0.04 km | Vel Err:    0.00 m/s
[Solver Step 006000] t= 1.429 | Pos Err:    0.07 km | Vel Err:    0.05 m/s
[Solver Step 007000] t= 1.656 | Pos Err:    0.05 km | Vel Err:    0.00 m/s
[Solver Step 008000] t= 1.871 | Pos Err:    0.04 km | Vel Err:    0.00 m/s
[Solver Step 009000] t= 2.133 | Pos Err:    0.24 km | Vel Err:    0.19 m/s
[Solver Step 010000] t= 2.373 | Pos Err:    0.05 km | Vel Err:    0.00 m/s
[Solver Step 011000] t= 2.584 | Pos Err:    0.03 km | Vel Err:    0.00 m/s
[Solver Step 012000] t= 2.834 | Pos Err:    1.56 km | Vel Err:    1.23 m/s
[Solver Step 013000] t= 3.089 | Pos Err:    0.05 km | Vel Err:    0.00 m/s
[Solver Step 014000] t= 3.307 | Pos Err:    0.02 km | Vel Err:    0.00 m/s
[Solver Step 015000] t= 3.531 | Pos Err:    0.75 km | Vel Err:    0.58 m/s
[Solver Step 016000] t= 3.793 | Pos Err:    0.05 km | Vel Err:    0.01 m/s
[Solver Step 017000] t= 4.033 | Pos Err:    0.03 km | Vel Err:    0.00 m/s
[Solver Step 018000] t= 4.240 | Pos Err:    0.38 km | Vel Err:    0.23 m/s
[Solver Step 019000] t= 4.494 | Pos Err:    0.01 km | Vel Err:    0.02 m/s
[Solver Step 020000] t= 4.749 | Pos Err:    0.03 km | Vel Err:    0.00 m/s
[Solver Step 021000] t= 4.963 | Pos Err:    0.16 km | Vel Err:    0.11 m/s
[Solver Step 022000] t= 5.186 | Pos Err:    0.02 km | Vel Err:    0.01 m/s
[Solver Step 023000] t= 5.451 | Pos Err:    0.03 km | Vel Err:    0.00 m/s
[Solver Step 024000] t= 5.693 | Pos Err:    0.10 km | Vel Err:    0.11 m/s
[Solver Step 025000] t= 5.901 | Pos Err:    0.02 km | Vel Err:    0.00 m/s
[Solver Step 026000] t= 6.156 | Pos Err:    0.03 km | Vel Err:    0.00 m/s
[Solver Step 027000] t= 6.409 | Pos Err:    0.23 km | Vel Err:    0.24 m/s
[Solver Step 028000] t= 6.620 | Pos Err:    0.05 km | Vel Err:    0.00 m/s
[Solver Step 029000] t= 6.848 | Pos Err:    0.04 km | Vel Err:    0.00 m/s
Completed [TRANSFER] Trajectory 52/120 | Saved 2399 samples | Total: 64548
[Multiple Shooting] Converged in 4 iterations with residual 3.06e-15
[Solver Step 001000] t= 0.372 | Pos Err:    1.91 km | Vel Err:    0.05 m/s
[Solver Step 002000] t= 0.743 | Pos Err:   13.93 km | Vel Err:    0.25 m/s
[Solver Step 003000] t= 1.103 | Pos Err:    1.86 km | Vel Err:    0.03 m/s
[Solver Step 004000] t= 1.469 | Pos Err:    9.24 km | Vel Err:    0.19 m/s
[Solver Step 005000] t= 1.849 | Pos Err:    0.95 km | Vel Err:    0.01 m/s
[Solver Step 006000] t= 2.229 | Pos Err:    7.60 km | Vel Err:    0.15 m/s
Completed [DRO] Trajectory 53/120 | Saved 564 samples | Total: 65112
[Multiple Shooting] Converged in 2 iterations with residual 1.01e-11
[Solver Step 001000] t= 0.425 | Pos Err:    0.29 km | Vel Err:    0.01 m/s
[Solver Step 002000] t= 0.930 | Pos Err:    1.49 km | Vel Err:    0.03 m/s
[Solver Step 003000] t= 1.409 | Pos Err:   13.79 km | Vel Err:    0.27 m/s
[Solver Step 004000] t= 1.743 | Pos Err:   89.44 km | Vel Err:    1.77 m/s
[Solver Step 005000] t= 2.239 | Pos Err:    1.37 km | Vel Err:    0.03 m/s
[Solver Step 006000] t= 2.684 | Pos Err:    1.29 km | Vel Err:    0.02 m/s
[Solver Step 007000] t= 3.080 | Pos Err:    7.73 km | Vel Err:    0.17 m/s
Completed [HALO_L1] Trajectory 54/120 | Saved 595 samples | Total: 65707
[Solver Step 001000] t= 0.416 | Pos Err:    3.33 km | Vel Err:    0.08 m/s
[Solver Step 002000] t= 0.820 | Pos Err:    0.07 km | Vel Err:    0.00 m/s
[Solver Step 003000] t= 1.261 | Pos Err:    0.09 km | Vel Err:    0.01 m/s
[Solver Step 004000] t= 1.609 | Pos Err:    0.11 km | Vel Err:    0.00 m/s
[Solver Step 005000] t= 1.994 | Pos Err:    0.07 km | Vel Err:    0.00 m/s
[Solver Step 006000] t= 2.447 | Pos Err:    0.02 km | Vel Err:    0.02 m/s
[Solver Step 007000] t= 2.849 | Pos Err:    0.02 km | Vel Err:    0.00 m/s
[Solver Step 008000] t= 3.245 | Pos Err:    0.04 km | Vel Err:    0.00 m/s
[Solver Step 009000] t= 3.620 | Pos Err:    0.10 km | Vel Err:    0.08 m/s
[Solver Step 010000] t= 4.035 | Pos Err:    0.10 km | Vel Err:    0.00 m/s
[Solver Step 011000] t= 4.454 | Pos Err:    0.09 km | Vel Err:    0.00 m/s
[Solver Step 012000] t= 4.896 | Pos Err:    0.06 km | Vel Err:    0.04 m/s
[Solver Step 013000] t= 5.234 | Pos Err:    0.04 km | Vel Err:    0.00 m/s
[Solver Step 014000] t= 5.633 | Pos Err:    0.06 km | Vel Err:    0.00 m/s
[Solver Step 015000] t= 6.112 | Pos Err:    0.10 km | Vel Err:    0.02 m/s
[Solver Step 016000] t= 6.498 | Pos Err:    0.11 km | Vel Err:    0.00 m/s
[Solver Step 017000] t= 6.925 | Pos Err:    0.11 km | Vel Err:    0.00 m/s
[Solver Step 018000] t= 7.269 | Pos Err:    0.16 km | Vel Err:    0.10 m/s
[Solver Step 019000] t= 7.690 | Pos Err:    0.02 km | Vel Err:    0.00 m/s
[Solver Step 020000] t= 8.169 | Pos Err:    0.05 km | Vel Err:    0.00 m/s
[Solver Step 021000] t= 8.555 | Pos Err:    0.06 km | Vel Err:    0.03 m/s
[Solver Step 022000] t= 8.923 | Pos Err:    0.10 km | Vel Err:    0.00 m/s
[Solver Step 023000] t= 9.316 | Pos Err:    0.09 km | Vel Err:    0.00 m/s
[Solver Step 024000] t= 9.775 | Pos Err:    0.05 km | Vel Err:    0.03 m/s
[Solver Step 025000] t=10.175 | Pos Err:    0.04 km | Vel Err:    0.00 m/s
[Solver Step 026000] t=10.575 | Pos Err:    0.02 km | Vel Err:    0.00 m/s
[Solver Step 027000] t=10.935 | Pos Err:    0.10 km | Vel Err:    0.09 m/s
[Solver Step 028000] t=11.354 | Pos Err:    0.11 km | Vel Err:    0.00 m/s
[Solver Step 029000] t=11.810 | Pos Err:    0.10 km | Vel Err:    0.00 m/s
[Solver Step 030000] t=12.179 | Pos Err:    0.08 km | Vel Err:    0.03 m/s
Completed [EARTH_ORBIT] Trajectory 55/120 | Saved 2583 samples | Total: 68290
[Multiple Shooting] Converged in 2 iterations with residual 1.24e-15
[Solver Step 001000] t= 0.479 | Pos Err:    0.28 km | Vel Err:    0.01 m/s
[Solver Step 002000] t= 0.991 | Pos Err:    0.15 km | Vel Err:    0.00 m/s
[Solver Step 003000] t= 1.421 | Pos Err:    0.26 km | Vel Err:    0.01 m/s
[Solver Step 004000] t= 1.910 | Pos Err:    0.13 km | Vel Err:    0.00 m/s
[Solver Step 005000] t= 2.448 | Pos Err:    0.21 km | Vel Err:    0.01 m/s
[Solver Step 006000] t= 2.962 | Pos Err:    0.23 km | Vel Err:    0.01 m/s
Completed [HALO_L2] Trajectory 56/120 | Saved 543 samples | Total: 68833
[Solver Step 001000] t= 0.218 | Pos Err:   18.04 km | Vel Err:    0.26 m/s
[Solver Step 002000] t= 0.470 | Pos Err:    2.17 km | Vel Err:    0.04 m/s
[Solver Step 003000] t= 0.713 | Pos Err:    0.29 km | Vel Err:    0.03 m/s
[Solver Step 004000] t= 0.928 | Pos Err:    0.01 km | Vel Err:    0.00 m/s
[Solver Step 005000] t= 1.176 | Pos Err:    0.06 km | Vel Err:    0.00 m/s
[Solver Step 006000] t= 1.429 | Pos Err:    0.10 km | Vel Err:    0.04 m/s
[Solver Step 007000] t= 1.655 | Pos Err:    0.08 km | Vel Err:    0.00 m/s
[Solver Step 008000] t= 1.869 | Pos Err:    0.08 km | Vel Err:    0.00 m/s
[Solver Step 009000] t= 2.130 | Pos Err:    0.34 km | Vel Err:    0.27 m/s
[Solver Step 010000] t= 2.368 | Pos Err:    0.08 km | Vel Err:    0.00 m/s
[Solver Step 011000] t= 2.578 | Pos Err:    0.06 km | Vel Err:    0.00 m/s
[Solver Step 012000] t= 2.831 | Pos Err:    1.77 km | Vel Err:    1.35 m/s
[Solver Step 013000] t= 3.085 | Pos Err:    0.08 km | Vel Err:    0.00 m/s
[Solver Step 014000] t= 3.299 | Pos Err:    0.04 km | Vel Err:    0.00 m/s
[Solver Step 015000] t= 3.525 | Pos Err:    0.77 km | Vel Err:    0.62 m/s
[Solver Step 016000] t= 3.788 | Pos Err:    0.07 km | Vel Err:    0.01 m/s
[Solver Step 017000] t= 4.025 | Pos Err:    0.03 km | Vel Err:    0.00 m/s
[Solver Step 018000] t= 4.233 | Pos Err:    0.38 km | Vel Err:    0.25 m/s
[Solver Step 019000] t= 4.489 | Pos Err:    0.05 km | Vel Err:    0.01 m/s
[Solver Step 020000] t= 4.740 | Pos Err:    0.00 km | Vel Err:    0.00 m/s
[Solver Step 021000] t= 4.955 | Pos Err:    0.18 km | Vel Err:    0.12 m/s
[Solver Step 022000] t= 5.181 | Pos Err:    0.03 km | Vel Err:    0.01 m/s
[Solver Step 023000] t= 5.446 | Pos Err:    0.01 km | Vel Err:    0.00 m/s
[Solver Step 024000] t= 5.686 | Pos Err:    0.11 km | Vel Err:    0.10 m/s
[Solver Step 025000] t= 5.892 | Pos Err:    0.04 km | Vel Err:    0.01 m/s
[Solver Step 026000] t= 6.151 | Pos Err:    0.03 km | Vel Err:    0.00 m/s
[Solver Step 027000] t= 6.401 | Pos Err:    0.24 km | Vel Err:    0.24 m/s
[Solver Step 028000] t= 6.610 | Pos Err:    0.07 km | Vel Err:    0.00 m/s
[Solver Step 029000] t= 6.842 | Pos Err:    0.05 km | Vel Err:    0.00 m/s
Completed [TRANSFER] Trajectory 57/120 | Saved 2399 samples | Total: 71232
[Solver Step 001000] t= 0.412 | Pos Err:    3.05 km | Vel Err:    0.07 m/s
[Solver Step 002000] t= 0.816 | Pos Err:    0.10 km | Vel Err:    0.00 m/s
[Solver Step 003000] t= 1.258 | Pos Err:    0.01 km | Vel Err:    0.01 m/s
[Solver Step 004000] t= 1.605 | Pos Err:    0.04 km | Vel Err:    0.00 m/s
[Solver Step 005000] t= 1.990 | Pos Err:    0.10 km | Vel Err:    0.00 m/s
[Solver Step 006000] t= 2.443 | Pos Err:    0.10 km | Vel Err:    0.02 m/s
[Solver Step 007000] t= 2.844 | Pos Err:    0.09 km | Vel Err:    0.00 m/s
[Solver Step 008000] t= 3.242 | Pos Err:    0.07 km | Vel Err:    0.00 m/s
[Solver Step 009000] t= 3.616 | Pos Err:    0.09 km | Vel Err:    0.08 m/s
[Solver Step 010000] t= 4.030 | Pos Err:    0.08 km | Vel Err:    0.00 m/s
[Solver Step 011000] t= 4.450 | Pos Err:    0.10 km | Vel Err:    0.00 m/s
[Solver Step 012000] t= 4.892 | Pos Err:    0.08 km | Vel Err:    0.04 m/s
[Solver Step 013000] t= 5.231 | Pos Err:    0.10 km | Vel Err:    0.00 m/s
[Solver Step 014000] t= 5.628 | Pos Err:    0.05 km | Vel Err:    0.00 m/s
[Solver Step 015000] t= 6.107 | Pos Err:    0.02 km | Vel Err:    0.02 m/s
[Solver Step 016000] t= 6.494 | Pos Err:    0.04 km | Vel Err:    0.00 m/s
[Solver Step 017000] t= 6.921 | Pos Err:    0.06 km | Vel Err:    0.00 m/s
[Solver Step 018000] t= 7.265 | Pos Err:    0.14 km | Vel Err:    0.10 m/s
[Solver Step 019000] t= 7.685 | Pos Err:    0.09 km | Vel Err:    0.00 m/s
[Solver Step 020000] t= 8.165 | Pos Err:    0.06 km | Vel Err:    0.00 m/s
[Solver Step 021000] t= 8.550 | Pos Err:    0.04 km | Vel Err:    0.03 m/s
[Solver Step 022000] t= 8.921 | Pos Err:    0.02 km | Vel Err:    0.00 m/s
[Solver Step 023000] t= 9.312 | Pos Err:    0.08 km | Vel Err:    0.00 m/s
[Solver Step 024000] t= 9.770 | Pos Err:    0.10 km | Vel Err:    0.03 m/s
[Solver Step 025000] t=10.172 | Pos Err:    0.10 km | Vel Err:    0.00 m/s
[Solver Step 026000] t=10.571 | Pos Err:    0.09 km | Vel Err:    0.00 m/s
[Solver Step 027000] t=10.931 | Pos Err:    0.12 km | Vel Err:    0.09 m/s
[Solver Step 028000] t=11.351 | Pos Err:    0.05 km | Vel Err:    0.00 m/s
[Solver Step 029000] t=11.806 | Pos Err:    0.07 km | Vel Err:    0.00 m/s
[Solver Step 030000] t=12.175 | Pos Err:    0.07 km | Vel Err:    0.03 m/s
[Solver Step 031000] t=12.566 | Pos Err:    0.10 km | Vel Err:    0.00 m/s
Completed [EARTH_ORBIT] Trajectory 58/120 | Saved 2584 samples | Total: 73816
[Solver Step 001000] t= 0.216 | Pos Err:   27.26 km | Vel Err:    0.71 m/s
[Solver Step 002000] t= 0.469 | Pos Err:    3.45 km | Vel Err:    0.07 m/s
[Solver Step 003000] t= 0.712 | Pos Err:    0.41 km | Vel Err:    0.03 m/s
[Solver Step 004000] t= 0.926 | Pos Err:    0.04 km | Vel Err:    0.01 m/s
[Solver Step 005000] t= 1.175 | Pos Err:    0.03 km | Vel Err:    0.00 m/s
[Solver Step 006000] t= 1.429 | Pos Err:    0.10 km | Vel Err:    0.04 m/s
[Solver Step 007000] t= 1.660 | Pos Err:    0.10 km | Vel Err:    0.00 m/s
[Solver Step 008000] t= 1.874 | Pos Err:    0.07 km | Vel Err:    0.00 m/s
[Solver Step 009000] t= 2.133 | Pos Err:    0.21 km | Vel Err:    0.11 m/s
[Solver Step 010000] t= 2.376 | Pos Err:    0.11 km | Vel Err:    0.00 m/s
[Solver Step 011000] t= 2.588 | Pos Err:    0.09 km | Vel Err:    0.00 m/s
[Solver Step 012000] t= 2.836 | Pos Err:    1.00 km | Vel Err:    0.84 m/s
[Solver Step 013000] t= 3.091 | Pos Err:    0.12 km | Vel Err:    0.00 m/s
[Solver Step 014000] t= 3.311 | Pos Err:    0.09 km | Vel Err:    0.00 m/s
[Solver Step 015000] t= 3.533 | Pos Err:    0.64 km | Vel Err:    0.56 m/s
[Solver Step 016000] t= 3.795 | Pos Err:    0.12 km | Vel Err:    0.00 m/s
[Solver Step 017000] t= 4.037 | Pos Err:    0.09 km | Vel Err:    0.00 m/s
[Solver Step 018000] t= 4.244 | Pos Err:    0.29 km | Vel Err:    0.22 m/s
[Solver Step 019000] t= 4.496 | Pos Err:    0.08 km | Vel Err:    0.02 m/s
[Solver Step 020000] t= 4.750 | Pos Err:    0.08 km | Vel Err:    0.00 m/s
[Solver Step 021000] t= 4.967 | Pos Err:    0.07 km | Vel Err:    0.11 m/s
[Solver Step 022000] t= 5.188 | Pos Err:    0.09 km | Vel Err:    0.01 m/s
[Solver Step 023000] t= 5.454 | Pos Err:    0.06 km | Vel Err:    0.00 m/s
[Solver Step 024000] t= 5.696 | Pos Err:    0.10 km | Vel Err:    0.12 m/s
[Solver Step 025000] t= 5.903 | Pos Err:    0.06 km | Vel Err:    0.00 m/s
[Solver Step 026000] t= 6.157 | Pos Err:    0.06 km | Vel Err:    0.00 m/s
[Solver Step 027000] t= 6.411 | Pos Err:    0.26 km | Vel Err:    0.24 m/s
[Solver Step 028000] t= 6.622 | Pos Err:    0.06 km | Vel Err:    0.00 m/s
[Solver Step 029000] t= 6.849 | Pos Err:    0.05 km | Vel Err:    0.00 m/s
Completed [TRANSFER] Trajectory 59/120 | Saved 2399 samples | Total: 76215
[Solver Step 001000] t= 0.414 | Pos Err:    3.57 km | Vel Err:    0.08 m/s
[Solver Step 002000] t= 0.818 | Pos Err:    0.05 km | Vel Err:    0.00 m/s
[Solver Step 003000] t= 1.259 | Pos Err:    0.11 km | Vel Err:    0.01 m/s
[Solver Step 004000] t= 1.606 | Pos Err:    0.11 km | Vel Err:    0.00 m/s
[Solver Step 005000] t= 1.992 | Pos Err:    0.05 km | Vel Err:    0.00 m/s
[Solver Step 006000] t= 2.445 | Pos Err:    0.02 km | Vel Err:    0.02 m/s
[Solver Step 007000] t= 2.846 | Pos Err:    0.05 km | Vel Err:    0.00 m/s
[Solver Step 008000] t= 3.243 | Pos Err:    0.07 km | Vel Err:    0.00 m/s
[Solver Step 009000] t= 3.618 | Pos Err:    0.14 km | Vel Err:    0.08 m/s
[Solver Step 010000] t= 4.032 | Pos Err:    0.09 km | Vel Err:    0.00 m/s
[Solver Step 011000] t= 4.452 | Pos Err:    0.06 km | Vel Err:    0.00 m/s
[Solver Step 012000] t= 4.894 | Pos Err:    0.04 km | Vel Err:    0.04 m/s
[Solver Step 013000] t= 5.232 | Pos Err:    0.01 km | Vel Err:    0.00 m/s
[Solver Step 014000] t= 5.630 | Pos Err:    0.09 km | Vel Err:    0.00 m/s
[Solver Step 015000] t= 6.109 | Pos Err:    0.11 km | Vel Err:    0.02 m/s
[Solver Step 016000] t= 6.496 | Pos Err:    0.11 km | Vel Err:    0.00 m/s
[Solver Step 017000] t= 6.923 | Pos Err:    0.10 km | Vel Err:    0.00 m/s
[Solver Step 018000] t= 7.267 | Pos Err:    0.14 km | Vel Err:    0.10 m/s
[Solver Step 019000] t= 7.687 | Pos Err:    0.05 km | Vel Err:    0.00 m/s
[Solver Step 020000] t= 8.167 | Pos Err:    0.08 km | Vel Err:    0.00 m/s
[Solver Step 021000] t= 8.552 | Pos Err:    0.08 km | Vel Err:    0.03 m/s
[Solver Step 022000] t= 8.922 | Pos Err:    0.11 km | Vel Err:    0.00 m/s
[Solver Step 023000] t= 9.314 | Pos Err:    0.07 km | Vel Err:    0.00 m/s
[Solver Step 024000] t= 9.772 | Pos Err:    0.03 km | Vel Err:    0.03 m/s
[Solver Step 025000] t=10.173 | Pos Err:    0.01 km | Vel Err:    0.00 m/s
[Solver Step 026000] t=10.573 | Pos Err:    0.03 km | Vel Err:    0.00 m/s
[Solver Step 027000] t=10.933 | Pos Err:    0.13 km | Vel Err:    0.09 m/s
[Solver Step 028000] t=11.352 | Pos Err:    0.11 km | Vel Err:    0.00 m/s
[Solver Step 029000] t=11.808 | Pos Err:    0.09 km | Vel Err:    0.00 m/s
[Solver Step 030000] t=12.177 | Pos Err:    0.07 km | Vel Err:    0.03 m/s
Completed [EARTH_ORBIT] Trajectory 60/120 | Saved 2583 samples | Total: 78798
[Solver Step 001000] t= 0.410 | Pos Err:    3.39 km | Vel Err:    0.08 m/s
[Solver Step 002000] t= 0.814 | Pos Err:    0.10 km | Vel Err:    0.00 m/s
[Solver Step 003000] t= 1.257 | Pos Err:    0.02 km | Vel Err:    0.01 m/s
[Solver Step 004000] t= 1.603 | Pos Err:    0.03 km | Vel Err:    0.00 m/s
[Solver Step 005000] t= 1.989 | Pos Err:    0.10 km | Vel Err:    0.00 m/s
[Solver Step 006000] t= 2.442 | Pos Err:    0.11 km | Vel Err:    0.02 m/s
[Solver Step 007000] t= 2.843 | Pos Err:    0.10 km | Vel Err:    0.00 m/s
[Solver Step 008000] t= 3.242 | Pos Err:    0.09 km | Vel Err:    0.00 m/s
[Solver Step 009000] t= 3.615 | Pos Err:    0.10 km | Vel Err:    0.08 m/s
[Solver Step 010000] t= 4.029 | Pos Err:    0.07 km | Vel Err:    0.00 m/s
[Solver Step 011000] t= 4.449 | Pos Err:    0.09 km | Vel Err:    0.00 m/s
[Solver Step 012000] t= 4.891 | Pos Err:    0.08 km | Vel Err:    0.04 m/s
[Solver Step 013000] t= 5.230 | Pos Err:    0.11 km | Vel Err:    0.00 m/s
[Solver Step 014000] t= 5.627 | Pos Err:    0.06 km | Vel Err:    0.00 m/s
[Solver Step 015000] t= 6.106 | Pos Err:    0.01 km | Vel Err:    0.02 m/s
[Solver Step 016000] t= 6.493 | Pos Err:    0.03 km | Vel Err:    0.00 m/s
[Solver Step 017000] t= 6.920 | Pos Err:    0.05 km | Vel Err:    0.00 m/s
[Solver Step 018000] t= 7.264 | Pos Err:    0.12 km | Vel Err:    0.11 m/s
[Solver Step 019000] t= 7.684 | Pos Err:    0.10 km | Vel Err:    0.00 m/s
[Solver Step 020000] t= 8.164 | Pos Err:    0.08 km | Vel Err:    0.00 m/s
[Solver Step 021000] t= 8.549 | Pos Err:    0.06 km | Vel Err:    0.03 m/s
[Solver Step 022000] t= 8.920 | Pos Err:    0.02 km | Vel Err:    0.00 m/s
[Solver Step 023000] t= 9.311 | Pos Err:    0.08 km | Vel Err:    0.00 m/s
[Solver Step 024000] t= 9.769 | Pos Err:    0.10 km | Vel Err:    0.03 m/s
[Solver Step 025000] t=10.171 | Pos Err:    0.11 km | Vel Err:    0.00 m/s
[Solver Step 026000] t=10.570 | Pos Err:    0.10 km | Vel Err:    0.00 m/s
[Solver Step 027000] t=10.930 | Pos Err:    0.13 km | Vel Err:    0.09 m/s
[Solver Step 028000] t=11.350 | Pos Err:    0.03 km | Vel Err:    0.00 m/s
[Solver Step 029000] t=11.805 | Pos Err:    0.06 km | Vel Err:    0.00 m/s
[Solver Step 030000] t=12.174 | Pos Err:    0.07 km | Vel Err:    0.03 m/s
[Solver Step 031000] t=12.565 | Pos Err:    0.10 km | Vel Err:    0.00 m/s
Completed [EARTH_ORBIT] Trajectory 61/120 | Saved 2584 samples | Total: 81382
[Solver Step 001000] t= 0.217 | Pos Err:   27.31 km | Vel Err:    0.68 m/s
[Solver Step 002000] t= 0.471 | Pos Err:    3.38 km | Vel Err:    0.06 m/s
[Solver Step 003000] t= 0.713 | Pos Err:    0.44 km | Vel Err:    0.03 m/s
[Solver Step 004000] t= 0.930 | Pos Err:    0.04 km | Vel Err:    0.00 m/s
[Solver Step 005000] t= 1.177 | Pos Err:    0.09 km | Vel Err:    0.00 m/s
[Solver Step 006000] t= 1.430 | Pos Err:    0.04 km | Vel Err:    0.04 m/s
[Solver Step 007000] t= 1.659 | Pos Err:    0.05 km | Vel Err:    0.00 m/s
[Solver Step 008000] t= 1.875 | Pos Err:    0.07 km | Vel Err:    0.00 m/s
[Solver Step 009000] t= 2.134 | Pos Err:    0.06 km | Vel Err:    0.08 m/s
[Solver Step 010000] t= 2.378 | Pos Err:    0.03 km | Vel Err:    0.00 m/s
[Solver Step 011000] t= 2.590 | Pos Err:    0.05 km | Vel Err:    0.00 m/s
[Solver Step 012000] t= 2.837 | Pos Err:    0.99 km | Vel Err:    0.76 m/s
[Solver Step 013000] t= 3.092 | Pos Err:    0.02 km | Vel Err:    0.00 m/s
[Solver Step 014000] t= 3.313 | Pos Err:    0.06 km | Vel Err:    0.00 m/s
[Solver Step 015000] t= 3.535 | Pos Err:    0.79 km | Vel Err:    0.55 m/s
[Solver Step 016000] t= 3.796 | Pos Err:    0.03 km | Vel Err:    0.01 m/s
[Solver Step 017000] t= 4.036 | Pos Err:    0.07 km | Vel Err:    0.00 m/s
[Solver Step 018000] t= 4.246 | Pos Err:    0.43 km | Vel Err:    0.22 m/s
[Solver Step 019000] t= 4.497 | Pos Err:    0.08 km | Vel Err:    0.02 m/s
[Solver Step 020000] t= 4.751 | Pos Err:    0.09 km | Vel Err:    0.00 m/s
[Solver Step 021000] t= 4.969 | Pos Err:    0.20 km | Vel Err:    0.11 m/s
[Solver Step 022000] t= 5.189 | Pos Err:    0.08 km | Vel Err:    0.01 m/s
[Solver Step 023000] t= 5.455 | Pos Err:    0.10 km | Vel Err:    0.00 m/s
[Solver Step 024000] t= 5.698 | Pos Err:    0.11 km | Vel Err:    0.12 m/s
[Solver Step 025000] t= 5.904 | Pos Err:    0.08 km | Vel Err:    0.00 m/s
[Solver Step 026000] t= 6.158 | Pos Err:    0.09 km | Vel Err:    0.00 m/s
[Solver Step 027000] t= 6.412 | Pos Err:    0.19 km | Vel Err:    0.24 m/s
[Solver Step 028000] t= 6.624 | Pos Err:    0.08 km | Vel Err:    0.00 m/s
[Solver Step 029000] t= 6.850 | Pos Err:    0.11 km | Vel Err:    0.00 m/s
Completed [TRANSFER] Trajectory 62/120 | Saved 2399 samples | Total: 83781
[Solver Step 001000] t= 0.218 | Pos Err:   31.15 km | Vel Err:    0.70 m/s
[Solver Step 002000] t= 0.470 | Pos Err:    3.83 km | Vel Err:    0.05 m/s
[Solver Step 003000] t= 0.713 | Pos Err:    0.52 km | Vel Err:    0.03 m/s
[Solver Step 004000] t= 0.930 | Pos Err:    0.05 km | Vel Err:    0.00 m/s
[Solver Step 005000] t= 1.178 | Pos Err:    0.09 km | Vel Err:    0.00 m/s
[Solver Step 006000] t= 1.431 | Pos Err:    0.03 km | Vel Err:    0.04 m/s
[Solver Step 007000] t= 1.661 | Pos Err:    0.05 km | Vel Err:    0.00 m/s
[Solver Step 008000] t= 1.876 | Pos Err:    0.08 km | Vel Err:    0.00 m/s
[Solver Step 009000] t= 2.134 | Pos Err:    0.07 km | Vel Err:    0.11 m/s
[Solver Step 010000] t= 2.377 | Pos Err:    0.04 km | Vel Err:    0.00 m/s
[Solver Step 011000] t= 2.590 | Pos Err:    0.06 km | Vel Err:    0.00 m/s
[Solver Step 012000] t= 2.837 | Pos Err:    0.98 km | Vel Err:    0.76 m/s
[Solver Step 013000] t= 3.092 | Pos Err:    0.04 km | Vel Err:    0.00 m/s
[Solver Step 014000] t= 3.313 | Pos Err:    0.08 km | Vel Err:    0.00 m/s
[Solver Step 015000] t= 3.535 | Pos Err:    0.80 km | Vel Err:    0.54 m/s
[Solver Step 016000] t= 3.796 | Pos Err:    0.05 km | Vel Err:    0.01 m/s
[Solver Step 017000] t= 4.038 | Pos Err:    0.09 km | Vel Err:    0.00 m/s
[Solver Step 018000] t= 4.246 | Pos Err:    0.45 km | Vel Err:    0.22 m/s
[Solver Step 019000] t= 4.496 | Pos Err:    0.10 km | Vel Err:    0.02 m/s
[Solver Step 020000] t= 4.750 | Pos Err:    0.11 km | Vel Err:    0.00 m/s
[Solver Step 021000] t= 4.967 | Pos Err:    0.20 km | Vel Err:    0.11 m/s
[Solver Step 022000] t= 5.188 | Pos Err:    0.11 km | Vel Err:    0.01 m/s
[Solver Step 023000] t= 5.454 | Pos Err:    0.12 km | Vel Err:    0.00 m/s
[Solver Step 024000] t= 5.696 | Pos Err:    0.10 km | Vel Err:    0.12 m/s
[Solver Step 025000] t= 5.905 | Pos Err:    0.09 km | Vel Err:    0.00 m/s
[Solver Step 026000] t= 6.158 | Pos Err:    0.10 km | Vel Err:    0.00 m/s
[Solver Step 027000] t= 6.412 | Pos Err:    0.17 km | Vel Err:    0.24 m/s
[Solver Step 028000] t= 6.625 | Pos Err:    0.08 km | Vel Err:    0.00 m/s
[Solver Step 029000] t= 6.850 | Pos Err:    0.11 km | Vel Err:    0.00 m/s
Completed [TRANSFER] Trajectory 63/120 | Saved 2399 samples | Total: 86180
[Solver Step 001000] t= 0.417 | Pos Err:    2.32 km | Vel Err:    0.05 m/s
[Solver Step 002000] t= 0.821 | Pos Err:    0.03 km | Vel Err:    0.00 m/s
[Solver Step 003000] t= 1.262 | Pos Err:    0.09 km | Vel Err:    0.01 m/s
[Solver Step 004000] t= 1.609 | Pos Err:    0.08 km | Vel Err:    0.00 m/s
[Solver Step 005000] t= 1.995 | Pos Err:    0.02 km | Vel Err:    0.00 m/s
[Solver Step 006000] t= 2.448 | Pos Err:    0.05 km | Vel Err:    0.02 m/s
[Solver Step 007000] t= 2.850 | Pos Err:    0.07 km | Vel Err:    0.00 m/s
[Solver Step 008000] t= 3.246 | Pos Err:    0.08 km | Vel Err:    0.00 m/s
[Solver Step 009000] t= 3.621 | Pos Err:    0.14 km | Vel Err:    0.08 m/s
[Solver Step 010000] t= 4.036 | Pos Err:    0.05 km | Vel Err:    0.00 m/s
[Solver Step 011000] t= 4.454 | Pos Err:    0.03 km | Vel Err:    0.00 m/s
[Solver Step 012000] t= 4.897 | Pos Err:    0.01 km | Vel Err:    0.04 m/s
[Solver Step 013000] t= 5.235 | Pos Err:    0.04 km | Vel Err:    0.00 m/s
[Solver Step 014000] t= 5.634 | Pos Err:    0.08 km | Vel Err:    0.00 m/s
[Solver Step 015000] t= 6.113 | Pos Err:    0.08 km | Vel Err:    0.02 m/s
[Solver Step 016000] t= 6.499 | Pos Err:    0.08 km | Vel Err:    0.00 m/s
[Solver Step 017000] t= 6.926 | Pos Err:    0.07 km | Vel Err:    0.00 m/s
[Solver Step 018000] t= 7.270 | Pos Err:    0.11 km | Vel Err:    0.10 m/s
[Solver Step 019000] t= 7.691 | Pos Err:    0.07 km | Vel Err:    0.00 m/s
[Solver Step 020000] t= 8.170 | Pos Err:    0.08 km | Vel Err:    0.00 m/s
[Solver Step 021000] t= 8.556 | Pos Err:    0.07 km | Vel Err:    0.03 m/s
[Solver Step 022000] t= 8.923 | Pos Err:    0.09 km | Vel Err:    0.00 m/s
[Solver Step 023000] t= 9.317 | Pos Err:    0.04 km | Vel Err:    0.00 m/s
[Solver Step 024000] t= 9.776 | Pos Err:    0.02 km | Vel Err:    0.03 m/s
[Solver Step 025000] t=10.176 | Pos Err:    0.04 km | Vel Err:    0.00 m/s
[Solver Step 026000] t=10.576 | Pos Err:    0.06 km | Vel Err:    0.00 m/s
[Solver Step 027000] t=10.936 | Pos Err:    0.15 km | Vel Err:    0.09 m/s
[Solver Step 028000] t=11.355 | Pos Err:    0.08 km | Vel Err:    0.00 m/s
[Solver Step 029000] t=11.811 | Pos Err:    0.06 km | Vel Err:    0.00 m/s
[Solver Step 030000] t=12.180 | Pos Err:    0.04 km | Vel Err:    0.03 m/s
Completed [EARTH_ORBIT] Trajectory 64/120 | Saved 2583 samples | Total: 88763
[Multiple Shooting] Converged in 2 iterations with residual 2.89e-11
[Solver Step 001000] t= 0.444 | Pos Err:    0.04 km | Vel Err:    0.00 m/s
[Solver Step 002000] t= 0.879 | Pos Err:    0.35 km | Vel Err:    0.01 m/s
[Solver Step 003000] t= 1.361 | Pos Err:    0.46 km | Vel Err:    0.03 m/s
[Solver Step 004000] t= 1.791 | Pos Err:    8.85 km | Vel Err:    0.22 m/s
[Solver Step 005000] t= 2.152 | Pos Err:  257.05 km | Vel Err:    5.14 m/s
[Solver Step 006000] t= 2.584 | Pos Err:   50.67 km | Vel Err:    1.17 m/s
[Solver Step 007000] t= 3.070 | Pos Err:   53.33 km | Vel Err:    1.18 m/s
Completed [HALO_L1] Trajectory 65/120 | Saved 595 samples | Total: 89358
[Solver Step 001000] t= 0.414 | Pos Err:    0.63 km | Vel Err:    0.02 m/s
[Solver Step 002000] t= 0.788 | Pos Err:    0.05 km | Vel Err:    0.00 m/s
[Solver Step 003000] t= 1.098 | Pos Err:    0.01 km | Vel Err:    0.04 m/s
[Solver Step 004000] t= 1.548 | Pos Err:    0.06 km | Vel Err:    0.00 m/s
[Solver Step 005000] t= 2.100 | Pos Err:    0.06 km | Vel Err:    0.00 m/s
[Solver Step 006000] t= 2.513 | Pos Err:    0.06 km | Vel Err:    0.01 m/s
[Solver Step 007000] t= 3.012 | Pos Err:    0.06 km | Vel Err:    0.00 m/s
[Solver Step 008000] t= 3.565 | Pos Err:    0.06 km | Vel Err:    0.00 m/s
[Solver Step 009000] t= 4.056 | Pos Err:    0.06 km | Vel Err:    0.01 m/s
[Solver Step 010000] t= 4.457 | Pos Err:    0.06 km | Vel Err:    0.00 m/s
[Solver Step 011000] t= 4.994 | Pos Err:    0.05 km | Vel Err:    0.00 m/s
[Solver Step 012000] t= 5.582 | Pos Err:    0.03 km | Vel Err:    0.05 m/s
[Solver Step 013000] t= 6.065 | Pos Err:    0.05 km | Vel Err:    0.00 m/s
[Solver Step 014000] t= 6.466 | Pos Err:    0.05 km | Vel Err:    0.00 m/s
[Solver Step 015000] t= 7.022 | Pos Err:    0.02 km | Vel Err:    0.08 m/s
Completed [MOON_ORBIT] Trajectory 66/120 | Saved 1315 samples | Total: 90673
[Solver Step 001000] t= 0.412 | Pos Err:    2.99 km | Vel Err:    0.07 m/s
[Solver Step 002000] t= 0.816 | Pos Err:    0.10 km | Vel Err:    0.00 m/s
[Solver Step 003000] t= 1.258 | Pos Err:    0.02 km | Vel Err:    0.01 m/s
[Solver Step 004000] t= 1.605 | Pos Err:    0.04 km | Vel Err:    0.00 m/s
[Solver Step 005000] t= 1.990 | Pos Err:    0.10 km | Vel Err:    0.00 m/s
[Solver Step 006000] t= 2.443 | Pos Err:    0.10 km | Vel Err:    0.02 m/s
[Solver Step 007000] t= 2.844 | Pos Err:    0.08 km | Vel Err:    0.00 m/s
[Solver Step 008000] t= 3.242 | Pos Err:    0.07 km | Vel Err:    0.00 m/s
[Solver Step 009000] t= 3.616 | Pos Err:    0.08 km | Vel Err:    0.08 m/s
[Solver Step 010000] t= 4.030 | Pos Err:    0.08 km | Vel Err:    0.00 m/s
[Solver Step 011000] t= 4.450 | Pos Err:    0.10 km | Vel Err:    0.00 m/s
[Solver Step 012000] t= 4.892 | Pos Err:    0.08 km | Vel Err:    0.04 m/s
[Solver Step 013000] t= 5.231 | Pos Err:    0.10 km | Vel Err:    0.00 m/s
[Solver Step 014000] t= 5.628 | Pos Err:    0.04 km | Vel Err:    0.00 m/s
[Solver Step 015000] t= 6.107 | Pos Err:    0.02 km | Vel Err:    0.02 m/s
[Solver Step 016000] t= 6.494 | Pos Err:    0.04 km | Vel Err:    0.00 m/s
[Solver Step 017000] t= 6.921 | Pos Err:    0.07 km | Vel Err:    0.00 m/s
[Solver Step 018000] t= 7.265 | Pos Err:    0.14 km | Vel Err:    0.10 m/s
[Solver Step 019000] t= 7.685 | Pos Err:    0.08 km | Vel Err:    0.00 m/s
[Solver Step 020000] t= 8.165 | Pos Err:    0.06 km | Vel Err:    0.00 m/s
[Solver Step 021000] t= 8.551 | Pos Err:    0.04 km | Vel Err:    0.03 m/s
[Solver Step 022000] t= 8.921 | Pos Err:    0.02 km | Vel Err:    0.00 m/s
[Solver Step 023000] t= 9.312 | Pos Err:    0.08 km | Vel Err:    0.00 m/s
[Solver Step 024000] t= 9.770 | Pos Err:    0.10 km | Vel Err:    0.03 m/s
[Solver Step 025000] t=10.172 | Pos Err:    0.10 km | Vel Err:    0.00 m/s
[Solver Step 026000] t=10.571 | Pos Err:    0.09 km | Vel Err:    0.00 m/s
[Solver Step 027000] t=10.931 | Pos Err:    0.11 km | Vel Err:    0.09 m/s
[Solver Step 028000] t=11.351 | Pos Err:    0.05 km | Vel Err:    0.00 m/s
[Solver Step 029000] t=11.806 | Pos Err:    0.07 km | Vel Err:    0.00 m/s
[Solver Step 030000] t=12.175 | Pos Err:    0.08 km | Vel Err:    0.03 m/s
[Solver Step 031000] t=12.566 | Pos Err:    0.10 km | Vel Err:    0.00 m/s
Completed [EARTH_ORBIT] Trajectory 67/120 | Saved 2584 samples | Total: 93257
[Solver Step 001000] t= 0.412 | Pos Err:    3.77 km | Vel Err:    0.09 m/s
[Solver Step 002000] t= 0.816 | Pos Err:    0.06 km | Vel Err:    0.00 m/s
[Solver Step 003000] t= 1.258 | Pos Err:    0.08 km | Vel Err:    0.01 m/s
[Solver Step 004000] t= 1.605 | Pos Err:    0.06 km | Vel Err:    0.00 m/s
[Solver Step 005000] t= 1.990 | Pos Err:    0.05 km | Vel Err:    0.00 m/s
[Solver Step 006000] t= 2.443 | Pos Err:    0.10 km | Vel Err:    0.02 m/s
[Solver Step 007000] t= 2.844 | Pos Err:    0.11 km | Vel Err:    0.00 m/s
[Solver Step 008000] t= 3.242 | Pos Err:    0.11 km | Vel Err:    0.00 m/s
[Solver Step 009000] t= 3.617 | Pos Err:    0.16 km | Vel Err:    0.08 m/s
[Solver Step 010000] t= 4.030 | Pos Err:    0.02 km | Vel Err:    0.00 m/s
[Solver Step 011000] t= 4.450 | Pos Err:    0.04 km | Vel Err:    0.00 m/s
[Solver Step 012000] t= 4.892 | Pos Err:    0.05 km | Vel Err:    0.04 m/s
[Solver Step 013000] t= 5.231 | Pos Err:    0.09 km | Vel Err:    0.00 m/s
[Solver Step 014000] t= 5.629 | Pos Err:    0.10 km | Vel Err:    0.00 m/s
[Solver Step 015000] t= 6.107 | Pos Err:    0.07 km | Vel Err:    0.02 m/s
[Solver Step 016000] t= 6.494 | Pos Err:    0.05 km | Vel Err:    0.00 m/s
[Solver Step 017000] t= 6.922 | Pos Err:    0.03 km | Vel Err:    0.00 m/s
[Solver Step 018000] t= 7.265 | Pos Err:    0.07 km | Vel Err:    0.10 m/s
[Solver Step 019000] t= 7.686 | Pos Err:    0.11 km | Vel Err:    0.00 m/s
[Solver Step 020000] t= 8.166 | Pos Err:    0.11 km | Vel Err:    0.00 m/s
[Solver Step 021000] t= 8.551 | Pos Err:    0.09 km | Vel Err:    0.03 m/s
[Solver Step 022000] t= 8.921 | Pos Err:    0.08 km | Vel Err:    0.00 m/s
[Solver Step 023000] t= 9.312 | Pos Err:    0.03 km | Vel Err:    0.00 m/s
[Solver Step 024000] t= 9.770 | Pos Err:    0.07 km | Vel Err:    0.03 m/s
[Solver Step 025000] t=10.172 | Pos Err:    0.09 km | Vel Err:    0.00 m/s
[Solver Step 026000] t=10.572 | Pos Err:    0.10 km | Vel Err:    0.00 m/s
[Solver Step 027000] t=10.931 | Pos Err:    0.18 km | Vel Err:    0.09 m/s
[Solver Step 028000] t=11.351 | Pos Err:    0.05 km | Vel Err:    0.00 m/s
[Solver Step 029000] t=11.806 | Pos Err:    0.02 km | Vel Err:    0.00 m/s
[Solver Step 030000] t=12.176 | Pos Err:    0.03 km | Vel Err:    0.03 m/s
[Solver Step 031000] t=12.566 | Pos Err:    0.06 km | Vel Err:    0.00 m/s
Completed [EARTH_ORBIT] Trajectory 68/120 | Saved 2584 samples | Total: 95841
[Solver Step 001000] t= 0.417 | Pos Err:    0.49 km | Vel Err:    0.01 m/s
[Solver Step 002000] t= 0.791 | Pos Err:    0.06 km | Vel Err:    0.00 m/s
[Solver Step 003000] t= 1.101 | Pos Err:    0.01 km | Vel Err:    0.04 m/s
[Solver Step 004000] t= 1.553 | Pos Err:    0.05 km | Vel Err:    0.00 m/s
[Solver Step 005000] t= 2.104 | Pos Err:    0.06 km | Vel Err:    0.00 m/s
[Solver Step 006000] t= 2.517 | Pos Err:    0.05 km | Vel Err:    0.01 m/s
[Solver Step 007000] t= 3.017 | Pos Err:    0.05 km | Vel Err:    0.00 m/s
[Solver Step 008000] t= 3.569 | Pos Err:    0.05 km | Vel Err:    0.00 m/s
[Solver Step 009000] t= 4.059 | Pos Err:    0.05 km | Vel Err:    0.01 m/s
[Solver Step 010000] t= 4.461 | Pos Err:    0.06 km | Vel Err:    0.00 m/s
[Solver Step 011000] t= 4.999 | Pos Err:    0.06 km | Vel Err:    0.00 m/s
[Solver Step 012000] t= 5.586 | Pos Err:    0.05 km | Vel Err:    0.05 m/s
[Solver Step 013000] t= 6.068 | Pos Err:    0.06 km | Vel Err:    0.00 m/s
[Solver Step 014000] t= 6.469 | Pos Err:    0.06 km | Vel Err:    0.00 m/s
[Solver Step 015000] t= 7.027 | Pos Err:    0.04 km | Vel Err:    0.08 m/s
Completed [MOON_ORBIT] Trajectory 69/120 | Saved 1314 samples | Total: 97155
[Multiple Shooting] Converged in 2 iterations with residual 1.30e-15
[Solver Step 001000] t= 0.463 | Pos Err:    0.43 km | Vel Err:    0.01 m/s
[Solver Step 002000] t= 0.981 | Pos Err:    0.02 km | Vel Err:    0.00 m/s
[Solver Step 003000] t= 1.565 | Pos Err:    0.33 km | Vel Err:    0.02 m/s
[Solver Step 004000] t= 2.100 | Pos Err:    0.19 km | Vel Err:    0.00 m/s
[Solver Step 005000] t= 2.498 | Pos Err:    0.30 km | Vel Err:    0.01 m/s
[Solver Step 006000] t= 3.012 | Pos Err:    3.09 km | Vel Err:    0.08 m/s
Completed [HALO_L2] Trajectory 70/120 | Saved 520 samples | Total: 97675
[Multiple Shooting] Converged in 2 iterations with residual 1.55e-15
[Solver Step 001000] t= 0.465 | Pos Err:    0.16 km | Vel Err:    0.00 m/s
[Solver Step 002000] t= 1.007 | Pos Err:    0.14 km | Vel Err:    0.00 m/s
[Solver Step 003000] t= 1.606 | Pos Err:    0.06 km | Vel Err:    0.01 m/s
[Solver Step 004000] t= 2.087 | Pos Err:    0.13 km | Vel Err:    0.00 m/s
[Solver Step 005000] t= 2.509 | Pos Err:    0.32 km | Vel Err:    0.01 m/s
[Solver Step 006000] t= 3.045 | Pos Err:    4.87 km | Vel Err:    0.13 m/s
Completed [HALO_L2] Trajectory 71/120 | Saved 514 samples | Total: 98189
[Solver Step 001000] t= 0.416 | Pos Err:    3.33 km | Vel Err:    0.08 m/s
[Solver Step 002000] t= 0.820 | Pos Err:    0.03 km | Vel Err:    0.00 m/s
[Solver Step 003000] t= 1.261 | Pos Err:    0.11 km | Vel Err:    0.01 m/s
[Solver Step 004000] t= 1.609 | Pos Err:    0.11 km | Vel Err:    0.00 m/s
[Solver Step 005000] t= 1.994 | Pos Err:    0.03 km | Vel Err:    0.00 m/s
[Solver Step 006000] t= 2.447 | Pos Err:    0.04 km | Vel Err:    0.02 m/s
[Solver Step 007000] t= 2.849 | Pos Err:    0.06 km | Vel Err:    0.00 m/s
[Solver Step 008000] t= 3.245 | Pos Err:    0.08 km | Vel Err:    0.00 m/s
[Solver Step 009000] t= 3.620 | Pos Err:    0.14 km | Vel Err:    0.08 m/s
[Solver Step 010000] t= 4.035 | Pos Err:    0.07 km | Vel Err:    0.00 m/s
[Solver Step 011000] t= 4.454 | Pos Err:    0.05 km | Vel Err:    0.00 m/s
[Solver Step 012000] t= 4.897 | Pos Err:    0.03 km | Vel Err:    0.04 m/s
[Solver Step 013000] t= 5.235 | Pos Err:    0.02 km | Vel Err:    0.00 m/s
[Solver Step 014000] t= 5.633 | Pos Err:    0.09 km | Vel Err:    0.00 m/s
[Solver Step 015000] t= 6.112 | Pos Err:    0.10 km | Vel Err:    0.02 m/s
[Solver Step 016000] t= 6.498 | Pos Err:    0.10 km | Vel Err:    0.00 m/s
[Solver Step 017000] t= 6.925 | Pos Err:    0.09 km | Vel Err:    0.00 m/s
[Solver Step 018000] t= 7.269 | Pos Err:    0.13 km | Vel Err:    0.10 m/s
[Solver Step 019000] t= 7.690 | Pos Err:    0.06 km | Vel Err:    0.00 m/s
[Solver Step 020000] t= 8.169 | Pos Err:    0.09 km | Vel Err:    0.00 m/s
[Solver Step 021000] t= 8.555 | Pos Err:    0.08 km | Vel Err:    0.03 m/s
[Solver Step 022000] t= 8.923 | Pos Err:    0.11 km | Vel Err:    0.00 m/s
[Solver Step 023000] t= 9.316 | Pos Err:    0.06 km | Vel Err:    0.00 m/s
[Solver Step 024000] t= 9.775 | Pos Err:    0.02 km | Vel Err:    0.03 m/s
[Solver Step 025000] t=10.175 | Pos Err:    0.03 km | Vel Err:    0.00 m/s
[Solver Step 026000] t=10.575 | Pos Err:    0.05 km | Vel Err:    0.00 m/s
[Solver Step 027000] t=10.935 | Pos Err:    0.15 km | Vel Err:    0.09 m/s
[Solver Step 028000] t=11.354 | Pos Err:    0.10 km | Vel Err:    0.00 m/s
[Solver Step 029000] t=11.811 | Pos Err:    0.08 km | Vel Err:    0.00 m/s
[Solver Step 030000] t=12.179 | Pos Err:    0.06 km | Vel Err:    0.03 m/s
Completed [EARTH_ORBIT] Trajectory 72/120 | Saved 2583 samples | Total: 100772
[Solver Step 001000] t= 0.216 | Pos Err:   20.05 km | Vel Err:    0.38 m/s
[Solver Step 002000] t= 0.470 | Pos Err:    2.37 km | Vel Err:    0.02 m/s
[Solver Step 003000] t= 0.713 | Pos Err:    0.36 km | Vel Err:    0.04 m/s
[Solver Step 004000] t= 0.930 | Pos Err:    0.04 km | Vel Err:    0.00 m/s
[Solver Step 005000] t= 1.177 | Pos Err:    0.07 km | Vel Err:    0.00 m/s
[Solver Step 006000] t= 1.431 | Pos Err:    0.02 km | Vel Err:    0.04 m/s
[Solver Step 007000] t= 1.663 | Pos Err:    0.02 km | Vel Err:    0.00 m/s
[Solver Step 008000] t= 1.877 | Pos Err:    0.05 km | Vel Err:    0.00 m/s
[Solver Step 009000] t= 2.135 | Pos Err:    0.08 km | Vel Err:    0.09 m/s
[Solver Step 010000] t= 2.378 | Pos Err:    0.02 km | Vel Err:    0.00 m/s
[Solver Step 011000] t= 2.590 | Pos Err:    0.04 km | Vel Err:    0.00 m/s
[Solver Step 012000] t= 2.837 | Pos Err:    0.95 km | Vel Err:    0.76 m/s
[Solver Step 013000] t= 3.092 | Pos Err:    0.04 km | Vel Err:    0.00 m/s
[Solver Step 014000] t= 3.313 | Pos Err:    0.06 km | Vel Err:    0.00 m/s
[Solver Step 015000] t= 3.535 | Pos Err:    0.76 km | Vel Err:    0.55 m/s
[Solver Step 016000] t= 3.796 | Pos Err:    0.04 km | Vel Err:    0.00 m/s
[Solver Step 017000] t= 4.036 | Pos Err:    0.08 km | Vel Err:    0.00 m/s
[Solver Step 018000] t= 4.246 | Pos Err:    0.41 km | Vel Err:    0.22 m/s
[Solver Step 019000] t= 4.497 | Pos Err:    0.07 km | Vel Err:    0.02 m/s
[Solver Step 020000] t= 4.751 | Pos Err:    0.09 km | Vel Err:    0.00 m/s
[Solver Step 021000] t= 4.969 | Pos Err:    0.16 km | Vel Err:    0.11 m/s
[Solver Step 022000] t= 5.189 | Pos Err:    0.09 km | Vel Err:    0.01 m/s
[Solver Step 023000] t= 5.455 | Pos Err:    0.10 km | Vel Err:    0.00 m/s
[Solver Step 024000] t= 5.698 | Pos Err:    0.08 km | Vel Err:    0.12 m/s
[Solver Step 025000] t= 5.904 | Pos Err:    0.06 km | Vel Err:    0.00 m/s
[Solver Step 026000] t= 6.158 | Pos Err:    0.08 km | Vel Err:    0.00 m/s
[Solver Step 027000] t= 6.412 | Pos Err:    0.18 km | Vel Err:    0.24 m/s
[Solver Step 028000] t= 6.624 | Pos Err:    0.05 km | Vel Err:    0.00 m/s
[Solver Step 029000] t= 6.850 | Pos Err:    0.08 km | Vel Err:    0.00 m/s
Completed [TRANSFER] Trajectory 73/120 | Saved 2399 samples | Total: 103171
[Solver Step 001000] t= 0.420 | Pos Err:    0.24 km | Vel Err:    0.01 m/s
[Solver Step 002000] t= 0.793 | Pos Err:    0.06 km | Vel Err:    0.00 m/s
[Solver Step 003000] t= 1.102 | Pos Err:    0.01 km | Vel Err:    0.04 m/s
[Solver Step 004000] t= 1.555 | Pos Err:    0.05 km | Vel Err:    0.00 m/s
[Solver Step 005000] t= 2.106 | Pos Err:    0.05 km | Vel Err:    0.00 m/s
[Solver Step 006000] t= 2.519 | Pos Err:    0.05 km | Vel Err:    0.01 m/s
[Solver Step 007000] t= 3.019 | Pos Err:    0.05 km | Vel Err:    0.00 m/s
[Solver Step 008000] t= 3.572 | Pos Err:    0.05 km | Vel Err:    0.00 m/s
[Solver Step 009000] t= 4.060 | Pos Err:    0.05 km | Vel Err:    0.01 m/s
[Solver Step 010000] t= 4.463 | Pos Err:    0.05 km | Vel Err:    0.00 m/s
[Solver Step 011000] t= 5.002 | Pos Err:    0.05 km | Vel Err:    0.00 m/s
[Solver Step 012000] t= 5.589 | Pos Err:    0.04 km | Vel Err:    0.05 m/s
[Solver Step 013000] t= 6.070 | Pos Err:    0.06 km | Vel Err:    0.00 m/s
[Solver Step 014000] t= 6.472 | Pos Err:    0.06 km | Vel Err:    0.00 m/s
[Solver Step 015000] t= 7.030 | Pos Err:    0.03 km | Vel Err:    0.08 m/s
Completed [MOON_ORBIT] Trajectory 74/120 | Saved 1314 samples | Total: 104485
[Solver Step 001000] t= 0.217 | Pos Err:   27.52 km | Vel Err:    0.70 m/s
[Solver Step 002000] t= 0.470 | Pos Err:    3.39 km | Vel Err:    0.07 m/s
[Solver Step 003000] t= 0.711 | Pos Err:    0.46 km | Vel Err:    0.05 m/s
[Solver Step 004000] t= 0.930 | Pos Err:    0.05 km | Vel Err:    0.00 m/s
[Solver Step 005000] t= 1.177 | Pos Err:    0.09 km | Vel Err:    0.00 m/s
[Solver Step 006000] t= 1.430 | Pos Err:    0.05 km | Vel Err:    0.03 m/s
[Solver Step 007000] t= 1.660 | Pos Err:    0.06 km | Vel Err:    0.00 m/s
[Solver Step 008000] t= 1.873 | Pos Err:    0.08 km | Vel Err:    0.00 m/s
[Solver Step 009000] t= 2.133 | Pos Err:    0.17 km | Vel Err:    0.19 m/s
[Solver Step 010000] t= 2.371 | Pos Err:    0.04 km | Vel Err:    0.00 m/s
[Solver Step 011000] t= 2.582 | Pos Err:    0.06 km | Vel Err:    0.00 m/s
[Solver Step 012000] t= 2.833 | Pos Err:    1.67 km | Vel Err:    1.31 m/s
[Solver Step 013000] t= 3.087 | Pos Err:    0.03 km | Vel Err:    0.00 m/s
[Solver Step 014000] t= 3.305 | Pos Err:    0.06 km | Vel Err:    0.00 m/s
[Solver Step 015000] t= 3.529 | Pos Err:    0.83 km | Vel Err:    0.59 m/s
[Solver Step 016000] t= 3.792 | Pos Err:    0.04 km | Vel Err:    0.01 m/s
[Solver Step 017000] t= 4.032 | Pos Err:    0.07 km | Vel Err:    0.00 m/s
[Solver Step 018000] t= 4.238 | Pos Err:    0.46 km | Vel Err:    0.24 m/s
[Solver Step 019000] t= 4.493 | Pos Err:    0.08 km | Vel Err:    0.02 m/s
[Solver Step 020000] t= 4.745 | Pos Err:    0.09 km | Vel Err:    0.00 m/s
[Solver Step 021000] t= 4.961 | Pos Err:    0.22 km | Vel Err:    0.12 m/s
[Solver Step 022000] t= 5.184 | Pos Err:    0.09 km | Vel Err:    0.01 m/s
[Solver Step 023000] t= 5.450 | Pos Err:    0.10 km | Vel Err:    0.00 m/s
[Solver Step 024000] t= 5.691 | Pos Err:    0.11 km | Vel Err:    0.11 m/s
[Solver Step 025000] t= 5.897 | Pos Err:    0.08 km | Vel Err:    0.01 m/s
[Solver Step 026000] t= 6.154 | Pos Err:    0.09 km | Vel Err:    0.00 m/s
[Solver Step 027000] t= 6.406 | Pos Err:    0.18 km | Vel Err:    0.24 m/s
[Solver Step 028000] t= 6.616 | Pos Err:    0.08 km | Vel Err:    0.00 m/s
[Solver Step 029000] t= 6.845 | Pos Err:    0.11 km | Vel Err:    0.00 m/s
Completed [TRANSFER] Trajectory 75/120 | Saved 2399 samples | Total: 106884
[Solver Step 001000] t= 0.217 | Pos Err:   16.07 km | Vel Err:    0.27 m/s
[Solver Step 002000] t= 0.471 | Pos Err:    1.90 km | Vel Err:    0.05 m/s
[Solver Step 003000] t= 0.713 | Pos Err:    0.26 km | Vel Err:    0.03 m/s
[Solver Step 004000] t= 0.930 | Pos Err:    0.02 km | Vel Err:    0.00 m/s
[Solver Step 005000] t= 1.177 | Pos Err:    0.06 km | Vel Err:    0.00 m/s
[Solver Step 006000] t= 1.431 | Pos Err:    0.09 km | Vel Err:    0.05 m/s
[Solver Step 007000] t= 1.664 | Pos Err:    0.08 km | Vel Err:    0.00 m/s
[Solver Step 008000] t= 1.879 | Pos Err:    0.07 km | Vel Err:    0.00 m/s
[Solver Step 009000] t= 2.135 | Pos Err:    0.20 km | Vel Err:    0.14 m/s
[Solver Step 010000] t= 2.380 | Pos Err:    0.07 km | Vel Err:    0.00 m/s
[Solver Step 011000] t= 2.594 | Pos Err:    0.05 km | Vel Err:    0.00 m/s
[Solver Step 012000] t= 2.839 | Pos Err:    1.04 km | Vel Err:    0.82 m/s
[Solver Step 013000] t= 3.095 | Pos Err:    0.07 km | Vel Err:    0.00 m/s
[Solver Step 014000] t= 3.317 | Pos Err:    0.03 km | Vel Err:    0.00 m/s
[Solver Step 015000] t= 3.538 | Pos Err:    0.67 km | Vel Err:    0.51 m/s
[Solver Step 016000] t= 3.798 | Pos Err:    0.06 km | Vel Err:    0.00 m/s
[Solver Step 017000] t= 4.041 | Pos Err:    0.02 km | Vel Err:    0.00 m/s
[Solver Step 018000] t= 4.250 | Pos Err:    0.34 km | Vel Err:    0.20 m/s
[Solver Step 019000] t= 4.499 | Pos Err:    0.03 km | Vel Err:    0.02 m/s
[Solver Step 020000] t= 4.754 | Pos Err:    0.02 km | Vel Err:    0.00 m/s
[Solver Step 021000] t= 4.973 | Pos Err:    0.14 km | Vel Err:    0.11 m/s
[Solver Step 022000] t= 5.192 | Pos Err:    0.02 km | Vel Err:    0.01 m/s
[Solver Step 023000] t= 5.458 | Pos Err:    0.02 km | Vel Err:    0.00 m/s
[Solver Step 024000] t= 5.701 | Pos Err:    0.12 km | Vel Err:    0.12 m/s
[Solver Step 025000] t= 5.908 | Pos Err:    0.05 km | Vel Err:    0.00 m/s
[Solver Step 026000] t= 6.160 | Pos Err:    0.03 km | Vel Err:    0.00 m/s
[Solver Step 027000] t= 6.416 | Pos Err:    0.26 km | Vel Err:    0.24 m/s
[Solver Step 028000] t= 6.629 | Pos Err:    0.07 km | Vel Err:    0.00 m/s
[Solver Step 029000] t= 6.852 | Pos Err:    0.06 km | Vel Err:    0.00 m/s
Completed [TRANSFER] Trajectory 76/120 | Saved 2399 samples | Total: 109283
[Multiple Shooting] Converged in 2 iterations with residual 2.58e-11
[Solver Step 001000] t= 0.414 | Pos Err:    0.38 km | Vel Err:    0.01 m/s
[Solver Step 002000] t= 0.919 | Pos Err:    3.69 km | Vel Err:    0.07 m/s
[Solver Step 003000] t= 1.366 | Pos Err:   53.42 km | Vel Err:    1.08 m/s
[Solver Step 004000] t= 1.746 | Pos Err:   94.55 km | Vel Err:    1.98 m/s
[Solver Step 005000] t= 2.242 | Pos Err:    1.56 km | Vel Err:    0.04 m/s
[Solver Step 006000] t= 2.646 | Pos Err:    0.24 km | Vel Err:    0.00 m/s
[Solver Step 007000] t= 3.087 | Pos Err:    7.10 km | Vel Err:    0.16 m/s
Completed [HALO_L1] Trajectory 77/120 | Saved 593 samples | Total: 109876
[Solver Step 001000] t= 0.417 | Pos Err:    0.44 km | Vel Err:    0.01 m/s
[Solver Step 002000] t= 0.791 | Pos Err:    0.06 km | Vel Err:    0.00 m/s
[Solver Step 003000] t= 1.100 | Pos Err:    0.01 km | Vel Err:    0.04 m/s
[Solver Step 004000] t= 1.552 | Pos Err:    0.06 km | Vel Err:    0.00 m/s
[Solver Step 005000] t= 2.103 | Pos Err:    0.06 km | Vel Err:    0.00 m/s
[Solver Step 006000] t= 2.516 | Pos Err:    0.06 km | Vel Err:    0.01 m/s
[Solver Step 007000] t= 3.016 | Pos Err:    0.06 km | Vel Err:    0.00 m/s
[Solver Step 008000] t= 3.569 | Pos Err:    0.06 km | Vel Err:    0.00 m/s
[Solver Step 009000] t= 4.058 | Pos Err:    0.06 km | Vel Err:    0.01 m/s
[Solver Step 010000] t= 4.460 | Pos Err:    0.06 km | Vel Err:    0.00 m/s
[Solver Step 011000] t= 4.998 | Pos Err:    0.06 km | Vel Err:    0.00 m/s
[Solver Step 012000] t= 5.585 | Pos Err:    0.05 km | Vel Err:    0.05 m/s
[Solver Step 013000] t= 6.067 | Pos Err:    0.06 km | Vel Err:    0.00 m/s
[Solver Step 014000] t= 6.469 | Pos Err:    0.06 km | Vel Err:    0.00 m/s
[Solver Step 015000] t= 7.026 | Pos Err:    0.04 km | Vel Err:    0.08 m/s
Completed [MOON_ORBIT] Trajectory 78/120 | Saved 1314 samples | Total: 111190
[Solver Step 001000] t= 0.418 | Pos Err:    0.69 km | Vel Err:    0.02 m/s
[Solver Step 002000] t= 0.792 | Pos Err:    0.07 km | Vel Err:    0.00 m/s
[Solver Step 003000] t= 1.101 | Pos Err:    0.01 km | Vel Err:    0.04 m/s
[Solver Step 004000] t= 1.553 | Pos Err:    0.05 km | Vel Err:    0.00 m/s
[Solver Step 005000] t= 2.104 | Pos Err:    0.05 km | Vel Err:    0.00 m/s
[Solver Step 006000] t= 2.517 | Pos Err:    0.05 km | Vel Err:    0.01 m/s
[Solver Step 007000] t= 3.017 | Pos Err:    0.05 km | Vel Err:    0.00 m/s
[Solver Step 008000] t= 3.570 | Pos Err:    0.05 km | Vel Err:    0.00 m/s
[Solver Step 009000] t= 4.059 | Pos Err:    0.05 km | Vel Err:    0.01 m/s
[Solver Step 010000] t= 4.461 | Pos Err:    0.05 km | Vel Err:    0.00 m/s
[Solver Step 011000] t= 4.999 | Pos Err:    0.05 km | Vel Err:    0.00 m/s
[Solver Step 012000] t= 5.586 | Pos Err:    0.04 km | Vel Err:    0.05 m/s
[Solver Step 013000] t= 6.068 | Pos Err:    0.06 km | Vel Err:    0.00 m/s
[Solver Step 014000] t= 6.470 | Pos Err:    0.06 km | Vel Err:    0.00 m/s
[Solver Step 015000] t= 7.027 | Pos Err:    0.04 km | Vel Err:    0.08 m/s
Completed [MOON_ORBIT] Trajectory 79/120 | Saved 1314 samples | Total: 112504
[Multiple Shooting] Converged in 2 iterations with residual 1.42e-11
[Solver Step 001000] t= 0.421 | Pos Err:    0.64 km | Vel Err:    0.01 m/s
[Solver Step 002000] t= 0.925 | Pos Err:    1.09 km | Vel Err:    0.02 m/s
[Solver Step 003000] t= 1.414 | Pos Err:    6.12 km | Vel Err:    0.14 m/s
[Solver Step 004000] t= 1.744 | Pos Err:   69.45 km | Vel Err:    1.34 m/s
[Solver Step 005000] t= 2.224 | Pos Err:    8.60 km | Vel Err:    0.20 m/s
[Solver Step 006000] t= 2.678 | Pos Err:    1.67 km | Vel Err:    0.03 m/s
[Solver Step 007000] t= 3.077 | Pos Err:    9.46 km | Vel Err:    0.21 m/s
Completed [HALO_L1] Trajectory 80/120 | Saved 596 samples | Total: 113100
[Multiple Shooting] Converged in 2 iterations with residual 1.21e-11
[Solver Step 001000] t= 0.428 | Pos Err:    0.25 km | Vel Err:    0.01 m/s
[Solver Step 002000] t= 0.919 | Pos Err:    0.32 km | Vel Err:    0.01 m/s
[Solver Step 003000] t= 1.419 | Pos Err:    2.54 km | Vel Err:    0.05 m/s
[Solver Step 004000] t= 1.812 | Pos Err:   34.11 km | Vel Err:    0.74 m/s
[Solver Step 005000] t= 2.193 | Pos Err:   91.91 km | Vel Err:    1.78 m/s
[Solver Step 006000] t= 2.659 | Pos Err:    4.23 km | Vel Err:    0.08 m/s
[Solver Step 007000] t= 3.118 | Pos Err:   10.66 km | Vel Err:    0.26 m/s
Completed [HALO_L1] Trajectory 81/120 | Saved 588 samples | Total: 113688
[Solver Step 001000] t= 0.215 | Pos Err:   12.98 km | Vel Err:    0.19 m/s
[Solver Step 002000] t= 0.468 | Pos Err:    1.56 km | Vel Err:    0.03 m/s
[Solver Step 003000] t= 0.710 | Pos Err:    0.20 km | Vel Err:    0.05 m/s
[Solver Step 004000] t= 0.923 | Pos Err:    0.01 km | Vel Err:    0.00 m/s
[Solver Step 005000] t= 1.174 | Pos Err:    0.05 km | Vel Err:    0.00 m/s
[Solver Step 006000] t= 1.428 | Pos Err:    0.09 km | Vel Err:    0.06 m/s
[Solver Step 007000] t= 1.655 | Pos Err:    0.07 km | Vel Err:    0.00 m/s
[Solver Step 008000] t= 1.870 | Pos Err:    0.06 km | Vel Err:    0.00 m/s
[Solver Step 009000] t= 2.132 | Pos Err:    0.29 km | Vel Err:    0.22 m/s
[Solver Step 010000] t= 2.371 | Pos Err:    0.07 km | Vel Err:    0.00 m/s
[Solver Step 011000] t= 2.582 | Pos Err:    0.05 km | Vel Err:    0.00 m/s
[Solver Step 012000] t= 2.833 | Pos Err:    1.68 km | Vel Err:    1.31 m/s
[Solver Step 013000] t= 3.087 | Pos Err:    0.07 km | Vel Err:    0.00 m/s
[Solver Step 014000] t= 3.305 | Pos Err:    0.03 km | Vel Err:    0.00 m/s
[Solver Step 015000] t= 3.529 | Pos Err:    0.74 km | Vel Err:    0.59 m/s
[Solver Step 016000] t= 3.792 | Pos Err:    0.06 km | Vel Err:    0.01 m/s
[Solver Step 017000] t= 4.032 | Pos Err:    0.03 km | Vel Err:    0.00 m/s
[Solver Step 018000] t= 4.238 | Pos Err:    0.36 km | Vel Err:    0.24 m/s
[Solver Step 019000] t= 4.491 | Pos Err:    0.03 km | Vel Err:    0.02 m/s
[Solver Step 020000] t= 4.743 | Pos Err:    0.02 km | Vel Err:    0.00 m/s
[Solver Step 021000] t= 4.959 | Pos Err:    0.16 km | Vel Err:    0.12 m/s
[Solver Step 022000] t= 5.183 | Pos Err:    0.02 km | Vel Err:    0.01 m/s
[Solver Step 023000] t= 5.448 | Pos Err:    0.02 km | Vel Err:    0.00 m/s
[Solver Step 024000] t= 5.689 | Pos Err:    0.10 km | Vel Err:    0.11 m/s
[Solver Step 025000] t= 5.897 | Pos Err:    0.03 km | Vel Err:    0.00 m/s
[Solver Step 026000] t= 6.154 | Pos Err:    0.02 km | Vel Err:    0.00 m/s
[Solver Step 027000] t= 6.406 | Pos Err:    0.24 km | Vel Err:    0.24 m/s
[Solver Step 028000] t= 6.616 | Pos Err:    0.05 km | Vel Err:    0.00 m/s
[Solver Step 029000] t= 6.845 | Pos Err:    0.04 km | Vel Err:    0.00 m/s
Completed [TRANSFER] Trajectory 82/120 | Saved 2399 samples | Total: 116087
[Multiple Shooting] Converged in 2 iterations with residual 4.07e-14
[Solver Step 001000] t= 0.461 | Pos Err:    0.29 km | Vel Err:    0.01 m/s
[Solver Step 002000] t= 0.923 | Pos Err:    0.28 km | Vel Err:    0.00 m/s
[Solver Step 003000] t= 1.346 | Pos Err:    0.37 km | Vel Err:    0.01 m/s
[Solver Step 004000] t= 1.794 | Pos Err:    0.79 km | Vel Err:    0.02 m/s
[Solver Step 005000] t= 2.253 | Pos Err:    0.21 km | Vel Err:    0.01 m/s
[Solver Step 006000] t= 2.659 | Pos Err:    0.40 km | Vel Err:    0.02 m/s
Completed [HALO_L2] Trajectory 83/120 | Saved 577 samples | Total: 116664
[Multiple Shooting] Converged in 2 iterations with residual 1.40e-15
[Solver Step 001000] t= 0.455 | Pos Err:    0.36 km | Vel Err:    0.01 m/s
[Solver Step 002000] t= 1.018 | Pos Err:    0.14 km | Vel Err:    0.00 m/s
[Solver Step 003000] t= 1.610 | Pos Err:    0.09 km | Vel Err:    0.01 m/s
[Solver Step 004000] t= 2.031 | Pos Err:    0.31 km | Vel Err:    0.01 m/s
[Solver Step 005000] t= 2.498 | Pos Err:    0.29 km | Vel Err:    0.01 m/s
[Solver Step 006000] t= 3.056 | Pos Err:    5.43 km | Vel Err:    0.14 m/s
Completed [HALO_L2] Trajectory 84/120 | Saved 513 samples | Total: 117177
[Solver Step 001000] t= 0.413 | Pos Err:    0.64 km | Vel Err:    0.02 m/s
[Solver Step 002000] t= 0.788 | Pos Err:    0.05 km | Vel Err:    0.00 m/s
[Solver Step 003000] t= 1.097 | Pos Err:    0.01 km | Vel Err:    0.04 m/s
[Solver Step 004000] t= 1.548 | Pos Err:    0.06 km | Vel Err:    0.00 m/s
[Solver Step 005000] t= 2.099 | Pos Err:    0.06 km | Vel Err:    0.00 m/s
[Solver Step 006000] t= 2.512 | Pos Err:    0.06 km | Vel Err:    0.01 m/s
[Solver Step 007000] t= 3.012 | Pos Err:    0.06 km | Vel Err:    0.00 m/s
[Solver Step 008000] t= 3.564 | Pos Err:    0.06 km | Vel Err:    0.00 m/s
[Solver Step 009000] t= 4.055 | Pos Err:    0.06 km | Vel Err:    0.01 m/s
[Solver Step 010000] t= 4.456 | Pos Err:    0.06 km | Vel Err:    0.00 m/s
[Solver Step 011000] t= 4.994 | Pos Err:    0.06 km | Vel Err:    0.00 m/s
[Solver Step 012000] t= 5.581 | Pos Err:    0.05 km | Vel Err:    0.05 m/s
[Solver Step 013000] t= 6.064 | Pos Err:    0.06 km | Vel Err:    0.00 m/s
[Solver Step 014000] t= 6.465 | Pos Err:    0.06 km | Vel Err:    0.00 m/s
[Solver Step 015000] t= 7.022 | Pos Err:    0.03 km | Vel Err:    0.08 m/s
Completed [MOON_ORBIT] Trajectory 85/120 | Saved 1315 samples | Total: 118492
[Multiple Shooting] Converged in 4 iterations with residual 2.54e-15
[Solver Step 001000] t= 0.381 | Pos Err:    5.16 km | Vel Err:    0.11 m/s
[Solver Step 002000] t= 0.761 | Pos Err:    9.37 km | Vel Err:    0.18 m/s
[Solver Step 003000] t= 1.133 | Pos Err:    3.29 km | Vel Err:    0.09 m/s
[Solver Step 004000] t= 1.498 | Pos Err:   12.56 km | Vel Err:    0.23 m/s
[Solver Step 005000] t= 1.876 | Pos Err:    2.02 km | Vel Err:    0.04 m/s
[Solver Step 006000] t= 2.257 | Pos Err:   10.69 km | Vel Err:    0.21 m/s
Completed [DRO] Trajectory 86/120 | Saved 552 samples | Total: 119044
[Multiple Shooting] Converged in 2 iterations with residual 2.31e-12
[Solver Step 001000] t= 0.458 | Pos Err:    0.27 km | Vel Err:    0.01 m/s
[Solver Step 002000] t= 0.900 | Pos Err:    0.20 km | Vel Err:    0.00 m/s
[Solver Step 003000] t= 1.365 | Pos Err:    0.67 km | Vel Err:    0.02 m/s
[Solver Step 004000] t= 1.792 | Pos Err:    4.87 km | Vel Err:    0.11 m/s
[Solver Step 005000] t= 2.260 | Pos Err:   10.13 km | Vel Err:    0.22 m/s
[Solver Step 006000] t= 2.614 | Pos Err:  177.24 km | Vel Err:    3.88 m/s
[Solver Step 007000] t= 2.983 | Pos Err:  432.79 km | Vel Err:    7.90 m/s
Completed [HALO_L2] Trajectory 87/120 | Saved 615 samples | Total: 119659
[Solver Step 001000] t= 0.215 | Pos Err:   13.39 km | Vel Err:    0.29 m/s
[Solver Step 002000] t= 0.468 | Pos Err:    1.60 km | Vel Err:    0.02 m/s
[Solver Step 003000] t= 0.711 | Pos Err:    0.17 km | Vel Err:    0.04 m/s
[Solver Step 004000] t= 0.924 | Pos Err:    0.02 km | Vel Err:    0.00 m/s
[Solver Step 005000] t= 1.174 | Pos Err:    0.03 km | Vel Err:    0.00 m/s
[Solver Step 006000] t= 1.429 | Pos Err:    0.09 km | Vel Err:    0.06 m/s
[Solver Step 007000] t= 1.656 | Pos Err:    0.07 km | Vel Err:    0.00 m/s
[Solver Step 008000] t= 1.871 | Pos Err:    0.05 km | Vel Err:    0.00 m/s
[Solver Step 009000] t= 2.133 | Pos Err:    0.23 km | Vel Err:    0.16 m/s
[Solver Step 010000] t= 2.376 | Pos Err:    0.08 km | Vel Err:    0.00 m/s
[Solver Step 011000] t= 2.588 | Pos Err:    0.05 km | Vel Err:    0.00 m/s
[Solver Step 012000] t= 2.836 | Pos Err:    1.02 km | Vel Err:    0.83 m/s
[Solver Step 013000] t= 3.091 | Pos Err:    0.08 km | Vel Err:    0.00 m/s
[Solver Step 014000] t= 3.309 | Pos Err:    0.05 km | Vel Err:    0.00 m/s
[Solver Step 015000] t= 3.532 | Pos Err:    0.70 km | Vel Err:    0.57 m/s
[Solver Step 016000] t= 3.794 | Pos Err:    0.08 km | Vel Err:    0.00 m/s
[Solver Step 017000] t= 4.033 | Pos Err:    0.05 km | Vel Err:    0.00 m/s
[Solver Step 018000] t= 4.242 | Pos Err:    0.34 km | Vel Err:    0.23 m/s
[Solver Step 019000] t= 4.495 | Pos Err:    0.04 km | Vel Err:    0.02 m/s
[Solver Step 020000] t= 4.748 | Pos Err:    0.04 km | Vel Err:    0.00 m/s
[Solver Step 021000] t= 4.965 | Pos Err:    0.12 km | Vel Err:    0.11 m/s
[Solver Step 022000] t= 5.187 | Pos Err:    0.04 km | Vel Err:    0.01 m/s
[Solver Step 023000] t= 5.453 | Pos Err:    0.03 km | Vel Err:    0.00 m/s
[Solver Step 024000] t= 5.694 | Pos Err:    0.09 km | Vel Err:    0.12 m/s
[Solver Step 025000] t= 5.901 | Pos Err:    0.03 km | Vel Err:    0.00 m/s
[Solver Step 026000] t= 6.156 | Pos Err:    0.02 km | Vel Err:    0.00 m/s
[Solver Step 027000] t= 6.409 | Pos Err:    0.24 km | Vel Err:    0.24 m/s
[Solver Step 028000] t= 6.620 | Pos Err:    0.05 km | Vel Err:    0.00 m/s
[Solver Step 029000] t= 6.848 | Pos Err:    0.02 km | Vel Err:    0.00 m/s
Completed [TRANSFER] Trajectory 88/120 | Saved 2399 samples | Total: 122058
[Multiple Shooting] Converged in 4 iterations with residual 7.55e-14
[Solver Step 001000] t= 0.344 | Pos Err:    3.65 km | Vel Err:    0.09 m/s
[Solver Step 002000] t= 0.690 | Pos Err:   51.42 km | Vel Err:    1.12 m/s
[Solver Step 003000] t= 1.051 | Pos Err:   27.52 km | Vel Err:    0.53 m/s
[Solver Step 004000] t= 1.408 | Pos Err:    1.13 km | Vel Err:    0.02 m/s
[Solver Step 005000] t= 1.765 | Pos Err:   26.10 km | Vel Err:    0.51 m/s
[Solver Step 006000] t= 2.124 | Pos Err:   53.14 km | Vel Err:    0.93 m/s
[Solver Step 007000] t= 2.470 | Pos Err:  203.43 km | Vel Err:    4.52 m/s
Completed [DRO] Trajectory 89/120 | Saved 594 samples | Total: 122652
[Solver Step 001000] t= 0.417 | Pos Err:    2.95 km | Vel Err:    0.07 m/s
[Solver Step 002000] t= 0.821 | Pos Err:    0.02 km | Vel Err:    0.00 m/s
[Solver Step 003000] t= 1.261 | Pos Err:    0.09 km | Vel Err:    0.01 m/s
[Solver Step 004000] t= 1.609 | Pos Err:    0.08 km | Vel Err:    0.00 m/s
[Solver Step 005000] t= 1.995 | Pos Err:    0.02 km | Vel Err:    0.00 m/s
[Solver Step 006000] t= 2.448 | Pos Err:    0.07 km | Vel Err:    0.02 m/s
[Solver Step 007000] t= 2.849 | Pos Err:    0.08 km | Vel Err:    0.00 m/s
[Solver Step 008000] t= 3.245 | Pos Err:    0.09 km | Vel Err:    0.00 m/s
[Solver Step 009000] t= 3.621 | Pos Err:    0.15 km | Vel Err:    0.08 m/s
[Solver Step 010000] t= 4.036 | Pos Err:    0.04 km | Vel Err:    0.00 m/s
[Solver Step 011000] t= 4.454 | Pos Err:    0.02 km | Vel Err:    0.00 m/s
[Solver Step 012000] t= 4.897 | Pos Err:    0.02 km | Vel Err:    0.04 m/s
[Solver Step 013000] t= 5.235 | Pos Err:    0.05 km | Vel Err:    0.00 m/s
[Solver Step 014000] t= 5.634 | Pos Err:    0.10 km | Vel Err:    0.00 m/s
[Solver Step 015000] t= 6.112 | Pos Err:    0.09 km | Vel Err:    0.02 m/s
[Solver Step 016000] t= 6.499 | Pos Err:    0.08 km | Vel Err:    0.00 m/s
[Solver Step 017000] t= 6.926 | Pos Err:    0.06 km | Vel Err:    0.00 m/s
[Solver Step 018000] t= 7.270 | Pos Err:    0.09 km | Vel Err:    0.10 m/s
[Solver Step 019000] t= 7.691 | Pos Err:    0.08 km | Vel Err:    0.00 m/s
[Solver Step 020000] t= 8.170 | Pos Err:    0.10 km | Vel Err:    0.00 m/s
[Solver Step 021000] t= 8.555 | Pos Err:    0.09 km | Vel Err:    0.03 m/s
[Solver Step 022000] t= 8.923 | Pos Err:    0.10 km | Vel Err:    0.00 m/s
[Solver Step 023000] t= 9.317 | Pos Err:    0.03 km | Vel Err:    0.00 m/s
[Solver Step 024000] t= 9.776 | Pos Err:    0.03 km | Vel Err:    0.03 m/s
[Solver Step 025000] t=10.176 | Pos Err:    0.05 km | Vel Err:    0.00 m/s
[Solver Step 026000] t=10.576 | Pos Err:    0.07 km | Vel Err:    0.00 m/s
[Solver Step 027000] t=10.936 | Pos Err:    0.16 km | Vel Err:    0.09 m/s
[Solver Step 028000] t=11.355 | Pos Err:    0.07 km | Vel Err:    0.00 m/s
[Solver Step 029000] t=11.811 | Pos Err:    0.05 km | Vel Err:    0.00 m/s
[Solver Step 030000] t=12.180 | Pos Err:    0.03 km | Vel Err:    0.03 m/s
Completed [EARTH_ORBIT] Trajectory 90/120 | Saved 2583 samples | Total: 125235
[Multiple Shooting] Converged in 7 iterations with residual 1.23e-13
[Solver Step 001000] t= 0.301 | Pos Err:  838.63 km | Vel Err:   18.12 m/s
[Solver Step 002000] t= 0.647 | Pos Err:  177.67 km | Vel Err:    3.41 m/s
[Solver Step 003000] t= 0.974 | Pos Err:  604.22 km | Vel Err:   11.34 m/s
[Solver Step 004000] t= 1.323 | Pos Err:  488.14 km | Vel Err:   10.06 m/s
[Solver Step 005000] t= 1.661 | Pos Err:  729.40 km | Vel Err:   12.18 m/s
[Solver Step 006000] t= 2.008 | Pos Err:  369.84 km | Vel Err:    5.60 m/s
[Solver Step 007000] t= 2.336 | Pos Err:  358.66 km | Vel Err:    8.44 m/s
Completed [DRO] Trajectory 91/120 | Saved 626 samples | Total: 125861
[Multiple Shooting] Converged in 2 iterations with residual 1.91e-15
[Solver Step 001000] t= 0.471 | Pos Err:    0.48 km | Vel Err:    0.01 m/s
[Solver Step 002000] t= 0.986 | Pos Err:    0.13 km | Vel Err:    0.00 m/s
[Solver Step 003000] t= 1.404 | Pos Err:    0.29 km | Vel Err:    0.01 m/s
[Solver Step 004000] t= 1.845 | Pos Err:    0.18 km | Vel Err:    0.00 m/s
[Solver Step 005000] t= 2.346 | Pos Err:    0.50 km | Vel Err:    0.01 m/s
[Solver Step 006000] t= 2.892 | Pos Err:    2.27 km | Vel Err:    0.04 m/s
Completed [HALO_L2] Trajectory 92/120 | Saved 546 samples | Total: 126407
[Solver Step 001000] t= 0.216 | Pos Err:   21.48 km | Vel Err:    0.59 m/s
[Solver Step 002000] t= 0.469 | Pos Err:    2.68 km | Vel Err:    0.07 m/s
[Solver Step 003000] t= 0.710 | Pos Err:    0.37 km | Vel Err:    0.06 m/s
[Solver Step 004000] t= 0.928 | Pos Err:    0.04 km | Vel Err:    0.00 m/s
[Solver Step 005000] t= 1.176 | Pos Err:    0.08 km | Vel Err:    0.00 m/s
[Solver Step 006000] t= 1.430 | Pos Err:    0.05 km | Vel Err:    0.04 m/s
[Solver Step 007000] t= 1.657 | Pos Err:    0.05 km | Vel Err:    0.00 m/s
[Solver Step 008000] t= 1.873 | Pos Err:    0.07 km | Vel Err:    0.00 m/s
[Solver Step 009000] t= 2.133 | Pos Err:    0.18 km | Vel Err:    0.18 m/s
[Solver Step 010000] t= 2.371 | Pos Err:    0.04 km | Vel Err:    0.00 m/s
[Solver Step 011000] t= 2.582 | Pos Err:    0.04 km | Vel Err:    0.00 m/s
[Solver Step 012000] t= 2.832 | Pos Err:    1.74 km | Vel Err:    1.34 m/s
[Solver Step 013000] t= 3.086 | Pos Err:    0.02 km | Vel Err:    0.00 m/s
[Solver Step 014000] t= 3.303 | Pos Err:    0.03 km | Vel Err:    0.00 m/s
[Solver Step 015000] t= 3.528 | Pos Err:    0.83 km | Vel Err:    0.60 m/s
[Solver Step 016000] t= 3.791 | Pos Err:    0.01 km | Vel Err:    0.01 m/s
[Solver Step 017000] t= 4.030 | Pos Err:    0.04 km | Vel Err:    0.00 m/s
[Solver Step 018000] t= 4.236 | Pos Err:    0.44 km | Vel Err:    0.24 m/s
[Solver Step 019000] t= 4.491 | Pos Err:    0.05 km | Vel Err:    0.02 m/s
[Solver Step 020000] t= 4.744 | Pos Err:    0.07 km | Vel Err:    0.00 m/s
[Solver Step 021000] t= 4.959 | Pos Err:    0.22 km | Vel Err:    0.12 m/s
[Solver Step 022000] t= 5.183 | Pos Err:    0.05 km | Vel Err:    0.01 m/s
[Solver Step 023000] t= 5.448 | Pos Err:    0.08 km | Vel Err:    0.00 m/s
[Solver Step 024000] t= 5.689 | Pos Err:    0.12 km | Vel Err:    0.11 m/s
[Solver Step 025000] t= 5.896 | Pos Err:    0.06 km | Vel Err:    0.01 m/s
[Solver Step 026000] t= 6.153 | Pos Err:    0.07 km | Vel Err:    0.00 m/s
[Solver Step 027000] t= 6.404 | Pos Err:    0.20 km | Vel Err:    0.24 m/s
[Solver Step 028000] t= 6.614 | Pos Err:    0.07 km | Vel Err:    0.00 m/s
[Solver Step 029000] t= 6.844 | Pos Err:    0.09 km | Vel Err:    0.00 m/s
Completed [TRANSFER] Trajectory 93/120 | Saved 2399 samples | Total: 128806
[Multiple Shooting] Converged in 2 iterations with residual 1.15e-11
[Solver Step 001000] t= 0.423 | Pos Err:    0.37 km | Vel Err:    0.01 m/s
[Solver Step 002000] t= 0.928 | Pos Err:    1.19 km | Vel Err:    0.02 m/s
[Solver Step 003000] t= 1.415 | Pos Err:    6.72 km | Vel Err:    0.15 m/s
[Solver Step 004000] t= 1.744 | Pos Err:   73.72 km | Vel Err:    1.43 m/s
[Solver Step 005000] t= 2.229 | Pos Err:    5.64 km | Vel Err:    0.14 m/s
[Solver Step 006000] t= 2.681 | Pos Err:    1.57 km | Vel Err:    0.03 m/s
[Solver Step 007000] t= 3.078 | Pos Err:    8.98 km | Vel Err:    0.20 m/s
Completed [HALO_L1] Trajectory 94/120 | Saved 596 samples | Total: 129402
[Multiple Shooting] Converged in 2 iterations with residual 1.42e-11
[Solver Step 001000] t= 0.425 | Pos Err:    0.47 km | Vel Err:    0.01 m/s
[Solver Step 002000] t= 0.928 | Pos Err:    0.99 km | Vel Err:    0.02 m/s
[Solver Step 003000] t= 1.420 | Pos Err:    4.40 km | Vel Err:    0.11 m/s
[Solver Step 004000] t= 1.752 | Pos Err:   63.52 km | Vel Err:    1.20 m/s
[Solver Step 005000] t= 2.225 | Pos Err:   11.52 km | Vel Err:    0.27 m/s
[Solver Step 006000] t= 2.680 | Pos Err:    1.80 km | Vel Err:    0.04 m/s
[Solver Step 007000] t= 3.083 | Pos Err:   10.06 km | Vel Err:    0.22 m/s
Completed [HALO_L1] Trajectory 95/120 | Saved 595 samples | Total: 129997
[Solver Step 001000] t= 0.417 | Pos Err:    3.27 km | Vel Err:    0.08 m/s
[Solver Step 002000] t= 0.821 | Pos Err:    0.04 km | Vel Err:    0.00 m/s
[Solver Step 003000] t= 1.261 | Pos Err:    0.11 km | Vel Err:    0.01 m/s
[Solver Step 004000] t= 1.609 | Pos Err:    0.11 km | Vel Err:    0.00 m/s
[Solver Step 005000] t= 1.995 | Pos Err:    0.04 km | Vel Err:    0.00 m/s
[Solver Step 006000] t= 2.447 | Pos Err:    0.03 km | Vel Err:    0.02 m/s
[Solver Step 007000] t= 2.849 | Pos Err:    0.05 km | Vel Err:    0.00 m/s
[Solver Step 008000] t= 3.245 | Pos Err:    0.07 km | Vel Err:    0.00 m/s
[Solver Step 009000] t= 3.621 | Pos Err:    0.14 km | Vel Err:    0.08 m/s
[Solver Step 010000] t= 4.035 | Pos Err:    0.08 km | Vel Err:    0.00 m/s
[Solver Step 011000] t= 4.454 | Pos Err:    0.06 km | Vel Err:    0.00 m/s
[Solver Step 012000] t= 4.897 | Pos Err:    0.04 km | Vel Err:    0.04 m/s
[Solver Step 013000] t= 5.235 | Pos Err:    0.01 km | Vel Err:    0.00 m/s
[Solver Step 014000] t= 5.633 | Pos Err:    0.09 km | Vel Err:    0.00 m/s
[Solver Step 015000] t= 6.112 | Pos Err:    0.10 km | Vel Err:    0.02 m/s
[Solver Step 016000] t= 6.499 | Pos Err:    0.11 km | Vel Err:    0.00 m/s
[Solver Step 017000] t= 6.926 | Pos Err:    0.10 km | Vel Err:    0.00 m/s
[Solver Step 018000] t= 7.270 | Pos Err:    0.13 km | Vel Err:    0.10 m/s
[Solver Step 019000] t= 7.691 | Pos Err:    0.05 km | Vel Err:    0.00 m/s
[Solver Step 020000] t= 8.169 | Pos Err:    0.08 km | Vel Err:    0.00 m/s
[Solver Step 021000] t= 8.555 | Pos Err:    0.08 km | Vel Err:    0.03 m/s
[Solver Step 022000] t= 8.923 | Pos Err:    0.11 km | Vel Err:    0.00 m/s
[Solver Step 023000] t= 9.317 | Pos Err:    0.07 km | Vel Err:    0.00 m/s
[Solver Step 024000] t= 9.776 | Pos Err:    0.02 km | Vel Err:    0.03 m/s
[Solver Step 025000] t=10.176 | Pos Err:    0.02 km | Vel Err:    0.00 m/s
[Solver Step 026000] t=10.576 | Pos Err:    0.04 km | Vel Err:    0.00 m/s
[Solver Step 027000] t=10.935 | Pos Err:    0.14 km | Vel Err:    0.09 m/s
[Solver Step 028000] t=11.354 | Pos Err:    0.10 km | Vel Err:    0.00 m/s
[Solver Step 029000] t=11.811 | Pos Err:    0.09 km | Vel Err:    0.00 m/s
[Solver Step 030000] t=12.180 | Pos Err:    0.07 km | Vel Err:    0.03 m/s
Completed [EARTH_ORBIT] Trajectory 96/120 | Saved 2583 samples | Total: 132580
[Multiple Shooting] Converged in 2 iterations with residual 1.35e-15
[Solver Step 001000] t= 0.464 | Pos Err:    0.46 km | Vel Err:    0.01 m/s
[Solver Step 002000] t= 0.962 | Pos Err:    0.14 km | Vel Err:    0.00 m/s
[Solver Step 003000] t= 1.532 | Pos Err:    0.12 km | Vel Err:    0.02 m/s
[Solver Step 004000] t= 2.092 | Pos Err:    0.15 km | Vel Err:    0.00 m/s
[Solver Step 005000] t= 2.490 | Pos Err:    0.25 km | Vel Err:    0.00 m/s
[Solver Step 006000] t= 2.987 | Pos Err:    1.41 km | Vel Err:    0.05 m/s
Completed [HALO_L2] Trajectory 97/120 | Saved 524 samples | Total: 133104
[Multiple Shooting] Converged in 2 iterations with residual 2.29e-11
[Solver Step 001000] t= 0.415 | Pos Err:    0.45 km | Vel Err:    0.01 m/s
[Solver Step 002000] t= 0.920 | Pos Err:    3.37 km | Vel Err:    0.07 m/s
[Solver Step 003000] t= 1.370 | Pos Err:   49.45 km | Vel Err:    0.98 m/s
[Solver Step 004000] t= 1.746 | Pos Err:   97.19 km | Vel Err:    2.03 m/s
[Solver Step 005000] t= 2.242 | Pos Err:    1.64 km | Vel Err:    0.04 m/s
[Solver Step 006000] t= 2.652 | Pos Err:    0.41 km | Vel Err:    0.00 m/s
[Solver Step 007000] t= 3.086 | Pos Err:    6.97 km | Vel Err:    0.16 m/s
Completed [HALO_L1] Trajectory 98/120 | Saved 593 samples | Total: 133697
[Solver Step 001000] t= 0.415 | Pos Err:    2.15 km | Vel Err:    0.05 m/s
[Solver Step 002000] t= 0.820 | Pos Err:    0.07 km | Vel Err:    0.00 m/s
[Solver Step 003000] t= 1.260 | Pos Err:    0.07 km | Vel Err:    0.01 m/s
[Solver Step 004000] t= 1.608 | Pos Err:    0.08 km | Vel Err:    0.00 m/s
[Solver Step 005000] t= 1.994 | Pos Err:    0.07 km | Vel Err:    0.00 m/s
[Solver Step 006000] t= 2.446 | Pos Err:    0.05 km | Vel Err:    0.02 m/s
[Solver Step 007000] t= 2.848 | Pos Err:    0.04 km | Vel Err:    0.00 m/s
[Solver Step 008000] t= 3.245 | Pos Err:    0.04 km | Vel Err:    0.00 m/s
[Solver Step 009000] t= 3.620 | Pos Err:    0.10 km | Vel Err:    0.08 m/s
[Solver Step 010000] t= 4.034 | Pos Err:    0.08 km | Vel Err:    0.00 m/s
[Solver Step 011000] t= 4.453 | Pos Err:    0.08 km | Vel Err:    0.00 m/s
[Solver Step 012000] t= 4.896 | Pos Err:    0.06 km | Vel Err:    0.04 m/s
[Solver Step 013000] t= 5.234 | Pos Err:    0.05 km | Vel Err:    0.00 m/s
[Solver Step 014000] t= 5.632 | Pos Err:    0.05 km | Vel Err:    0.00 m/s
[Solver Step 015000] t= 6.111 | Pos Err:    0.07 km | Vel Err:    0.02 m/s
[Solver Step 016000] t= 6.498 | Pos Err:    0.08 km | Vel Err:    0.00 m/s
[Solver Step 017000] t= 6.925 | Pos Err:    0.09 km | Vel Err:    0.00 m/s
[Solver Step 018000] t= 7.269 | Pos Err:    0.14 km | Vel Err:    0.10 m/s
[Solver Step 019000] t= 7.689 | Pos Err:    0.04 km | Vel Err:    0.00 m/s
[Solver Step 020000] t= 8.168 | Pos Err:    0.05 km | Vel Err:    0.00 m/s
[Solver Step 021000] t= 8.554 | Pos Err:    0.04 km | Vel Err:    0.03 m/s
[Solver Step 022000] t= 8.923 | Pos Err:    0.07 km | Vel Err:    0.00 m/s
[Solver Step 023000] t= 9.316 | Pos Err:    0.07 km | Vel Err:    0.00 m/s
[Solver Step 024000] t= 9.774 | Pos Err:    0.06 km | Vel Err:    0.03 m/s
[Solver Step 025000] t=10.175 | Pos Err:    0.06 km | Vel Err:    0.00 m/s
[Solver Step 026000] t=10.575 | Pos Err:    0.05 km | Vel Err:    0.00 m/s
[Solver Step 027000] t=10.934 | Pos Err:    0.11 km | Vel Err:    0.09 m/s
[Solver Step 028000] t=11.354 | Pos Err:    0.08 km | Vel Err:    0.00 m/s
[Solver Step 029000] t=11.810 | Pos Err:    0.08 km | Vel Err:    0.00 m/s
[Solver Step 030000] t=12.179 | Pos Err:    0.07 km | Vel Err:    0.03 m/s
Completed [EARTH_ORBIT] Trajectory 99/120 | Saved 2583 samples | Total: 136280
[Multiple Shooting] Converged in 2 iterations with residual 2.60e-12
[Solver Step 001000] t= 0.429 | Pos Err:    0.50 km | Vel Err:    0.01 m/s
[Solver Step 002000] t= 0.912 | Pos Err:    0.22 km | Vel Err:    0.00 m/s
[Solver Step 003000] t= 1.411 | Pos Err:    2.05 km | Vel Err:    0.04 m/s
[Solver Step 004000] t= 1.816 | Pos Err:   21.16 km | Vel Err:    0.44 m/s
[Solver Step 005000] t= 2.179 | Pos Err:  128.80 km | Vel Err:    2.40 m/s
[Solver Step 006000] t= 2.645 | Pos Err:    3.19 km | Vel Err:    0.05 m/s
[Solver Step 007000] t= 3.113 | Pos Err:   16.72 km | Vel Err:    0.39 m/s
Completed [HALO_L1] Trajectory 100/120 | Saved 589 samples | Total: 136869
[Multiple Shooting] Converged in 2 iterations with residual 1.37e-12
[Solver Step 001000] t= 0.433 | Pos Err:    0.53 km | Vel Err:    0.01 m/s
[Solver Step 002000] t= 0.919 | Pos Err:    0.25 km | Vel Err:    0.00 m/s
[Solver Step 003000] t= 1.417 | Pos Err:    1.78 km | Vel Err:    0.04 m/s
[Solver Step 004000] t= 1.820 | Pos Err:   23.90 km | Vel Err:    0.50 m/s
[Solver Step 005000] t= 2.187 | Pos Err:  125.14 km | Vel Err:    2.36 m/s
[Solver Step 006000] t= 2.652 | Pos Err:    4.37 km | Vel Err:    0.08 m/s
[Solver Step 007000] t= 3.119 | Pos Err:   12.43 km | Vel Err:    0.30 m/s
Completed [HALO_L1] Trajectory 101/120 | Saved 588 samples | Total: 137457
[Solver Step 001000] t= 0.217 | Pos Err:    9.17 km | Vel Err:    0.21 m/s
[Solver Step 002000] t= 0.471 | Pos Err:    1.01 km | Vel Err:    0.02 m/s
[Solver Step 003000] t= 0.713 | Pos Err:    0.15 km | Vel Err:    0.02 m/s
[Solver Step 004000] t= 0.932 | Pos Err:    0.03 km | Vel Err:    0.00 m/s
[Solver Step 005000] t= 1.178 | Pos Err:    0.05 km | Vel Err:    0.00 m/s
[Solver Step 006000] t= 1.430 | Pos Err:    0.04 km | Vel Err:    0.03 m/s
[Solver Step 007000] t= 1.660 | Pos Err:    0.03 km | Vel Err:    0.00 m/s
[Solver Step 008000] t= 1.877 | Pos Err:    0.03 km | Vel Err:    0.00 m/s
[Solver Step 009000] t= 2.134 | Pos Err:    0.09 km | Vel Err:    0.07 m/s
[Solver Step 010000] t= 2.378 | Pos Err:    0.03 km | Vel Err:    0.00 m/s
[Solver Step 011000] t= 2.591 | Pos Err:    0.02 km | Vel Err:    0.00 m/s
[Solver Step 012000] t= 2.838 | Pos Err:    0.98 km | Vel Err:    0.79 m/s
[Solver Step 013000] t= 3.093 | Pos Err:    0.04 km | Vel Err:    0.00 m/s
[Solver Step 014000] t= 3.315 | Pos Err:    0.04 km | Vel Err:    0.00 m/s
[Solver Step 015000] t= 3.536 | Pos Err:    0.72 km | Vel Err:    0.53 m/s
[Solver Step 016000] t= 3.797 | Pos Err:    0.04 km | Vel Err:    0.00 m/s
[Solver Step 017000] t= 4.038 | Pos Err:    0.06 km | Vel Err:    0.00 m/s
[Solver Step 018000] t= 4.248 | Pos Err:    0.38 km | Vel Err:    0.21 m/s
[Solver Step 019000] t= 4.498 | Pos Err:    0.04 km | Vel Err:    0.02 m/s
[Solver Step 020000] t= 4.753 | Pos Err:    0.06 km | Vel Err:    0.00 m/s
[Solver Step 021000] t= 4.971 | Pos Err:    0.14 km | Vel Err:    0.11 m/s
[Solver Step 022000] t= 5.190 | Pos Err:    0.05 km | Vel Err:    0.01 m/s
[Solver Step 023000] t= 5.456 | Pos Err:    0.07 km | Vel Err:    0.00 m/s
[Solver Step 024000] t= 5.699 | Pos Err:    0.08 km | Vel Err:    0.12 m/s
[Solver Step 025000] t= 5.908 | Pos Err:    0.03 km | Vel Err:    0.00 m/s
[Solver Step 026000] t= 6.160 | Pos Err:    0.05 km | Vel Err:    0.00 m/s
[Solver Step 027000] t= 6.416 | Pos Err:    0.21 km | Vel Err:    0.24 m/s
[Solver Step 028000] t= 6.629 | Pos Err:    0.04 km | Vel Err:    0.00 m/s
[Solver Step 029000] t= 6.852 | Pos Err:    0.05 km | Vel Err:    0.00 m/s
Completed [TRANSFER] Trajectory 102/120 | Saved 2399 samples | Total: 139856
[Multiple Shooting] Converged in 2 iterations with residual 2.92e-11
[Solver Step 001000] t= 0.462 | Pos Err:    0.65 km | Vel Err:    0.02 m/s
[Solver Step 002000] t= 0.876 | Pos Err:    0.39 km | Vel Err:    0.01 m/s
[Solver Step 003000] t= 1.343 | Pos Err:    0.46 km | Vel Err:    0.02 m/s
[Solver Step 004000] t= 1.778 | Pos Err:   15.10 km | Vel Err:    0.32 m/s
[Solver Step 005000] t= 2.165 | Pos Err:  352.42 km | Vel Err:    6.87 m/s
[Solver Step 006000] t= 2.562 | Pos Err:  191.44 km | Vel Err:    4.40 m/s
[Solver Step 007000] t= 3.059 | Pos Err:   72.24 km | Vel Err:    1.60 m/s
Completed [HALO_L1] Trajectory 103/120 | Saved 597 samples | Total: 140453
[Multiple Shooting] Converged in 2 iterations with residual 1.35e-15
[Solver Step 001000] t= 0.493 | Pos Err:    0.29 km | Vel Err:    0.01 m/s
[Solver Step 002000] t= 0.949 | Pos Err:    0.26 km | Vel Err:    0.01 m/s
[Solver Step 003000] t= 1.449 | Pos Err:    0.05 km | Vel Err:    0.01 m/s
[Solver Step 004000] t= 2.009 | Pos Err:    0.17 km | Vel Err:    0.00 m/s
[Solver Step 005000] t= 2.536 | Pos Err:    0.16 km | Vel Err:    0.00 m/s
[Solver Step 006000] t= 2.929 | Pos Err:    1.57 km | Vel Err:    0.03 m/s
Completed [HALO_L2] Trajectory 104/120 | Saved 536 samples | Total: 140989
[Solver Step 001000] t= 0.215 | Pos Err:   26.77 km | Vel Err:    0.62 m/s
[Solver Step 002000] t= 0.468 | Pos Err:    3.34 km | Vel Err:    0.10 m/s
[Solver Step 003000] t= 0.711 | Pos Err:    0.48 km | Vel Err:    0.05 m/s
[Solver Step 004000] t= 0.924 | Pos Err:    0.04 km | Vel Err:    0.00 m/s
[Solver Step 005000] t= 1.175 | Pos Err:    0.09 km | Vel Err:    0.00 m/s
[Solver Step 006000] t= 1.429 | Pos Err:    0.10 km | Vel Err:    0.05 m/s
[Solver Step 007000] t= 1.656 | Pos Err:    0.09 km | Vel Err:    0.00 m/s
[Solver Step 008000] t= 1.871 | Pos Err:    0.11 km | Vel Err:    0.00 m/s
[Solver Step 009000] t= 2.133 | Pos Err:    0.22 km | Vel Err:    0.19 m/s
[Solver Step 010000] t= 2.373 | Pos Err:    0.08 km | Vel Err:    0.00 m/s
[Solver Step 011000] t= 2.584 | Pos Err:    0.08 km | Vel Err:    0.00 m/s
[Solver Step 012000] t= 2.834 | Pos Err:    1.62 km | Vel Err:    1.23 m/s
[Solver Step 013000] t= 3.089 | Pos Err:    0.06 km | Vel Err:    0.00 m/s
[Solver Step 014000] t= 3.307 | Pos Err:    0.05 km | Vel Err:    0.00 m/s
[Solver Step 015000] t= 3.531 | Pos Err:    0.79 km | Vel Err:    0.58 m/s
[Solver Step 016000] t= 3.793 | Pos Err:    0.06 km | Vel Err:    0.01 m/s
[Solver Step 017000] t= 4.033 | Pos Err:    0.03 km | Vel Err:    0.00 m/s
[Solver Step 018000] t= 4.240 | Pos Err:    0.41 km | Vel Err:    0.23 m/s
[Solver Step 019000] t= 4.493 | Pos Err:    0.06 km | Vel Err:    0.02 m/s
[Solver Step 020000] t= 4.745 | Pos Err:    0.05 km | Vel Err:    0.00 m/s
[Solver Step 021000] t= 4.961 | Pos Err:    0.21 km | Vel Err:    0.12 m/s
[Solver Step 022000] t= 5.184 | Pos Err:    0.04 km | Vel Err:    0.01 m/s
[Solver Step 023000] t= 5.450 | Pos Err:    0.06 km | Vel Err:    0.00 m/s
[Solver Step 024000] t= 5.691 | Pos Err:    0.15 km | Vel Err:    0.11 m/s
[Solver Step 025000] t= 5.899 | Pos Err:    0.08 km | Vel Err:    0.01 m/s
[Solver Step 026000] t= 6.155 | Pos Err:    0.08 km | Vel Err:    0.00 m/s
[Solver Step 027000] t= 6.408 | Pos Err:    0.26 km | Vel Err:    0.24 m/s
[Solver Step 028000] t= 6.618 | Pos Err:    0.10 km | Vel Err:    0.00 m/s
[Solver Step 029000] t= 6.847 | Pos Err:    0.11 km | Vel Err:    0.00 m/s
Completed [TRANSFER] Trajectory 105/120 | Saved 2399 samples | Total: 143388
[Solver Step 001000] t= 0.418 | Pos Err:    1.66 km | Vel Err:    0.04 m/s
[Solver Step 002000] t= 0.822 | Pos Err:    0.07 km | Vel Err:    0.00 m/s
[Solver Step 003000] t= 1.262 | Pos Err:    0.07 km | Vel Err:    0.01 m/s
[Solver Step 004000] t= 1.610 | Pos Err:    0.08 km | Vel Err:    0.00 m/s
[Solver Step 005000] t= 1.996 | Pos Err:    0.06 km | Vel Err:    0.00 m/s
[Solver Step 006000] t= 2.449 | Pos Err:    0.04 km | Vel Err:    0.01 m/s
[Solver Step 007000] t= 2.851 | Pos Err:    0.03 km | Vel Err:    0.00 m/s
[Solver Step 008000] t= 3.246 | Pos Err:    0.03 km | Vel Err:    0.00 m/s
[Solver Step 009000] t= 3.622 | Pos Err:    0.09 km | Vel Err:    0.08 m/s
[Solver Step 010000] t= 4.037 | Pos Err:    0.08 km | Vel Err:    0.00 m/s
[Solver Step 011000] t= 4.455 | Pos Err:    0.07 km | Vel Err:    0.00 m/s
[Solver Step 012000] t= 4.899 | Pos Err:    0.05 km | Vel Err:    0.04 m/s
[Solver Step 013000] t= 5.236 | Pos Err:    0.04 km | Vel Err:    0.00 m/s
[Solver Step 014000] t= 5.635 | Pos Err:    0.04 km | Vel Err:    0.00 m/s
[Solver Step 015000] t= 6.114 | Pos Err:    0.07 km | Vel Err:    0.02 m/s
[Solver Step 016000] t= 6.500 | Pos Err:    0.08 km | Vel Err:    0.00 m/s
[Solver Step 017000] t= 6.927 | Pos Err:    0.08 km | Vel Err:    0.00 m/s
[Solver Step 018000] t= 7.271 | Pos Err:    0.14 km | Vel Err:    0.10 m/s
[Solver Step 019000] t= 7.693 | Pos Err:    0.03 km | Vel Err:    0.00 m/s
[Solver Step 020000] t= 8.171 | Pos Err:    0.04 km | Vel Err:    0.00 m/s
[Solver Step 021000] t= 8.557 | Pos Err:    0.03 km | Vel Err:    0.03 m/s
[Solver Step 022000] t= 8.924 | Pos Err:    0.07 km | Vel Err:    0.00 m/s
[Solver Step 023000] t= 9.318 | Pos Err:    0.07 km | Vel Err:    0.00 m/s
[Solver Step 024000] t= 9.777 | Pos Err:    0.05 km | Vel Err:    0.03 m/s
[Solver Step 025000] t=10.177 | Pos Err:    0.05 km | Vel Err:    0.00 m/s
[Solver Step 026000] t=10.577 | Pos Err:    0.03 km | Vel Err:    0.00 m/s
[Solver Step 027000] t=10.937 | Pos Err:    0.10 km | Vel Err:    0.09 m/s
[Solver Step 028000] t=11.356 | Pos Err:    0.08 km | Vel Err:    0.00 m/s
[Solver Step 029000] t=11.813 | Pos Err:    0.08 km | Vel Err:    0.00 m/s
[Solver Step 030000] t=12.181 | Pos Err:    0.07 km | Vel Err:    0.03 m/s
Completed [EARTH_ORBIT] Trajectory 106/120 | Saved 2582 samples | Total: 145970
[Solver Step 001000] t= 0.215 | Pos Err:   15.78 km | Vel Err:    0.42 m/s
[Solver Step 002000] t= 0.469 | Pos Err:    1.96 km | Vel Err:    0.04 m/s
[Solver Step 003000] t= 0.713 | Pos Err:    0.23 km | Vel Err:    0.02 m/s
[Solver Step 004000] t= 0.928 | Pos Err:    0.02 km | Vel Err:    0.00 m/s
[Solver Step 005000] t= 1.177 | Pos Err:    0.02 km | Vel Err:    0.00 m/s
[Solver Step 006000] t= 1.430 | Pos Err:    0.08 km | Vel Err:    0.03 m/s
[Solver Step 007000] t= 1.660 | Pos Err:    0.07 km | Vel Err:    0.00 m/s
[Solver Step 008000] t= 1.874 | Pos Err:    0.04 km | Vel Err:    0.00 m/s
[Solver Step 009000] t= 2.133 | Pos Err:    0.18 km | Vel Err:    0.10 m/s
[Solver Step 010000] t= 2.376 | Pos Err:    0.08 km | Vel Err:    0.00 m/s
[Solver Step 011000] t= 2.588 | Pos Err:    0.06 km | Vel Err:    0.00 m/s
[Solver Step 012000] t= 2.836 | Pos Err:    1.01 km | Vel Err:    0.84 m/s
[Solver Step 013000] t= 3.091 | Pos Err:    0.09 km | Vel Err:    0.00 m/s
[Solver Step 014000] t= 3.311 | Pos Err:    0.07 km | Vel Err:    0.00 m/s
[Solver Step 015000] t= 3.533 | Pos Err:    0.68 km | Vel Err:    0.56 m/s
[Solver Step 016000] t= 3.795 | Pos Err:    0.09 km | Vel Err:    0.00 m/s
[Solver Step 017000] t= 4.037 | Pos Err:    0.07 km | Vel Err:    0.00 m/s
[Solver Step 018000] t= 4.244 | Pos Err:    0.32 km | Vel Err:    0.22 m/s
[Solver Step 019000] t= 4.495 | Pos Err:    0.05 km | Vel Err:    0.02 m/s
[Solver Step 020000] t= 4.748 | Pos Err:    0.06 km | Vel Err:    0.00 m/s
[Solver Step 021000] t= 4.965 | Pos Err:    0.10 km | Vel Err:    0.11 m/s
[Solver Step 022000] t= 5.187 | Pos Err:    0.06 km | Vel Err:    0.01 m/s
[Solver Step 023000] t= 5.453 | Pos Err:    0.05 km | Vel Err:    0.00 m/s
[Solver Step 024000] t= 5.694 | Pos Err:    0.08 km | Vel Err:    0.12 m/s
[Solver Step 025000] t= 5.903 | Pos Err:    0.04 km | Vel Err:    0.00 m/s
[Solver Step 026000] t= 6.157 | Pos Err:    0.04 km | Vel Err:    0.00 m/s
[Solver Step 027000] t= 6.411 | Pos Err:    0.24 km | Vel Err:    0.24 m/s
[Solver Step 028000] t= 6.622 | Pos Err:    0.04 km | Vel Err:    0.00 m/s
[Solver Step 029000] t= 6.849 | Pos Err:    0.02 km | Vel Err:    0.00 m/s
Completed [TRANSFER] Trajectory 107/120 | Saved 2399 samples | Total: 148369
[Solver Step 001000] t= 0.214 | Pos Err:   11.62 km | Vel Err:    0.27 m/s
[Solver Step 002000] t= 0.469 | Pos Err:    1.32 km | Vel Err:    0.02 m/s
[Solver Step 003000] t= 0.712 | Pos Err:    0.20 km | Vel Err:    0.04 m/s
[Solver Step 004000] t= 0.926 | Pos Err:    0.03 km | Vel Err:    0.00 m/s
[Solver Step 005000] t= 1.175 | Pos Err:    0.05 km | Vel Err:    0.00 m/s
[Solver Step 006000] t= 1.429 | Pos Err:    0.04 km | Vel Err:    0.06 m/s
[Solver Step 007000] t= 1.653 | Pos Err:    0.02 km | Vel Err:    0.00 m/s
[Solver Step 008000] t= 1.867 | Pos Err:    0.03 km | Vel Err:    0.00 m/s
[Solver Step 009000] t= 2.129 | Pos Err:    0.32 km | Vel Err:    0.28 m/s
[Solver Step 010000] t= 2.365 | Pos Err:    0.03 km | Vel Err:    0.00 m/s
[Solver Step 011000] t= 2.574 | Pos Err:    0.02 km | Vel Err:    0.00 m/s
[Solver Step 012000] t= 2.829 | Pos Err:    1.74 km | Vel Err:    1.36 m/s
[Solver Step 013000] t= 3.082 | Pos Err:    0.04 km | Vel Err:    0.00 m/s
[Solver Step 014000] t= 3.297 | Pos Err:    0.04 km | Vel Err:    0.00 m/s
[Solver Step 015000] t= 3.524 | Pos Err:    0.80 km | Vel Err:    0.62 m/s
[Solver Step 016000] t= 3.787 | Pos Err:    0.04 km | Vel Err:    0.01 m/s
[Solver Step 017000] t= 4.025 | Pos Err:    0.06 km | Vel Err:    0.00 m/s
[Solver Step 018000] t= 4.231 | Pos Err:    0.43 km | Vel Err:    0.26 m/s
[Solver Step 019000] t= 4.488 | Pos Err:    0.03 km | Vel Err:    0.01 m/s
[Solver Step 020000] t= 4.741 | Pos Err:    0.07 km | Vel Err:    0.00 m/s
[Solver Step 021000] t= 4.952 | Pos Err:    0.21 km | Vel Err:    0.12 m/s
[Solver Step 022000] t= 5.180 | Pos Err:    0.06 km | Vel Err:    0.01 m/s
[Solver Step 023000] t= 5.444 | Pos Err:    0.07 km | Vel Err:    0.00 m/s
[Solver Step 024000] t= 5.684 | Pos Err:    0.07 km | Vel Err:    0.10 m/s
[Solver Step 025000] t= 5.892 | Pos Err:    0.04 km | Vel Err:    0.01 m/s
[Solver Step 026000] t= 6.151 | Pos Err:    0.06 km | Vel Err:    0.00 m/s
[Solver Step 027000] t= 6.401 | Pos Err:    0.18 km | Vel Err:    0.24 m/s
[Solver Step 028000] t= 6.610 | Pos Err:    0.04 km | Vel Err:    0.00 m/s
[Solver Step 029000] t= 6.843 | Pos Err:    0.06 km | Vel Err:    0.00 m/s
Completed [TRANSFER] Trajectory 108/120 | Saved 2400 samples | Total: 150769
[Multiple Shooting] Converged in 2 iterations with residual 1.17e-15
[Solver Step 001000] t= 0.463 | Pos Err:    0.18 km | Vel Err:    0.00 m/s
[Solver Step 002000] t= 1.017 | Pos Err:    0.14 km | Vel Err:    0.00 m/s
[Solver Step 003000] t= 1.616 | Pos Err:    0.10 km | Vel Err:    0.01 m/s
[Solver Step 004000] t= 2.061 | Pos Err:    0.19 km | Vel Err:    0.00 m/s
[Solver Step 005000] t= 2.508 | Pos Err:    0.32 km | Vel Err:    0.01 m/s
[Solver Step 006000] t= 3.056 | Pos Err:    5.26 km | Vel Err:    0.14 m/s
Completed [HALO_L2] Trajectory 109/120 | Saved 513 samples | Total: 151282
[Solver Step 001000] t= 0.216 | Pos Err:   16.19 km | Vel Err:    0.33 m/s
[Solver Step 002000] t= 0.468 | Pos Err:    2.01 km | Vel Err:    0.02 m/s
[Solver Step 003000] t= 0.712 | Pos Err:    0.23 km | Vel Err:    0.03 m/s
[Solver Step 004000] t= 0.926 | Pos Err:    0.01 km | Vel Err:    0.01 m/s
[Solver Step 005000] t= 1.175 | Pos Err:    0.03 km | Vel Err:    0.00 m/s
[Solver Step 006000] t= 1.429 | Pos Err:    0.08 km | Vel Err:    0.03 m/s
[Solver Step 007000] t= 1.658 | Pos Err:    0.08 km | Vel Err:    0.00 m/s
[Solver Step 008000] t= 1.873 | Pos Err:    0.06 km | Vel Err:    0.00 m/s
[Solver Step 009000] t= 2.133 | Pos Err:    0.24 km | Vel Err:    0.16 m/s
[Solver Step 010000] t= 2.374 | Pos Err:    0.08 km | Vel Err:    0.00 m/s
[Solver Step 011000] t= 2.586 | Pos Err:    0.06 km | Vel Err:    0.00 m/s
[Solver Step 012000] t= 2.835 | Pos Err:    1.33 km | Vel Err:    1.06 m/s
[Solver Step 013000] t= 3.090 | Pos Err:    0.09 km | Vel Err:    0.00 m/s
[Solver Step 014000] t= 3.309 | Pos Err:    0.05 km | Vel Err:    0.00 m/s
[Solver Step 015000] t= 3.532 | Pos Err:    0.69 km | Vel Err:    0.57 m/s
[Solver Step 016000] t= 3.794 | Pos Err:    0.08 km | Vel Err:    0.00 m/s
[Solver Step 017000] t= 4.035 | Pos Err:    0.05 km | Vel Err:    0.00 m/s
[Solver Step 018000] t= 4.242 | Pos Err:    0.33 km | Vel Err:    0.23 m/s
[Solver Step 019000] t= 4.495 | Pos Err:    0.05 km | Vel Err:    0.02 m/s
[Solver Step 020000] t= 4.748 | Pos Err:    0.03 km | Vel Err:    0.00 m/s
[Solver Step 021000] t= 4.965 | Pos Err:    0.11 km | Vel Err:    0.11 m/s
[Solver Step 022000] t= 5.187 | Pos Err:    0.05 km | Vel Err:    0.01 m/s
[Solver Step 023000] t= 5.453 | Pos Err:    0.02 km | Vel Err:    0.00 m/s
[Solver Step 024000] t= 5.694 | Pos Err:    0.10 km | Vel Err:    0.12 m/s
[Solver Step 025000] t= 5.901 | Pos Err:    0.03 km | Vel Err:    0.00 m/s
[Solver Step 026000] t= 6.156 | Pos Err:    0.01 km | Vel Err:    0.00 m/s
[Solver Step 027000] t= 6.409 | Pos Err:    0.25 km | Vel Err:    0.24 m/s
[Solver Step 028000] t= 6.620 | Pos Err:    0.05 km | Vel Err:    0.00 m/s
[Solver Step 029000] t= 6.848 | Pos Err:    0.02 km | Vel Err:    0.00 m/s
Completed [TRANSFER] Trajectory 110/120 | Saved 2399 samples | Total: 153681
[Multiple Shooting] Converged in 2 iterations with residual 5.84e-12
[Solver Step 001000] t= 0.422 | Pos Err:    0.41 km | Vel Err:    0.01 m/s
[Solver Step 002000] t= 0.921 | Pos Err:    0.58 km | Vel Err:    0.01 m/s
[Solver Step 003000] t= 1.420 | Pos Err:    4.19 km | Vel Err:    0.09 m/s
[Solver Step 004000] t= 1.783 | Pos Err:   56.51 km | Vel Err:    1.16 m/s
[Solver Step 005000] t= 2.206 | Pos Err:   40.43 km | Vel Err:    0.84 m/s
[Solver Step 006000] t= 2.670 | Pos Err:    2.72 km | Vel Err:    0.06 m/s
[Solver Step 007000] t= 3.105 | Pos Err:   11.11 km | Vel Err:    0.26 m/s
Completed [HALO_L1] Trajectory 111/120 | Saved 593 samples | Total: 154274
[Multiple Shooting] Converged in 2 iterations with residual 1.88e-11
[Solver Step 001000] t= 0.430 | Pos Err:    0.10 km | Vel Err:    0.00 m/s
[Solver Step 002000] t= 0.886 | Pos Err:    0.28 km | Vel Err:    0.01 m/s
[Solver Step 003000] t= 1.375 | Pos Err:    0.71 km | Vel Err:    0.02 m/s
[Solver Step 004000] t= 1.799 | Pos Err:    1.70 km | Vel Err:    0.06 m/s
[Solver Step 005000] t= 2.152 | Pos Err:  208.47 km | Vel Err:    4.16 m/s
[Solver Step 006000] t= 2.603 | Pos Err:   15.05 km | Vel Err:    0.32 m/s
[Solver Step 007000] t= 3.083 | Pos Err:   41.46 km | Vel Err:    0.92 m/s
Completed [HALO_L1] Trajectory 112/120 | Saved 593 samples | Total: 154867
[Solver Step 001000] t= 0.214 | Pos Err:    9.26 km | Vel Err:    0.18 m/s
[Solver Step 002000] t= 0.468 | Pos Err:    1.04 km | Vel Err:    0.02 m/s
[Solver Step 003000] t= 0.710 | Pos Err:    0.18 km | Vel Err:    0.05 m/s
[Solver Step 004000] t= 0.926 | Pos Err:    0.02 km | Vel Err:    0.00 m/s
[Solver Step 005000] t= 1.175 | Pos Err:    0.05 km | Vel Err:    0.00 m/s
[Solver Step 006000] t= 1.429 | Pos Err:    0.03 km | Vel Err:    0.04 m/s
[Solver Step 007000] t= 1.655 | Pos Err:    0.02 km | Vel Err:    0.00 m/s
[Solver Step 008000] t= 1.869 | Pos Err:    0.02 km | Vel Err:    0.00 m/s
[Solver Step 009000] t= 2.130 | Pos Err:    0.31 km | Vel Err:    0.27 m/s
[Solver Step 010000] t= 2.367 | Pos Err:    0.03 km | Vel Err:    0.00 m/s
[Solver Step 011000] t= 2.576 | Pos Err:    0.02 km | Vel Err:    0.00 m/s
[Solver Step 012000] t= 2.830 | Pos Err:    1.72 km | Vel Err:    1.35 m/s
[Solver Step 013000] t= 3.083 | Pos Err:    0.04 km | Vel Err:    0.00 m/s
[Solver Step 014000] t= 3.299 | Pos Err:    0.04 km | Vel Err:    0.00 m/s
[Solver Step 015000] t= 3.525 | Pos Err:    0.79 km | Vel Err:    0.62 m/s
[Solver Step 016000] t= 3.788 | Pos Err:    0.04 km | Vel Err:    0.01 m/s
[Solver Step 017000] t= 4.027 | Pos Err:    0.06 km | Vel Err:    0.00 m/s
[Solver Step 018000] t= 4.233 | Pos Err:    0.41 km | Vel Err:    0.25 m/s
[Solver Step 019000] t= 4.489 | Pos Err:    0.03 km | Vel Err:    0.01 m/s
[Solver Step 020000] t= 4.742 | Pos Err:    0.07 km | Vel Err:    0.00 m/s
[Solver Step 021000] t= 4.955 | Pos Err:    0.19 km | Vel Err:    0.12 m/s
[Solver Step 022000] t= 5.181 | Pos Err:    0.06 km | Vel Err:    0.01 m/s
[Solver Step 023000] t= 5.446 | Pos Err:    0.07 km | Vel Err:    0.00 m/s
[Solver Step 024000] t= 5.686 | Pos Err:    0.07 km | Vel Err:    0.10 m/s
[Solver Step 025000] t= 5.894 | Pos Err:    0.04 km | Vel Err:    0.01 m/s
[Solver Step 026000] t= 6.152 | Pos Err:    0.06 km | Vel Err:    0.00 m/s
[Solver Step 027000] t= 6.403 | Pos Err:    0.19 km | Vel Err:    0.24 m/s
[Solver Step 028000] t= 6.612 | Pos Err:    0.03 km | Vel Err:    0.00 m/s
[Solver Step 029000] t= 6.843 | Pos Err:    0.05 km | Vel Err:    0.00 m/s
Completed [TRANSFER] Trajectory 113/120 | Saved 2399 samples | Total: 157266
[Multiple Shooting] Converged in 4 iterations with residual 1.47e-13
[Solver Step 001000] t= 0.346 | Pos Err:    7.55 km | Vel Err:    0.17 m/s
[Solver Step 002000] t= 0.693 | Pos Err:   53.70 km | Vel Err:    1.18 m/s
[Solver Step 003000] t= 1.052 | Pos Err:   27.94 km | Vel Err:    0.55 m/s
[Solver Step 004000] t= 1.406 | Pos Err:    1.49 km | Vel Err:    0.03 m/s
[Solver Step 005000] t= 1.767 | Pos Err:   25.68 km | Vel Err:    0.52 m/s
[Solver Step 006000] t= 2.121 | Pos Err:   55.47 km | Vel Err:    0.95 m/s
[Solver Step 007000] t= 2.467 | Pos Err:  176.27 km | Vel Err:    3.91 m/s
Completed [DRO] Trajectory 114/120 | Saved 593 samples | Total: 157859
[Multiple Shooting] Converged in 2 iterations with residual 1.71e-15
[Solver Step 001000] t= 0.464 | Pos Err:    0.53 km | Vel Err:    0.01 m/s
[Solver Step 002000] t= 0.957 | Pos Err:    0.18 km | Vel Err:    0.00 m/s
[Solver Step 003000] t= 1.523 | Pos Err:    0.05 km | Vel Err:    0.01 m/s
[Solver Step 004000] t= 2.088 | Pos Err:    0.12 km | Vel Err:    0.00 m/s
[Solver Step 005000] t= 2.488 | Pos Err:    0.23 km | Vel Err:    0.00 m/s
[Solver Step 006000] t= 2.979 | Pos Err:    0.96 km | Vel Err:    0.04 m/s
Completed [HALO_L2] Trajectory 115/120 | Saved 525 samples | Total: 158384
[Solver Step 001000] t= 0.414 | Pos Err:    2.44 km | Vel Err:    0.06 m/s
[Solver Step 002000] t= 0.818 | Pos Err:    0.05 km | Vel Err:    0.00 m/s
[Solver Step 003000] t= 1.259 | Pos Err:    0.07 km | Vel Err:    0.01 m/s
[Solver Step 004000] t= 1.606 | Pos Err:    0.05 km | Vel Err:    0.00 m/s
[Solver Step 005000] t= 1.992 | Pos Err:    0.05 km | Vel Err:    0.00 m/s
[Solver Step 006000] t= 2.445 | Pos Err:    0.08 km | Vel Err:    0.02 m/s
[Solver Step 007000] t= 2.846 | Pos Err:    0.09 km | Vel Err:    0.00 m/s
[Solver Step 008000] t= 3.244 | Pos Err:    0.09 km | Vel Err:    0.00 m/s
[Solver Step 009000] t= 3.618 | Pos Err:    0.14 km | Vel Err:    0.08 m/s
[Solver Step 010000] t= 4.032 | Pos Err:    0.03 km | Vel Err:    0.00 m/s
[Solver Step 011000] t= 4.452 | Pos Err:    0.04 km | Vel Err:    0.00 m/s
[Solver Step 012000] t= 4.894 | Pos Err:    0.04 km | Vel Err:    0.04 m/s
[Solver Step 013000] t= 5.233 | Pos Err:    0.07 km | Vel Err:    0.00 m/s
[Solver Step 014000] t= 5.631 | Pos Err:    0.08 km | Vel Err:    0.00 m/s
[Solver Step 015000] t= 6.109 | Pos Err:    0.06 km | Vel Err:    0.02 m/s
[Solver Step 016000] t= 6.496 | Pos Err:    0.05 km | Vel Err:    0.00 m/s
[Solver Step 017000] t= 6.923 | Pos Err:    0.04 km | Vel Err:    0.00 m/s
[Solver Step 018000] t= 7.267 | Pos Err:    0.09 km | Vel Err:    0.10 m/s
[Solver Step 019000] t= 7.688 | Pos Err:    0.09 km | Vel Err:    0.00 m/s
[Solver Step 020000] t= 8.167 | Pos Err:    0.09 km | Vel Err:    0.00 m/s
[Solver Step 021000] t= 8.553 | Pos Err:    0.07 km | Vel Err:    0.03 m/s
[Solver Step 022000] t= 8.922 | Pos Err:    0.07 km | Vel Err:    0.00 m/s
[Solver Step 023000] t= 9.314 | Pos Err:    0.03 km | Vel Err:    0.00 m/s
[Solver Step 024000] t= 9.773 | Pos Err:    0.06 km | Vel Err:    0.03 m/s
[Solver Step 025000] t=10.173 | Pos Err:    0.08 km | Vel Err:    0.00 m/s
[Solver Step 026000] t=10.573 | Pos Err:    0.08 km | Vel Err:    0.00 m/s
[Solver Step 027000] t=10.933 | Pos Err:    0.15 km | Vel Err:    0.09 m/s
[Solver Step 028000] t=11.353 | Pos Err:    0.05 km | Vel Err:    0.00 m/s
[Solver Step 029000] t=11.808 | Pos Err:    0.04 km | Vel Err:    0.00 m/s
[Solver Step 030000] t=12.177 | Pos Err:    0.03 km | Vel Err:    0.03 m/s
Completed [EARTH_ORBIT] Trajectory 116/120 | Saved 2583 samples | Total: 160967
[Solver Step 001000] t= 0.414 | Pos Err:    2.84 km | Vel Err:    0.07 m/s
[Solver Step 002000] t= 0.818 | Pos Err:    0.04 km | Vel Err:    0.00 m/s
[Solver Step 003000] t= 1.259 | Pos Err:    0.08 km | Vel Err:    0.01 m/s
[Solver Step 004000] t= 1.607 | Pos Err:    0.06 km | Vel Err:    0.00 m/s
[Solver Step 005000] t= 1.992 | Pos Err:    0.04 km | Vel Err:    0.00 m/s
[Solver Step 006000] t= 2.445 | Pos Err:    0.08 km | Vel Err:    0.02 m/s
[Solver Step 007000] t= 2.846 | Pos Err:    0.09 km | Vel Err:    0.00 m/s
[Solver Step 008000] t= 3.244 | Pos Err:    0.10 km | Vel Err:    0.00 m/s
[Solver Step 009000] t= 3.618 | Pos Err:    0.14 km | Vel Err:    0.08 m/s
[Solver Step 010000] t= 4.032 | Pos Err:    0.03 km | Vel Err:    0.00 m/s
[Solver Step 011000] t= 4.452 | Pos Err:    0.04 km | Vel Err:    0.00 m/s
[Solver Step 012000] t= 4.894 | Pos Err:    0.04 km | Vel Err:    0.04 m/s
[Solver Step 013000] t= 5.233 | Pos Err:    0.07 km | Vel Err:    0.00 m/s
[Solver Step 014000] t= 5.631 | Pos Err:    0.09 km | Vel Err:    0.00 m/s
[Solver Step 015000] t= 6.109 | Pos Err:    0.07 km | Vel Err:    0.02 m/s
[Solver Step 016000] t= 6.496 | Pos Err:    0.06 km | Vel Err:    0.00 m/s
[Solver Step 017000] t= 6.923 | Pos Err:    0.04 km | Vel Err:    0.00 m/s
[Solver Step 018000] t= 7.267 | Pos Err:    0.09 km | Vel Err:    0.10 m/s
[Solver Step 019000] t= 7.688 | Pos Err:    0.09 km | Vel Err:    0.00 m/s
[Solver Step 020000] t= 8.167 | Pos Err:    0.10 km | Vel Err:    0.00 m/s
[Solver Step 021000] t= 8.553 | Pos Err:    0.08 km | Vel Err:    0.03 m/s
[Solver Step 022000] t= 8.922 | Pos Err:    0.08 km | Vel Err:    0.00 m/s
[Solver Step 023000] t= 9.314 | Pos Err:    0.03 km | Vel Err:    0.00 m/s
[Solver Step 024000] t= 9.773 | Pos Err:    0.06 km | Vel Err:    0.03 m/s
[Solver Step 025000] t=10.174 | Pos Err:    0.08 km | Vel Err:    0.00 m/s
[Solver Step 026000] t=10.573 | Pos Err:    0.09 km | Vel Err:    0.00 m/s
[Solver Step 027000] t=10.933 | Pos Err:    0.16 km | Vel Err:    0.09 m/s
[Solver Step 028000] t=11.353 | Pos Err:    0.05 km | Vel Err:    0.00 m/s
[Solver Step 029000] t=11.808 | Pos Err:    0.03 km | Vel Err:    0.00 m/s
[Solver Step 030000] t=12.177 | Pos Err:    0.02 km | Vel Err:    0.03 m/s
Completed [EARTH_ORBIT] Trajectory 117/120 | Saved 2583 samples | Total: 163550
[Multiple Shooting] Converged in 15 iterations with residual 4.44e-15
[Solver Step 001000] t= 0.325 | Pos Err:  851.41 km | Vel Err:   18.60 m/s
[Solver Step 002000] t= 0.760 | Pos Err:   10.25 km | Vel Err:    0.15 m/s
[Solver Step 003000] t= 1.195 | Pos Err:    0.25 km | Vel Err:    0.01 m/s
[Solver Step 004000] t= 1.637 | Pos Err:    0.66 km | Vel Err:    0.00 m/s
[Solver Step 005000] t= 2.088 | Pos Err:    1.71 km | Vel Err:    0.03 m/s
[Solver Step 006000] t= 2.450 | Pos Err:  139.79 km | Vel Err:    2.38 m/s
Completed [DRO] Trajectory 118/120 | Saved 514 samples | Total: 164064
[Solver Step 001000] t= 0.218 | Pos Err:   18.52 km | Vel Err:    0.27 m/s
[Solver Step 002000] t= 0.470 | Pos Err:    2.23 km | Vel Err:    0.03 m/s
[Solver Step 003000] t= 0.713 | Pos Err:    0.30 km | Vel Err:    0.03 m/s
[Solver Step 004000] t= 0.928 | Pos Err:    0.01 km | Vel Err:    0.00 m/s
[Solver Step 005000] t= 1.176 | Pos Err:    0.06 km | Vel Err:    0.00 m/s
[Solver Step 006000] t= 1.430 | Pos Err:    0.10 km | Vel Err:    0.04 m/s
[Solver Step 007000] t= 1.661 | Pos Err:    0.09 km | Vel Err:    0.00 m/s
[Solver Step 008000] t= 1.876 | Pos Err:    0.07 km | Vel Err:    0.00 m/s
[Solver Step 009000] t= 2.134 | Pos Err:    0.18 km | Vel Err:    0.11 m/s
[Solver Step 010000] t= 2.377 | Pos Err:    0.09 km | Vel Err:    0.00 m/s
[Solver Step 011000] t= 2.590 | Pos Err:    0.06 km | Vel Err:    0.00 m/s
[Solver Step 012000] t= 2.837 | Pos Err:    0.98 km | Vel Err:    0.77 m/s
[Solver Step 013000] t= 3.092 | Pos Err:    0.08 km | Vel Err:    0.00 m/s
[Solver Step 014000] t= 3.313 | Pos Err:    0.05 km | Vel Err:    0.00 m/s
[Solver Step 015000] t= 3.535 | Pos Err:    0.68 km | Vel Err:    0.55 m/s
[Solver Step 016000] t= 3.796 | Pos Err:    0.08 km | Vel Err:    0.00 m/s
[Solver Step 017000] t= 4.038 | Pos Err:    0.04 km | Vel Err:    0.00 m/s
[Solver Step 018000] t= 4.246 | Pos Err:    0.33 km | Vel Err:    0.22 m/s
[Solver Step 019000] t= 4.497 | Pos Err:    0.04 km | Vel Err:    0.02 m/s
[Solver Step 020000] t= 4.751 | Pos Err:    0.01 km | Vel Err:    0.00 m/s
[Solver Step 021000] t= 4.969 | Pos Err:    0.13 km | Vel Err:    0.11 m/s
[Solver Step 022000] t= 5.189 | Pos Err:    0.03 km | Vel Err:    0.01 m/s
[Solver Step 023000] t= 5.455 | Pos Err:    0.01 km | Vel Err:    0.00 m/s
[Solver Step 024000] t= 5.698 | Pos Err:    0.12 km | Vel Err:    0.12 m/s
[Solver Step 025000] t= 5.904 | Pos Err:    0.05 km | Vel Err:    0.00 m/s
[Solver Step 026000] t= 6.158 | Pos Err:    0.02 km | Vel Err:    0.00 m/s
[Solver Step 027000] t= 6.412 | Pos Err:    0.27 km | Vel Err:    0.24 m/s
[Solver Step 028000] t= 6.624 | Pos Err:    0.07 km | Vel Err:    0.00 m/s
[Solver Step 029000] t= 6.850 | Pos Err:    0.04 km | Vel Err:    0.00 m/s
Completed [TRANSFER] Trajectory 119/120 | Saved 2399 samples | Total: 166463
[Multiple Shooting] Converged in 2 iterations with residual 1.30e-15
[Solver Step 001000] t= 0.465 | Pos Err:    0.30 km | Vel Err:    0.01 m/s
[Solver Step 002000] t= 0.964 | Pos Err:    0.14 km | Vel Err:    0.00 m/s
[Solver Step 003000] t= 1.534 | Pos Err:    0.13 km | Vel Err:    0.02 m/s
[Solver Step 004000] t= 2.093 | Pos Err:    0.17 km | Vel Err:    0.00 m/s
[Solver Step 005000] t= 2.491 | Pos Err:    0.25 km | Vel Err:    0.00 m/s
[Solver Step 006000] t= 2.988 | Pos Err:    1.50 km | Vel Err:    0.05 m/s
Completed [HALO_L2] Trajectory 120/120 | Saved 524 samples | Total: 166987

Done! Successfully saved 166987 samples across 6 mission regimes into 'crtbp_llm_dataset_20260818_041140.jsonl'.
Job finished at Tue Aug 18 04:15:44 CDT 2026
