Starting CRTBP Data Generation on gpua040.delta.ncsa.illinois.edu at Tue Aug 18 04:27:27 CDT 2026
Starting dataset generation for 6 mission types. Output: 'crtbp_llm_dataset_20260818_042728.jsonl'
[Multiple Shooting] Converged in 2 iterations with residual 1.42e-15
[Solver Step 001000] t= 0.460 | Pos Err:    0.41 km | Vel Err:    0.01 m/s
[Solver Step 002000] t= 1.019 | Pos Err:    0.14 km | Vel Err:    0.00 m/s
[Solver Step 003000] t= 1.615 | Pos Err:    0.09 km | Vel Err:    0.01 m/s
[Solver Step 004000] t= 2.045 | Pos Err:    0.32 km | Vel Err:    0.01 m/s
[Solver Step 005000] t= 2.504 | Pos Err:    0.33 km | Vel Err:    0.01 m/s
[Solver Step 006000] t= 3.058 | Pos Err:    5.39 km | Vel Err:    0.14 m/s
Completed [HALO_L2] Trajectory 1/600 | Saved 512 samples | Total: 512
[Solver Step 001000] t= 0.215 | Pos Err:   18.51 km | Vel Err:    0.45 m/s
[Solver Step 002000] t= 0.468 | Pos Err:    2.27 km | Vel Err:    0.07 m/s
[Solver Step 003000] t= 0.712 | Pos Err:    0.31 km | Vel Err:    0.04 m/s
[Solver Step 004000] t= 0.926 | Pos Err:    0.02 km | Vel Err:    0.00 m/s
[Solver Step 005000] t= 1.175 | Pos Err:    0.07 km | Vel Err:    0.00 m/s
[Solver Step 006000] t= 1.429 | Pos Err:    0.08 km | Vel Err:    0.03 m/s
[Solver Step 007000] t= 1.658 | Pos Err:    0.07 km | Vel Err:    0.00 m/s
[Solver Step 008000] t= 1.873 | Pos Err:    0.08 km | Vel Err:    0.00 m/s
[Solver Step 009000] t= 2.133 | Pos Err:    0.19 km | Vel Err:    0.16 m/s
[Solver Step 010000] t= 2.374 | Pos Err:    0.06 km | Vel Err:    0.00 m/s
[Solver Step 011000] t= 2.586 | Pos Err:    0.05 km | Vel Err:    0.00 m/s
[Solver Step 012000] t= 2.835 | Pos Err:    1.38 km | Vel Err:    1.06 m/s
[Solver Step 013000] t= 3.090 | Pos Err:    0.05 km | Vel Err:    0.00 m/s
[Solver Step 014000] t= 3.309 | Pos Err:    0.03 km | Vel Err:    0.00 m/s
[Solver Step 015000] t= 3.532 | Pos Err:    0.77 km | Vel Err:    0.57 m/s
[Solver Step 016000] t= 3.794 | Pos Err:    0.04 km | Vel Err:    0.01 m/s
[Solver Step 017000] t= 4.035 | Pos Err:    0.02 km | Vel Err:    0.00 m/s
[Solver Step 018000] t= 4.242 | Pos Err:    0.39 km | Vel Err:    0.23 m/s
[Solver Step 019000] t= 4.495 | Pos Err:    0.03 km | Vel Err:    0.02 m/s
[Solver Step 020000] t= 4.748 | Pos Err:    0.04 km | Vel Err:    0.00 m/s
[Solver Step 021000] t= 4.965 | Pos Err:    0.18 km | Vel Err:    0.11 m/s
[Solver Step 022000] t= 5.187 | Pos Err:    0.02 km | Vel Err:    0.01 m/s
[Solver Step 023000] t= 5.453 | Pos Err:    0.05 km | Vel Err:    0.00 m/s
[Solver Step 024000] t= 5.694 | Pos Err:    0.13 km | Vel Err:    0.12 m/s
[Solver Step 025000] t= 5.901 | Pos Err:    0.06 km | Vel Err:    0.00 m/s
[Solver Step 026000] t= 6.156 | Pos Err:    0.05 km | Vel Err:    0.00 m/s
[Solver Step 027000] t= 6.409 | Pos Err:    0.24 km | Vel Err:    0.24 m/s
[Solver Step 028000] t= 6.620 | Pos Err:    0.08 km | Vel Err:    0.00 m/s
[Solver Step 029000] t= 6.848 | Pos Err:    0.08 km | Vel Err:    0.00 m/s
Completed [TRANSFER] Trajectory 2/600 | Saved 2399 samples | Total: 2911
[Multiple Shooting] Converged in 2 iterations with residual 1.61e-15
[Solver Step 001000] t= 0.465 | Pos Err:    0.29 km | Vel Err:    0.01 m/s
[Solver Step 002000] t= 1.007 | Pos Err:    0.13 km | Vel Err:    0.00 m/s
[Solver Step 003000] t= 1.606 | Pos Err:    0.07 km | Vel Err:    0.01 m/s
[Solver Step 004000] t= 2.085 | Pos Err:    0.13 km | Vel Err:    0.00 m/s
[Solver Step 005000] t= 2.508 | Pos Err:    0.31 km | Vel Err:    0.01 m/s
[Solver Step 006000] t= 3.046 | Pos Err:    4.89 km | Vel Err:    0.13 m/s
Completed [HALO_L2] Trajectory 3/600 | Saved 514 samples | Total: 3425
[Multiple Shooting] Converged in 2 iterations with residual 1.96e-11
[Solver Step 001000] t= 0.427 | Pos Err:    0.42 km | Vel Err:    0.01 m/s
[Solver Step 002000] t= 0.893 | Pos Err:    0.22 km | Vel Err:    0.01 m/s
[Solver Step 003000] t= 1.385 | Pos Err:    1.17 km | Vel Err:    0.02 m/s
[Solver Step 004000] t= 1.805 | Pos Err:    5.13 km | Vel Err:    0.09 m/s
[Solver Step 005000] t= 2.156 | Pos Err:  180.07 km | Vel Err:    3.55 m/s
[Solver Step 006000] t= 2.615 | Pos Err:    5.52 km | Vel Err:    0.11 m/s
[Solver Step 007000] t= 3.091 | Pos Err:   33.84 km | Vel Err:    0.76 m/s
Completed [HALO_L1] Trajectory 4/600 | Saved 592 samples | Total: 4017
[Solver Step 001000] t= 0.414 | Pos Err:    2.79 km | Vel Err:    0.06 m/s
[Solver Step 002000] t= 0.818 | Pos Err:    0.04 km | Vel Err:    0.00 m/s
[Solver Step 003000] t= 1.260 | Pos Err:    0.10 km | Vel Err:    0.01 m/s
[Solver Step 004000] t= 1.607 | Pos Err:    0.10 km | Vel Err:    0.00 m/s
[Solver Step 005000] t= 1.992 | Pos Err:    0.04 km | Vel Err:    0.00 m/s
[Solver Step 006000] t= 2.445 | Pos Err:    0.02 km | Vel Err:    0.02 m/s
[Solver Step 007000] t= 2.847 | Pos Err:    0.04 km | Vel Err:    0.00 m/s
[Solver Step 008000] t= 3.244 | Pos Err:    0.06 km | Vel Err:    0.00 m/s
[Solver Step 009000] t= 3.619 | Pos Err:    0.13 km | Vel Err:    0.08 m/s
[Solver Step 010000] t= 4.033 | Pos Err:    0.08 km | Vel Err:    0.00 m/s
[Solver Step 011000] t= 4.452 | Pos Err:    0.06 km | Vel Err:    0.00 m/s
[Solver Step 012000] t= 4.895 | Pos Err:    0.04 km | Vel Err:    0.04 m/s
[Solver Step 013000] t= 5.233 | Pos Err:    0.01 km | Vel Err:    0.00 m/s
[Solver Step 014000] t= 5.631 | Pos Err:    0.08 km | Vel Err:    0.00 m/s
[Solver Step 015000] t= 6.110 | Pos Err:    0.10 km | Vel Err:    0.02 m/s
[Solver Step 016000] t= 6.496 | Pos Err:    0.10 km | Vel Err:    0.00 m/s
[Solver Step 017000] t= 6.924 | Pos Err:    0.09 km | Vel Err:    0.00 m/s
[Solver Step 018000] t= 7.267 | Pos Err:    0.14 km | Vel Err:    0.10 m/s
[Solver Step 019000] t= 7.688 | Pos Err:    0.04 km | Vel Err:    0.00 m/s
[Solver Step 020000] t= 8.167 | Pos Err:    0.07 km | Vel Err:    0.00 m/s
[Solver Step 021000] t= 8.553 | Pos Err:    0.07 km | Vel Err:    0.03 m/s
[Solver Step 022000] t= 8.922 | Pos Err:    0.10 km | Vel Err:    0.00 m/s
[Solver Step 023000] t= 9.314 | Pos Err:    0.06 km | Vel Err:    0.00 m/s
[Solver Step 024000] t= 9.773 | Pos Err:    0.02 km | Vel Err:    0.03 m/s
[Solver Step 025000] t=10.174 | Pos Err:    0.02 km | Vel Err:    0.00 m/s
[Solver Step 026000] t=10.573 | Pos Err:    0.03 km | Vel Err:    0.00 m/s
[Solver Step 027000] t=10.933 | Pos Err:    0.13 km | Vel Err:    0.09 m/s
[Solver Step 028000] t=11.353 | Pos Err:    0.10 km | Vel Err:    0.00 m/s
[Solver Step 029000] t=11.808 | Pos Err:    0.08 km | Vel Err:    0.00 m/s
[Solver Step 030000] t=12.177 | Pos Err:    0.06 km | Vel Err:    0.03 m/s
Completed [EARTH_ORBIT] Trajectory 5/600 | Saved 2583 samples | Total: 6600
[Solver Step 001000] t= 0.417 | Pos Err:    1.90 km | Vel Err:    0.04 m/s
[Solver Step 002000] t= 0.821 | Pos Err:    0.04 km | Vel Err:    0.00 m/s
[Solver Step 003000] t= 1.261 | Pos Err:    0.08 km | Vel Err:    0.01 m/s
[Solver Step 004000] t= 1.609 | Pos Err:    0.08 km | Vel Err:    0.00 m/s
[Solver Step 005000] t= 1.995 | Pos Err:    0.03 km | Vel Err:    0.00 m/s
[Solver Step 006000] t= 2.448 | Pos Err:    0.04 km | Vel Err:    0.02 m/s
[Solver Step 007000] t= 2.849 | Pos Err:    0.06 km | Vel Err:    0.00 m/s
[Solver Step 008000] t= 3.245 | Pos Err:    0.07 km | Vel Err:    0.00 m/s
[Solver Step 009000] t= 3.621 | Pos Err:    0.13 km | Vel Err:    0.08 m/s
[Solver Step 010000] t= 4.036 | Pos Err:    0.05 km | Vel Err:    0.00 m/s
[Solver Step 011000] t= 4.454 | Pos Err:    0.04 km | Vel Err:    0.00 m/s
[Solver Step 012000] t= 4.897 | Pos Err:    0.02 km | Vel Err:    0.04 m/s
[Solver Step 013000] t= 5.235 | Pos Err:    0.03 km | Vel Err:    0.00 m/s
[Solver Step 014000] t= 5.634 | Pos Err:    0.07 km | Vel Err:    0.00 m/s
[Solver Step 015000] t= 6.113 | Pos Err:    0.08 km | Vel Err:    0.02 m/s
[Solver Step 016000] t= 6.499 | Pos Err:    0.08 km | Vel Err:    0.00 m/s
[Solver Step 017000] t= 6.926 | Pos Err:    0.07 km | Vel Err:    0.00 m/s
[Solver Step 018000] t= 7.270 | Pos Err:    0.12 km | Vel Err:    0.10 m/s
[Solver Step 019000] t= 7.691 | Pos Err:    0.06 km | Vel Err:    0.00 m/s
[Solver Step 020000] t= 8.170 | Pos Err:    0.07 km | Vel Err:    0.00 m/s
[Solver Step 021000] t= 8.555 | Pos Err:    0.06 km | Vel Err:    0.03 m/s
[Solver Step 022000] t= 8.923 | Pos Err:    0.09 km | Vel Err:    0.00 m/s
[Solver Step 023000] t= 9.317 | Pos Err:    0.04 km | Vel Err:    0.00 m/s
[Solver Step 024000] t= 9.776 | Pos Err:    0.03 km | Vel Err:    0.03 m/s
[Solver Step 025000] t=10.176 | Pos Err:    0.04 km | Vel Err:    0.00 m/s
[Solver Step 026000] t=10.576 | Pos Err:    0.05 km | Vel Err:    0.00 m/s
[Solver Step 027000] t=10.936 | Pos Err:    0.14 km | Vel Err:    0.09 m/s
[Solver Step 028000] t=11.355 | Pos Err:    0.07 km | Vel Err:    0.00 m/s
[Solver Step 029000] t=11.811 | Pos Err:    0.06 km | Vel Err:    0.00 m/s
[Solver Step 030000] t=12.180 | Pos Err:    0.04 km | Vel Err:    0.03 m/s
Completed [EARTH_ORBIT] Trajectory 6/600 | Saved 2583 samples | Total: 9183
[Solver Step 001000] t= 0.415 | Pos Err:    0.56 km | Vel Err:    0.01 m/s
[Solver Step 002000] t= 0.789 | Pos Err:    0.07 km | Vel Err:    0.00 m/s
[Solver Step 003000] t= 1.099 | Pos Err:    0.01 km | Vel Err:    0.04 m/s
[Solver Step 004000] t= 1.550 | Pos Err:    0.05 km | Vel Err:    0.00 m/s
[Solver Step 005000] t= 2.101 | Pos Err:    0.05 km | Vel Err:    0.00 m/s
[Solver Step 006000] t= 2.514 | Pos Err:    0.05 km | Vel Err:    0.01 m/s
[Solver Step 007000] t= 3.014 | Pos Err:    0.05 km | Vel Err:    0.00 m/s
[Solver Step 008000] t= 3.566 | Pos Err:    0.05 km | Vel Err:    0.00 m/s
[Solver Step 009000] t= 4.056 | Pos Err:    0.04 km | Vel Err:    0.01 m/s
[Solver Step 010000] t= 4.458 | Pos Err:    0.05 km | Vel Err:    0.00 m/s
[Solver Step 011000] t= 4.996 | Pos Err:    0.05 km | Vel Err:    0.00 m/s
[Solver Step 012000] t= 5.583 | Pos Err:    0.03 km | Vel Err:    0.05 m/s
[Solver Step 013000] t= 6.066 | Pos Err:    0.05 km | Vel Err:    0.00 m/s
[Solver Step 014000] t= 6.467 | Pos Err:    0.06 km | Vel Err:    0.00 m/s
[Solver Step 015000] t= 7.024 | Pos Err:    0.03 km | Vel Err:    0.08 m/s
Completed [MOON_ORBIT] Trajectory 7/600 | Saved 1314 samples | Total: 10497
[Multiple Shooting] Converged in 2 iterations with residual 1.37e-15
[Solver Step 001000] t= 0.471 | Pos Err:    0.24 km | Vel Err:    0.01 m/s
[Solver Step 002000] t= 0.991 | Pos Err:    0.08 km | Vel Err:    0.00 m/s
[Solver Step 003000] t= 1.578 | Pos Err:    0.28 km | Vel Err:    0.02 m/s
[Solver Step 004000] t= 2.107 | Pos Err:    0.22 km | Vel Err:    0.01 m/s
[Solver Step 005000] t= 2.506 | Pos Err:    0.33 km | Vel Err:    0.01 m/s
[Solver Step 006000] t= 3.023 | Pos Err:    3.79 km | Vel Err:    0.10 m/s
Completed [HALO_L2] Trajectory 8/600 | Saved 518 samples | Total: 11015
[Solver Step 001000] t= 0.414 | Pos Err:    0.49 km | Vel Err:    0.01 m/s
[Solver Step 002000] t= 0.789 | Pos Err:    0.05 km | Vel Err:    0.00 m/s
[Solver Step 003000] t= 1.098 | Pos Err:    0.01 km | Vel Err:    0.04 m/s
[Solver Step 004000] t= 1.549 | Pos Err:    0.06 km | Vel Err:    0.00 m/s
[Solver Step 005000] t= 2.100 | Pos Err:    0.06 km | Vel Err:    0.00 m/s
[Solver Step 006000] t= 2.514 | Pos Err:    0.06 km | Vel Err:    0.01 m/s
[Solver Step 007000] t= 3.013 | Pos Err:    0.06 km | Vel Err:    0.00 m/s
[Solver Step 008000] t= 3.566 | Pos Err:    0.06 km | Vel Err:    0.00 m/s
[Solver Step 009000] t= 4.056 | Pos Err:    0.06 km | Vel Err:    0.01 m/s
[Solver Step 010000] t= 4.457 | Pos Err:    0.06 km | Vel Err:    0.00 m/s
[Solver Step 011000] t= 4.995 | Pos Err:    0.06 km | Vel Err:    0.00 m/s
[Solver Step 012000] t= 5.582 | Pos Err:    0.04 km | Vel Err:    0.05 m/s
[Solver Step 013000] t= 6.065 | Pos Err:    0.05 km | Vel Err:    0.00 m/s
[Solver Step 014000] t= 6.466 | Pos Err:    0.05 km | Vel Err:    0.00 m/s
[Solver Step 015000] t= 7.023 | Pos Err:    0.02 km | Vel Err:    0.08 m/s
Completed [MOON_ORBIT] Trajectory 9/600 | Saved 1315 samples | Total: 12330
[Solver Step 001000] t= 0.218 | Pos Err:    4.71 km | Vel Err:    0.12 m/s
[Solver Step 002000] t= 0.470 | Pos Err:    0.61 km | Vel Err:    0.02 m/s
[Solver Step 003000] t= 0.713 | Pos Err:    0.11 km | Vel Err:    0.03 m/s
[Solver Step 004000] t= 0.928 | Pos Err:    0.02 km | Vel Err:    0.00 m/s
[Solver Step 005000] t= 1.178 | Pos Err:    0.02 km | Vel Err:    0.00 m/s
[Solver Step 006000] t= 1.431 | Pos Err:    0.05 km | Vel Err:    0.04 m/s
[Solver Step 007000] t= 1.661 | Pos Err:    0.04 km | Vel Err:    0.00 m/s
[Solver Step 008000] t= 1.876 | Pos Err:    0.01 km | Vel Err:    0.00 m/s
[Solver Step 009000] t= 2.134 | Pos Err:    0.15 km | Vel Err:    0.11 m/s
[Solver Step 010000] t= 2.377 | Pos Err:    0.05 km | Vel Err:    0.00 m/s
[Solver Step 011000] t= 2.590 | Pos Err:    0.03 km | Vel Err:    0.00 m/s
[Solver Step 012000] t= 2.837 | Pos Err:    0.93 km | Vel Err:    0.77 m/s
[Solver Step 013000] t= 3.092 | Pos Err:    0.06 km | Vel Err:    0.00 m/s
[Solver Step 014000] t= 3.313 | Pos Err:    0.05 km | Vel Err:    0.00 m/s
[Solver Step 015000] t= 3.535 | Pos Err:    0.70 km | Vel Err:    0.54 m/s
[Solver Step 016000] t= 3.796 | Pos Err:    0.06 km | Vel Err:    0.00 m/s
[Solver Step 017000] t= 4.038 | Pos Err:    0.06 km | Vel Err:    0.00 m/s
[Solver Step 018000] t= 4.246 | Pos Err:    0.35 km | Vel Err:    0.22 m/s
[Solver Step 019000] t= 4.497 | Pos Err:    0.04 km | Vel Err:    0.02 m/s
[Solver Step 020000] t= 4.751 | Pos Err:    0.06 km | Vel Err:    0.00 m/s
[Solver Step 021000] t= 4.969 | Pos Err:    0.12 km | Vel Err:    0.11 m/s
[Solver Step 022000] t= 5.189 | Pos Err:    0.05 km | Vel Err:    0.01 m/s
[Solver Step 023000] t= 5.455 | Pos Err:    0.06 km | Vel Err:    0.00 m/s
[Solver Step 024000] t= 5.698 | Pos Err:    0.07 km | Vel Err:    0.12 m/s
[Solver Step 025000] t= 5.904 | Pos Err:    0.02 km | Vel Err:    0.00 m/s
[Solver Step 026000] t= 6.158 | Pos Err:    0.04 km | Vel Err:    0.00 m/s
[Solver Step 027000] t= 6.412 | Pos Err:    0.22 km | Vel Err:    0.24 m/s
[Solver Step 028000] t= 6.624 | Pos Err:    0.01 km | Vel Err:    0.00 m/s
[Solver Step 029000] t= 6.850 | Pos Err:    0.03 km | Vel Err:    0.00 m/s
Completed [TRANSFER] Trajectory 10/600 | Saved 2399 samples | Total: 14729
[Multiple Shooting] Converged in 2 iterations with residual 1.28e-15
[Solver Step 001000] t= 0.455 | Pos Err:    0.39 km | Vel Err:    0.01 m/s
[Solver Step 002000] t= 1.019 | Pos Err:    0.14 km | Vel Err:    0.00 m/s
[Solver Step 003000] t= 1.609 | Pos Err:    0.07 km | Vel Err:    0.01 m/s
[Solver Step 004000] t= 2.026 | Pos Err:    0.29 km | Vel Err:    0.01 m/s
[Solver Step 005000] t= 2.496 | Pos Err:    0.29 km | Vel Err:    0.01 m/s
[Solver Step 006000] t= 3.056 | Pos Err:    5.50 km | Vel Err:    0.15 m/s
Completed [HALO_L2] Trajectory 11/600 | Saved 512 samples | Total: 15241
[Solver Step 001000] t= 0.416 | Pos Err:    3.14 km | Vel Err:    0.07 m/s
[Solver Step 002000] t= 0.821 | Pos Err:    0.06 km | Vel Err:    0.00 m/s
[Solver Step 003000] t= 1.261 | Pos Err:    0.10 km | Vel Err:    0.01 m/s
[Solver Step 004000] t= 1.609 | Pos Err:    0.11 km | Vel Err:    0.00 m/s
[Solver Step 005000] t= 1.994 | Pos Err:    0.06 km | Vel Err:    0.00 m/s
[Solver Step 006000] t= 2.447 | Pos Err:    0.02 km | Vel Err:    0.02 m/s
[Solver Step 007000] t= 2.849 | Pos Err:    0.03 km | Vel Err:    0.00 m/s
[Solver Step 008000] t= 3.245 | Pos Err:    0.05 km | Vel Err:    0.00 m/s
[Solver Step 009000] t= 3.620 | Pos Err:    0.11 km | Vel Err:    0.08 m/s
[Solver Step 010000] t= 4.035 | Pos Err:    0.09 km | Vel Err:    0.00 m/s
[Solver Step 011000] t= 4.454 | Pos Err:    0.08 km | Vel Err:    0.00 m/s
[Solver Step 012000] t= 4.897 | Pos Err:    0.05 km | Vel Err:    0.04 m/s
[Solver Step 013000] t= 5.235 | Pos Err:    0.03 km | Vel Err:    0.00 m/s
[Solver Step 014000] t= 5.633 | Pos Err:    0.07 km | Vel Err:    0.00 m/s
[Solver Step 015000] t= 6.112 | Pos Err:    0.10 km | Vel Err:    0.02 m/s
[Solver Step 016000] t= 6.498 | Pos Err:    0.11 km | Vel Err:    0.00 m/s
[Solver Step 017000] t= 6.925 | Pos Err:    0.10 km | Vel Err:    0.00 m/s
[Solver Step 018000] t= 7.269 | Pos Err:    0.15 km | Vel Err:    0.10 m/s
[Solver Step 019000] t= 7.690 | Pos Err:    0.03 km | Vel Err:    0.00 m/s
[Solver Step 020000] t= 8.169 | Pos Err:    0.06 km | Vel Err:    0.00 m/s
[Solver Step 021000] t= 8.555 | Pos Err:    0.06 km | Vel Err:    0.03 m/s
[Solver Step 022000] t= 8.923 | Pos Err:    0.10 km | Vel Err:    0.00 m/s
[Solver Step 023000] t= 9.316 | Pos Err:    0.08 km | Vel Err:    0.00 m/s
[Solver Step 024000] t= 9.775 | Pos Err:    0.04 km | Vel Err:    0.03 m/s
[Solver Step 025000] t=10.176 | Pos Err:    0.03 km | Vel Err:    0.00 m/s
[Solver Step 026000] t=10.575 | Pos Err:    0.02 km | Vel Err:    0.00 m/s
[Solver Step 027000] t=10.935 | Pos Err:    0.11 km | Vel Err:    0.09 m/s
[Solver Step 028000] t=11.354 | Pos Err:    0.10 km | Vel Err:    0.00 m/s
[Solver Step 029000] t=11.811 | Pos Err:    0.10 km | Vel Err:    0.00 m/s
[Solver Step 030000] t=12.179 | Pos Err:    0.08 km | Vel Err:    0.03 m/s
Completed [EARTH_ORBIT] Trajectory 12/600 | Saved 2583 samples | Total: 17824
[Solver Step 001000] t= 0.217 | Pos Err:   17.84 km | Vel Err:    0.35 m/s
[Solver Step 002000] t= 0.471 | Pos Err:    2.16 km | Vel Err:    0.02 m/s
[Solver Step 003000] t= 0.713 | Pos Err:    0.26 km | Vel Err:    0.02 m/s
[Solver Step 004000] t= 0.930 | Pos Err:    0.02 km | Vel Err:    0.00 m/s
[Solver Step 005000] t= 1.177 | Pos Err:    0.04 km | Vel Err:    0.00 m/s
[Solver Step 006000] t= 1.430 | Pos Err:    0.09 km | Vel Err:    0.03 m/s
[Solver Step 007000] t= 1.661 | Pos Err:    0.08 km | Vel Err:    0.00 m/s
[Solver Step 008000] t= 1.877 | Pos Err:    0.06 km | Vel Err:    0.00 m/s
[Solver Step 009000] t= 2.135 | Pos Err:    0.22 km | Vel Err:    0.14 m/s
[Solver Step 010000] t= 2.380 | Pos Err:    0.09 km | Vel Err:    0.00 m/s
[Solver Step 011000] t= 2.592 | Pos Err:    0.06 km | Vel Err:    0.00 m/s
[Solver Step 012000] t= 2.838 | Pos Err:    0.98 km | Vel Err:    0.80 m/s
[Solver Step 013000] t= 3.094 | Pos Err:    0.09 km | Vel Err:    0.00 m/s
[Solver Step 014000] t= 3.315 | Pos Err:    0.06 km | Vel Err:    0.00 m/s
[Solver Step 015000] t= 3.536 | Pos Err:    0.65 km | Vel Err:    0.53 m/s
[Solver Step 016000] t= 3.797 | Pos Err:    0.08 km | Vel Err:    0.00 m/s
[Solver Step 017000] t= 4.038 | Pos Err:    0.05 km | Vel Err:    0.00 m/s
[Solver Step 018000] t= 4.248 | Pos Err:    0.31 km | Vel Err:    0.21 m/s
[Solver Step 019000] t= 4.498 | Pos Err:    0.05 km | Vel Err:    0.02 m/s
[Solver Step 020000] t= 4.753 | Pos Err:    0.03 km | Vel Err:    0.00 m/s
[Solver Step 021000] t= 4.971 | Pos Err:    0.10 km | Vel Err:    0.11 m/s
[Solver Step 022000] t= 5.190 | Pos Err:    0.05 km | Vel Err:    0.01 m/s
[Solver Step 023000] t= 5.456 | Pos Err:    0.02 km | Vel Err:    0.00 m/s
[Solver Step 024000] t= 5.699 | Pos Err:    0.11 km | Vel Err:    0.12 m/s
[Solver Step 025000] t= 5.906 | Pos Err:    0.04 km | Vel Err:    0.00 m/s
[Solver Step 026000] t= 6.159 | Pos Err:    0.02 km | Vel Err:    0.00 m/s
[Solver Step 027000] t= 6.414 | Pos Err:    0.26 km | Vel Err:    0.24 m/s
[Solver Step 028000] t= 6.627 | Pos Err:    0.06 km | Vel Err:    0.00 m/s
[Solver Step 029000] t= 6.851 | Pos Err:    0.03 km | Vel Err:    0.00 m/s
Completed [TRANSFER] Trajectory 13/600 | Saved 2399 samples | Total: 20223
[Solver Step 001000] t= 0.414 | Pos Err:    1.99 km | Vel Err:    0.05 m/s
[Solver Step 002000] t= 0.818 | Pos Err:    0.08 km | Vel Err:    0.00 m/s
[Solver Step 003000] t= 1.259 | Pos Err:    0.05 km | Vel Err:    0.01 m/s
[Solver Step 004000] t= 1.607 | Pos Err:    0.06 km | Vel Err:    0.00 m/s
[Solver Step 005000] t= 1.992 | Pos Err:    0.08 km | Vel Err:    0.00 m/s
[Solver Step 006000] t= 2.445 | Pos Err:    0.07 km | Vel Err:    0.02 m/s
[Solver Step 007000] t= 2.846 | Pos Err:    0.05 km | Vel Err:    0.00 m/s
[Solver Step 008000] t= 3.244 | Pos Err:    0.04 km | Vel Err:    0.00 m/s
[Solver Step 009000] t= 3.618 | Pos Err:    0.08 km | Vel Err:    0.08 m/s
[Solver Step 010000] t= 4.033 | Pos Err:    0.08 km | Vel Err:    0.00 m/s
[Solver Step 011000] t= 4.452 | Pos Err:    0.09 km | Vel Err:    0.00 m/s
[Solver Step 012000] t= 4.894 | Pos Err:    0.07 km | Vel Err:    0.04 m/s
[Solver Step 013000] t= 5.233 | Pos Err:    0.07 km | Vel Err:    0.00 m/s
[Solver Step 014000] t= 5.631 | Pos Err:    0.03 km | Vel Err:    0.00 m/s
[Solver Step 015000] t= 6.109 | Pos Err:    0.05 km | Vel Err:    0.02 m/s
[Solver Step 016000] t= 6.496 | Pos Err:    0.06 km | Vel Err:    0.00 m/s
[Solver Step 017000] t= 6.923 | Pos Err:    0.08 km | Vel Err:    0.00 m/s
[Solver Step 018000] t= 7.267 | Pos Err:    0.14 km | Vel Err:    0.10 m/s
[Solver Step 019000] t= 7.688 | Pos Err:    0.05 km | Vel Err:    0.00 m/s
[Solver Step 020000] t= 8.167 | Pos Err:    0.04 km | Vel Err:    0.00 m/s
[Solver Step 021000] t= 8.553 | Pos Err:    0.02 km | Vel Err:    0.03 m/s
[Solver Step 022000] t= 8.922 | Pos Err:    0.05 km | Vel Err:    0.00 m/s
[Solver Step 023000] t= 9.314 | Pos Err:    0.08 km | Vel Err:    0.00 m/s
[Solver Step 024000] t= 9.773 | Pos Err:    0.07 km | Vel Err:    0.03 m/s
[Solver Step 025000] t=10.174 | Pos Err:    0.07 km | Vel Err:    0.00 m/s
[Solver Step 026000] t=10.573 | Pos Err:    0.06 km | Vel Err:    0.00 m/s
[Solver Step 027000] t=10.933 | Pos Err:    0.10 km | Vel Err:    0.09 m/s
[Solver Step 028000] t=11.353 | Pos Err:    0.07 km | Vel Err:    0.00 m/s
[Solver Step 029000] t=11.808 | Pos Err:    0.08 km | Vel Err:    0.00 m/s
[Solver Step 030000] t=12.177 | Pos Err:    0.07 km | Vel Err:    0.03 m/s
Completed [EARTH_ORBIT] Trajectory 14/600 | Saved 2583 samples | Total: 22806
[Multiple Shooting] Converged in 2 iterations with residual 2.81e-14
[Solver Step 001000] t= 0.462 | Pos Err:    0.13 km | Vel Err:    0.00 m/s
[Solver Step 002000] t= 0.933 | Pos Err:    0.31 km | Vel Err:    0.01 m/s
[Solver Step 003000] t= 1.340 | Pos Err:    0.37 km | Vel Err:    0.01 m/s
[Solver Step 004000] t= 1.800 | Pos Err:    0.46 km | Vel Err:    0.01 m/s
[Solver Step 005000] t= 2.227 | Pos Err:    0.14 km | Vel Err:    0.00 m/s
[Solver Step 006000] t= 2.663 | Pos Err:    0.53 km | Vel Err:    0.02 m/s
Completed [HALO_L2] Trajectory 15/600 | Saved 574 samples | Total: 23380
[Solver Step 001000] t= 0.417 | Pos Err:    0.64 km | Vel Err:    0.01 m/s
[Solver Step 002000] t= 0.791 | Pos Err:    0.07 km | Vel Err:    0.00 m/s
[Solver Step 003000] t= 1.100 | Pos Err:    0.01 km | Vel Err:    0.04 m/s
[Solver Step 004000] t= 1.552 | Pos Err:    0.05 km | Vel Err:    0.00 m/s
[Solver Step 005000] t= 2.103 | Pos Err:    0.05 km | Vel Err:    0.00 m/s
[Solver Step 006000] t= 2.516 | Pos Err:    0.05 km | Vel Err:    0.01 m/s
[Solver Step 007000] t= 3.016 | Pos Err:    0.05 km | Vel Err:    0.00 m/s
[Solver Step 008000] t= 3.568 | Pos Err:    0.05 km | Vel Err:    0.00 m/s
[Solver Step 009000] t= 4.058 | Pos Err:    0.04 km | Vel Err:    0.01 m/s
[Solver Step 010000] t= 4.460 | Pos Err:    0.05 km | Vel Err:    0.00 m/s
[Solver Step 011000] t= 4.998 | Pos Err:    0.04 km | Vel Err:    0.00 m/s
[Solver Step 012000] t= 5.585 | Pos Err:    0.03 km | Vel Err:    0.05 m/s
[Solver Step 013000] t= 6.067 | Pos Err:    0.05 km | Vel Err:    0.00 m/s
[Solver Step 014000] t= 6.468 | Pos Err:    0.05 km | Vel Err:    0.00 m/s
[Solver Step 015000] t= 7.026 | Pos Err:    0.03 km | Vel Err:    0.08 m/s
Completed [MOON_ORBIT] Trajectory 16/600 | Saved 1314 samples | Total: 24694
[Multiple Shooting] Converged in 4 iterations with residual 1.90e-13
[Solver Step 001000] t= 0.344 | Pos Err:    6.92 km | Vel Err:    0.16 m/s
[Solver Step 002000] t= 0.689 | Pos Err:   50.36 km | Vel Err:    1.10 m/s
[Solver Step 003000] t= 1.051 | Pos Err:   27.34 km | Vel Err:    0.52 m/s
[Solver Step 004000] t= 1.410 | Pos Err:    0.99 km | Vel Err:    0.02 m/s
[Solver Step 005000] t= 1.765 | Pos Err:   25.46 km | Vel Err:    0.50 m/s
[Solver Step 006000] t= 2.125 | Pos Err:   51.00 km | Vel Err:    0.90 m/s
[Solver Step 007000] t= 2.474 | Pos Err:  213.10 km | Vel Err:    4.74 m/s
Completed [DRO] Trajectory 17/600 | Saved 594 samples | Total: 25288
[Multiple Shooting] Converged in 2 iterations with residual 1.53e-15
[Solver Step 001000] t= 0.460 | Pos Err:    0.35 km | Vel Err:    0.01 m/s
[Solver Step 002000] t= 1.006 | Pos Err:    0.13 km | Vel Err:    0.00 m/s
[Solver Step 003000] t= 1.605 | Pos Err:    0.07 km | Vel Err:    0.01 m/s
[Solver Step 004000] t= 2.075 | Pos Err:    0.08 km | Vel Err:    0.00 m/s
[Solver Step 005000] t= 2.504 | Pos Err:    0.31 km | Vel Err:    0.01 m/s
[Solver Step 006000] t= 3.044 | Pos Err:    4.88 km | Vel Err:    0.13 m/s
Completed [HALO_L2] Trajectory 18/600 | Saved 514 samples | Total: 25802
[Solver Step 001000] t= 0.215 | Pos Err:   11.15 km | Vel Err:    0.24 m/s
[Solver Step 002000] t= 0.468 | Pos Err:    1.30 km | Vel Err:    0.04 m/s
[Solver Step 003000] t= 0.711 | Pos Err:    0.17 km | Vel Err:    0.05 m/s
[Solver Step 004000] t= 0.924 | Pos Err:    0.02 km | Vel Err:    0.00 m/s
[Solver Step 005000] t= 1.174 | Pos Err:    0.05 km | Vel Err:    0.00 m/s
[Solver Step 006000] t= 1.429 | Pos Err:    0.07 km | Vel Err:    0.06 m/s
[Solver Step 007000] t= 1.656 | Pos Err:    0.06 km | Vel Err:    0.00 m/s
[Solver Step 008000] t= 1.871 | Pos Err:    0.06 km | Vel Err:    0.00 m/s
[Solver Step 009000] t= 2.133 | Pos Err:    0.20 km | Vel Err:    0.16 m/s
[Solver Step 010000] t= 2.374 | Pos Err:    0.06 km | Vel Err:    0.00 m/s
[Solver Step 011000] t= 2.584 | Pos Err:    0.04 km | Vel Err:    0.00 m/s
[Solver Step 012000] t= 2.834 | Pos Err:    1.58 km | Vel Err:    1.24 m/s
[Solver Step 013000] t= 3.089 | Pos Err:    0.05 km | Vel Err:    0.00 m/s
[Solver Step 014000] t= 3.307 | Pos Err:    0.02 km | Vel Err:    0.00 m/s
[Solver Step 015000] t= 3.530 | Pos Err:    0.76 km | Vel Err:    0.58 m/s
[Solver Step 016000] t= 3.793 | Pos Err:    0.05 km | Vel Err:    0.01 m/s
[Solver Step 017000] t= 4.032 | Pos Err:    0.03 km | Vel Err:    0.00 m/s
[Solver Step 018000] t= 4.240 | Pos Err:    0.38 km | Vel Err:    0.23 m/s
[Solver Step 019000] t= 4.494 | Pos Err:    0.02 km | Vel Err:    0.02 m/s
[Solver Step 020000] t= 4.747 | Pos Err:    0.03 km | Vel Err:    0.00 m/s
[Solver Step 021000] t= 4.963 | Pos Err:    0.16 km | Vel Err:    0.11 m/s
[Solver Step 022000] t= 5.186 | Pos Err:    0.02 km | Vel Err:    0.01 m/s
[Solver Step 023000] t= 5.451 | Pos Err:    0.04 km | Vel Err:    0.00 m/s
[Solver Step 024000] t= 5.693 | Pos Err:    0.11 km | Vel Err:    0.11 m/s
[Solver Step 025000] t= 5.899 | Pos Err:    0.03 km | Vel Err:    0.01 m/s
[Solver Step 026000] t= 6.155 | Pos Err:    0.03 km | Vel Err:    0.00 m/s
[Solver Step 027000] t= 6.408 | Pos Err:    0.24 km | Vel Err:    0.24 m/s
[Solver Step 028000] t= 6.618 | Pos Err:    0.05 km | Vel Err:    0.00 m/s
[Solver Step 029000] t= 6.846 | Pos Err:    0.05 km | Vel Err:    0.00 m/s
Completed [TRANSFER] Trajectory 19/600 | Saved 2399 samples | Total: 28201
[Solver Step 001000] t= 0.218 | Pos Err:   29.66 km | Vel Err:    0.66 m/s
[Solver Step 002000] t= 0.470 | Pos Err:    3.63 km | Vel Err:    0.05 m/s
[Solver Step 003000] t= 0.713 | Pos Err:    0.49 km | Vel Err:    0.03 m/s
[Solver Step 004000] t= 0.930 | Pos Err:    0.05 km | Vel Err:    0.00 m/s
[Solver Step 005000] t= 1.178 | Pos Err:    0.09 km | Vel Err:    0.00 m/s
[Solver Step 006000] t= 1.431 | Pos Err:    0.03 km | Vel Err:    0.04 m/s
[Solver Step 007000] t= 1.661 | Pos Err:    0.05 km | Vel Err:    0.00 m/s
[Solver Step 008000] t= 1.876 | Pos Err:    0.08 km | Vel Err:    0.00 m/s
[Solver Step 009000] t= 2.134 | Pos Err:    0.08 km | Vel Err:    0.11 m/s
[Solver Step 010000] t= 2.377 | Pos Err:    0.04 km | Vel Err:    0.00 m/s
[Solver Step 011000] t= 2.590 | Pos Err:    0.06 km | Vel Err:    0.00 m/s
[Solver Step 012000] t= 2.837 | Pos Err:    0.97 km | Vel Err:    0.76 m/s
[Solver Step 013000] t= 3.092 | Pos Err:    0.04 km | Vel Err:    0.00 m/s
[Solver Step 014000] t= 3.313 | Pos Err:    0.07 km | Vel Err:    0.00 m/s
[Solver Step 015000] t= 3.535 | Pos Err:    0.79 km | Vel Err:    0.54 m/s
[Solver Step 016000] t= 3.796 | Pos Err:    0.05 km | Vel Err:    0.01 m/s
[Solver Step 017000] t= 4.038 | Pos Err:    0.09 km | Vel Err:    0.00 m/s
[Solver Step 018000] t= 4.246 | Pos Err:    0.44 km | Vel Err:    0.22 m/s
[Solver Step 019000] t= 4.497 | Pos Err:    0.10 km | Vel Err:    0.02 m/s
[Solver Step 020000] t= 4.753 | Pos Err:    0.11 km | Vel Err:    0.00 m/s
[Solver Step 021000] t= 4.969 | Pos Err:    0.19 km | Vel Err:    0.11 m/s
[Solver Step 022000] t= 5.189 | Pos Err:    0.10 km | Vel Err:    0.01 m/s
[Solver Step 023000] t= 5.455 | Pos Err:    0.11 km | Vel Err:    0.00 m/s
[Solver Step 024000] t= 5.698 | Pos Err:    0.10 km | Vel Err:    0.12 m/s
[Solver Step 025000] t= 5.906 | Pos Err:    0.09 km | Vel Err:    0.00 m/s
[Solver Step 026000] t= 6.159 | Pos Err:    0.10 km | Vel Err:    0.00 m/s
[Solver Step 027000] t= 6.414 | Pos Err:    0.17 km | Vel Err:    0.24 m/s
[Solver Step 028000] t= 6.627 | Pos Err:    0.08 km | Vel Err:    0.00 m/s
[Solver Step 029000] t= 6.851 | Pos Err:    0.11 km | Vel Err:    0.00 m/s
Completed [TRANSFER] Trajectory 20/600 | Saved 2399 samples | Total: 30600
[Multiple Shooting] Converged in 3 iterations with residual 2.45e-11
[Solver Step 001000] t= 0.387 | Pos Err:    3.94 km | Vel Err:    0.08 m/s
[Solver Step 002000] t= 0.771 | Pos Err:    5.66 km | Vel Err:    0.10 m/s
[Solver Step 003000] t= 1.148 | Pos Err:    2.20 km | Vel Err:    0.08 m/s
[Solver Step 004000] t= 1.521 | Pos Err:   10.18 km | Vel Err:    0.20 m/s
[Solver Step 005000] t= 1.907 | Pos Err:    0.90 km | Vel Err:    0.02 m/s
[Solver Step 006000] t= 2.294 | Pos Err:   20.28 km | Vel Err:    0.38 m/s
Completed [DRO] Trajectory 21/600 | Saved 550 samples | Total: 31150
[Multiple Shooting] Converged in 2 iterations with residual 2.19e-11
[Solver Step 001000] t= 0.460 | Pos Err:    0.36 km | Vel Err:    0.01 m/s
[Solver Step 002000] t= 0.876 | Pos Err:    0.39 km | Vel Err:    0.01 m/s
[Solver Step 003000] t= 1.346 | Pos Err:    0.46 km | Vel Err:    0.02 m/s
[Solver Step 004000] t= 1.780 | Pos Err:   14.37 km | Vel Err:    0.31 m/s
[Solver Step 005000] t= 2.161 | Pos Err:  327.35 km | Vel Err:    6.45 m/s
[Solver Step 006000] t= 2.565 | Pos Err:  156.57 km | Vel Err:    3.62 m/s
[Solver Step 007000] t= 3.060 | Pos Err:   68.07 km | Vel Err:    1.51 m/s
Completed [HALO_L1] Trajectory 22/600 | Saved 597 samples | Total: 31747
[Multiple Shooting] Converged in 2 iterations with residual 1.31e-15
[Solver Step 001000] t= 0.489 | Pos Err:    0.46 km | Vel Err:    0.01 m/s
[Solver Step 002000] t= 0.940 | Pos Err:    0.27 km | Vel Err:    0.01 m/s
[Solver Step 003000] t= 1.466 | Pos Err:    0.13 km | Vel Err:    0.01 m/s
[Solver Step 004000] t= 2.043 | Pos Err:    0.35 km | Vel Err:    0.01 m/s
[Solver Step 005000] t= 2.512 | Pos Err:    0.35 km | Vel Err:    0.01 m/s
[Solver Step 006000] t= 2.937 | Pos Err:    1.24 km | Vel Err:    0.02 m/s
Completed [HALO_L2] Trajectory 23/600 | Saved 533 samples | Total: 32280
[Multiple Shooting] Converged in 2 iterations with residual 2.52e-11
[Solver Step 001000] t= 0.468 | Pos Err:    0.10 km | Vel Err:    0.00 m/s
[Solver Step 002000] t= 0.881 | Pos Err:    0.34 km | Vel Err:    0.01 m/s
[Solver Step 003000] t= 1.347 | Pos Err:    0.46 km | Vel Err:    0.02 m/s
[Solver Step 004000] t= 1.781 | Pos Err:   16.20 km | Vel Err:    0.35 m/s
[Solver Step 005000] t= 2.170 | Pos Err:  376.87 km | Vel Err:    7.26 m/s
[Solver Step 006000] t= 2.566 | Pos Err:  201.76 km | Vel Err:    4.65 m/s
[Solver Step 007000] t= 3.065 | Pos Err:   77.54 km | Vel Err:    1.72 m/s
Completed [HALO_L1] Trajectory 24/600 | Saved 596 samples | Total: 32876
[Multiple Shooting] Converged in 4 iterations with residual 4.30e-14
[Solver Step 001000] t= 0.361 | Pos Err:    8.23 km | Vel Err:    0.18 m/s
[Solver Step 002000] t= 0.714 | Pos Err:   17.89 km | Vel Err:    0.35 m/s
[Solver Step 003000] t= 1.075 | Pos Err:    6.95 km | Vel Err:    0.15 m/s
[Solver Step 004000] t= 1.454 | Pos Err:    7.11 km | Vel Err:    0.15 m/s
[Solver Step 005000] t= 1.831 | Pos Err:    6.34 km | Vel Err:    0.14 m/s
[Solver Step 006000] t= 2.201 | Pos Err:    6.01 km | Vel Err:    0.15 m/s
Completed [DRO] Trajectory 25/600 | Saved 572 samples | Total: 33448
[Multiple Shooting] Converged in 2 iterations with residual 3.31e-11
[Solver Step 001000] t= 0.452 | Pos Err:    0.30 km | Vel Err:    0.01 m/s
[Solver Step 002000] t= 0.881 | Pos Err:    0.33 km | Vel Err:    0.01 m/s
[Solver Step 003000] t= 1.360 | Pos Err:    0.50 km | Vel Err:    0.02 m/s
[Solver Step 004000] t= 1.791 | Pos Err:   10.99 km | Vel Err:    0.26 m/s
[Solver Step 005000] t= 2.155 | Pos Err:  277.00 km | Vel Err:    5.48 m/s
[Solver Step 006000] t= 2.581 | Pos Err:   68.45 km | Vel Err:    1.59 m/s
[Solver Step 007000] t= 3.070 | Pos Err:   57.74 km | Vel Err:    1.28 m/s
Completed [HALO_L1] Trajectory 26/600 | Saved 595 samples | Total: 34043
[Solver Step 001000] t= 0.416 | Pos Err:    4.44 km | Vel Err:    0.10 m/s
[Solver Step 002000] t= 0.820 | Pos Err:    0.10 km | Vel Err:    0.00 m/s
[Solver Step 003000] t= 1.261 | Pos Err:    0.09 km | Vel Err:    0.01 m/s
[Solver Step 004000] t= 1.608 | Pos Err:    0.12 km | Vel Err:    0.00 m/s
[Solver Step 005000] t= 1.994 | Pos Err:    0.10 km | Vel Err:    0.00 m/s
[Solver Step 006000] t= 2.447 | Pos Err:    0.05 km | Vel Err:    0.02 m/s
[Solver Step 007000] t= 2.848 | Pos Err:    0.03 km | Vel Err:    0.00 m/s
[Solver Step 008000] t= 3.245 | Pos Err:    0.03 km | Vel Err:    0.00 m/s
[Solver Step 009000] t= 3.620 | Pos Err:    0.08 km | Vel Err:    0.08 m/s
[Solver Step 010000] t= 4.035 | Pos Err:    0.12 km | Vel Err:    0.00 m/s
[Solver Step 011000] t= 4.453 | Pos Err:    0.11 km | Vel Err:    0.00 m/s
[Solver Step 012000] t= 4.896 | Pos Err:    0.09 km | Vel Err:    0.04 m/s
[Solver Step 013000] t= 5.234 | Pos Err:    0.07 km | Vel Err:    0.00 m/s
[Solver Step 014000] t= 5.633 | Pos Err:    0.05 km | Vel Err:    0.00 m/s
[Solver Step 015000] t= 6.112 | Pos Err:    0.10 km | Vel Err:    0.02 m/s
[Solver Step 016000] t= 6.498 | Pos Err:    0.12 km | Vel Err:    0.00 m/s
[Solver Step 017000] t= 6.925 | Pos Err:    0.13 km | Vel Err:    0.00 m/s
[Solver Step 018000] t= 7.269 | Pos Err:    0.18 km | Vel Err:    0.10 m/s
[Solver Step 019000] t= 7.690 | Pos Err:    0.03 km | Vel Err:    0.00 m/s
[Solver Step 020000] t= 8.169 | Pos Err:    0.04 km | Vel Err:    0.00 m/s
[Solver Step 021000] t= 8.555 | Pos Err:    0.05 km | Vel Err:    0.03 m/s
[Solver Step 022000] t= 8.923 | Pos Err:    0.10 km | Vel Err:    0.00 m/s
[Solver Step 023000] t= 9.316 | Pos Err:    0.11 km | Vel Err:    0.00 m/s
[Solver Step 024000] t= 9.775 | Pos Err:    0.08 km | Vel Err:    0.03 m/s
[Solver Step 025000] t=10.175 | Pos Err:    0.07 km | Vel Err:    0.00 m/s
[Solver Step 026000] t=10.575 | Pos Err:    0.04 km | Vel Err:    0.00 m/s
[Solver Step 027000] t=10.935 | Pos Err:    0.07 km | Vel Err:    0.09 m/s
[Solver Step 028000] t=11.354 | Pos Err:    0.12 km | Vel Err:    0.00 m/s
[Solver Step 029000] t=11.810 | Pos Err:    0.12 km | Vel Err:    0.00 m/s
[Solver Step 030000] t=12.179 | Pos Err:    0.11 km | Vel Err:    0.03 m/s
Completed [EARTH_ORBIT] Trajectory 27/600 | Saved 2583 samples | Total: 36626
[Multiple Shooting] Converged in 2 iterations with residual 1.60e-15
[Solver Step 001000] t= 0.467 | Pos Err:    0.34 km | Vel Err:    0.01 m/s
[Solver Step 002000] t= 0.961 | Pos Err:    0.15 km | Vel Err:    0.00 m/s
[Solver Step 003000] t= 1.528 | Pos Err:    0.08 km | Vel Err:    0.01 m/s
[Solver Step 004000] t= 2.091 | Pos Err:    0.14 km | Vel Err:    0.00 m/s
[Solver Step 005000] t= 2.491 | Pos Err:    0.25 km | Vel Err:    0.00 m/s
[Solver Step 006000] t= 2.984 | Pos Err:    1.23 km | Vel Err:    0.04 m/s
Completed [HALO_L2] Trajectory 28/600 | Saved 524 samples | Total: 37150
[Solver Step 001000] t= 0.416 | Pos Err:    2.68 km | Vel Err:    0.06 m/s
[Solver Step 002000] t= 0.821 | Pos Err:    0.05 km | Vel Err:    0.00 m/s
[Solver Step 003000] t= 1.261 | Pos Err:    0.09 km | Vel Err:    0.01 m/s
[Solver Step 004000] t= 1.609 | Pos Err:    0.10 km | Vel Err:    0.00 m/s
[Solver Step 005000] t= 1.995 | Pos Err:    0.05 km | Vel Err:    0.00 m/s
[Solver Step 006000] t= 2.447 | Pos Err:    0.02 km | Vel Err:    0.02 m/s
[Solver Step 007000] t= 2.849 | Pos Err:    0.03 km | Vel Err:    0.00 m/s
[Solver Step 008000] t= 3.245 | Pos Err:    0.05 km | Vel Err:    0.00 m/s
[Solver Step 009000] t= 3.620 | Pos Err:    0.12 km | Vel Err:    0.08 m/s
[Solver Step 010000] t= 4.035 | Pos Err:    0.08 km | Vel Err:    0.00 m/s
[Solver Step 011000] t= 4.454 | Pos Err:    0.07 km | Vel Err:    0.00 m/s
[Solver Step 012000] t= 4.897 | Pos Err:    0.04 km | Vel Err:    0.04 m/s
[Solver Step 013000] t= 5.235 | Pos Err:    0.02 km | Vel Err:    0.00 m/s
[Solver Step 014000] t= 5.633 | Pos Err:    0.07 km | Vel Err:    0.00 m/s
[Solver Step 015000] t= 6.112 | Pos Err:    0.09 km | Vel Err:    0.02 m/s
[Solver Step 016000] t= 6.498 | Pos Err:    0.10 km | Vel Err:    0.00 m/s
[Solver Step 017000] t= 6.925 | Pos Err:    0.10 km | Vel Err:    0.00 m/s
[Solver Step 018000] t= 7.270 | Pos Err:    0.14 km | Vel Err:    0.10 m/s
[Solver Step 019000] t= 7.691 | Pos Err:    0.03 km | Vel Err:    0.00 m/s
[Solver Step 020000] t= 8.169 | Pos Err:    0.06 km | Vel Err:    0.00 m/s
[Solver Step 021000] t= 8.555 | Pos Err:    0.06 km | Vel Err:    0.03 m/s
[Solver Step 022000] t= 8.923 | Pos Err:    0.10 km | Vel Err:    0.00 m/s
[Solver Step 023000] t= 9.317 | Pos Err:    0.07 km | Vel Err:    0.00 m/s
[Solver Step 024000] t= 9.775 | Pos Err:    0.03 km | Vel Err:    0.03 m/s
[Solver Step 025000] t=10.176 | Pos Err:    0.03 km | Vel Err:    0.00 m/s
[Solver Step 026000] t=10.576 | Pos Err:    0.03 km | Vel Err:    0.00 m/s
[Solver Step 027000] t=10.935 | Pos Err:    0.12 km | Vel Err:    0.09 m/s
[Solver Step 028000] t=11.354 | Pos Err:    0.10 km | Vel Err:    0.00 m/s
[Solver Step 029000] t=11.811 | Pos Err:    0.09 km | Vel Err:    0.00 m/s
[Solver Step 030000] t=12.179 | Pos Err:    0.07 km | Vel Err:    0.03 m/s
Completed [EARTH_ORBIT] Trajectory 29/600 | Saved 2583 samples | Total: 39733
[Multiple Shooting] Converged in 8 iterations with residual 2.65e-14
[Solver Step 001000] t= 0.305 | Pos Err:  810.41 km | Vel Err:   18.03 m/s
[Solver Step 002000] t= 0.630 | Pos Err:  192.55 km | Vel Err:    3.25 m/s
[Solver Step 003000] t= 0.942 | Pos Err:  966.19 km | Vel Err:   22.27 m/s
[Solver Step 004000] t= 1.279 | Pos Err:  220.24 km | Vel Err:    3.98 m/s
[Solver Step 005000] t= 1.584 | Pos Err: 1052.55 km | Vel Err:   24.13 m/s
[Solver Step 006000] t= 1.914 | Pos Err:  222.93 km | Vel Err:    3.92 m/s
[Solver Step 007000] t= 2.222 | Pos Err: 1084.53 km | Vel Err:   23.55 m/s
Completed [DRO] Trajectory 30/600 | Saved 653 samples | Total: 40386
[Solver Step 001000] t= 0.218 | Pos Err:   25.42 km | Vel Err:    0.52 m/s
[Solver Step 002000] t= 0.470 | Pos Err:    3.14 km | Vel Err:    0.03 m/s
[Solver Step 003000] t= 0.713 | Pos Err:    0.39 km | Vel Err:    0.03 m/s
[Solver Step 004000] t= 0.928 | Pos Err:    0.02 km | Vel Err:    0.01 m/s
[Solver Step 005000] t= 1.176 | Pos Err:    0.05 km | Vel Err:    0.00 m/s
[Solver Step 006000] t= 1.430 | Pos Err:    0.11 km | Vel Err:    0.04 m/s
[Solver Step 007000] t= 1.661 | Pos Err:    0.10 km | Vel Err:    0.00 m/s
[Solver Step 008000] t= 1.876 | Pos Err:    0.08 km | Vel Err:    0.00 m/s
[Solver Step 009000] t= 2.134 | Pos Err:    0.21 km | Vel Err:    0.11 m/s
[Solver Step 010000] t= 2.377 | Pos Err:    0.11 km | Vel Err:    0.00 m/s
[Solver Step 011000] t= 2.590 | Pos Err:    0.08 km | Vel Err:    0.00 m/s
[Solver Step 012000] t= 2.837 | Pos Err:    0.94 km | Vel Err:    0.77 m/s
[Solver Step 013000] t= 3.092 | Pos Err:    0.11 km | Vel Err:    0.00 m/s
[Solver Step 014000] t= 3.313 | Pos Err:    0.08 km | Vel Err:    0.00 m/s
[Solver Step 015000] t= 3.535 | Pos Err:    0.64 km | Vel Err:    0.55 m/s
[Solver Step 016000] t= 3.796 | Pos Err:    0.11 km | Vel Err:    0.00 m/s
[Solver Step 017000] t= 4.038 | Pos Err:    0.07 km | Vel Err:    0.00 m/s
[Solver Step 018000] t= 4.246 | Pos Err:    0.29 km | Vel Err:    0.22 m/s
[Solver Step 019000] t= 4.497 | Pos Err:    0.07 km | Vel Err:    0.02 m/s
[Solver Step 020000] t= 4.751 | Pos Err:    0.05 km | Vel Err:    0.00 m/s
[Solver Step 021000] t= 4.969 | Pos Err:    0.10 km | Vel Err:    0.11 m/s
[Solver Step 022000] t= 5.189 | Pos Err:    0.07 km | Vel Err:    0.01 m/s
[Solver Step 023000] t= 5.455 | Pos Err:    0.04 km | Vel Err:    0.00 m/s
[Solver Step 024000] t= 5.698 | Pos Err:    0.12 km | Vel Err:    0.12 m/s
[Solver Step 025000] t= 5.904 | Pos Err:    0.06 km | Vel Err:    0.00 m/s
[Solver Step 026000] t= 6.158 | Pos Err:    0.03 km | Vel Err:    0.00 m/s
[Solver Step 027000] t= 6.412 | Pos Err:    0.28 km | Vel Err:    0.24 m/s
[Solver Step 028000] t= 6.624 | Pos Err:    0.07 km | Vel Err:    0.00 m/s
[Solver Step 029000] t= 6.850 | Pos Err:    0.04 km | Vel Err:    0.00 m/s
Completed [TRANSFER] Trajectory 31/600 | Saved 2399 samples | Total: 42785
[Solver Step 001000] t= 0.216 | Pos Err:   20.42 km | Vel Err:    0.40 m/s
[Solver Step 002000] t= 0.469 | Pos Err:    2.45 km | Vel Err:    0.02 m/s
[Solver Step 003000] t= 0.712 | Pos Err:    0.37 km | Vel Err:    0.04 m/s
[Solver Step 004000] t= 0.926 | Pos Err:    0.04 km | Vel Err:    0.00 m/s
[Solver Step 005000] t= 1.175 | Pos Err:    0.07 km | Vel Err:    0.00 m/s
[Solver Step 006000] t= 1.429 | Pos Err:    0.02 km | Vel Err:    0.06 m/s
[Solver Step 007000] t= 1.655 | Pos Err:    0.02 km | Vel Err:    0.00 m/s
[Solver Step 008000] t= 1.872 | Pos Err:    0.05 km | Vel Err:    0.00 m/s
[Solver Step 009000] t= 2.133 | Pos Err:    0.11 km | Vel Err:    0.11 m/s
[Solver Step 010000] t= 2.375 | Pos Err:    0.02 km | Vel Err:    0.00 m/s
[Solver Step 011000] t= 2.590 | Pos Err:    0.04 km | Vel Err:    0.00 m/s
[Solver Step 012000] t= 2.837 | Pos Err:    0.96 km | Vel Err:    0.77 m/s
[Solver Step 013000] t= 3.093 | Pos Err:    0.03 km | Vel Err:    0.00 m/s
[Solver Step 014000] t= 3.311 | Pos Err:    0.06 km | Vel Err:    0.00 m/s
[Solver Step 015000] t= 3.533 | Pos Err:    0.78 km | Vel Err:    0.56 m/s
[Solver Step 016000] t= 3.795 | Pos Err:    0.03 km | Vel Err:    0.01 m/s
[Solver Step 017000] t= 4.035 | Pos Err:    0.08 km | Vel Err:    0.00 m/s
[Solver Step 018000] t= 4.244 | Pos Err:    0.42 km | Vel Err:    0.22 m/s
[Solver Step 019000] t= 4.496 | Pos Err:    0.07 km | Vel Err:    0.02 m/s
[Solver Step 020000] t= 4.750 | Pos Err:    0.09 km | Vel Err:    0.00 m/s
[Solver Step 021000] t= 4.967 | Pos Err:    0.17 km | Vel Err:    0.11 m/s
[Solver Step 022000] t= 5.188 | Pos Err:    0.09 km | Vel Err:    0.01 m/s
[Solver Step 023000] t= 5.454 | Pos Err:    0.10 km | Vel Err:    0.00 m/s
[Solver Step 024000] t= 5.696 | Pos Err:    0.08 km | Vel Err:    0.12 m/s
[Solver Step 025000] t= 5.903 | Pos Err:    0.07 km | Vel Err:    0.01 m/s
[Solver Step 026000] t= 6.157 | Pos Err:    0.08 km | Vel Err:    0.00 m/s
[Solver Step 027000] t= 6.411 | Pos Err:    0.18 km | Vel Err:    0.24 m/s
[Solver Step 028000] t= 6.622 | Pos Err:    0.05 km | Vel Err:    0.00 m/s
[Solver Step 029000] t= 6.849 | Pos Err:    0.08 km | Vel Err:    0.00 m/s
Completed [TRANSFER] Trajectory 32/600 | Saved 2399 samples | Total: 45184
[Solver Step 001000] t= 0.216 | Pos Err:   23.73 km | Vel Err:    0.64 m/s
[Solver Step 002000] t= 0.469 | Pos Err:    2.96 km | Vel Err:    0.07 m/s
[Solver Step 003000] t= 0.710 | Pos Err:    0.40 km | Vel Err:    0.06 m/s
[Solver Step 004000] t= 0.928 | Pos Err:    0.04 km | Vel Err:    0.00 m/s
[Solver Step 005000] t= 1.176 | Pos Err:    0.08 km | Vel Err:    0.00 m/s
[Solver Step 006000] t= 1.429 | Pos Err:    0.06 km | Vel Err:    0.03 m/s
[Solver Step 007000] t= 1.659 | Pos Err:    0.05 km | Vel Err:    0.00 m/s
[Solver Step 008000] t= 1.872 | Pos Err:    0.07 km | Vel Err:    0.00 m/s
[Solver Step 009000] t= 2.132 | Pos Err:    0.22 km | Vel Err:    0.22 m/s
[Solver Step 010000] t= 2.370 | Pos Err:    0.04 km | Vel Err:    0.00 m/s
[Solver Step 011000] t= 2.580 | Pos Err:    0.05 km | Vel Err:    0.00 m/s
[Solver Step 012000] t= 2.832 | Pos Err:    1.73 km | Vel Err:    1.34 m/s
[Solver Step 013000] t= 3.086 | Pos Err:    0.02 km | Vel Err:    0.00 m/s
[Solver Step 014000] t= 3.303 | Pos Err:    0.04 km | Vel Err:    0.00 m/s
[Solver Step 015000] t= 3.528 | Pos Err:    0.83 km | Vel Err:    0.60 m/s
[Solver Step 016000] t= 3.791 | Pos Err:    0.02 km | Vel Err:    0.01 m/s
[Solver Step 017000] t= 4.030 | Pos Err:    0.05 km | Vel Err:    0.00 m/s
[Solver Step 018000] t= 4.236 | Pos Err:    0.45 km | Vel Err:    0.24 m/s
[Solver Step 019000] t= 4.491 | Pos Err:    0.06 km | Vel Err:    0.02 m/s
[Solver Step 020000] t= 4.745 | Pos Err:    0.07 km | Vel Err:    0.00 m/s
[Solver Step 021000] t= 4.959 | Pos Err:    0.23 km | Vel Err:    0.12 m/s
[Solver Step 022000] t= 5.183 | Pos Err:    0.07 km | Vel Err:    0.01 m/s
[Solver Step 023000] t= 5.448 | Pos Err:    0.08 km | Vel Err:    0.00 m/s
[Solver Step 024000] t= 5.689 | Pos Err:    0.12 km | Vel Err:    0.11 m/s
[Solver Step 025000] t= 5.897 | Pos Err:    0.07 km | Vel Err:    0.01 m/s
[Solver Step 026000] t= 6.154 | Pos Err:    0.08 km | Vel Err:    0.00 m/s
[Solver Step 027000] t= 6.406 | Pos Err:    0.20 km | Vel Err:    0.24 m/s
[Solver Step 028000] t= 6.616 | Pos Err:    0.08 km | Vel Err:    0.00 m/s
[Solver Step 029000] t= 6.845 | Pos Err:    0.10 km | Vel Err:    0.00 m/s
Completed [TRANSFER] Trajectory 33/600 | Saved 2399 samples | Total: 47583
[Solver Step 001000] t= 0.415 | Pos Err:    0.56 km | Vel Err:    0.01 m/s
[Solver Step 002000] t= 0.789 | Pos Err:    0.07 km | Vel Err:    0.00 m/s
[Solver Step 003000] t= 1.099 | Pos Err:    0.01 km | Vel Err:    0.04 m/s
[Solver Step 004000] t= 1.550 | Pos Err:    0.05 km | Vel Err:    0.00 m/s
[Solver Step 005000] t= 2.101 | Pos Err:    0.05 km | Vel Err:    0.00 m/s
[Solver Step 006000] t= 2.514 | Pos Err:    0.05 km | Vel Err:    0.01 m/s
[Solver Step 007000] t= 3.014 | Pos Err:    0.05 km | Vel Err:    0.00 m/s
[Solver Step 008000] t= 3.566 | Pos Err:    0.05 km | Vel Err:    0.00 m/s
[Solver Step 009000] t= 4.057 | Pos Err:    0.05 km | Vel Err:    0.01 m/s
[Solver Step 010000] t= 4.458 | Pos Err:    0.05 km | Vel Err:    0.00 m/s
[Solver Step 011000] t= 4.996 | Pos Err:    0.05 km | Vel Err:    0.00 m/s
[Solver Step 012000] t= 5.583 | Pos Err:    0.04 km | Vel Err:    0.05 m/s
[Solver Step 013000] t= 6.066 | Pos Err:    0.06 km | Vel Err:    0.00 m/s
[Solver Step 014000] t= 6.467 | Pos Err:    0.06 km | Vel Err:    0.00 m/s
[Solver Step 015000] t= 7.024 | Pos Err:    0.04 km | Vel Err:    0.08 m/s
Completed [MOON_ORBIT] Trajectory 34/600 | Saved 1314 samples | Total: 48897
[Solver Step 001000] t= 0.411 | Pos Err:    2.86 km | Vel Err:    0.07 m/s
[Solver Step 002000] t= 0.815 | Pos Err:    0.08 km | Vel Err:    0.00 m/s
[Solver Step 003000] t= 1.257 | Pos Err:    0.04 km | Vel Err:    0.01 m/s
[Solver Step 004000] t= 1.604 | Pos Err:    0.01 km | Vel Err:    0.00 m/s
[Solver Step 005000] t= 1.989 | Pos Err:    0.07 km | Vel Err:    0.00 m/s
[Solver Step 006000] t= 2.442 | Pos Err:    0.10 km | Vel Err:    0.02 m/s
[Solver Step 007000] t= 2.843 | Pos Err:    0.10 km | Vel Err:    0.00 m/s
[Solver Step 008000] t= 3.242 | Pos Err:    0.09 km | Vel Err:    0.00 m/s
[Solver Step 009000] t= 3.616 | Pos Err:    0.12 km | Vel Err:    0.08 m/s
[Solver Step 010000] t= 4.030 | Pos Err:    0.04 km | Vel Err:    0.00 m/s
[Solver Step 011000] t= 4.450 | Pos Err:    0.07 km | Vel Err:    0.00 m/s
[Solver Step 012000] t= 4.892 | Pos Err:    0.07 km | Vel Err:    0.04 m/s
[Solver Step 013000] t= 5.230 | Pos Err:    0.10 km | Vel Err:    0.00 m/s
[Solver Step 014000] t= 5.628 | Pos Err:    0.08 km | Vel Err:    0.00 m/s
[Solver Step 015000] t= 6.107 | Pos Err:    0.03 km | Vel Err:    0.02 m/s
[Solver Step 016000] t= 6.493 | Pos Err:    0.01 km | Vel Err:    0.00 m/s
[Solver Step 017000] t= 6.921 | Pos Err:    0.02 km | Vel Err:    0.00 m/s
[Solver Step 018000] t= 7.265 | Pos Err:    0.10 km | Vel Err:    0.11 m/s
[Solver Step 019000] t= 7.685 | Pos Err:    0.10 km | Vel Err:    0.00 m/s
[Solver Step 020000] t= 8.165 | Pos Err:    0.09 km | Vel Err:    0.00 m/s
[Solver Step 021000] t= 8.550 | Pos Err:    0.07 km | Vel Err:    0.03 m/s
[Solver Step 022000] t= 8.921 | Pos Err:    0.04 km | Vel Err:    0.00 m/s
[Solver Step 023000] t= 9.312 | Pos Err:    0.05 km | Vel Err:    0.00 m/s
[Solver Step 024000] t= 9.770 | Pos Err:    0.09 km | Vel Err:    0.03 m/s
[Solver Step 025000] t=10.171 | Pos Err:    0.10 km | Vel Err:    0.00 m/s
[Solver Step 026000] t=10.571 | Pos Err:    0.10 km | Vel Err:    0.00 m/s
[Solver Step 027000] t=10.930 | Pos Err:    0.15 km | Vel Err:    0.09 m/s
[Solver Step 028000] t=11.351 | Pos Err:    0.01 km | Vel Err:    0.00 m/s
[Solver Step 029000] t=11.805 | Pos Err:    0.03 km | Vel Err:    0.00 m/s
[Solver Step 030000] t=12.175 | Pos Err:    0.04 km | Vel Err:    0.03 m/s
[Solver Step 031000] t=12.566 | Pos Err:    0.08 km | Vel Err:    0.00 m/s
Completed [EARTH_ORBIT] Trajectory 35/600 | Saved 2584 samples | Total: 51481
[Solver Step 001000] t= 0.216 | Pos Err:   22.11 km | Vel Err:    0.42 m/s
[Solver Step 002000] t= 0.469 | Pos Err:    2.67 km | Vel Err:    0.07 m/s
[Solver Step 003000] t= 0.712 | Pos Err:    0.38 km | Vel Err:    0.04 m/s
[Solver Step 004000] t= 0.926 | Pos Err:    0.03 km | Vel Err:    0.00 m/s
[Solver Step 005000] t= 1.175 | Pos Err:    0.08 km | Vel Err:    0.00 m/s
[Solver Step 006000] t= 1.429 | Pos Err:    0.10 km | Vel Err:    0.04 m/s
[Solver Step 007000] t= 1.660 | Pos Err:    0.09 km | Vel Err:    0.00 m/s
[Solver Step 008000] t= 1.874 | Pos Err:    0.09 km | Vel Err:    0.00 m/s
[Solver Step 009000] t= 2.133 | Pos Err:    0.16 km | Vel Err:    0.11 m/s
[Solver Step 010000] t= 2.376 | Pos Err:    0.08 km | Vel Err:    0.00 m/s
[Solver Step 011000] t= 2.588 | Pos Err:    0.07 km | Vel Err:    0.00 m/s
[Solver Step 012000] t= 2.836 | Pos Err:    1.11 km | Vel Err:    0.84 m/s
[Solver Step 013000] t= 3.091 | Pos Err:    0.07 km | Vel Err:    0.00 m/s
[Solver Step 014000] t= 3.311 | Pos Err:    0.04 km | Vel Err:    0.00 m/s
[Solver Step 015000] t= 3.533 | Pos Err:    0.74 km | Vel Err:    0.56 m/s
[Solver Step 016000] t= 3.795 | Pos Err:    0.06 km | Vel Err:    0.00 m/s
[Solver Step 017000] t= 4.037 | Pos Err:    0.02 km | Vel Err:    0.00 m/s
[Solver Step 018000] t= 4.244 | Pos Err:    0.37 km | Vel Err:    0.22 m/s
[Solver Step 019000] t= 4.496 | Pos Err:    0.04 km | Vel Err:    0.02 m/s
[Solver Step 020000] t= 4.750 | Pos Err:    0.03 km | Vel Err:    0.00 m/s
[Solver Step 021000] t= 4.967 | Pos Err:    0.17 km | Vel Err:    0.11 m/s
[Solver Step 022000] t= 5.188 | Pos Err:    0.03 km | Vel Err:    0.01 m/s
[Solver Step 023000] t= 5.454 | Pos Err:    0.04 km | Vel Err:    0.00 m/s
[Solver Step 024000] t= 5.696 | Pos Err:    0.14 km | Vel Err:    0.12 m/s
[Solver Step 025000] t= 5.903 | Pos Err:    0.06 km | Vel Err:    0.00 m/s
[Solver Step 026000] t= 6.157 | Pos Err:    0.06 km | Vel Err:    0.00 m/s
[Solver Step 027000] t= 6.411 | Pos Err:    0.27 km | Vel Err:    0.24 m/s
[Solver Step 028000] t= 6.622 | Pos Err:    0.09 km | Vel Err:    0.00 m/s
[Solver Step 029000] t= 6.849 | Pos Err:    0.08 km | Vel Err:    0.00 m/s
Completed [TRANSFER] Trajectory 36/600 | Saved 2399 samples | Total: 53880
[Solver Step 001000] t= 0.419 | Pos Err:    0.24 km | Vel Err:    0.01 m/s
[Solver Step 002000] t= 0.792 | Pos Err:    0.06 km | Vel Err:    0.00 m/s
[Solver Step 003000] t= 1.102 | Pos Err:    0.00 km | Vel Err:    0.04 m/s
[Solver Step 004000] t= 1.554 | Pos Err:    0.06 km | Vel Err:    0.00 m/s
[Solver Step 005000] t= 2.105 | Pos Err:    0.06 km | Vel Err:    0.00 m/s
[Solver Step 006000] t= 2.518 | Pos Err:    0.06 km | Vel Err:    0.01 m/s
[Solver Step 007000] t= 3.018 | Pos Err:    0.05 km | Vel Err:    0.00 m/s
[Solver Step 008000] t= 3.571 | Pos Err:    0.05 km | Vel Err:    0.00 m/s
[Solver Step 009000] t= 4.060 | Pos Err:    0.05 km | Vel Err:    0.01 m/s
[Solver Step 010000] t= 4.462 | Pos Err:    0.05 km | Vel Err:    0.00 m/s
[Solver Step 011000] t= 5.000 | Pos Err:    0.05 km | Vel Err:    0.00 m/s
[Solver Step 012000] t= 5.588 | Pos Err:    0.04 km | Vel Err:    0.05 m/s
[Solver Step 013000] t= 6.069 | Pos Err:    0.05 km | Vel Err:    0.00 m/s
[Solver Step 014000] t= 6.471 | Pos Err:    0.05 km | Vel Err:    0.00 m/s
[Solver Step 015000] t= 7.029 | Pos Err:    0.03 km | Vel Err:    0.08 m/s
Completed [MOON_ORBIT] Trajectory 37/600 | Saved 1314 samples | Total: 55194
[Solver Step 001000] t= 0.216 | Pos Err:   15.26 km | Vel Err:    0.28 m/s
[Solver Step 002000] t= 0.470 | Pos Err:    1.80 km | Vel Err:    0.05 m/s
[Solver Step 003000] t= 0.713 | Pos Err:    0.24 km | Vel Err:    0.02 m/s
[Solver Step 004000] t= 0.930 | Pos Err:    0.02 km | Vel Err:    0.00 m/s
[Solver Step 005000] t= 1.178 | Pos Err:    0.06 km | Vel Err:    0.00 m/s
[Solver Step 006000] t= 1.431 | Pos Err:    0.08 km | Vel Err:    0.04 m/s
[Solver Step 007000] t= 1.661 | Pos Err:    0.07 km | Vel Err:    0.00 m/s
[Solver Step 008000] t= 1.876 | Pos Err:    0.07 km | Vel Err:    0.00 m/s
[Solver Step 009000] t= 2.134 | Pos Err:    0.16 km | Vel Err:    0.11 m/s
[Solver Step 010000] t= 2.377 | Pos Err:    0.07 km | Vel Err:    0.00 m/s
[Solver Step 011000] t= 2.590 | Pos Err:    0.05 km | Vel Err:    0.00 m/s
[Solver Step 012000] t= 2.837 | Pos Err:    0.99 km | Vel Err:    0.77 m/s
[Solver Step 013000] t= 3.092 | Pos Err:    0.06 km | Vel Err:    0.00 m/s
[Solver Step 014000] t= 3.313 | Pos Err:    0.03 km | Vel Err:    0.00 m/s
[Solver Step 015000] t= 3.535 | Pos Err:    0.71 km | Vel Err:    0.55 m/s
[Solver Step 016000] t= 3.796 | Pos Err:    0.05 km | Vel Err:    0.00 m/s
[Solver Step 017000] t= 4.038 | Pos Err:    0.02 km | Vel Err:    0.00 m/s
[Solver Step 018000] t= 4.246 | Pos Err:    0.35 km | Vel Err:    0.22 m/s
[Solver Step 019000] t= 4.497 | Pos Err:    0.02 km | Vel Err:    0.02 m/s
[Solver Step 020000] t= 4.753 | Pos Err:    0.02 km | Vel Err:    0.00 m/s
[Solver Step 021000] t= 4.969 | Pos Err:    0.15 km | Vel Err:    0.11 m/s
[Solver Step 022000] t= 5.189 | Pos Err:    0.02 km | Vel Err:    0.01 m/s
[Solver Step 023000] t= 5.455 | Pos Err:    0.03 km | Vel Err:    0.00 m/s
[Solver Step 024000] t= 5.698 | Pos Err:    0.12 km | Vel Err:    0.12 m/s
[Solver Step 025000] t= 5.906 | Pos Err:    0.04 km | Vel Err:    0.00 m/s
[Solver Step 026000] t= 6.159 | Pos Err:    0.04 km | Vel Err:    0.00 m/s
[Solver Step 027000] t= 6.414 | Pos Err:    0.26 km | Vel Err:    0.24 m/s
[Solver Step 028000] t= 6.627 | Pos Err:    0.07 km | Vel Err:    0.00 m/s
[Solver Step 029000] t= 6.851 | Pos Err:    0.06 km | Vel Err:    0.00 m/s
Completed [TRANSFER] Trajectory 38/600 | Saved 2399 samples | Total: 57593
[Multiple Shooting] Converged in 2 iterations with residual 1.59e-15
[Solver Step 001000] t= 0.487 | Pos Err:    0.18 km | Vel Err:    0.00 m/s
[Solver Step 002000] t= 0.971 | Pos Err:    0.06 km | Vel Err:    0.00 m/s
[Solver Step 003000] t= 1.434 | Pos Err:    0.16 km | Vel Err:    0.01 m/s
[Solver Step 004000] t= 1.963 | Pos Err:    0.24 km | Vel Err:    0.01 m/s
[Solver Step 005000] t= 2.521 | Pos Err:    0.35 km | Vel Err:    0.01 m/s
[Solver Step 006000] t= 2.936 | Pos Err:    1.45 km | Vel Err:    0.03 m/s
Completed [HALO_L2] Trajectory 39/600 | Saved 540 samples | Total: 58133
[Solver Step 001000] t= 0.218 | Pos Err:   28.98 km | Vel Err:    0.69 m/s
[Solver Step 002000] t= 0.471 | Pos Err:    3.57 km | Vel Err:    0.06 m/s
[Solver Step 003000] t= 0.714 | Pos Err:    0.47 km | Vel Err:    0.03 m/s
[Solver Step 004000] t= 0.933 | Pos Err:    0.05 km | Vel Err:    0.00 m/s
[Solver Step 005000] t= 1.179 | Pos Err:    0.09 km | Vel Err:    0.00 m/s
[Solver Step 006000] t= 1.432 | Pos Err:    0.02 km | Vel Err:    0.06 m/s
[Solver Step 007000] t= 1.663 | Pos Err:    0.05 km | Vel Err:    0.00 m/s
[Solver Step 008000] t= 1.877 | Pos Err:    0.08 km | Vel Err:    0.00 m/s
[Solver Step 009000] t= 2.135 | Pos Err:    0.06 km | Vel Err:    0.09 m/s
[Solver Step 010000] t= 2.378 | Pos Err:    0.03 km | Vel Err:    0.00 m/s
[Solver Step 011000] t= 2.592 | Pos Err:    0.06 km | Vel Err:    0.00 m/s
[Solver Step 012000] t= 2.838 | Pos Err:    1.03 km | Vel Err:    0.80 m/s
[Solver Step 013000] t= 3.094 | Pos Err:    0.03 km | Vel Err:    0.00 m/s
[Solver Step 014000] t= 3.315 | Pos Err:    0.07 km | Vel Err:    0.00 m/s
[Solver Step 015000] t= 3.536 | Pos Err:    0.78 km | Vel Err:    0.53 m/s
[Solver Step 016000] t= 3.797 | Pos Err:    0.04 km | Vel Err:    0.00 m/s
[Solver Step 017000] t= 4.040 | Pos Err:    0.08 km | Vel Err:    0.00 m/s
[Solver Step 018000] t= 4.248 | Pos Err:    0.44 km | Vel Err:    0.21 m/s
[Solver Step 019000] t= 4.497 | Pos Err:    0.09 km | Vel Err:    0.02 m/s
[Solver Step 020000] t= 4.751 | Pos Err:    0.10 km | Vel Err:    0.00 m/s
[Solver Step 021000] t= 4.969 | Pos Err:    0.20 km | Vel Err:    0.11 m/s
[Solver Step 022000] t= 5.189 | Pos Err:    0.09 km | Vel Err:    0.01 m/s
[Solver Step 023000] t= 5.455 | Pos Err:    0.11 km | Vel Err:    0.00 m/s
[Solver Step 024000] t= 5.698 | Pos Err:    0.11 km | Vel Err:    0.12 m/s
[Solver Step 025000] t= 5.906 | Pos Err:    0.09 km | Vel Err:    0.00 m/s
[Solver Step 026000] t= 6.159 | Pos Err:    0.10 km | Vel Err:    0.00 m/s
[Solver Step 027000] t= 6.414 | Pos Err:    0.18 km | Vel Err:    0.24 m/s
[Solver Step 028000] t= 6.627 | Pos Err:    0.08 km | Vel Err:    0.00 m/s
[Solver Step 029000] t= 6.851 | Pos Err:    0.11 km | Vel Err:    0.00 m/s
Completed [TRANSFER] Trajectory 40/600 | Saved 2399 samples | Total: 60532
[Multiple Shooting] Converged in 2 iterations with residual 1.42e-11
[Solver Step 001000] t= 0.421 | Pos Err:    0.52 km | Vel Err:    0.01 m/s
[Solver Step 002000] t= 0.925 | Pos Err:    1.10 km | Vel Err:    0.02 m/s
[Solver Step 003000] t= 1.415 | Pos Err:    5.99 km | Vel Err:    0.14 m/s
[Solver Step 004000] t= 1.745 | Pos Err:   69.33 km | Vel Err:    1.34 m/s
[Solver Step 005000] t= 2.225 | Pos Err:    8.43 km | Vel Err:    0.20 m/s
[Solver Step 006000] t= 2.679 | Pos Err:    1.68 km | Vel Err:    0.03 m/s
[Solver Step 007000] t= 3.077 | Pos Err:    9.46 km | Vel Err:    0.21 m/s
Completed [HALO_L1] Trajectory 41/600 | Saved 596 samples | Total: 61128
[Solver Step 001000] t= 0.414 | Pos Err:    0.52 km | Vel Err:    0.01 m/s
[Solver Step 002000] t= 0.788 | Pos Err:    0.05 km | Vel Err:    0.00 m/s
[Solver Step 003000] t= 1.098 | Pos Err:    0.01 km | Vel Err:    0.04 m/s
[Solver Step 004000] t= 1.548 | Pos Err:    0.06 km | Vel Err:    0.00 m/s
[Solver Step 005000] t= 2.100 | Pos Err:    0.06 km | Vel Err:    0.00 m/s
[Solver Step 006000] t= 2.513 | Pos Err:    0.06 km | Vel Err:    0.01 m/s
[Solver Step 007000] t= 3.012 | Pos Err:    0.06 km | Vel Err:    0.00 m/s
[Solver Step 008000] t= 3.565 | Pos Err:    0.06 km | Vel Err:    0.00 m/s
[Solver Step 009000] t= 4.055 | Pos Err:    0.06 km | Vel Err:    0.01 m/s
[Solver Step 010000] t= 4.457 | Pos Err:    0.06 km | Vel Err:    0.00 m/s
[Solver Step 011000] t= 4.994 | Pos Err:    0.06 km | Vel Err:    0.00 m/s
[Solver Step 012000] t= 5.581 | Pos Err:    0.04 km | Vel Err:    0.05 m/s
[Solver Step 013000] t= 6.065 | Pos Err:    0.05 km | Vel Err:    0.00 m/s
[Solver Step 014000] t= 6.465 | Pos Err:    0.05 km | Vel Err:    0.00 m/s
[Solver Step 015000] t= 7.022 | Pos Err:    0.02 km | Vel Err:    0.08 m/s
Completed [MOON_ORBIT] Trajectory 42/600 | Saved 1315 samples | Total: 62443
[Multiple Shooting] Converged in 2 iterations with residual 5.38e-12
[Solver Step 001000] t= 0.423 | Pos Err:    0.43 km | Vel Err:    0.01 m/s
[Solver Step 002000] t= 0.923 | Pos Err:    0.64 km | Vel Err:    0.01 m/s
[Solver Step 003000] t= 1.421 | Pos Err:    4.20 km | Vel Err:    0.10 m/s
[Solver Step 004000] t= 1.775 | Pos Err:   57.52 km | Vel Err:    1.14 m/s
[Solver Step 005000] t= 2.210 | Pos Err:   33.64 km | Vel Err:    0.72 m/s
[Solver Step 006000] t= 2.673 | Pos Err:    2.52 km | Vel Err:    0.05 m/s
[Solver Step 007000] t= 3.101 | Pos Err:   11.21 km | Vel Err:    0.26 m/s
Completed [HALO_L1] Trajectory 43/600 | Saved 594 samples | Total: 63037
[Multiple Shooting] Converged in 2 iterations with residual 9.68e-12
[Solver Step 001000] t= 0.430 | Pos Err:    0.52 km | Vel Err:    0.01 m/s
[Solver Step 002000] t= 0.911 | Pos Err:    0.20 km | Vel Err:    0.00 m/s
[Solver Step 003000] t= 1.409 | Pos Err:    1.93 km | Vel Err:    0.04 m/s
[Solver Step 004000] t= 1.816 | Pos Err:   18.59 km | Vel Err:    0.39 m/s
[Solver Step 005000] t= 2.176 | Pos Err:  138.14 km | Vel Err:    2.57 m/s
[Solver Step 006000] t= 2.642 | Pos Err:    2.54 km | Vel Err:    0.04 m/s
[Solver Step 007000] t= 3.111 | Pos Err:   18.66 km | Vel Err:    0.43 m/s
Completed [HALO_L1] Trajectory 44/600 | Saved 589 samples | Total: 63626
[Solver Step 001000] t= 0.418 | Pos Err:    0.39 km | Vel Err:    0.01 m/s
[Solver Step 002000] t= 0.792 | Pos Err:    0.07 km | Vel Err:    0.00 m/s
[Solver Step 003000] t= 1.101 | Pos Err:    0.01 km | Vel Err:    0.04 m/s
[Solver Step 004000] t= 1.553 | Pos Err:    0.05 km | Vel Err:    0.00 m/s
[Solver Step 005000] t= 2.104 | Pos Err:    0.05 km | Vel Err:    0.00 m/s
[Solver Step 006000] t= 2.517 | Pos Err:    0.05 km | Vel Err:    0.01 m/s
[Solver Step 007000] t= 3.017 | Pos Err:    0.05 km | Vel Err:    0.00 m/s
[Solver Step 008000] t= 3.570 | Pos Err:    0.05 km | Vel Err:    0.00 m/s
[Solver Step 009000] t= 4.059 | Pos Err:    0.05 km | Vel Err:    0.01 m/s
[Solver Step 010000] t= 4.461 | Pos Err:    0.05 km | Vel Err:    0.00 m/s
[Solver Step 011000] t= 4.999 | Pos Err:    0.05 km | Vel Err:    0.00 m/s
[Solver Step 012000] t= 5.586 | Pos Err:    0.04 km | Vel Err:    0.05 m/s
[Solver Step 013000] t= 6.068 | Pos Err:    0.06 km | Vel Err:    0.00 m/s
[Solver Step 014000] t= 6.470 | Pos Err:    0.06 km | Vel Err:    0.00 m/s
[Solver Step 015000] t= 7.027 | Pos Err:    0.03 km | Vel Err:    0.08 m/s
Completed [MOON_ORBIT] Trajectory 45/600 | Saved 1313 samples | Total: 64939
[Multiple Shooting] Converged in 2 iterations with residual 6.06e-14
[Solver Step 001000] t= 0.463 | Pos Err:    0.24 km | Vel Err:    0.01 m/s
[Solver Step 002000] t= 0.947 | Pos Err:    0.28 km | Vel Err:    0.01 m/s
[Solver Step 003000] t= 1.342 | Pos Err:    0.31 km | Vel Err:    0.01 m/s
[Solver Step 004000] t= 1.813 | Pos Err:    0.21 km | Vel Err:    0.00 m/s
[Solver Step 005000] t= 2.208 | Pos Err:    0.45 km | Vel Err:    0.01 m/s
[Solver Step 006000] t= 2.693 | Pos Err:    0.49 km | Vel Err:    0.03 m/s
Completed [HALO_L2] Trajectory 46/600 | Saved 568 samples | Total: 65507
[Solver Step 001000] t= 0.413 | Pos Err:    1.05 km | Vel Err:    0.02 m/s
[Solver Step 002000] t= 0.818 | Pos Err:    0.07 km | Vel Err:    0.00 m/s
[Solver Step 003000] t= 1.259 | Pos Err:    0.04 km | Vel Err:    0.01 m/s
[Solver Step 004000] t= 1.606 | Pos Err:    0.05 km | Vel Err:    0.00 m/s
[Solver Step 005000] t= 1.992 | Pos Err:    0.06 km | Vel Err:    0.00 m/s
[Solver Step 006000] t= 2.445 | Pos Err:    0.07 km | Vel Err:    0.02 m/s
[Solver Step 007000] t= 2.846 | Pos Err:    0.06 km | Vel Err:    0.00 m/s
[Solver Step 008000] t= 3.243 | Pos Err:    0.06 km | Vel Err:    0.00 m/s
[Solver Step 009000] t= 3.618 | Pos Err:    0.10 km | Vel Err:    0.08 m/s
[Solver Step 010000] t= 4.032 | Pos Err:    0.05 km | Vel Err:    0.00 m/s
[Solver Step 011000] t= 4.452 | Pos Err:    0.07 km | Vel Err:    0.00 m/s
[Solver Step 012000] t= 4.894 | Pos Err:    0.05 km | Vel Err:    0.04 m/s
[Solver Step 013000] t= 5.232 | Pos Err:    0.07 km | Vel Err:    0.00 m/s
[Solver Step 014000] t= 5.630 | Pos Err:    0.05 km | Vel Err:    0.00 m/s
[Solver Step 015000] t= 6.109 | Pos Err:    0.04 km | Vel Err:    0.02 m/s
[Solver Step 016000] t= 6.496 | Pos Err:    0.05 km | Vel Err:    0.00 m/s
[Solver Step 017000] t= 6.923 | Pos Err:    0.06 km | Vel Err:    0.00 m/s
[Solver Step 018000] t= 7.267 | Pos Err:    0.12 km | Vel Err:    0.10 m/s
[Solver Step 019000] t= 7.687 | Pos Err:    0.06 km | Vel Err:    0.00 m/s
[Solver Step 020000] t= 8.167 | Pos Err:    0.06 km | Vel Err:    0.00 m/s
[Solver Step 021000] t= 8.552 | Pos Err:    0.04 km | Vel Err:    0.03 m/s
[Solver Step 022000] t= 8.922 | Pos Err:    0.05 km | Vel Err:    0.00 m/s
[Solver Step 023000] t= 9.314 | Pos Err:    0.06 km | Vel Err:    0.00 m/s
[Solver Step 024000] t= 9.772 | Pos Err:    0.07 km | Vel Err:    0.03 m/s
[Solver Step 025000] t=10.173 | Pos Err:    0.07 km | Vel Err:    0.00 m/s
[Solver Step 026000] t=10.573 | Pos Err:    0.07 km | Vel Err:    0.00 m/s
[Solver Step 027000] t=10.932 | Pos Err:    0.12 km | Vel Err:    0.09 m/s
[Solver Step 028000] t=11.352 | Pos Err:    0.05 km | Vel Err:    0.00 m/s
[Solver Step 029000] t=11.808 | Pos Err:    0.06 km | Vel Err:    0.00 m/s
[Solver Step 030000] t=12.177 | Pos Err:    0.05 km | Vel Err:    0.03 m/s
Completed [EARTH_ORBIT] Trajectory 47/600 | Saved 2583 samples | Total: 68090
[Solver Step 001000] t= 0.217 | Pos Err:   17.41 km | Vel Err:    0.47 m/s
[Solver Step 002000] t= 0.471 | Pos Err:    2.19 km | Vel Err:    0.05 m/s
[Solver Step 003000] t= 0.713 | Pos Err:    0.27 km | Vel Err:    0.02 m/s
[Solver Step 004000] t= 0.932 | Pos Err:    0.02 km | Vel Err:    0.00 m/s
[Solver Step 005000] t= 1.178 | Pos Err:    0.02 km | Vel Err:    0.00 m/s
[Solver Step 006000] t= 1.431 | Pos Err:    0.09 km | Vel Err:    0.05 m/s
[Solver Step 007000] t= 1.664 | Pos Err:    0.07 km | Vel Err:    0.00 m/s
[Solver Step 008000] t= 1.879 | Pos Err:    0.05 km | Vel Err:    0.00 m/s
[Solver Step 009000] t= 2.135 | Pos Err:    0.22 km | Vel Err:    0.14 m/s
[Solver Step 010000] t= 2.380 | Pos Err:    0.09 km | Vel Err:    0.00 m/s
[Solver Step 011000] t= 2.594 | Pos Err:    0.07 km | Vel Err:    0.00 m/s
[Solver Step 012000] t= 2.839 | Pos Err:    0.96 km | Vel Err:    0.82 m/s
[Solver Step 013000] t= 3.095 | Pos Err:    0.10 km | Vel Err:    0.00 m/s
[Solver Step 014000] t= 3.317 | Pos Err:    0.08 km | Vel Err:    0.00 m/s
[Solver Step 015000] t= 3.538 | Pos Err:    0.63 km | Vel Err:    0.51 m/s
[Solver Step 016000] t= 3.798 | Pos Err:    0.09 km | Vel Err:    0.00 m/s
[Solver Step 017000] t= 4.041 | Pos Err:    0.08 km | Vel Err:    0.00 m/s
[Solver Step 018000] t= 4.250 | Pos Err:    0.30 km | Vel Err:    0.20 m/s
[Solver Step 019000] t= 4.499 | Pos Err:    0.07 km | Vel Err:    0.02 m/s
[Solver Step 020000] t= 4.754 | Pos Err:    0.07 km | Vel Err:    0.00 m/s
[Solver Step 021000] t= 4.973 | Pos Err:    0.07 km | Vel Err:    0.11 m/s
[Solver Step 022000] t= 5.192 | Pos Err:    0.07 km | Vel Err:    0.01 m/s
[Solver Step 023000] t= 5.458 | Pos Err:    0.06 km | Vel Err:    0.00 m/s
[Solver Step 024000] t= 5.701 | Pos Err:    0.08 km | Vel Err:    0.12 m/s
[Solver Step 025000] t= 5.908 | Pos Err:    0.04 km | Vel Err:    0.00 m/s
[Solver Step 026000] t= 6.160 | Pos Err:    0.05 km | Vel Err:    0.00 m/s
[Solver Step 027000] t= 6.416 | Pos Err:    0.24 km | Vel Err:    0.24 m/s
[Solver Step 028000] t= 6.629 | Pos Err:    0.04 km | Vel Err:    0.00 m/s
[Solver Step 029000] t= 6.852 | Pos Err:    0.03 km | Vel Err:    0.00 m/s
Completed [TRANSFER] Trajectory 48/600 | Saved 2399 samples | Total: 70489
[Solver Step 001000] t= 0.417 | Pos Err:    3.62 km | Vel Err:    0.08 m/s
[Solver Step 002000] t= 0.821 | Pos Err:    0.02 km | Vel Err:    0.00 m/s
[Solver Step 003000] t= 1.261 | Pos Err:    0.10 km | Vel Err:    0.01 m/s
[Solver Step 004000] t= 1.609 | Pos Err:    0.09 km | Vel Err:    0.00 m/s
[Solver Step 005000] t= 1.995 | Pos Err:    0.03 km | Vel Err:    0.00 m/s
[Solver Step 006000] t= 2.447 | Pos Err:    0.07 km | Vel Err:    0.02 m/s
[Solver Step 007000] t= 2.849 | Pos Err:    0.09 km | Vel Err:    0.00 m/s
[Solver Step 008000] t= 3.245 | Pos Err:    0.10 km | Vel Err:    0.00 m/s
[Solver Step 009000] t= 3.621 | Pos Err:    0.16 km | Vel Err:    0.08 m/s
[Solver Step 010000] t= 4.035 | Pos Err:    0.05 km | Vel Err:    0.00 m/s
[Solver Step 011000] t= 4.454 | Pos Err:    0.03 km | Vel Err:    0.00 m/s
[Solver Step 012000] t= 4.897 | Pos Err:    0.03 km | Vel Err:    0.04 m/s
[Solver Step 013000] t= 5.235 | Pos Err:    0.05 km | Vel Err:    0.00 m/s
[Solver Step 014000] t= 5.633 | Pos Err:    0.11 km | Vel Err:    0.00 m/s
[Solver Step 015000] t= 6.112 | Pos Err:    0.10 km | Vel Err:    0.02 m/s
[Solver Step 016000] t= 6.499 | Pos Err:    0.09 km | Vel Err:    0.00 m/s
[Solver Step 017000] t= 6.926 | Pos Err:    0.07 km | Vel Err:    0.00 m/s
[Solver Step 018000] t= 7.270 | Pos Err:    0.09 km | Vel Err:    0.10 m/s
[Solver Step 019000] t= 7.691 | Pos Err:    0.09 km | Vel Err:    0.00 m/s
[Solver Step 020000] t= 8.169 | Pos Err:    0.11 km | Vel Err:    0.00 m/s
[Solver Step 021000] t= 8.555 | Pos Err:    0.10 km | Vel Err:    0.03 m/s
[Solver Step 022000] t= 8.923 | Pos Err:    0.11 km | Vel Err:    0.00 m/s
[Solver Step 023000] t= 9.317 | Pos Err:    0.04 km | Vel Err:    0.00 m/s
[Solver Step 024000] t= 9.776 | Pos Err:    0.04 km | Vel Err:    0.03 m/s
[Solver Step 025000] t=10.176 | Pos Err:    0.06 km | Vel Err:    0.00 m/s
[Solver Step 026000] t=10.576 | Pos Err:    0.08 km | Vel Err:    0.00 m/s
[Solver Step 027000] t=10.935 | Pos Err:    0.17 km | Vel Err:    0.09 m/s
[Solver Step 028000] t=11.354 | Pos Err:    0.08 km | Vel Err:    0.00 m/s
[Solver Step 029000] t=11.811 | Pos Err:    0.06 km | Vel Err:    0.00 m/s
[Solver Step 030000] t=12.179 | Pos Err:    0.04 km | Vel Err:    0.03 m/s
Completed [EARTH_ORBIT] Trajectory 49/600 | Saved 2583 samples | Total: 73072
[Solver Step 001000] t= 0.216 | Pos Err:   13.15 km | Vel Err:    0.20 m/s
[Solver Step 002000] t= 0.469 | Pos Err:    1.55 km | Vel Err:    0.02 m/s
[Solver Step 003000] t= 0.713 | Pos Err:    0.27 km | Vel Err:    0.03 m/s
[Solver Step 004000] t= 0.928 | Pos Err:    0.03 km | Vel Err:    0.00 m/s
[Solver Step 005000] t= 1.177 | Pos Err:    0.05 km | Vel Err:    0.00 m/s
[Solver Step 006000] t= 1.430 | Pos Err:    0.02 km | Vel Err:    0.03 m/s
[Solver Step 007000] t= 1.660 | Pos Err:    0.01 km | Vel Err:    0.00 m/s
[Solver Step 008000] t= 1.874 | Pos Err:    0.03 km | Vel Err:    0.00 m/s
[Solver Step 009000] t= 2.133 | Pos Err:    0.12 km | Vel Err:    0.10 m/s
[Solver Step 010000] t= 2.376 | Pos Err:    0.02 km | Vel Err:    0.00 m/s
[Solver Step 011000] t= 2.588 | Pos Err:    0.03 km | Vel Err:    0.00 m/s
[Solver Step 012000] t= 2.836 | Pos Err:    1.03 km | Vel Err:    0.84 m/s
[Solver Step 013000] t= 3.091 | Pos Err:    0.04 km | Vel Err:    0.00 m/s
[Solver Step 014000] t= 3.311 | Pos Err:    0.05 km | Vel Err:    0.00 m/s
[Solver Step 015000] t= 3.533 | Pos Err:    0.75 km | Vel Err:    0.56 m/s
[Solver Step 016000] t= 3.795 | Pos Err:    0.04 km | Vel Err:    0.00 m/s
[Solver Step 017000] t= 4.037 | Pos Err:    0.07 km | Vel Err:    0.00 m/s
[Solver Step 018000] t= 4.244 | Pos Err:    0.39 km | Vel Err:    0.22 m/s
[Solver Step 019000] t= 4.495 | Pos Err:    0.05 km | Vel Err:    0.02 m/s
[Solver Step 020000] t= 4.748 | Pos Err:    0.08 km | Vel Err:    0.00 m/s
[Solver Step 021000] t= 4.965 | Pos Err:    0.15 km | Vel Err:    0.11 m/s
[Solver Step 022000] t= 5.187 | Pos Err:    0.08 km | Vel Err:    0.01 m/s
[Solver Step 023000] t= 5.453 | Pos Err:    0.08 km | Vel Err:    0.00 m/s
[Solver Step 024000] t= 5.694 | Pos Err:    0.06 km | Vel Err:    0.12 m/s
[Solver Step 025000] t= 5.903 | Pos Err:    0.05 km | Vel Err:    0.00 m/s
[Solver Step 026000] t= 6.157 | Pos Err:    0.07 km | Vel Err:    0.00 m/s
[Solver Step 027000] t= 6.411 | Pos Err:    0.19 km | Vel Err:    0.24 m/s
[Solver Step 028000] t= 6.622 | Pos Err:    0.03 km | Vel Err:    0.00 m/s
[Solver Step 029000] t= 6.849 | Pos Err:    0.06 km | Vel Err:    0.00 m/s
Completed [TRANSFER] Trajectory 50/600 | Saved 2399 samples | Total: 75471
[Solver Step 001000] t= 0.217 | Pos Err:   10.71 km | Vel Err:    0.23 m/s
[Solver Step 002000] t= 0.469 | Pos Err:    1.36 km | Vel Err:    0.04 m/s
[Solver Step 003000] t= 0.711 | Pos Err:    0.24 km | Vel Err:    0.04 m/s
[Solver Step 004000] t= 0.924 | Pos Err:    0.03 km | Vel Err:    0.00 m/s
[Solver Step 005000] t= 1.175 | Pos Err:    0.03 km | Vel Err:    0.00 m/s
[Solver Step 006000] t= 1.429 | Pos Err:    0.06 km | Vel Err:    0.05 m/s
[Solver Step 007000] t= 1.656 | Pos Err:    0.04 km | Vel Err:    0.00 m/s
[Solver Step 008000] t= 1.871 | Pos Err:    0.02 km | Vel Err:    0.00 m/s
[Solver Step 009000] t= 2.133 | Pos Err:    0.25 km | Vel Err:    0.19 m/s
[Solver Step 010000] t= 2.373 | Pos Err:    0.05 km | Vel Err:    0.00 m/s
[Solver Step 011000] t= 2.584 | Pos Err:    0.04 km | Vel Err:    0.00 m/s
[Solver Step 012000] t= 2.834 | Pos Err:    1.50 km | Vel Err:    1.23 m/s
[Solver Step 013000] t= 3.089 | Pos Err:    0.07 km | Vel Err:    0.00 m/s
[Solver Step 014000] t= 3.307 | Pos Err:    0.06 km | Vel Err:    0.00 m/s
[Solver Step 015000] t= 3.531 | Pos Err:    0.73 km | Vel Err:    0.58 m/s
[Solver Step 016000] t= 3.793 | Pos Err:    0.07 km | Vel Err:    0.01 m/s
[Solver Step 017000] t= 4.033 | Pos Err:    0.08 km | Vel Err:    0.00 m/s
[Solver Step 018000] t= 4.240 | Pos Err:    0.37 km | Vel Err:    0.23 m/s
[Solver Step 019000] t= 4.493 | Pos Err:    0.04 km | Vel Err:    0.02 m/s
[Solver Step 020000] t= 4.745 | Pos Err:    0.07 km | Vel Err:    0.00 m/s
[Solver Step 021000] t= 4.961 | Pos Err:    0.14 km | Vel Err:    0.12 m/s
[Solver Step 022000] t= 5.184 | Pos Err:    0.07 km | Vel Err:    0.01 m/s
[Solver Step 023000] t= 5.450 | Pos Err:    0.07 km | Vel Err:    0.00 m/s
[Solver Step 024000] t= 5.691 | Pos Err:    0.05 km | Vel Err:    0.11 m/s
[Solver Step 025000] t= 5.899 | Pos Err:    0.04 km | Vel Err:    0.01 m/s
[Solver Step 026000] t= 6.155 | Pos Err:    0.06 km | Vel Err:    0.00 m/s
[Solver Step 027000] t= 6.408 | Pos Err:    0.20 km | Vel Err:    0.24 m/s
[Solver Step 028000] t= 6.618 | Pos Err:    0.01 km | Vel Err:    0.00 m/s
[Solver Step 029000] t= 6.847 | Pos Err:    0.04 km | Vel Err:    0.00 m/s
Completed [TRANSFER] Trajectory 51/600 | Saved 2399 samples | Total: 77870
[Multiple Shooting] Converged in 3 iterations with residual 5.46e-15
[Solver Step 001000] t= 0.402 | Pos Err:    2.04 km | Vel Err:    0.05 m/s
[Solver Step 002000] t= 0.792 | Pos Err:    3.37 km | Vel Err:    0.06 m/s
[Solver Step 003000] t= 1.172 | Pos Err:    2.63 km | Vel Err:    0.04 m/s
[Solver Step 004000] t= 1.554 | Pos Err:    5.90 km | Vel Err:    0.11 m/s
[Solver Step 005000] t= 1.947 | Pos Err:    2.17 km | Vel Err:    0.05 m/s
[Solver Step 006000] t= 2.335 | Pos Err:    9.20 km | Vel Err:    0.20 m/s
Completed [DRO] Trajectory 52/600 | Saved 534 samples | Total: 78404
[Multiple Shooting] Converged in 5 iterations with residual 9.54e-15
[Solver Step 001000] t= 0.340 | Pos Err:    7.13 km | Vel Err:    0.14 m/s
[Solver Step 002000] t= 0.690 | Pos Err:   66.89 km | Vel Err:    1.46 m/s
[Solver Step 003000] t= 1.028 | Pos Err:   30.37 km | Vel Err:    0.63 m/s
[Solver Step 004000] t= 1.397 | Pos Err:    5.20 km | Vel Err:    0.04 m/s
[Solver Step 005000] t= 1.745 | Pos Err:   23.48 km | Vel Err:    0.44 m/s
[Solver Step 006000] t= 2.084 | Pos Err:   47.07 km | Vel Err:    0.96 m/s
[Solver Step 007000] t= 2.450 | Pos Err:  181.81 km | Vel Err:    3.96 m/s
Completed [DRO] Trajectory 53/600 | Saved 602 samples | Total: 79006
[Multiple Shooting] Converged in 2 iterations with residual 4.57e-12
[Solver Step 001000] t= 0.433 | Pos Err:    0.44 km | Vel Err:    0.01 m/s
[Solver Step 002000] t= 0.921 | Pos Err:    0.28 km | Vel Err:    0.00 m/s
[Solver Step 003000] t= 1.420 | Pos Err:    1.92 km | Vel Err:    0.04 m/s
[Solver Step 004000] t= 1.818 | Pos Err:   28.00 km | Vel Err:    0.59 m/s
[Solver Step 005000] t= 2.191 | Pos Err:  110.89 km | Vel Err:    2.13 m/s
[Solver Step 006000] t= 2.657 | Pos Err:    4.68 km | Vel Err:    0.09 m/s
[Solver Step 007000] t= 3.121 | Pos Err:   10.41 km | Vel Err:    0.25 m/s
Completed [HALO_L1] Trajectory 54/600 | Saved 587 samples | Total: 79593
[Multiple Shooting] Converged in 2 iterations with residual 1.24e-15
[Solver Step 001000] t= 0.478 | Pos Err:    0.26 km | Vel Err:    0.01 m/s
[Solver Step 002000] t= 0.947 | Pos Err:    0.25 km | Vel Err:    0.00 m/s
[Solver Step 003000] t= 1.495 | Pos Err:    0.16 km | Vel Err:    0.01 m/s
[Solver Step 004000] t= 2.072 | Pos Err:    0.10 km | Vel Err:    0.00 m/s
[Solver Step 005000] t= 2.490 | Pos Err:    0.24 km | Vel Err:    0.00 m/s
[Solver Step 006000] t= 2.959 | Pos Err:    0.31 km | Vel Err:    0.02 m/s
Completed [HALO_L2] Trajectory 55/600 | Saved 529 samples | Total: 80122
[Solver Step 001000] t= 0.218 | Pos Err:   25.42 km | Vel Err:    0.67 m/s
[Solver Step 002000] t= 0.470 | Pos Err:    3.24 km | Vel Err:    0.07 m/s
[Solver Step 003000] t= 0.713 | Pos Err:    0.39 km | Vel Err:    0.02 m/s
[Solver Step 004000] t= 0.928 | Pos Err:    0.03 km | Vel Err:    0.01 m/s
[Solver Step 005000] t= 1.176 | Pos Err:    0.03 km | Vel Err:    0.00 m/s
[Solver Step 006000] t= 1.431 | Pos Err:    0.10 km | Vel Err:    0.04 m/s
[Solver Step 007000] t= 1.663 | Pos Err:    0.10 km | Vel Err:    0.00 m/s
[Solver Step 008000] t= 1.877 | Pos Err:    0.07 km | Vel Err:    0.00 m/s
[Solver Step 009000] t= 2.135 | Pos Err:    0.18 km | Vel Err:    0.09 m/s
[Solver Step 010000] t= 2.378 | Pos Err:    0.11 km | Vel Err:    0.00 m/s
[Solver Step 011000] t= 2.592 | Pos Err:    0.09 km | Vel Err:    0.00 m/s
[Solver Step 012000] t= 2.838 | Pos Err:    0.93 km | Vel Err:    0.80 m/s
[Solver Step 013000] t= 3.094 | Pos Err:    0.12 km | Vel Err:    0.00 m/s
[Solver Step 014000] t= 3.315 | Pos Err:    0.09 km | Vel Err:    0.00 m/s
[Solver Step 015000] t= 3.536 | Pos Err:    0.62 km | Vel Err:    0.53 m/s
[Solver Step 016000] t= 3.797 | Pos Err:    0.12 km | Vel Err:    0.00 m/s
[Solver Step 017000] t= 4.040 | Pos Err:    0.09 km | Vel Err:    0.00 m/s
[Solver Step 018000] t= 4.248 | Pos Err:    0.29 km | Vel Err:    0.21 m/s
[Solver Step 019000] t= 4.498 | Pos Err:    0.08 km | Vel Err:    0.02 m/s
[Solver Step 020000] t= 4.753 | Pos Err:    0.08 km | Vel Err:    0.00 m/s
[Solver Step 021000] t= 4.971 | Pos Err:    0.06 km | Vel Err:    0.11 m/s
[Solver Step 022000] t= 5.190 | Pos Err:    0.09 km | Vel Err:    0.01 m/s
[Solver Step 023000] t= 5.456 | Pos Err:    0.07 km | Vel Err:    0.00 m/s
[Solver Step 024000] t= 5.699 | Pos Err:    0.09 km | Vel Err:    0.12 m/s
[Solver Step 025000] t= 5.906 | Pos Err:    0.06 km | Vel Err:    0.00 m/s
[Solver Step 026000] t= 6.159 | Pos Err:    0.06 km | Vel Err:    0.00 m/s
[Solver Step 027000] t= 6.414 | Pos Err:    0.26 km | Vel Err:    0.24 m/s
[Solver Step 028000] t= 6.627 | Pos Err:    0.06 km | Vel Err:    0.00 m/s
[Solver Step 029000] t= 6.851 | Pos Err:    0.05 km | Vel Err:    0.00 m/s
Completed [TRANSFER] Trajectory 56/600 | Saved 2399 samples | Total: 82521
[Solver Step 001000] t= 0.215 | Pos Err:   26.05 km | Vel Err:    0.64 m/s
[Solver Step 002000] t= 0.468 | Pos Err:    3.24 km | Vel Err:    0.05 m/s
[Solver Step 003000] t= 0.711 | Pos Err:    0.38 km | Vel Err:    0.04 m/s
[Solver Step 004000] t= 0.924 | Pos Err:    0.03 km | Vel Err:    0.01 m/s
[Solver Step 005000] t= 1.174 | Pos Err:    0.03 km | Vel Err:    0.00 m/s
[Solver Step 006000] t= 1.429 | Pos Err:    0.12 km | Vel Err:    0.05 m/s
[Solver Step 007000] t= 1.658 | Pos Err:    0.10 km | Vel Err:    0.00 m/s
[Solver Step 008000] t= 1.873 | Pos Err:    0.07 km | Vel Err:    0.00 m/s
[Solver Step 009000] t= 2.133 | Pos Err:    0.26 km | Vel Err:    0.16 m/s
[Solver Step 010000] t= 2.374 | Pos Err:    0.11 km | Vel Err:    0.00 m/s
[Solver Step 011000] t= 2.586 | Pos Err:    0.09 km | Vel Err:    0.00 m/s
[Solver Step 012000] t= 2.835 | Pos Err:    1.30 km | Vel Err:    1.07 m/s
[Solver Step 013000] t= 3.090 | Pos Err:    0.12 km | Vel Err:    0.00 m/s
[Solver Step 014000] t= 3.309 | Pos Err:    0.09 km | Vel Err:    0.00 m/s
[Solver Step 015000] t= 3.532 | Pos Err:    0.66 km | Vel Err:    0.57 m/s
[Solver Step 016000] t= 3.794 | Pos Err:    0.11 km | Vel Err:    0.00 m/s
[Solver Step 017000] t= 4.035 | Pos Err:    0.09 km | Vel Err:    0.00 m/s
[Solver Step 018000] t= 4.242 | Pos Err:    0.30 km | Vel Err:    0.23 m/s
[Solver Step 019000] t= 4.495 | Pos Err:    0.08 km | Vel Err:    0.02 m/s
[Solver Step 020000] t= 4.748 | Pos Err:    0.06 km | Vel Err:    0.00 m/s
[Solver Step 021000] t= 4.965 | Pos Err:    0.08 km | Vel Err:    0.11 m/s
[Solver Step 022000] t= 5.187 | Pos Err:    0.08 km | Vel Err:    0.01 m/s
[Solver Step 023000] t= 5.453 | Pos Err:    0.05 km | Vel Err:    0.00 m/s
[Solver Step 024000] t= 5.694 | Pos Err:    0.10 km | Vel Err:    0.12 m/s
[Solver Step 025000] t= 5.901 | Pos Err:    0.06 km | Vel Err:    0.00 m/s
[Solver Step 026000] t= 6.156 | Pos Err:    0.05 km | Vel Err:    0.00 m/s
[Solver Step 027000] t= 6.409 | Pos Err:    0.26 km | Vel Err:    0.24 m/s
[Solver Step 028000] t= 6.620 | Pos Err:    0.06 km | Vel Err:    0.00 m/s
[Solver Step 029000] t= 6.848 | Pos Err:    0.04 km | Vel Err:    0.00 m/s
Completed [TRANSFER] Trajectory 57/600 | Saved 2399 samples | Total: 84920
[Multiple Shooting] Converged in 2 iterations with residual 7.46e-14
[Solver Step 001000] t= 0.465 | Pos Err:    0.07 km | Vel Err:    0.00 m/s
[Solver Step 002000] t= 0.946 | Pos Err:    0.29 km | Vel Err:    0.01 m/s
[Solver Step 003000] t= 1.343 | Pos Err:    0.31 km | Vel Err:    0.01 m/s
[Solver Step 004000] t= 1.813 | Pos Err:    0.25 km | Vel Err:    0.00 m/s
[Solver Step 005000] t= 2.211 | Pos Err:    0.41 km | Vel Err:    0.01 m/s
[Solver Step 006000] t= 2.690 | Pos Err:    0.51 km | Vel Err:    0.03 m/s
Completed [HALO_L2] Trajectory 58/600 | Saved 568 samples | Total: 85488
[Solver Step 001000] t= 0.412 | Pos Err:    4.09 km | Vel Err:    0.10 m/s
[Solver Step 002000] t= 0.816 | Pos Err:    0.06 km | Vel Err:    0.00 m/s
[Solver Step 003000] t= 1.258 | Pos Err:    0.08 km | Vel Err:    0.01 m/s
[Solver Step 004000] t= 1.605 | Pos Err:    0.05 km | Vel Err:    0.00 m/s
[Solver Step 005000] t= 1.990 | Pos Err:    0.06 km | Vel Err:    0.00 m/s
[Solver Step 006000] t= 2.443 | Pos Err:    0.11 km | Vel Err:    0.02 m/s
[Solver Step 007000] t= 2.844 | Pos Err:    0.12 km | Vel Err:    0.00 m/s
[Solver Step 008000] t= 3.243 | Pos Err:    0.12 km | Vel Err:    0.00 m/s
[Solver Step 009000] t= 3.617 | Pos Err:    0.16 km | Vel Err:    0.08 m/s
[Solver Step 010000] t= 4.031 | Pos Err:    0.02 km | Vel Err:    0.00 m/s
[Solver Step 011000] t= 4.450 | Pos Err:    0.05 km | Vel Err:    0.00 m/s
[Solver Step 012000] t= 4.893 | Pos Err:    0.06 km | Vel Err:    0.04 m/s
[Solver Step 013000] t= 5.231 | Pos Err:    0.09 km | Vel Err:    0.00 m/s
[Solver Step 014000] t= 5.629 | Pos Err:    0.11 km | Vel Err:    0.00 m/s
[Solver Step 015000] t= 6.108 | Pos Err:    0.07 km | Vel Err:    0.02 m/s
[Solver Step 016000] t= 6.494 | Pos Err:    0.05 km | Vel Err:    0.00 m/s
[Solver Step 017000] t= 6.922 | Pos Err:    0.02 km | Vel Err:    0.00 m/s
[Solver Step 018000] t= 7.266 | Pos Err:    0.06 km | Vel Err:    0.10 m/s
[Solver Step 019000] t= 7.686 | Pos Err:    0.12 km | Vel Err:    0.00 m/s
[Solver Step 020000] t= 8.166 | Pos Err:    0.12 km | Vel Err:    0.00 m/s
[Solver Step 021000] t= 8.551 | Pos Err:    0.10 km | Vel Err:    0.03 m/s
[Solver Step 022000] t= 8.921 | Pos Err:    0.08 km | Vel Err:    0.00 m/s
[Solver Step 023000] t= 9.312 | Pos Err:    0.03 km | Vel Err:    0.00 m/s
[Solver Step 024000] t= 9.770 | Pos Err:    0.08 km | Vel Err:    0.03 m/s
[Solver Step 025000] t=10.172 | Pos Err:    0.10 km | Vel Err:    0.00 m/s
[Solver Step 026000] t=10.572 | Pos Err:    0.11 km | Vel Err:    0.00 m/s
[Solver Step 027000] t=10.931 | Pos Err:    0.18 km | Vel Err:    0.09 m/s
[Solver Step 028000] t=11.351 | Pos Err:    0.04 km | Vel Err:    0.00 m/s
[Solver Step 029000] t=11.806 | Pos Err:    0.02 km | Vel Err:    0.00 m/s
[Solver Step 030000] t=12.176 | Pos Err:    0.03 km | Vel Err:    0.03 m/s
[Solver Step 031000] t=12.566 | Pos Err:    0.07 km | Vel Err:    0.00 m/s
Completed [EARTH_ORBIT] Trajectory 59/600 | Saved 2584 samples | Total: 88072
[Solver Step 001000] t= 0.413 | Pos Err:    0.58 km | Vel Err:    0.01 m/s
[Solver Step 002000] t= 0.788 | Pos Err:    0.05 km | Vel Err:    0.00 m/s
[Solver Step 003000] t= 1.097 | Pos Err:    0.01 km | Vel Err:    0.04 m/s
[Solver Step 004000] t= 1.547 | Pos Err:    0.06 km | Vel Err:    0.00 m/s
[Solver Step 005000] t= 2.099 | Pos Err:    0.06 km | Vel Err:    0.00 m/s
[Solver Step 006000] t= 2.512 | Pos Err:    0.06 km | Vel Err:    0.01 m/s
[Solver Step 007000] t= 3.012 | Pos Err:    0.06 km | Vel Err:    0.00 m/s
[Solver Step 008000] t= 3.564 | Pos Err:    0.06 km | Vel Err:    0.00 m/s
[Solver Step 009000] t= 4.055 | Pos Err:    0.06 km | Vel Err:    0.01 m/s
[Solver Step 010000] t= 4.456 | Pos Err:    0.06 km | Vel Err:    0.00 m/s
[Solver Step 011000] t= 4.993 | Pos Err:    0.06 km | Vel Err:    0.00 m/s
[Solver Step 012000] t= 5.581 | Pos Err:    0.05 km | Vel Err:    0.05 m/s
[Solver Step 013000] t= 6.064 | Pos Err:    0.06 km | Vel Err:    0.00 m/s
[Solver Step 014000] t= 6.465 | Pos Err:    0.06 km | Vel Err:    0.00 m/s
[Solver Step 015000] t= 7.021 | Pos Err:    0.03 km | Vel Err:    0.08 m/s
Completed [MOON_ORBIT] Trajectory 60/600 | Saved 1315 samples | Total: 89387
[Multiple Shooting] Converged in 7 iterations with residual 2.06e-14
[Solver Step 001000] t= 0.308 | Pos Err:  556.79 km | Vel Err:   11.73 m/s
[Solver Step 002000] t= 0.641 | Pos Err:  314.14 km | Vel Err:    5.88 m/s
[Solver Step 003000] t= 0.969 | Pos Err:  525.81 km | Vel Err:   10.30 m/s
[Solver Step 004000] t= 1.332 | Pos Err:  643.36 km | Vel Err:   13.14 m/s
[Solver Step 005000] t= 1.662 | Pos Err:  771.79 km | Vel Err:   12.93 m/s
[Solver Step 006000] t= 2.010 | Pos Err:  401.00 km | Vel Err:    5.92 m/s
[Solver Step 007000] t= 2.331 | Pos Err:  561.79 km | Vel Err:   13.07 m/s
Completed [DRO] Trajectory 61/600 | Saved 627 samples | Total: 90014
[Multiple Shooting] Converged in 2 iterations with residual 8.20e-12
[Solver Step 001000] t= 0.426 | Pos Err:    0.20 km | Vel Err:    0.00 m/s
[Solver Step 002000] t= 0.931 | Pos Err:    1.32 km | Vel Err:    0.03 m/s
[Solver Step 003000] t= 1.414 | Pos Err:    8.95 km | Vel Err:    0.19 m/s
[Solver Step 004000] t= 1.745 | Pos Err:   80.27 km | Vel Err:    1.58 m/s
[Solver Step 005000] t= 2.236 | Pos Err:    2.38 km | Vel Err:    0.06 m/s
[Solver Step 006000] t= 2.685 | Pos Err:    1.40 km | Vel Err:    0.03 m/s
[Solver Step 007000] t= 3.080 | Pos Err:    8.31 km | Vel Err:    0.19 m/s
Completed [HALO_L1] Trajectory 62/600 | Saved 595 samples | Total: 90609
[Multiple Shooting] Converged in 2 iterations with residual 1.89e-14
[Solver Step 001000] t= 0.465 | Pos Err:    0.22 km | Vel Err:    0.01 m/s
[Solver Step 002000] t= 0.964 | Pos Err:    0.14 km | Vel Err:    0.00 m/s
[Solver Step 003000] t= 1.359 | Pos Err:    0.14 km | Vel Err:    0.00 m/s
[Solver Step 004000] t= 1.816 | Pos Err:    0.08 km | Vel Err:    0.00 m/s
[Solver Step 005000] t= 2.220 | Pos Err:    0.27 km | Vel Err:    0.01 m/s
[Solver Step 006000] t= 2.733 | Pos Err:    0.19 km | Vel Err:    0.03 m/s
Completed [HALO_L2] Trajectory 63/600 | Saved 563 samples | Total: 91172
[Solver Step 001000] t= 0.413 | Pos Err:    2.59 km | Vel Err:    0.06 m/s
[Solver Step 002000] t= 0.818 | Pos Err:    0.04 km | Vel Err:    0.00 m/s
[Solver Step 003000] t= 1.259 | Pos Err:    0.08 km | Vel Err:    0.01 m/s
[Solver Step 004000] t= 1.606 | Pos Err:    0.06 km | Vel Err:    0.00 m/s
[Solver Step 005000] t= 1.992 | Pos Err:    0.04 km | Vel Err:    0.00 m/s
[Solver Step 006000] t= 2.444 | Pos Err:    0.08 km | Vel Err:    0.02 m/s
[Solver Step 007000] t= 2.846 | Pos Err:    0.09 km | Vel Err:    0.00 m/s
[Solver Step 008000] t= 3.243 | Pos Err:    0.09 km | Vel Err:    0.00 m/s
[Solver Step 009000] t= 3.618 | Pos Err:    0.14 km | Vel Err:    0.08 m/s
[Solver Step 010000] t= 4.032 | Pos Err:    0.02 km | Vel Err:    0.00 m/s
[Solver Step 011000] t= 4.451 | Pos Err:    0.03 km | Vel Err:    0.00 m/s
[Solver Step 012000] t= 4.894 | Pos Err:    0.03 km | Vel Err:    0.04 m/s
[Solver Step 013000] t= 5.232 | Pos Err:    0.07 km | Vel Err:    0.00 m/s
[Solver Step 014000] t= 5.630 | Pos Err:    0.09 km | Vel Err:    0.00 m/s
[Solver Step 015000] t= 6.109 | Pos Err:    0.07 km | Vel Err:    0.02 m/s
[Solver Step 016000] t= 6.496 | Pos Err:    0.06 km | Vel Err:    0.00 m/s
[Solver Step 017000] t= 6.923 | Pos Err:    0.04 km | Vel Err:    0.00 m/s
[Solver Step 018000] t= 7.267 | Pos Err:    0.09 km | Vel Err:    0.10 m/s
[Solver Step 019000] t= 7.687 | Pos Err:    0.09 km | Vel Err:    0.00 m/s
[Solver Step 020000] t= 8.167 | Pos Err:    0.10 km | Vel Err:    0.00 m/s
[Solver Step 021000] t= 8.552 | Pos Err:    0.08 km | Vel Err:    0.03 m/s
[Solver Step 022000] t= 8.922 | Pos Err:    0.08 km | Vel Err:    0.00 m/s
[Solver Step 023000] t= 9.314 | Pos Err:    0.02 km | Vel Err:    0.00 m/s
[Solver Step 024000] t= 9.772 | Pos Err:    0.05 km | Vel Err:    0.03 m/s
[Solver Step 025000] t=10.173 | Pos Err:    0.07 km | Vel Err:    0.00 m/s
[Solver Step 026000] t=10.573 | Pos Err:    0.08 km | Vel Err:    0.00 m/s
[Solver Step 027000] t=10.932 | Pos Err:    0.16 km | Vel Err:    0.09 m/s
[Solver Step 028000] t=11.352 | Pos Err:    0.05 km | Vel Err:    0.00 m/s
[Solver Step 029000] t=11.808 | Pos Err:    0.03 km | Vel Err:    0.00 m/s
[Solver Step 030000] t=12.177 | Pos Err:    0.02 km | Vel Err:    0.03 m/s
Completed [EARTH_ORBIT] Trajectory 64/600 | Saved 2583 samples | Total: 93755
[Multiple Shooting] Converged in 2 iterations with residual 2.65e-12
[Solver Step 001000] t= 0.416 | Pos Err:    0.65 km | Vel Err:    0.01 m/s
[Solver Step 002000] t= 0.919 | Pos Err:    6.03 km | Vel Err:    0.12 m/s
[Solver Step 003000] t= 1.343 | Pos Err:   95.67 km | Vel Err:    2.09 m/s
[Solver Step 004000] t= 1.749 | Pos Err:   75.15 km | Vel Err:    1.62 m/s
[Solver Step 005000] t= 2.240 | Pos Err:    0.95 km | Vel Err:    0.02 m/s
[Solver Step 006000] t= 2.632 | Pos Err:    0.11 km | Vel Err:    0.01 m/s
[Solver Step 007000] t= 3.092 | Pos Err:    8.37 km | Vel Err:    0.20 m/s
Completed [HALO_L1] Trajectory 65/600 | Saved 592 samples | Total: 94347
[Solver Step 001000] t= 0.418 | Pos Err:    0.16 km | Vel Err:    0.00 m/s
[Solver Step 002000] t= 0.792 | Pos Err:    0.06 km | Vel Err:    0.00 m/s
[Solver Step 003000] t= 1.101 | Pos Err:    0.01 km | Vel Err:    0.04 m/s
[Solver Step 004000] t= 1.553 | Pos Err:    0.05 km | Vel Err:    0.00 m/s
[Solver Step 005000] t= 2.104 | Pos Err:    0.05 km | Vel Err:    0.00 m/s
[Solver Step 006000] t= 2.517 | Pos Err:    0.05 km | Vel Err:    0.01 m/s
[Solver Step 007000] t= 3.017 | Pos Err:    0.05 km | Vel Err:    0.00 m/s
[Solver Step 008000] t= 3.570 | Pos Err:    0.05 km | Vel Err:    0.00 m/s
[Solver Step 009000] t= 4.059 | Pos Err:    0.05 km | Vel Err:    0.01 m/s
[Solver Step 010000] t= 4.461 | Pos Err:    0.05 km | Vel Err:    0.00 m/s
[Solver Step 011000] t= 4.999 | Pos Err:    0.05 km | Vel Err:    0.00 m/s
[Solver Step 012000] t= 5.586 | Pos Err:    0.04 km | Vel Err:    0.05 m/s
[Solver Step 013000] t= 6.068 | Pos Err:    0.06 km | Vel Err:    0.00 m/s
[Solver Step 014000] t= 6.470 | Pos Err:    0.06 km | Vel Err:    0.00 m/s
[Solver Step 015000] t= 7.027 | Pos Err:    0.03 km | Vel Err:    0.08 m/s
Completed [MOON_ORBIT] Trajectory 66/600 | Saved 1313 samples | Total: 95660
[Multiple Shooting] Converged in 2 iterations with residual 1.50e-15
[Solver Step 001000] t= 0.497 | Pos Err:    0.18 km | Vel Err:    0.00 m/s
[Solver Step 002000] t= 0.947 | Pos Err:    0.26 km | Vel Err:    0.01 m/s
[Solver Step 003000] t= 1.472 | Pos Err:    0.15 km | Vel Err:    0.01 m/s
[Solver Step 004000] t= 2.049 | Pos Err:    0.33 km | Vel Err:    0.01 m/s
[Solver Step 005000] t= 2.520 | Pos Err:    0.31 km | Vel Err:    0.01 m/s
[Solver Step 006000] t= 2.943 | Pos Err:    1.02 km | Vel Err:    0.02 m/s
Completed [HALO_L2] Trajectory 67/600 | Saved 533 samples | Total: 96193
[Solver Step 001000] t= 0.217 | Pos Err:   16.41 km | Vel Err:    0.44 m/s
[Solver Step 002000] t= 0.471 | Pos Err:    2.03 km | Vel Err:    0.06 m/s
[Solver Step 003000] t= 0.713 | Pos Err:    0.26 km | Vel Err:    0.03 m/s
[Solver Step 004000] t= 0.932 | Pos Err:    0.03 km | Vel Err:    0.00 m/s
[Solver Step 005000] t= 1.178 | Pos Err:    0.07 km | Vel Err:    0.00 m/s
[Solver Step 006000] t= 1.431 | Pos Err:    0.06 km | Vel Err:    0.05 m/s
[Solver Step 007000] t= 1.664 | Pos Err:    0.05 km | Vel Err:    0.00 m/s
[Solver Step 008000] t= 1.879 | Pos Err:    0.06 km | Vel Err:    0.00 m/s
[Solver Step 009000] t= 2.135 | Pos Err:    0.16 km | Vel Err:    0.14 m/s
[Solver Step 010000] t= 2.380 | Pos Err:    0.04 km | Vel Err:    0.00 m/s
[Solver Step 011000] t= 2.592 | Pos Err:    0.03 km | Vel Err:    0.00 m/s
[Solver Step 012000] t= 2.838 | Pos Err:    1.03 km | Vel Err:    0.80 m/s
[Solver Step 013000] t= 3.094 | Pos Err:    0.03 km | Vel Err:    0.00 m/s
[Solver Step 014000] t= 3.315 | Pos Err:    0.02 km | Vel Err:    0.00 m/s
[Solver Step 015000] t= 3.536 | Pos Err:    0.74 km | Vel Err:    0.53 m/s
[Solver Step 016000] t= 3.797 | Pos Err:    0.02 km | Vel Err:    0.00 m/s
[Solver Step 017000] t= 4.038 | Pos Err:    0.03 km | Vel Err:    0.00 m/s
[Solver Step 018000] t= 4.248 | Pos Err:    0.39 km | Vel Err:    0.21 m/s
[Solver Step 019000] t= 4.498 | Pos Err:    0.03 km | Vel Err:    0.02 m/s
[Solver Step 020000] t= 4.753 | Pos Err:    0.05 km | Vel Err:    0.00 m/s
[Solver Step 021000] t= 4.971 | Pos Err:    0.16 km | Vel Err:    0.11 m/s
[Solver Step 022000] t= 5.190 | Pos Err:    0.03 km | Vel Err:    0.01 m/s
[Solver Step 023000] t= 5.456 | Pos Err:    0.06 km | Vel Err:    0.00 m/s
[Solver Step 024000] t= 5.699 | Pos Err:    0.12 km | Vel Err:    0.12 m/s
[Solver Step 025000] t= 5.906 | Pos Err:    0.05 km | Vel Err:    0.00 m/s
[Solver Step 026000] t= 6.159 | Pos Err:    0.06 km | Vel Err:    0.00 m/s
[Solver Step 027000] t= 6.414 | Pos Err:    0.23 km | Vel Err:    0.24 m/s
[Solver Step 028000] t= 6.627 | Pos Err:    0.07 km | Vel Err:    0.00 m/s
[Solver Step 029000] t= 6.851 | Pos Err:    0.08 km | Vel Err:    0.00 m/s
Completed [TRANSFER] Trajectory 68/600 | Saved 2399 samples | Total: 98592
[Multiple Shooting] Converged in 4 iterations with residual 3.17e-15
[Solver Step 001000] t= 0.372 | Pos Err:    2.92 km | Vel Err:    0.07 m/s
[Solver Step 002000] t= 0.746 | Pos Err:   13.09 km | Vel Err:    0.24 m/s
[Solver Step 003000] t= 1.110 | Pos Err:    2.47 km | Vel Err:    0.05 m/s
[Solver Step 004000] t= 1.473 | Pos Err:    8.90 km | Vel Err:    0.17 m/s
[Solver Step 005000] t= 1.853 | Pos Err:    0.82 km | Vel Err:    0.01 m/s
[Solver Step 006000] t= 2.231 | Pos Err:    9.61 km | Vel Err:    0.19 m/s
Completed [DRO] Trajectory 69/600 | Saved 560 samples | Total: 99152
[Multiple Shooting] Converged in 3 iterations with residual 1.04e-14
[Solver Step 001000] t= 0.402 | Pos Err:    6.67 km | Vel Err:    0.15 m/s
[Solver Step 002000] t= 0.792 | Pos Err:    3.86 km | Vel Err:    0.07 m/s
[Solver Step 003000] t= 1.172 | Pos Err:    2.11 km | Vel Err:    0.04 m/s
[Solver Step 004000] t= 1.554 | Pos Err:    6.37 km | Vel Err:    0.12 m/s
[Solver Step 005000] t= 1.947 | Pos Err:    1.94 km | Vel Err:    0.04 m/s
[Solver Step 006000] t= 2.335 | Pos Err:   11.01 km | Vel Err:    0.24 m/s
Completed [DRO] Trajectory 70/600 | Saved 534 samples | Total: 99686
[Multiple Shooting] Converged in 2 iterations with residual 1.26e-11
[Solver Step 001000] t= 0.429 | Pos Err:    0.44 km | Vel Err:    0.01 m/s
[Solver Step 002000] t= 0.925 | Pos Err:    0.46 km | Vel Err:    0.01 m/s
[Solver Step 003000] t= 1.425 | Pos Err:    2.98 km | Vel Err:    0.06 m/s
[Solver Step 004000] t= 1.801 | Pos Err:   48.73 km | Vel Err:    1.06 m/s
[Solver Step 005000] t= 2.204 | Pos Err:   57.25 km | Vel Err:    1.18 m/s
[Solver Step 006000] t= 2.670 | Pos Err:    3.52 km | Vel Err:    0.07 m/s
[Solver Step 007000] t= 3.116 | Pos Err:    9.33 km | Vel Err:    0.22 m/s
Completed [HALO_L1] Trajectory 71/600 | Saved 589 samples | Total: 100275
[Solver Step 001000] t= 0.215 | Pos Err:   10.87 km | Vel Err:    0.21 m/s
[Solver Step 002000] t= 0.468 | Pos Err:    1.23 km | Vel Err:    0.02 m/s
[Solver Step 003000] t= 0.712 | Pos Err:    0.20 km | Vel Err:    0.04 m/s
[Solver Step 004000] t= 0.926 | Pos Err:    0.03 km | Vel Err:    0.00 m/s
[Solver Step 005000] t= 1.176 | Pos Err:    0.05 km | Vel Err:    0.00 m/s
[Solver Step 006000] t= 1.429 | Pos Err:    0.03 km | Vel Err:    0.03 m/s
[Solver Step 007000] t= 1.658 | Pos Err:    0.02 km | Vel Err:    0.00 m/s
[Solver Step 008000] t= 1.873 | Pos Err:    0.03 km | Vel Err:    0.00 m/s
[Solver Step 009000] t= 2.133 | Pos Err:    0.18 km | Vel Err:    0.15 m/s
[Solver Step 010000] t= 2.374 | Pos Err:    0.03 km | Vel Err:    0.00 m/s
[Solver Step 011000] t= 2.586 | Pos Err:    0.02 km | Vel Err:    0.00 m/s
[Solver Step 012000] t= 2.835 | Pos Err:    1.31 km | Vel Err:    1.06 m/s
[Solver Step 013000] t= 3.090 | Pos Err:    0.04 km | Vel Err:    0.00 m/s
[Solver Step 014000] t= 3.309 | Pos Err:    0.05 km | Vel Err:    0.00 m/s
[Solver Step 015000] t= 3.532 | Pos Err:    0.76 km | Vel Err:    0.57 m/s
[Solver Step 016000] t= 3.794 | Pos Err:    0.04 km | Vel Err:    0.01 m/s
[Solver Step 017000] t= 4.035 | Pos Err:    0.06 km | Vel Err:    0.00 m/s
[Solver Step 018000] t= 4.242 | Pos Err:    0.39 km | Vel Err:    0.23 m/s
[Solver Step 019000] t= 4.494 | Pos Err:    0.04 km | Vel Err:    0.02 m/s
[Solver Step 020000] t= 4.747 | Pos Err:    0.07 km | Vel Err:    0.00 m/s
[Solver Step 021000] t= 4.963 | Pos Err:    0.16 km | Vel Err:    0.11 m/s
[Solver Step 022000] t= 5.186 | Pos Err:    0.06 km | Vel Err:    0.01 m/s
[Solver Step 023000] t= 5.451 | Pos Err:    0.08 km | Vel Err:    0.00 m/s
[Solver Step 024000] t= 5.693 | Pos Err:    0.07 km | Vel Err:    0.11 m/s
[Solver Step 025000] t= 5.901 | Pos Err:    0.04 km | Vel Err:    0.00 m/s
[Solver Step 026000] t= 6.156 | Pos Err:    0.06 km | Vel Err:    0.00 m/s
[Solver Step 027000] t= 6.409 | Pos Err:    0.19 km | Vel Err:    0.24 m/s
[Solver Step 028000] t= 6.620 | Pos Err:    0.03 km | Vel Err:    0.00 m/s
[Solver Step 029000] t= 6.848 | Pos Err:    0.06 km | Vel Err:    0.00 m/s
Completed [TRANSFER] Trajectory 72/600 | Saved 2399 samples | Total: 102674
[Multiple Shooting] Converged in 15 iterations with residual 1.70e-13
[Solver Step 001000] t= 0.478 | Pos Err:   55.90 km | Vel Err:    1.45 m/s
[Solver Step 002000] t= 0.901 | Pos Err:    0.49 km | Vel Err:    0.05 m/s
[Solver Step 003000] t= 1.384 | Pos Err:    1.94 km | Vel Err:    0.03 m/s
[Solver Step 004000] t= 1.795 | Pos Err:    2.96 km | Vel Err:    0.03 m/s
[Solver Step 005000] t= 2.269 | Pos Err:   35.84 km | Vel Err:    0.62 m/s
Completed [DRO] Trajectory 73/600 | Saved 463 samples | Total: 103137
[Solver Step 001000] t= 0.219 | Pos Err:   22.57 km | Vel Err:    0.61 m/s
[Solver Step 002000] t= 0.471 | Pos Err:    2.94 km | Vel Err:    0.08 m/s
[Solver Step 003000] t= 0.713 | Pos Err:    0.41 km | Vel Err:    0.01 m/s
[Solver Step 004000] t= 0.930 | Pos Err:    0.03 km | Vel Err:    0.01 m/s
[Solver Step 005000] t= 1.177 | Pos Err:    0.02 km | Vel Err:    0.00 m/s
[Solver Step 006000] t= 1.430 | Pos Err:    0.08 km | Vel Err:    0.03 m/s
[Solver Step 007000] t= 1.661 | Pos Err:    0.08 km | Vel Err:    0.00 m/s
[Solver Step 008000] t= 1.875 | Pos Err:    0.06 km | Vel Err:    0.00 m/s
[Solver Step 009000] t= 2.134 | Pos Err:    0.16 km | Vel Err:    0.08 m/s
[Solver Step 010000] t= 2.378 | Pos Err:    0.10 km | Vel Err:    0.00 m/s
[Solver Step 011000] t= 2.590 | Pos Err:    0.09 km | Vel Err:    0.00 m/s
[Solver Step 012000] t= 2.837 | Pos Err:    0.88 km | Vel Err:    0.76 m/s
[Solver Step 013000] t= 3.092 | Pos Err:    0.11 km | Vel Err:    0.00 m/s
[Solver Step 014000] t= 3.313 | Pos Err:    0.10 km | Vel Err:    0.00 m/s
[Solver Step 015000] t= 3.535 | Pos Err:    0.65 km | Vel Err:    0.55 m/s
[Solver Step 016000] t= 3.796 | Pos Err:    0.11 km | Vel Err:    0.00 m/s
[Solver Step 017000] t= 4.036 | Pos Err:    0.10 km | Vel Err:    0.00 m/s
[Solver Step 018000] t= 4.246 | Pos Err:    0.31 km | Vel Err:    0.22 m/s
[Solver Step 019000] t= 4.497 | Pos Err:    0.08 km | Vel Err:    0.02 m/s
[Solver Step 020000] t= 4.751 | Pos Err:    0.09 km | Vel Err:    0.00 m/s
[Solver Step 021000] t= 4.969 | Pos Err:    0.06 km | Vel Err:    0.11 m/s
[Solver Step 022000] t= 5.189 | Pos Err:    0.09 km | Vel Err:    0.01 m/s
[Solver Step 023000] t= 5.455 | Pos Err:    0.08 km | Vel Err:    0.00 m/s
[Solver Step 024000] t= 5.698 | Pos Err:    0.06 km | Vel Err:    0.12 m/s
[Solver Step 025000] t= 5.906 | Pos Err:    0.06 km | Vel Err:    0.00 m/s
[Solver Step 026000] t= 6.159 | Pos Err:    0.08 km | Vel Err:    0.00 m/s
[Solver Step 027000] t= 6.414 | Pos Err:    0.23 km | Vel Err:    0.24 m/s
[Solver Step 028000] t= 6.627 | Pos Err:    0.04 km | Vel Err:    0.00 m/s
[Solver Step 029000] t= 6.851 | Pos Err:    0.05 km | Vel Err:    0.00 m/s
Completed [TRANSFER] Trajectory 74/600 | Saved 2398 samples | Total: 105535
[Solver Step 001000] t= 0.416 | Pos Err:    0.63 km | Vel Err:    0.01 m/s
[Solver Step 002000] t= 0.790 | Pos Err:    0.07 km | Vel Err:    0.00 m/s
[Solver Step 003000] t= 1.099 | Pos Err:    0.01 km | Vel Err:    0.04 m/s
[Solver Step 004000] t= 1.551 | Pos Err:    0.05 km | Vel Err:    0.00 m/s
[Solver Step 005000] t= 2.102 | Pos Err:    0.05 km | Vel Err:    0.00 m/s
[Solver Step 006000] t= 2.515 | Pos Err:    0.05 km | Vel Err:    0.01 m/s
[Solver Step 007000] t= 3.015 | Pos Err:    0.05 km | Vel Err:    0.00 m/s
[Solver Step 008000] t= 3.567 | Pos Err:    0.05 km | Vel Err:    0.00 m/s
[Solver Step 009000] t= 4.057 | Pos Err:    0.05 km | Vel Err:    0.01 m/s
[Solver Step 010000] t= 4.459 | Pos Err:    0.05 km | Vel Err:    0.00 m/s
[Solver Step 011000] t= 4.997 | Pos Err:    0.06 km | Vel Err:    0.00 m/s
[Solver Step 012000] t= 5.584 | Pos Err:    0.05 km | Vel Err:    0.05 m/s
[Solver Step 013000] t= 6.067 | Pos Err:    0.06 km | Vel Err:    0.00 m/s
[Solver Step 014000] t= 6.468 | Pos Err:    0.07 km | Vel Err:    0.00 m/s
[Solver Step 015000] t= 7.025 | Pos Err:    0.04 km | Vel Err:    0.08 m/s
Completed [MOON_ORBIT] Trajectory 75/600 | Saved 1314 samples | Total: 106849
[Solver Step 001000] t= 0.215 | Pos Err:   21.59 km | Vel Err:    0.51 m/s
[Solver Step 002000] t= 0.468 | Pos Err:    2.69 km | Vel Err:    0.08 m/s
[Solver Step 003000] t= 0.711 | Pos Err:    0.38 km | Vel Err:    0.05 m/s
[Solver Step 004000] t= 0.924 | Pos Err:    0.03 km | Vel Err:    0.00 m/s
[Solver Step 005000] t= 1.175 | Pos Err:    0.08 km | Vel Err:    0.00 m/s
[Solver Step 006000] t= 1.429 | Pos Err:    0.09 km | Vel Err:    0.05 m/s
[Solver Step 007000] t= 1.656 | Pos Err:    0.08 km | Vel Err:    0.00 m/s
[Solver Step 008000] t= 1.871 | Pos Err:    0.09 km | Vel Err:    0.00 m/s
[Solver Step 009000] t= 2.133 | Pos Err:    0.22 km | Vel Err:    0.19 m/s
[Solver Step 010000] t= 2.373 | Pos Err:    0.07 km | Vel Err:    0.00 m/s
[Solver Step 011000] t= 2.584 | Pos Err:    0.06 km | Vel Err:    0.00 m/s
[Solver Step 012000] t= 2.834 | Pos Err:    1.61 km | Vel Err:    1.23 m/s
[Solver Step 013000] t= 3.089 | Pos Err:    0.05 km | Vel Err:    0.00 m/s
[Solver Step 014000] t= 3.307 | Pos Err:    0.03 km | Vel Err:    0.00 m/s
[Solver Step 015000] t= 3.531 | Pos Err:    0.78 km | Vel Err:    0.58 m/s
[Solver Step 016000] t= 3.793 | Pos Err:    0.04 km | Vel Err:    0.01 m/s
[Solver Step 017000] t= 4.033 | Pos Err:    0.02 km | Vel Err:    0.00 m/s
[Solver Step 018000] t= 4.240 | Pos Err:    0.40 km | Vel Err:    0.23 m/s
[Solver Step 019000] t= 4.493 | Pos Err:    0.04 km | Vel Err:    0.02 m/s
[Solver Step 020000] t= 4.745 | Pos Err:    0.04 km | Vel Err:    0.00 m/s
[Solver Step 021000] t= 4.961 | Pos Err:    0.20 km | Vel Err:    0.12 m/s
[Solver Step 022000] t= 5.184 | Pos Err:    0.03 km | Vel Err:    0.01 m/s
[Solver Step 023000] t= 5.450 | Pos Err:    0.05 km | Vel Err:    0.00 m/s
[Solver Step 024000] t= 5.691 | Pos Err:    0.13 km | Vel Err:    0.11 m/s
[Solver Step 025000] t= 5.899 | Pos Err:    0.06 km | Vel Err:    0.01 m/s
[Solver Step 026000] t= 6.155 | Pos Err:    0.06 km | Vel Err:    0.00 m/s
[Solver Step 027000] t= 6.408 | Pos Err:    0.25 km | Vel Err:    0.24 m/s
[Solver Step 028000] t= 6.618 | Pos Err:    0.08 km | Vel Err:    0.00 m/s
[Solver Step 029000] t= 6.847 | Pos Err:    0.09 km | Vel Err:    0.00 m/s
Completed [TRANSFER] Trajectory 76/600 | Saved 2399 samples | Total: 109248
[Multiple Shooting] Converged in 2 iterations with residual 1.56e-15
[Solver Step 001000] t= 0.485 | Pos Err:    0.17 km | Vel Err:    0.00 m/s
[Solver Step 002000] t= 0.943 | Pos Err:    0.27 km | Vel Err:    0.01 m/s
[Solver Step 003000] t= 1.483 | Pos Err:    0.17 km | Vel Err:    0.01 m/s
[Solver Step 004000] t= 2.062 | Pos Err:    0.19 km | Vel Err:    0.00 m/s
[Solver Step 005000] t= 2.495 | Pos Err:    0.29 km | Vel Err:    0.01 m/s
[Solver Step 006000] t= 2.950 | Pos Err:    0.73 km | Vel Err:    0.02 m/s
Completed [HALO_L2] Trajectory 77/600 | Saved 531 samples | Total: 109779
[Multiple Shooting] Converged in 2 iterations with residual 1.41e-15
[Solver Step 001000] t= 0.482 | Pos Err:    0.18 km | Vel Err:    0.01 m/s
[Solver Step 002000] t= 0.973 | Pos Err:    0.05 km | Vel Err:    0.00 m/s
[Solver Step 003000] t= 1.429 | Pos Err:    0.21 km | Vel Err:    0.01 m/s
[Solver Step 004000] t= 1.952 | Pos Err:    0.25 km | Vel Err:    0.01 m/s
[Solver Step 005000] t= 2.510 | Pos Err:    0.41 km | Vel Err:    0.01 m/s
[Solver Step 006000] t= 2.938 | Pos Err:    1.38 km | Vel Err:    0.03 m/s
Completed [HALO_L2] Trajectory 78/600 | Saved 542 samples | Total: 110321
[Solver Step 001000] t= 0.214 | Pos Err:   21.18 km | Vel Err:    0.55 m/s
[Solver Step 002000] t= 0.469 | Pos Err:    2.57 km | Vel Err:    0.08 m/s
[Solver Step 003000] t= 0.712 | Pos Err:    0.35 km | Vel Err:    0.05 m/s
[Solver Step 004000] t= 0.928 | Pos Err:    0.03 km | Vel Err:    0.00 m/s
[Solver Step 005000] t= 1.176 | Pos Err:    0.08 km | Vel Err:    0.00 m/s
[Solver Step 006000] t= 1.429 | Pos Err:    0.08 km | Vel Err:    0.04 m/s
[Solver Step 007000] t= 1.657 | Pos Err:    0.07 km | Vel Err:    0.00 m/s
[Solver Step 008000] t= 1.874 | Pos Err:    0.08 km | Vel Err:    0.00 m/s
[Solver Step 009000] t= 2.134 | Pos Err:    0.14 km | Vel Err:    0.11 m/s
[Solver Step 010000] t= 2.378 | Pos Err:    0.06 km | Vel Err:    0.00 m/s
[Solver Step 011000] t= 2.592 | Pos Err:    0.06 km | Vel Err:    0.00 m/s
[Solver Step 012000] t= 2.838 | Pos Err:    1.05 km | Vel Err:    0.80 m/s
[Solver Step 013000] t= 3.094 | Pos Err:    0.05 km | Vel Err:    0.00 m/s
[Solver Step 014000] t= 3.313 | Pos Err:    0.03 km | Vel Err:    0.00 m/s
[Solver Step 015000] t= 3.535 | Pos Err:    0.75 km | Vel Err:    0.55 m/s
[Solver Step 016000] t= 3.796 | Pos Err:    0.04 km | Vel Err:    0.00 m/s
[Solver Step 017000] t= 4.038 | Pos Err:    0.03 km | Vel Err:    0.00 m/s
[Solver Step 018000] t= 4.246 | Pos Err:    0.39 km | Vel Err:    0.22 m/s
[Solver Step 019000] t= 4.497 | Pos Err:    0.04 km | Vel Err:    0.02 m/s
[Solver Step 020000] t= 4.751 | Pos Err:    0.05 km | Vel Err:    0.00 m/s
[Solver Step 021000] t= 4.969 | Pos Err:    0.18 km | Vel Err:    0.11 m/s
[Solver Step 022000] t= 5.189 | Pos Err:    0.03 km | Vel Err:    0.01 m/s
[Solver Step 023000] t= 5.455 | Pos Err:    0.05 km | Vel Err:    0.00 m/s
[Solver Step 024000] t= 5.698 | Pos Err:    0.13 km | Vel Err:    0.12 m/s
[Solver Step 025000] t= 5.906 | Pos Err:    0.06 km | Vel Err:    0.00 m/s
[Solver Step 026000] t= 6.159 | Pos Err:    0.06 km | Vel Err:    0.00 m/s
[Solver Step 027000] t= 6.414 | Pos Err:    0.25 km | Vel Err:    0.24 m/s
[Solver Step 028000] t= 6.627 | Pos Err:    0.08 km | Vel Err:    0.00 m/s
[Solver Step 029000] t= 6.851 | Pos Err:    0.09 km | Vel Err:    0.00 m/s
Completed [TRANSFER] Trajectory 79/600 | Saved 2399 samples | Total: 112720
[Solver Step 001000] t= 0.416 | Pos Err:    0.55 km | Vel Err:    0.01 m/s
[Solver Step 002000] t= 0.791 | Pos Err:    0.06 km | Vel Err:    0.00 m/s
[Solver Step 003000] t= 1.100 | Pos Err:    0.01 km | Vel Err:    0.04 m/s
[Solver Step 004000] t= 1.552 | Pos Err:    0.06 km | Vel Err:    0.00 m/s
[Solver Step 005000] t= 2.103 | Pos Err:    0.06 km | Vel Err:    0.00 m/s
[Solver Step 006000] t= 2.516 | Pos Err:    0.06 km | Vel Err:    0.01 m/s
[Solver Step 007000] t= 3.016 | Pos Err:    0.06 km | Vel Err:    0.00 m/s
[Solver Step 008000] t= 3.568 | Pos Err:    0.06 km | Vel Err:    0.00 m/s
[Solver Step 009000] t= 4.058 | Pos Err:    0.06 km | Vel Err:    0.01 m/s
[Solver Step 010000] t= 4.460 | Pos Err:    0.06 km | Vel Err:    0.00 m/s
[Solver Step 011000] t= 4.998 | Pos Err:    0.06 km | Vel Err:    0.00 m/s
[Solver Step 012000] t= 5.585 | Pos Err:    0.05 km | Vel Err:    0.05 m/s
[Solver Step 013000] t= 6.067 | Pos Err:    0.06 km | Vel Err:    0.00 m/s
[Solver Step 014000] t= 6.468 | Pos Err:    0.06 km | Vel Err:    0.00 m/s
[Solver Step 015000] t= 7.026 | Pos Err:    0.04 km | Vel Err:    0.08 m/s
Completed [MOON_ORBIT] Trajectory 80/600 | Saved 1314 samples | Total: 114034
[Solver Step 001000] t= 0.414 | Pos Err:    0.63 km | Vel Err:    0.01 m/s
[Solver Step 002000] t= 0.789 | Pos Err:    0.07 km | Vel Err:    0.00 m/s
[Solver Step 003000] t= 1.098 | Pos Err:    0.01 km | Vel Err:    0.04 m/s
[Solver Step 004000] t= 1.549 | Pos Err:    0.05 km | Vel Err:    0.00 m/s
[Solver Step 005000] t= 2.100 | Pos Err:    0.05 km | Vel Err:    0.00 m/s
[Solver Step 006000] t= 2.514 | Pos Err:    0.05 km | Vel Err:    0.01 m/s
[Solver Step 007000] t= 3.013 | Pos Err:    0.04 km | Vel Err:    0.00 m/s
[Solver Step 008000] t= 3.566 | Pos Err:    0.04 km | Vel Err:    0.00 m/s
[Solver Step 009000] t= 4.056 | Pos Err:    0.04 km | Vel Err:    0.01 m/s
[Solver Step 010000] t= 4.457 | Pos Err:    0.05 km | Vel Err:    0.00 m/s
[Solver Step 011000] t= 4.995 | Pos Err:    0.05 km | Vel Err:    0.00 m/s
[Solver Step 012000] t= 5.582 | Pos Err:    0.04 km | Vel Err:    0.05 m/s
[Solver Step 013000] t= 6.065 | Pos Err:    0.06 km | Vel Err:    0.00 m/s
[Solver Step 014000] t= 6.466 | Pos Err:    0.06 km | Vel Err:    0.00 m/s
[Solver Step 015000] t= 7.023 | Pos Err:    0.04 km | Vel Err:    0.08 m/s
Completed [MOON_ORBIT] Trajectory 81/600 | Saved 1314 samples | Total: 115348
[Multiple Shooting] Converged in 2 iterations with residual 1.20e-15
[Solver Step 001000] t= 0.469 | Pos Err:    0.13 km | Vel Err:    0.00 m/s
[Solver Step 002000] t= 0.962 | Pos Err:    0.15 km | Vel Err:    0.00 m/s
[Solver Step 003000] t= 1.528 | Pos Err:    0.07 km | Vel Err:    0.01 m/s
[Solver Step 004000] t= 2.092 | Pos Err:    0.16 km | Vel Err:    0.00 m/s
[Solver Step 005000] t= 2.492 | Pos Err:    0.26 km | Vel Err:    0.00 m/s
[Solver Step 006000] t= 2.984 | Pos Err:    1.23 km | Vel Err:    0.04 m/s
Completed [HALO_L2] Trajectory 82/600 | Saved 524 samples | Total: 115872
[Multiple Shooting] Converged in 2 iterations with residual 1.22e-15
[Solver Step 001000] t= 0.491 | Pos Err:    0.31 km | Vel Err:    0.01 m/s
[Solver Step 002000] t= 0.957 | Pos Err:    0.21 km | Vel Err:    0.00 m/s
[Solver Step 003000] t= 1.442 | Pos Err:    0.09 km | Vel Err:    0.01 m/s
[Solver Step 004000] t= 1.990 | Pos Err:    0.05 km | Vel Err:    0.00 m/s
[Solver Step 005000] t= 2.535 | Pos Err:    0.17 km | Vel Err:    0.00 m/s
[Solver Step 006000] t= 2.928 | Pos Err:    1.63 km | Vel Err:    0.03 m/s
Completed [HALO_L2] Trajectory 83/600 | Saved 538 samples | Total: 116410
[Solver Step 001000] t= 0.216 | Pos Err:   18.83 km | Vel Err:    0.29 m/s
[Solver Step 002000] t= 0.469 | Pos Err:    2.26 km | Vel Err:    0.05 m/s
[Solver Step 003000] t= 0.712 | Pos Err:    0.32 km | Vel Err:    0.04 m/s
[Solver Step 004000] t= 0.928 | Pos Err:    0.02 km | Vel Err:    0.00 m/s
[Solver Step 005000] t= 1.176 | Pos Err:    0.06 km | Vel Err:    0.00 m/s
[Solver Step 006000] t= 1.430 | Pos Err:    0.10 km | Vel Err:    0.04 m/s
[Solver Step 007000] t= 1.659 | Pos Err:    0.08 km | Vel Err:    0.00 m/s
[Solver Step 008000] t= 1.875 | Pos Err:    0.08 km | Vel Err:    0.00 m/s
[Solver Step 009000] t= 2.134 | Pos Err:    0.19 km | Vel Err:    0.12 m/s
[Solver Step 010000] t= 2.377 | Pos Err:    0.08 km | Vel Err:    0.00 m/s
[Solver Step 011000] t= 2.589 | Pos Err:    0.06 km | Vel Err:    0.00 m/s
[Solver Step 012000] t= 2.837 | Pos Err:    0.99 km | Vel Err:    0.76 m/s
[Solver Step 013000] t= 3.092 | Pos Err:    0.07 km | Vel Err:    0.00 m/s
[Solver Step 014000] t= 3.313 | Pos Err:    0.04 km | Vel Err:    0.00 m/s
[Solver Step 015000] t= 3.535 | Pos Err:    0.70 km | Vel Err:    0.55 m/s
[Solver Step 016000] t= 3.796 | Pos Err:    0.06 km | Vel Err:    0.00 m/s
[Solver Step 017000] t= 4.036 | Pos Err:    0.02 km | Vel Err:    0.00 m/s
[Solver Step 018000] t= 4.246 | Pos Err:    0.35 km | Vel Err:    0.22 m/s
[Solver Step 019000] t= 4.497 | Pos Err:    0.04 km | Vel Err:    0.02 m/s
[Solver Step 020000] t= 4.751 | Pos Err:    0.01 km | Vel Err:    0.00 m/s
[Solver Step 021000] t= 4.969 | Pos Err:    0.15 km | Vel Err:    0.11 m/s
[Solver Step 022000] t= 5.189 | Pos Err:    0.03 km | Vel Err:    0.01 m/s
[Solver Step 023000] t= 5.455 | Pos Err:    0.02 km | Vel Err:    0.00 m/s
[Solver Step 024000] t= 5.698 | Pos Err:    0.13 km | Vel Err:    0.12 m/s
[Solver Step 025000] t= 5.906 | Pos Err:    0.05 km | Vel Err:    0.00 m/s
[Solver Step 026000] t= 6.159 | Pos Err:    0.04 km | Vel Err:    0.00 m/s
[Solver Step 027000] t= 6.414 | Pos Err:    0.27 km | Vel Err:    0.24 m/s
[Solver Step 028000] t= 6.627 | Pos Err:    0.08 km | Vel Err:    0.00 m/s
[Solver Step 029000] t= 6.851 | Pos Err:    0.06 km | Vel Err:    0.00 m/s
Completed [TRANSFER] Trajectory 84/600 | Saved 2399 samples | Total: 118809
[Solver Step 001000] t= 0.416 | Pos Err:    0.34 km | Vel Err:    0.01 m/s
[Solver Step 002000] t= 0.790 | Pos Err:    0.05 km | Vel Err:    0.00 m/s
[Solver Step 003000] t= 1.099 | Pos Err:    0.01 km | Vel Err:    0.04 m/s
[Solver Step 004000] t= 1.551 | Pos Err:    0.06 km | Vel Err:    0.00 m/s
[Solver Step 005000] t= 2.102 | Pos Err:    0.06 km | Vel Err:    0.00 m/s
[Solver Step 006000] t= 2.515 | Pos Err:    0.06 km | Vel Err:    0.01 m/s
[Solver Step 007000] t= 3.015 | Pos Err:    0.06 km | Vel Err:    0.00 m/s
[Solver Step 008000] t= 3.567 | Pos Err:    0.06 km | Vel Err:    0.00 m/s
[Solver Step 009000] t= 4.057 | Pos Err:    0.05 km | Vel Err:    0.01 m/s
[Solver Step 010000] t= 4.459 | Pos Err:    0.06 km | Vel Err:    0.00 m/s
[Solver Step 011000] t= 4.997 | Pos Err:    0.05 km | Vel Err:    0.00 m/s
[Solver Step 012000] t= 5.584 | Pos Err:    0.04 km | Vel Err:    0.05 m/s
[Solver Step 013000] t= 6.067 | Pos Err:    0.05 km | Vel Err:    0.00 m/s
[Solver Step 014000] t= 6.468 | Pos Err:    0.05 km | Vel Err:    0.00 m/s
[Solver Step 015000] t= 7.025 | Pos Err:    0.03 km | Vel Err:    0.08 m/s
Completed [MOON_ORBIT] Trajectory 85/600 | Saved 1314 samples | Total: 120123
[Solver Step 001000] t= 0.416 | Pos Err:    0.49 km | Vel Err:    0.01 m/s
[Solver Step 002000] t= 0.790 | Pos Err:    0.05 km | Vel Err:    0.00 m/s
[Solver Step 003000] t= 1.099 | Pos Err:    0.01 km | Vel Err:    0.04 m/s
[Solver Step 004000] t= 1.551 | Pos Err:    0.06 km | Vel Err:    0.00 m/s
[Solver Step 005000] t= 2.102 | Pos Err:    0.06 km | Vel Err:    0.00 m/s
[Solver Step 006000] t= 2.515 | Pos Err:    0.06 km | Vel Err:    0.01 m/s
[Solver Step 007000] t= 3.015 | Pos Err:    0.06 km | Vel Err:    0.00 m/s
[Solver Step 008000] t= 3.568 | Pos Err:    0.06 km | Vel Err:    0.00 m/s
[Solver Step 009000] t= 4.057 | Pos Err:    0.05 km | Vel Err:    0.01 m/s
[Solver Step 010000] t= 4.459 | Pos Err:    0.06 km | Vel Err:    0.00 m/s
[Solver Step 011000] t= 4.997 | Pos Err:    0.05 km | Vel Err:    0.00 m/s
[Solver Step 012000] t= 5.584 | Pos Err:    0.03 km | Vel Err:    0.05 m/s
[Solver Step 013000] t= 6.067 | Pos Err:    0.05 km | Vel Err:    0.00 m/s
[Solver Step 014000] t= 6.468 | Pos Err:    0.05 km | Vel Err:    0.00 m/s
[Solver Step 015000] t= 7.025 | Pos Err:    0.02 km | Vel Err:    0.08 m/s
Completed [MOON_ORBIT] Trajectory 86/600 | Saved 1314 samples | Total: 121437
[Solver Step 001000] t= 0.416 | Pos Err:    0.36 km | Vel Err:    0.01 m/s
[Solver Step 002000] t= 0.791 | Pos Err:    0.05 km | Vel Err:    0.00 m/s
[Solver Step 003000] t= 1.100 | Pos Err:    0.01 km | Vel Err:    0.04 m/s
[Solver Step 004000] t= 1.552 | Pos Err:    0.06 km | Vel Err:    0.00 m/s
[Solver Step 005000] t= 2.103 | Pos Err:    0.06 km | Vel Err:    0.00 m/s
[Solver Step 006000] t= 2.516 | Pos Err:    0.06 km | Vel Err:    0.01 m/s
[Solver Step 007000] t= 3.016 | Pos Err:    0.06 km | Vel Err:    0.00 m/s
[Solver Step 008000] t= 3.568 | Pos Err:    0.06 km | Vel Err:    0.00 m/s
[Solver Step 009000] t= 4.058 | Pos Err:    0.05 km | Vel Err:    0.01 m/s
[Solver Step 010000] t= 4.460 | Pos Err:    0.05 km | Vel Err:    0.00 m/s
[Solver Step 011000] t= 4.998 | Pos Err:    0.05 km | Vel Err:    0.00 m/s
[Solver Step 012000] t= 5.585 | Pos Err:    0.04 km | Vel Err:    0.05 m/s
[Solver Step 013000] t= 6.067 | Pos Err:    0.05 km | Vel Err:    0.00 m/s
[Solver Step 014000] t= 6.468 | Pos Err:    0.05 km | Vel Err:    0.00 m/s
[Solver Step 015000] t= 7.026 | Pos Err:    0.03 km | Vel Err:    0.08 m/s
Completed [MOON_ORBIT] Trajectory 87/600 | Saved 1314 samples | Total: 122751
[Multiple Shooting] Converged in 2 iterations with residual 1.43e-15
[Solver Step 001000] t= 0.457 | Pos Err:    0.38 km | Vel Err:    0.01 m/s
[Solver Step 002000] t= 1.012 | Pos Err:    0.14 km | Vel Err:    0.00 m/s
[Solver Step 003000] t= 1.610 | Pos Err:    0.07 km | Vel Err:    0.01 m/s
[Solver Step 004000] t= 2.050 | Pos Err:    0.28 km | Vel Err:    0.01 m/s
[Solver Step 005000] t= 2.501 | Pos Err:    0.31 km | Vel Err:    0.01 m/s
[Solver Step 006000] t= 3.051 | Pos Err:    5.19 km | Vel Err:    0.14 m/s
Completed [HALO_L2] Trajectory 88/600 | Saved 513 samples | Total: 123264
[Solver Step 001000] t= 0.215 | Pos Err:   10.76 km | Vel Err:    0.21 m/s
[Solver Step 002000] t= 0.468 | Pos Err:    1.30 km | Vel Err:    0.04 m/s
[Solver Step 003000] t= 0.710 | Pos Err:    0.17 km | Vel Err:    0.05 m/s
[Solver Step 004000] t= 0.922 | Pos Err:    0.01 km | Vel Err:    0.00 m/s
[Solver Step 005000] t= 1.174 | Pos Err:    0.05 km | Vel Err:    0.00 m/s
[Solver Step 006000] t= 1.428 | Pos Err:    0.08 km | Vel Err:    0.06 m/s
[Solver Step 007000] t= 1.655 | Pos Err:    0.06 km | Vel Err:    0.00 m/s
[Solver Step 008000] t= 1.870 | Pos Err:    0.05 km | Vel Err:    0.00 m/s
[Solver Step 009000] t= 2.132 | Pos Err:    0.27 km | Vel Err:    0.22 m/s
[Solver Step 010000] t= 2.371 | Pos Err:    0.06 km | Vel Err:    0.00 m/s
[Solver Step 011000] t= 2.582 | Pos Err:    0.04 km | Vel Err:    0.00 m/s
[Solver Step 012000] t= 2.833 | Pos Err:    1.68 km | Vel Err:    1.31 m/s
[Solver Step 013000] t= 3.087 | Pos Err:    0.05 km | Vel Err:    0.00 m/s
[Solver Step 014000] t= 3.305 | Pos Err:    0.02 km | Vel Err:    0.00 m/s
[Solver Step 015000] t= 3.529 | Pos Err:    0.76 km | Vel Err:    0.59 m/s
[Solver Step 016000] t= 3.792 | Pos Err:    0.04 km | Vel Err:    0.01 m/s
[Solver Step 017000] t= 4.032 | Pos Err:    0.02 km | Vel Err:    0.00 m/s
[Solver Step 018000] t= 4.238 | Pos Err:    0.38 km | Vel Err:    0.24 m/s
[Solver Step 019000] t= 4.491 | Pos Err:    0.02 km | Vel Err:    0.02 m/s
[Solver Step 020000] t= 4.743 | Pos Err:    0.03 km | Vel Err:    0.00 m/s
[Solver Step 021000] t= 4.959 | Pos Err:    0.18 km | Vel Err:    0.12 m/s
[Solver Step 022000] t= 5.183 | Pos Err:    0.01 km | Vel Err:    0.01 m/s
[Solver Step 023000] t= 5.448 | Pos Err:    0.03 km | Vel Err:    0.00 m/s
[Solver Step 024000] t= 5.689 | Pos Err:    0.10 km | Vel Err:    0.11 m/s
[Solver Step 025000] t= 5.897 | Pos Err:    0.03 km | Vel Err:    0.00 m/s
[Solver Step 026000] t= 6.154 | Pos Err:    0.03 km | Vel Err:    0.00 m/s
[Solver Step 027000] t= 6.406 | Pos Err:    0.23 km | Vel Err:    0.24 m/s
[Solver Step 028000] t= 6.616 | Pos Err:    0.05 km | Vel Err:    0.00 m/s
[Solver Step 029000] t= 6.845 | Pos Err:    0.05 km | Vel Err:    0.00 m/s
Completed [TRANSFER] Trajectory 89/600 | Saved 2399 samples | Total: 125663
[Multiple Shooting] Converged in 4 iterations with residual 3.95e-15
[Solver Step 001000] t= 0.381 | Pos Err:    5.38 km | Vel Err:    0.11 m/s
[Solver Step 002000] t= 0.762 | Pos Err:    8.85 km | Vel Err:    0.17 m/s
[Solver Step 003000] t= 1.135 | Pos Err:    3.15 km | Vel Err:    0.09 m/s
[Solver Step 004000] t= 1.502 | Pos Err:   13.04 km | Vel Err:    0.24 m/s
[Solver Step 005000] t= 1.880 | Pos Err:    2.12 km | Vel Err:    0.05 m/s
[Solver Step 006000] t= 2.262 | Pos Err:   10.38 km | Vel Err:    0.20 m/s
Completed [DRO] Trajectory 90/600 | Saved 552 samples | Total: 126215
[Solver Step 001000] t= 0.412 | Pos Err:    2.92 km | Vel Err:    0.07 m/s
[Solver Step 002000] t= 0.816 | Pos Err:    0.06 km | Vel Err:    0.00 m/s
[Solver Step 003000] t= 1.258 | Pos Err:    0.06 km | Vel Err:    0.01 m/s
[Solver Step 004000] t= 1.605 | Pos Err:    0.04 km | Vel Err:    0.00 m/s
[Solver Step 005000] t= 1.990 | Pos Err:    0.06 km | Vel Err:    0.00 m/s
[Solver Step 006000] t= 2.443 | Pos Err:    0.10 km | Vel Err:    0.02 m/s
[Solver Step 007000] t= 2.844 | Pos Err:    0.10 km | Vel Err:    0.00 m/s
[Solver Step 008000] t= 3.242 | Pos Err:    0.10 km | Vel Err:    0.00 m/s
[Solver Step 009000] t= 3.617 | Pos Err:    0.14 km | Vel Err:    0.08 m/s
[Solver Step 010000] t= 4.030 | Pos Err:    0.03 km | Vel Err:    0.00 m/s
[Solver Step 011000] t= 4.450 | Pos Err:    0.05 km | Vel Err:    0.00 m/s
[Solver Step 012000] t= 4.892 | Pos Err:    0.05 km | Vel Err:    0.04 m/s
[Solver Step 013000] t= 5.231 | Pos Err:    0.09 km | Vel Err:    0.00 m/s
[Solver Step 014000] t= 5.629 | Pos Err:    0.09 km | Vel Err:    0.00 m/s
[Solver Step 015000] t= 6.107 | Pos Err:    0.05 km | Vel Err:    0.02 m/s
[Solver Step 016000] t= 6.494 | Pos Err:    0.04 km | Vel Err:    0.00 m/s
[Solver Step 017000] t= 6.922 | Pos Err:    0.03 km | Vel Err:    0.00 m/s
[Solver Step 018000] t= 7.265 | Pos Err:    0.09 km | Vel Err:    0.10 m/s
[Solver Step 019000] t= 7.685 | Pos Err:    0.10 km | Vel Err:    0.00 m/s
[Solver Step 020000] t= 8.166 | Pos Err:    0.10 km | Vel Err:    0.00 m/s
[Solver Step 021000] t= 8.551 | Pos Err:    0.08 km | Vel Err:    0.03 m/s
[Solver Step 022000] t= 8.921 | Pos Err:    0.07 km | Vel Err:    0.00 m/s
[Solver Step 023000] t= 9.312 | Pos Err:    0.04 km | Vel Err:    0.00 m/s
[Solver Step 024000] t= 9.770 | Pos Err:    0.07 km | Vel Err:    0.03 m/s
[Solver Step 025000] t=10.172 | Pos Err:    0.09 km | Vel Err:    0.00 m/s
[Solver Step 026000] t=10.571 | Pos Err:    0.10 km | Vel Err:    0.00 m/s
[Solver Step 027000] t=10.931 | Pos Err:    0.16 km | Vel Err:    0.09 m/s
[Solver Step 028000] t=11.351 | Pos Err:    0.03 km | Vel Err:    0.00 m/s
[Solver Step 029000] t=11.806 | Pos Err:    0.03 km | Vel Err:    0.00 m/s
[Solver Step 030000] t=12.176 | Pos Err:    0.03 km | Vel Err:    0.03 m/s
[Solver Step 031000] t=12.566 | Pos Err:    0.07 km | Vel Err:    0.00 m/s
Completed [EARTH_ORBIT] Trajectory 91/600 | Saved 2584 samples | Total: 128799
[Multiple Shooting] Converged in 2 iterations with residual 2.53e-11
[Solver Step 001000] t= 0.435 | Pos Err:    0.32 km | Vel Err:    0.01 m/s
[Solver Step 002000] t= 0.886 | Pos Err:    0.28 km | Vel Err:    0.01 m/s
[Solver Step 003000] t= 1.374 | Pos Err:    0.70 km | Vel Err:    0.02 m/s
[Solver Step 004000] t= 1.799 | Pos Err:    3.36 km | Vel Err:    0.10 m/s
[Solver Step 005000] t= 2.153 | Pos Err:  220.71 km | Vel Err:    4.36 m/s
[Solver Step 006000] t= 2.602 | Pos Err:   19.32 km | Vel Err:    0.41 m/s
[Solver Step 007000] t= 3.083 | Pos Err:   43.55 km | Vel Err:    0.97 m/s
Completed [HALO_L1] Trajectory 92/600 | Saved 593 samples | Total: 129392
[Solver Step 001000] t= 0.411 | Pos Err:    3.11 km | Vel Err:    0.07 m/s
[Solver Step 002000] t= 0.815 | Pos Err:    0.09 km | Vel Err:    0.00 m/s
[Solver Step 003000] t= 1.257 | Pos Err:    0.03 km | Vel Err:    0.01 m/s
[Solver Step 004000] t= 1.604 | Pos Err:    0.02 km | Vel Err:    0.00 m/s
[Solver Step 005000] t= 1.989 | Pos Err:    0.08 km | Vel Err:    0.00 m/s
[Solver Step 006000] t= 2.442 | Pos Err:    0.11 km | Vel Err:    0.02 m/s
[Solver Step 007000] t= 2.843 | Pos Err:    0.10 km | Vel Err:    0.00 m/s
[Solver Step 008000] t= 3.242 | Pos Err:    0.09 km | Vel Err:    0.00 m/s
[Solver Step 009000] t= 3.616 | Pos Err:    0.11 km | Vel Err:    0.08 m/s
[Solver Step 010000] t= 4.030 | Pos Err:    0.06 km | Vel Err:    0.00 m/s
[Solver Step 011000] t= 4.450 | Pos Err:    0.08 km | Vel Err:    0.00 m/s
[Solver Step 012000] t= 4.892 | Pos Err:    0.08 km | Vel Err:    0.04 m/s
[Solver Step 013000] t= 5.230 | Pos Err:    0.10 km | Vel Err:    0.00 m/s
[Solver Step 014000] t= 5.628 | Pos Err:    0.07 km | Vel Err:    0.00 m/s
[Solver Step 015000] t= 6.107 | Pos Err:    0.02 km | Vel Err:    0.02 m/s
[Solver Step 016000] t= 6.493 | Pos Err:    0.02 km | Vel Err:    0.00 m/s
[Solver Step 017000] t= 6.921 | Pos Err:    0.04 km | Vel Err:    0.00 m/s
[Solver Step 018000] t= 7.265 | Pos Err:    0.11 km | Vel Err:    0.11 m/s
[Solver Step 019000] t= 7.685 | Pos Err:    0.10 km | Vel Err:    0.00 m/s
[Solver Step 020000] t= 8.165 | Pos Err:    0.08 km | Vel Err:    0.00 m/s
[Solver Step 021000] t= 8.550 | Pos Err:    0.06 km | Vel Err:    0.03 m/s
[Solver Step 022000] t= 8.921 | Pos Err:    0.03 km | Vel Err:    0.00 m/s
[Solver Step 023000] t= 9.312 | Pos Err:    0.06 km | Vel Err:    0.00 m/s
[Solver Step 024000] t= 9.770 | Pos Err:    0.09 km | Vel Err:    0.03 m/s
[Solver Step 025000] t=10.171 | Pos Err:    0.11 km | Vel Err:    0.00 m/s
[Solver Step 026000] t=10.571 | Pos Err:    0.10 km | Vel Err:    0.00 m/s
[Solver Step 027000] t=10.930 | Pos Err:    0.14 km | Vel Err:    0.09 m/s
[Solver Step 028000] t=11.351 | Pos Err:    0.03 km | Vel Err:    0.00 m/s
[Solver Step 029000] t=11.805 | Pos Err:    0.05 km | Vel Err:    0.00 m/s
[Solver Step 030000] t=12.175 | Pos Err:    0.06 km | Vel Err:    0.03 m/s
[Solver Step 031000] t=12.566 | Pos Err:    0.09 km | Vel Err:    0.00 m/s
Completed [EARTH_ORBIT] Trajectory 93/600 | Saved 2584 samples | Total: 131976
[Solver Step 001000] t= 0.215 | Pos Err:   22.46 km | Vel Err:    0.46 m/s
[Solver Step 002000] t= 0.469 | Pos Err:    2.72 km | Vel Err:    0.08 m/s
[Solver Step 003000] t= 0.711 | Pos Err:    0.39 km | Vel Err:    0.05 m/s
[Solver Step 004000] t= 0.930 | Pos Err:    0.03 km | Vel Err:    0.00 m/s
[Solver Step 005000] t= 1.178 | Pos Err:    0.08 km | Vel Err:    0.00 m/s
[Solver Step 006000] t= 1.431 | Pos Err:    0.10 km | Vel Err:    0.05 m/s
[Solver Step 007000] t= 1.662 | Pos Err:    0.09 km | Vel Err:    0.00 m/s
[Solver Step 008000] t= 1.878 | Pos Err:    0.09 km | Vel Err:    0.00 m/s
[Solver Step 009000] t= 2.136 | Pos Err:    0.25 km | Vel Err:    0.19 m/s
[Solver Step 010000] t= 2.381 | Pos Err:    0.08 km | Vel Err:    0.00 m/s
[Solver Step 011000] t= 2.594 | Pos Err:    0.07 km | Vel Err:    0.00 m/s
[Solver Step 012000] t= 2.839 | Pos Err:    1.07 km | Vel Err:    0.82 m/s
[Solver Step 013000] t= 3.095 | Pos Err:    0.07 km | Vel Err:    0.00 m/s
[Solver Step 014000] t= 3.317 | Pos Err:    0.04 km | Vel Err:    0.00 m/s
[Solver Step 015000] t= 3.538 | Pos Err:    0.69 km | Vel Err:    0.51 m/s
[Solver Step 016000] t= 3.798 | Pos Err:    0.06 km | Vel Err:    0.00 m/s
[Solver Step 017000] t= 4.040 | Pos Err:    0.02 km | Vel Err:    0.00 m/s
[Solver Step 018000] t= 4.250 | Pos Err:    0.35 km | Vel Err:    0.20 m/s
[Solver Step 019000] t= 4.499 | Pos Err:    0.04 km | Vel Err:    0.02 m/s
[Solver Step 020000] t= 4.754 | Pos Err:    0.03 km | Vel Err:    0.00 m/s
[Solver Step 021000] t= 4.973 | Pos Err:    0.16 km | Vel Err:    0.11 m/s
[Solver Step 022000] t= 5.192 | Pos Err:    0.03 km | Vel Err:    0.01 m/s
[Solver Step 023000] t= 5.458 | Pos Err:    0.04 km | Vel Err:    0.00 m/s
[Solver Step 024000] t= 5.701 | Pos Err:    0.14 km | Vel Err:    0.12 m/s
[Solver Step 025000] t= 5.908 | Pos Err:    0.07 km | Vel Err:    0.00 m/s
[Solver Step 026000] t= 6.160 | Pos Err:    0.06 km | Vel Err:    0.00 m/s
[Solver Step 027000] t= 6.416 | Pos Err:    0.27 km | Vel Err:    0.24 m/s
[Solver Step 028000] t= 6.629 | Pos Err:    0.09 km | Vel Err:    0.00 m/s
[Solver Step 029000] t= 6.852 | Pos Err:    0.08 km | Vel Err:    0.00 m/s
Completed [TRANSFER] Trajectory 94/600 | Saved 2399 samples | Total: 134375
[Multiple Shooting] Converged in 2 iterations with residual 2.74e-12
[Solver Step 001000] t= 0.415 | Pos Err:    0.24 km | Vel Err:    0.01 m/s
[Solver Step 002000] t= 0.918 | Pos Err:    5.84 km | Vel Err:    0.11 m/s
[Solver Step 003000] t= 1.345 | Pos Err:   92.28 km | Vel Err:    2.02 m/s
[Solver Step 004000] t= 1.748 | Pos Err:   76.80 km | Vel Err:    1.65 m/s
[Solver Step 005000] t= 2.240 | Pos Err:    1.01 km | Vel Err:    0.03 m/s
[Solver Step 006000] t= 2.632 | Pos Err:    0.12 km | Vel Err:    0.01 m/s
[Solver Step 007000] t= 3.091 | Pos Err:    8.30 km | Vel Err:    0.19 m/s
Completed [HALO_L1] Trajectory 95/600 | Saved 592 samples | Total: 134967
[Solver Step 001000] t= 0.418 | Pos Err:    1.95 km | Vel Err:    0.04 m/s
[Solver Step 002000] t= 0.822 | Pos Err:    0.07 km | Vel Err:    0.00 m/s
[Solver Step 003000] t= 1.262 | Pos Err:    0.07 km | Vel Err:    0.01 m/s
[Solver Step 004000] t= 1.610 | Pos Err:    0.08 km | Vel Err:    0.00 m/s
[Solver Step 005000] t= 1.996 | Pos Err:    0.06 km | Vel Err:    0.00 m/s
[Solver Step 006000] t= 2.449 | Pos Err:    0.04 km | Vel Err:    0.01 m/s
[Solver Step 007000] t= 2.851 | Pos Err:    0.03 km | Vel Err:    0.00 m/s
[Solver Step 008000] t= 3.246 | Pos Err:    0.03 km | Vel Err:    0.00 m/s
[Solver Step 009000] t= 3.622 | Pos Err:    0.09 km | Vel Err:    0.08 m/s
[Solver Step 010000] t= 4.037 | Pos Err:    0.08 km | Vel Err:    0.00 m/s
[Solver Step 011000] t= 4.455 | Pos Err:    0.08 km | Vel Err:    0.00 m/s
[Solver Step 012000] t= 4.898 | Pos Err:    0.05 km | Vel Err:    0.04 m/s
[Solver Step 013000] t= 5.236 | Pos Err:    0.04 km | Vel Err:    0.00 m/s
[Solver Step 014000] t= 5.635 | Pos Err:    0.04 km | Vel Err:    0.00 m/s
[Solver Step 015000] t= 6.114 | Pos Err:    0.07 km | Vel Err:    0.02 m/s
[Solver Step 016000] t= 6.500 | Pos Err:    0.08 km | Vel Err:    0.00 m/s
[Solver Step 017000] t= 6.927 | Pos Err:    0.09 km | Vel Err:    0.00 m/s
[Solver Step 018000] t= 7.271 | Pos Err:    0.15 km | Vel Err:    0.10 m/s
[Solver Step 019000] t= 7.692 | Pos Err:    0.03 km | Vel Err:    0.00 m/s
[Solver Step 020000] t= 8.170 | Pos Err:    0.04 km | Vel Err:    0.00 m/s
[Solver Step 021000] t= 8.556 | Pos Err:    0.04 km | Vel Err:    0.03 m/s
[Solver Step 022000] t= 8.924 | Pos Err:    0.07 km | Vel Err:    0.00 m/s
[Solver Step 023000] t= 9.318 | Pos Err:    0.07 km | Vel Err:    0.00 m/s
[Solver Step 024000] t= 9.777 | Pos Err:    0.05 km | Vel Err:    0.03 m/s
[Solver Step 025000] t=10.177 | Pos Err:    0.05 km | Vel Err:    0.00 m/s
[Solver Step 026000] t=10.577 | Pos Err:    0.03 km | Vel Err:    0.00 m/s
[Solver Step 027000] t=10.937 | Pos Err:    0.10 km | Vel Err:    0.09 m/s
[Solver Step 028000] t=11.355 | Pos Err:    0.08 km | Vel Err:    0.00 m/s
[Solver Step 029000] t=11.812 | Pos Err:    0.08 km | Vel Err:    0.00 m/s
[Solver Step 030000] t=12.181 | Pos Err:    0.07 km | Vel Err:    0.03 m/s
Completed [EARTH_ORBIT] Trajectory 96/600 | Saved 2583 samples | Total: 137550
[Solver Step 001000] t= 0.417 | Pos Err:    0.23 km | Vel Err:    0.01 m/s
[Solver Step 002000] t= 0.791 | Pos Err:    0.05 km | Vel Err:    0.00 m/s
[Solver Step 003000] t= 1.100 | Pos Err:    0.01 km | Vel Err:    0.04 m/s
[Solver Step 004000] t= 1.552 | Pos Err:    0.06 km | Vel Err:    0.00 m/s
[Solver Step 005000] t= 2.103 | Pos Err:    0.06 km | Vel Err:    0.00 m/s
[Solver Step 006000] t= 2.516 | Pos Err:    0.06 km | Vel Err:    0.01 m/s
[Solver Step 007000] t= 3.016 | Pos Err:    0.06 km | Vel Err:    0.00 m/s
[Solver Step 008000] t= 3.568 | Pos Err:    0.06 km | Vel Err:    0.00 m/s
[Solver Step 009000] t= 4.058 | Pos Err:    0.05 km | Vel Err:    0.01 m/s
[Solver Step 010000] t= 4.460 | Pos Err:    0.06 km | Vel Err:    0.00 m/s
[Solver Step 011000] t= 4.998 | Pos Err:    0.06 km | Vel Err:    0.00 m/s
[Solver Step 012000] t= 5.585 | Pos Err:    0.04 km | Vel Err:    0.05 m/s
[Solver Step 013000] t= 6.067 | Pos Err:    0.06 km | Vel Err:    0.00 m/s
[Solver Step 014000] t= 6.468 | Pos Err:    0.06 km | Vel Err:    0.00 m/s
[Solver Step 015000] t= 7.026 | Pos Err:    0.03 km | Vel Err:    0.08 m/s
Completed [MOON_ORBIT] Trajectory 97/600 | Saved 1314 samples | Total: 138864
[Solver Step 001000] t= 0.216 | Pos Err:   14.06 km | Vel Err:    0.36 m/s
[Solver Step 002000] t= 0.468 | Pos Err:    1.81 km | Vel Err:    0.06 m/s
[Solver Step 003000] t= 0.711 | Pos Err:    0.28 km | Vel Err:    0.04 m/s
[Solver Step 004000] t= 0.924 | Pos Err:    0.03 km | Vel Err:    0.00 m/s
[Solver Step 005000] t= 1.175 | Pos Err:    0.03 km | Vel Err:    0.00 m/s
[Solver Step 006000] t= 1.429 | Pos Err:    0.06 km | Vel Err:    0.03 m/s
[Solver Step 007000] t= 1.658 | Pos Err:    0.05 km | Vel Err:    0.00 m/s
[Solver Step 008000] t= 1.873 | Pos Err:    0.03 km | Vel Err:    0.00 m/s
[Solver Step 009000] t= 2.133 | Pos Err:    0.22 km | Vel Err:    0.16 m/s
[Solver Step 010000] t= 2.374 | Pos Err:    0.07 km | Vel Err:    0.00 m/s
[Solver Step 011000] t= 2.586 | Pos Err:    0.06 km | Vel Err:    0.00 m/s
[Solver Step 012000] t= 2.835 | Pos Err:    1.28 km | Vel Err:    1.06 m/s
[Solver Step 013000] t= 3.090 | Pos Err:    0.08 km | Vel Err:    0.00 m/s
[Solver Step 014000] t= 3.309 | Pos Err:    0.07 km | Vel Err:    0.00 m/s
[Solver Step 015000] t= 3.532 | Pos Err:    0.71 km | Vel Err:    0.57 m/s
[Solver Step 016000] t= 3.794 | Pos Err:    0.08 km | Vel Err:    0.00 m/s
[Solver Step 017000] t= 4.035 | Pos Err:    0.09 km | Vel Err:    0.00 m/s
[Solver Step 018000] t= 4.242 | Pos Err:    0.35 km | Vel Err:    0.23 m/s
[Solver Step 019000] t= 4.495 | Pos Err:    0.06 km | Vel Err:    0.02 m/s
[Solver Step 020000] t= 4.748 | Pos Err:    0.08 km | Vel Err:    0.00 m/s
[Solver Step 021000] t= 4.965 | Pos Err:    0.11 km | Vel Err:    0.11 m/s
[Solver Step 022000] t= 5.187 | Pos Err:    0.08 km | Vel Err:    0.01 m/s
[Solver Step 023000] t= 5.453 | Pos Err:    0.08 km | Vel Err:    0.00 m/s
[Solver Step 024000] t= 5.694 | Pos Err:    0.05 km | Vel Err:    0.12 m/s
[Solver Step 025000] t= 5.901 | Pos Err:    0.05 km | Vel Err:    0.00 m/s
[Solver Step 026000] t= 6.156 | Pos Err:    0.07 km | Vel Err:    0.00 m/s
[Solver Step 027000] t= 6.409 | Pos Err:    0.21 km | Vel Err:    0.24 m/s
[Solver Step 028000] t= 6.620 | Pos Err:    0.02 km | Vel Err:    0.00 m/s
[Solver Step 029000] t= 6.848 | Pos Err:    0.04 km | Vel Err:    0.00 m/s
Completed [TRANSFER] Trajectory 98/600 | Saved 2399 samples | Total: 141263
[Solver Step 001000] t= 0.417 | Pos Err:    0.32 km | Vel Err:    0.01 m/s
[Solver Step 002000] t= 0.791 | Pos Err:    0.06 km | Vel Err:    0.00 m/s
[Solver Step 003000] t= 1.100 | Pos Err:    0.01 km | Vel Err:    0.04 m/s
[Solver Step 004000] t= 1.552 | Pos Err:    0.06 km | Vel Err:    0.00 m/s
[Solver Step 005000] t= 2.103 | Pos Err:    0.06 km | Vel Err:    0.00 m/s
[Solver Step 006000] t= 2.516 | Pos Err:    0.06 km | Vel Err:    0.01 m/s
[Solver Step 007000] t= 3.016 | Pos Err:    0.06 km | Vel Err:    0.00 m/s
[Solver Step 008000] t= 3.569 | Pos Err:    0.06 km | Vel Err:    0.00 m/s
[Solver Step 009000] t= 4.058 | Pos Err:    0.05 km | Vel Err:    0.01 m/s
[Solver Step 010000] t= 4.460 | Pos Err:    0.06 km | Vel Err:    0.00 m/s
[Solver Step 011000] t= 4.998 | Pos Err:    0.06 km | Vel Err:    0.00 m/s
[Solver Step 012000] t= 5.586 | Pos Err:    0.04 km | Vel Err:    0.05 m/s
[Solver Step 013000] t= 6.067 | Pos Err:    0.06 km | Vel Err:    0.00 m/s
[Solver Step 014000] t= 6.469 | Pos Err:    0.06 km | Vel Err:    0.00 m/s
[Solver Step 015000] t= 7.026 | Pos Err:    0.03 km | Vel Err:    0.08 m/s
Completed [MOON_ORBIT] Trajectory 99/600 | Saved 1314 samples | Total: 142577
[Solver Step 001000] t= 0.417 | Pos Err:    0.24 km | Vel Err:    0.01 m/s
[Solver Step 002000] t= 0.791 | Pos Err:    0.06 km | Vel Err:    0.00 m/s
[Solver Step 003000] t= 1.101 | Pos Err:    0.01 km | Vel Err:    0.04 m/s
[Solver Step 004000] t= 1.553 | Pos Err:    0.05 km | Vel Err:    0.00 m/s
[Solver Step 005000] t= 2.104 | Pos Err:    0.06 km | Vel Err:    0.00 m/s
[Solver Step 006000] t= 2.517 | Pos Err:    0.05 km | Vel Err:    0.01 m/s
[Solver Step 007000] t= 3.017 | Pos Err:    0.05 km | Vel Err:    0.00 m/s
[Solver Step 008000] t= 3.569 | Pos Err:    0.05 km | Vel Err:    0.00 m/s
[Solver Step 009000] t= 4.059 | Pos Err:    0.05 km | Vel Err:    0.01 m/s
[Solver Step 010000] t= 4.461 | Pos Err:    0.05 km | Vel Err:    0.00 m/s
[Solver Step 011000] t= 4.999 | Pos Err:    0.05 km | Vel Err:    0.00 m/s
[Solver Step 012000] t= 5.586 | Pos Err:    0.04 km | Vel Err:    0.05 m/s
[Solver Step 013000] t= 6.068 | Pos Err:    0.05 km | Vel Err:    0.00 m/s
[Solver Step 014000] t= 6.469 | Pos Err:    0.05 km | Vel Err:    0.00 m/s
[Solver Step 015000] t= 7.027 | Pos Err:    0.03 km | Vel Err:    0.08 m/s
Completed [MOON_ORBIT] Trajectory 100/600 | Saved 1314 samples | Total: 143891
[Solver Step 001000] t= 0.217 | Pos Err:   25.10 km | Vel Err:    0.61 m/s
[Solver Step 002000] t= 0.470 | Pos Err:    3.10 km | Vel Err:    0.10 m/s
[Solver Step 003000] t= 0.711 | Pos Err:    0.44 km | Vel Err:    0.05 m/s
[Solver Step 004000] t= 0.930 | Pos Err:    0.04 km | Vel Err:    0.00 m/s
[Solver Step 005000] t= 1.177 | Pos Err:    0.09 km | Vel Err:    0.00 m/s
[Solver Step 006000] t= 1.430 | Pos Err:    0.10 km | Vel Err:    0.03 m/s
[Solver Step 007000] t= 1.660 | Pos Err:    0.09 km | Vel Err:    0.00 m/s
[Solver Step 008000] t= 1.873 | Pos Err:    0.10 km | Vel Err:    0.00 m/s
[Solver Step 009000] t= 2.133 | Pos Err:    0.21 km | Vel Err:    0.19 m/s
[Solver Step 010000] t= 2.371 | Pos Err:    0.07 km | Vel Err:    0.00 m/s
[Solver Step 011000] t= 2.582 | Pos Err:    0.07 km | Vel Err:    0.00 m/s
[Solver Step 012000] t= 2.833 | Pos Err:    1.73 km | Vel Err:    1.31 m/s
[Solver Step 013000] t= 3.087 | Pos Err:    0.06 km | Vel Err:    0.00 m/s
[Solver Step 014000] t= 3.305 | Pos Err:    0.05 km | Vel Err:    0.00 m/s
[Solver Step 015000] t= 3.529 | Pos Err:    0.81 km | Vel Err:    0.59 m/s
[Solver Step 016000] t= 3.792 | Pos Err:    0.05 km | Vel Err:    0.01 m/s
[Solver Step 017000] t= 4.032 | Pos Err:    0.03 km | Vel Err:    0.00 m/s
[Solver Step 018000] t= 4.238 | Pos Err:    0.42 km | Vel Err:    0.24 m/s
[Solver Step 019000] t= 4.493 | Pos Err:    0.05 km | Vel Err:    0.02 m/s
[Solver Step 020000] t= 4.745 | Pos Err:    0.05 km | Vel Err:    0.00 m/s
[Solver Step 021000] t= 4.961 | Pos Err:    0.22 km | Vel Err:    0.12 m/s
[Solver Step 022000] t= 5.184 | Pos Err:    0.04 km | Vel Err:    0.01 m/s
[Solver Step 023000] t= 5.450 | Pos Err:    0.06 km | Vel Err:    0.00 m/s
[Solver Step 024000] t= 5.691 | Pos Err:    0.14 km | Vel Err:    0.11 m/s
[Solver Step 025000] t= 5.897 | Pos Err:    0.08 km | Vel Err:    0.00 m/s
[Solver Step 026000] t= 6.154 | Pos Err:    0.07 km | Vel Err:    0.00 m/s
[Solver Step 027000] t= 6.406 | Pos Err:    0.25 km | Vel Err:    0.24 m/s
[Solver Step 028000] t= 6.616 | Pos Err:    0.10 km | Vel Err:    0.00 m/s
[Solver Step 029000] t= 6.845 | Pos Err:    0.10 km | Vel Err:    0.00 m/s
Completed [TRANSFER] Trajectory 101/600 | Saved 2399 samples | Total: 146290
[Solver Step 001000] t= 0.422 | Pos Err:    1.69 km | Vel Err:    0.04 m/s
[Solver Step 002000] t= 0.826 | Pos Err:    0.08 km | Vel Err:    0.00 m/s
[Solver Step 003000] t= 1.265 | Pos Err:    0.06 km | Vel Err:    0.01 m/s
[Solver Step 004000] t= 1.614 | Pos Err:    0.07 km | Vel Err:    0.00 m/s
[Solver Step 005000] t= 2.000 | Pos Err:    0.07 km | Vel Err:    0.00 m/s
[Solver Step 006000] t= 2.452 | Pos Err:    0.05 km | Vel Err:    0.01 m/s
[Solver Step 007000] t= 2.855 | Pos Err:    0.04 km | Vel Err:    0.00 m/s
[Solver Step 008000] t= 3.248 | Pos Err:    0.03 km | Vel Err:    0.00 m/s
[Solver Step 009000] t= 3.625 | Pos Err:    0.08 km | Vel Err:    0.08 m/s
[Solver Step 010000] t= 4.041 | Pos Err:    0.08 km | Vel Err:    0.00 m/s
[Solver Step 011000] t= 4.458 | Pos Err:    0.08 km | Vel Err:    0.00 m/s
[Solver Step 012000] t= 4.902 | Pos Err:    0.06 km | Vel Err:    0.04 m/s
[Solver Step 013000] t= 5.239 | Pos Err:    0.06 km | Vel Err:    0.00 m/s
[Solver Step 014000] t= 5.638 | Pos Err:    0.03 km | Vel Err:    0.00 m/s
[Solver Step 015000] t= 6.118 | Pos Err:    0.06 km | Vel Err:    0.02 m/s
[Solver Step 016000] t= 6.504 | Pos Err:    0.07 km | Vel Err:    0.00 m/s
[Solver Step 017000] t= 6.930 | Pos Err:    0.08 km | Vel Err:    0.00 m/s
[Solver Step 018000] t= 7.275 | Pos Err:    0.15 km | Vel Err:    0.10 m/s
[Solver Step 019000] t= 7.697 | Pos Err:    0.04 km | Vel Err:    0.00 m/s
[Solver Step 020000] t= 8.174 | Pos Err:    0.03 km | Vel Err:    0.00 m/s
[Solver Step 021000] t= 8.560 | Pos Err:    0.02 km | Vel Err:    0.03 m/s
[Solver Step 022000] t= 8.925 | Pos Err:    0.06 km | Vel Err:    0.00 m/s
[Solver Step 023000] t= 9.322 | Pos Err:    0.08 km | Vel Err:    0.00 m/s
[Solver Step 024000] t= 9.781 | Pos Err:    0.06 km | Vel Err:    0.03 m/s
[Solver Step 025000] t=10.180 | Pos Err:    0.06 km | Vel Err:    0.00 m/s
[Solver Step 026000] t=10.580 | Pos Err:    0.04 km | Vel Err:    0.00 m/s
[Solver Step 027000] t=10.940 | Pos Err:    0.09 km | Vel Err:    0.09 m/s
[Solver Step 028000] t=11.358 | Pos Err:    0.08 km | Vel Err:    0.00 m/s
[Solver Step 029000] t=11.816 | Pos Err:    0.08 km | Vel Err:    0.00 m/s
[Solver Step 030000] t=12.184 | Pos Err:    0.07 km | Vel Err:    0.03 m/s
Completed [EARTH_ORBIT] Trajectory 102/600 | Saved 2582 samples | Total: 148872
[Multiple Shooting] Converged in 4 iterations with residual 4.50e-13
[Solver Step 001000] t= 0.357 | Pos Err:    4.53 km | Vel Err:    0.09 m/s
[Solver Step 002000] t= 0.703 | Pos Err:   26.02 km | Vel Err:    0.56 m/s
[Solver Step 003000] t= 1.068 | Pos Err:   16.89 km | Vel Err:    0.35 m/s
[Solver Step 004000] t= 1.447 | Pos Err:    3.58 km | Vel Err:    0.08 m/s
[Solver Step 005000] t= 1.814 | Pos Err:   15.38 km | Vel Err:    0.32 m/s
[Solver Step 006000] t= 2.159 | Pos Err:   10.93 km | Vel Err:    0.22 m/s
Completed [DRO] Trajectory 103/600 | Saved 583 samples | Total: 149455
[Solver Step 001000] t= 0.415 | Pos Err:    2.80 km | Vel Err:    0.07 m/s
[Solver Step 002000] t= 0.820 | Pos Err:    0.03 km | Vel Err:    0.00 m/s
[Solver Step 003000] t= 1.260 | Pos Err:    0.09 km | Vel Err:    0.01 m/s
[Solver Step 004000] t= 1.608 | Pos Err:    0.08 km | Vel Err:    0.00 m/s
[Solver Step 005000] t= 1.994 | Pos Err:    0.02 km | Vel Err:    0.00 m/s
[Solver Step 006000] t= 2.446 | Pos Err:    0.07 km | Vel Err:    0.02 m/s
[Solver Step 007000] t= 2.848 | Pos Err:    0.08 km | Vel Err:    0.00 m/s
[Solver Step 008000] t= 3.245 | Pos Err:    0.09 km | Vel Err:    0.00 m/s
[Solver Step 009000] t= 3.620 | Pos Err:    0.15 km | Vel Err:    0.08 m/s
[Solver Step 010000] t= 4.034 | Pos Err:    0.04 km | Vel Err:    0.00 m/s
[Solver Step 011000] t= 4.453 | Pos Err:    0.02 km | Vel Err:    0.00 m/s
[Solver Step 012000] t= 4.896 | Pos Err:    0.02 km | Vel Err:    0.04 m/s
[Solver Step 013000] t= 5.234 | Pos Err:    0.05 km | Vel Err:    0.00 m/s
[Solver Step 014000] t= 5.632 | Pos Err:    0.09 km | Vel Err:    0.00 m/s
[Solver Step 015000] t= 6.111 | Pos Err:    0.08 km | Vel Err:    0.02 m/s
[Solver Step 016000] t= 6.498 | Pos Err:    0.07 km | Vel Err:    0.00 m/s
[Solver Step 017000] t= 6.925 | Pos Err:    0.06 km | Vel Err:    0.00 m/s
[Solver Step 018000] t= 7.269 | Pos Err:    0.09 km | Vel Err:    0.10 m/s
[Solver Step 019000] t= 7.689 | Pos Err:    0.08 km | Vel Err:    0.00 m/s
[Solver Step 020000] t= 8.168 | Pos Err:    0.10 km | Vel Err:    0.00 m/s
[Solver Step 021000] t= 8.554 | Pos Err:    0.08 km | Vel Err:    0.03 m/s
[Solver Step 022000] t= 8.923 | Pos Err:    0.09 km | Vel Err:    0.00 m/s
[Solver Step 023000] t= 9.316 | Pos Err:    0.02 km | Vel Err:    0.00 m/s
[Solver Step 024000] t= 9.774 | Pos Err:    0.04 km | Vel Err:    0.03 m/s
[Solver Step 025000] t=10.175 | Pos Err:    0.06 km | Vel Err:    0.00 m/s
[Solver Step 026000] t=10.575 | Pos Err:    0.08 km | Vel Err:    0.00 m/s
[Solver Step 027000] t=10.934 | Pos Err:    0.16 km | Vel Err:    0.09 m/s
[Solver Step 028000] t=11.354 | Pos Err:    0.07 km | Vel Err:    0.00 m/s
[Solver Step 029000] t=11.810 | Pos Err:    0.04 km | Vel Err:    0.00 m/s
[Solver Step 030000] t=12.178 | Pos Err:    0.03 km | Vel Err:    0.03 m/s
Completed [EARTH_ORBIT] Trajectory 104/600 | Saved 2583 samples | Total: 152038
[Multiple Shooting] Converged in 4 iterations with residual 1.14e-14
[Solver Step 001000] t= 0.362 | Pos Err:    3.50 km | Vel Err:    0.08 m/s
[Solver Step 002000] t= 0.719 | Pos Err:   15.45 km | Vel Err:    0.28 m/s
[Solver Step 003000] t= 1.077 | Pos Err:    4.35 km | Vel Err:    0.10 m/s
[Solver Step 004000] t= 1.454 | Pos Err:    8.72 km | Vel Err:    0.18 m/s
[Solver Step 005000] t= 1.834 | Pos Err:    3.69 km | Vel Err:    0.08 m/s
[Solver Step 006000] t= 2.208 | Pos Err:    2.15 km | Vel Err:    0.07 m/s
Completed [DRO] Trajectory 105/600 | Saved 570 samples | Total: 152608
[Solver Step 001000] t= 0.414 | Pos Err:    3.12 km | Vel Err:    0.07 m/s
[Solver Step 002000] t= 0.818 | Pos Err:    0.10 km | Vel Err:    0.00 m/s
[Solver Step 003000] t= 1.259 | Pos Err:    0.04 km | Vel Err:    0.01 m/s
[Solver Step 004000] t= 1.607 | Pos Err:    0.07 km | Vel Err:    0.00 m/s
[Solver Step 005000] t= 1.992 | Pos Err:    0.10 km | Vel Err:    0.00 m/s
[Solver Step 006000] t= 2.445 | Pos Err:    0.08 km | Vel Err:    0.02 m/s
[Solver Step 007000] t= 2.846 | Pos Err:    0.06 km | Vel Err:    0.00 m/s
[Solver Step 008000] t= 3.244 | Pos Err:    0.03 km | Vel Err:    0.00 m/s
[Solver Step 009000] t= 3.618 | Pos Err:    0.06 km | Vel Err:    0.08 m/s
[Solver Step 010000] t= 4.033 | Pos Err:    0.10 km | Vel Err:    0.00 m/s
[Solver Step 011000] t= 4.452 | Pos Err:    0.11 km | Vel Err:    0.00 m/s
[Solver Step 012000] t= 4.894 | Pos Err:    0.09 km | Vel Err:    0.04 m/s
[Solver Step 013000] t= 5.233 | Pos Err:    0.09 km | Vel Err:    0.00 m/s
[Solver Step 014000] t= 5.631 | Pos Err:    0.01 km | Vel Err:    0.00 m/s
[Solver Step 015000] t= 6.109 | Pos Err:    0.05 km | Vel Err:    0.02 m/s
[Solver Step 016000] t= 6.496 | Pos Err:    0.07 km | Vel Err:    0.00 m/s
[Solver Step 017000] t= 6.923 | Pos Err:    0.09 km | Vel Err:    0.00 m/s
[Solver Step 018000] t= 7.267 | Pos Err:    0.16 km | Vel Err:    0.10 m/s
[Solver Step 019000] t= 7.688 | Pos Err:    0.05 km | Vel Err:    0.00 m/s
[Solver Step 020000] t= 8.167 | Pos Err:    0.02 km | Vel Err:    0.00 m/s
[Solver Step 021000] t= 8.553 | Pos Err:    0.01 km | Vel Err:    0.03 m/s
[Solver Step 022000] t= 8.922 | Pos Err:    0.05 km | Vel Err:    0.00 m/s
[Solver Step 023000] t= 9.314 | Pos Err:    0.10 km | Vel Err:    0.00 m/s
[Solver Step 024000] t= 9.773 | Pos Err:    0.09 km | Vel Err:    0.03 m/s
[Solver Step 025000] t=10.174 | Pos Err:    0.09 km | Vel Err:    0.00 m/s
[Solver Step 026000] t=10.573 | Pos Err:    0.07 km | Vel Err:    0.00 m/s
[Solver Step 027000] t=10.933 | Pos Err:    0.08 km | Vel Err:    0.09 m/s
[Solver Step 028000] t=11.353 | Pos Err:    0.08 km | Vel Err:    0.00 m/s
[Solver Step 029000] t=11.808 | Pos Err:    0.10 km | Vel Err:    0.00 m/s
[Solver Step 030000] t=12.177 | Pos Err:    0.09 km | Vel Err:    0.03 m/s
Completed [EARTH_ORBIT] Trajectory 106/600 | Saved 2583 samples | Total: 155191
[Multiple Shooting] Converged in 2 iterations with residual 1.65e-15
[Solver Step 001000] t= 0.458 | Pos Err:    0.24 km | Vel Err:    0.01 m/s
[Solver Step 002000] t= 1.016 | Pos Err:    0.14 km | Vel Err:    0.00 m/s
[Solver Step 003000] t= 1.613 | Pos Err:    0.08 km | Vel Err:    0.01 m/s
[Solver Step 004000] t= 2.046 | Pos Err:    0.31 km | Vel Err:    0.01 m/s
[Solver Step 005000] t= 2.503 | Pos Err:    0.32 km | Vel Err:    0.01 m/s
[Solver Step 006000] t= 3.055 | Pos Err:    5.33 km | Vel Err:    0.14 m/s
Completed [HALO_L2] Trajectory 107/600 | Saved 513 samples | Total: 155704
[Multiple Shooting] Converged in 7 iterations with residual 1.85e-14
[Solver Step 001000] t= 0.302 | Pos Err:  803.07 km | Vel Err:   17.32 m/s
[Solver Step 002000] t= 0.646 | Pos Err:  151.22 km | Vel Err:    3.11 m/s
[Solver Step 003000] t= 0.967 | Pos Err:  948.78 km | Vel Err:   16.84 m/s
[Solver Step 004000] t= 1.306 | Pos Err:  151.72 km | Vel Err:    3.29 m/s
[Solver Step 005000] t= 1.626 | Pos Err: 1277.59 km | Vel Err:   18.10 m/s
[Solver Step 006000] t= 1.971 | Pos Err:  211.11 km | Vel Err:    3.59 m/s
[Solver Step 007000] t= 2.286 | Pos Err: 1517.44 km | Vel Err:   28.96 m/s
Completed [DRO] Trajectory 108/600 | Saved 625 samples | Total: 156329
[Solver Step 001000] t= 0.417 | Pos Err:    0.82 km | Vel Err:    0.02 m/s
[Solver Step 002000] t= 0.791 | Pos Err:    0.07 km | Vel Err:    0.00 m/s
[Solver Step 003000] t= 1.100 | Pos Err:    0.01 km | Vel Err:    0.04 m/s
[Solver Step 004000] t= 1.553 | Pos Err:    0.05 km | Vel Err:    0.00 m/s
[Solver Step 005000] t= 2.104 | Pos Err:    0.05 km | Vel Err:    0.00 m/s
[Solver Step 006000] t= 2.517 | Pos Err:    0.05 km | Vel Err:    0.01 m/s
[Solver Step 007000] t= 3.016 | Pos Err:    0.05 km | Vel Err:    0.00 m/s
[Solver Step 008000] t= 3.569 | Pos Err:    0.05 km | Vel Err:    0.00 m/s
[Solver Step 009000] t= 4.058 | Pos Err:    0.05 km | Vel Err:    0.01 m/s
[Solver Step 010000] t= 4.461 | Pos Err:    0.05 km | Vel Err:    0.00 m/s
[Solver Step 011000] t= 4.999 | Pos Err:    0.06 km | Vel Err:    0.00 m/s
[Solver Step 012000] t= 5.586 | Pos Err:    0.05 km | Vel Err:    0.05 m/s
[Solver Step 013000] t= 6.068 | Pos Err:    0.07 km | Vel Err:    0.00 m/s
[Solver Step 014000] t= 6.469 | Pos Err:    0.07 km | Vel Err:    0.00 m/s
[Solver Step 015000] t= 7.027 | Pos Err:    0.04 km | Vel Err:    0.08 m/s
Completed [MOON_ORBIT] Trajectory 109/600 | Saved 1314 samples | Total: 157643
[Multiple Shooting] Converged in 2 iterations with residual 1.30e-15
[Solver Step 001000] t= 0.466 | Pos Err:    0.29 km | Vel Err:    0.01 m/s
[Solver Step 002000] t= 0.949 | Pos Err:    0.24 km | Vel Err:    0.00 m/s
[Solver Step 003000] t= 1.507 | Pos Err:    0.10 km | Vel Err:    0.01 m/s
[Solver Step 004000] t= 2.079 | Pos Err:    0.09 km | Vel Err:    0.00 m/s
[Solver Step 005000] t= 2.485 | Pos Err:    0.20 km | Vel Err:    0.00 m/s
[Solver Step 006000] t= 2.967 | Pos Err:    0.23 km | Vel Err:    0.02 m/s
Completed [HALO_L2] Trajectory 110/600 | Saved 527 samples | Total: 158170
[Solver Step 001000] t= 0.216 | Pos Err:    9.34 km | Vel Err:    0.26 m/s
[Solver Step 002000] t= 0.468 | Pos Err:    1.24 km | Vel Err:    0.03 m/s
[Solver Step 003000] t= 0.711 | Pos Err:    0.16 km | Vel Err:    0.04 m/s
[Solver Step 004000] t= 0.924 | Pos Err:    0.02 km | Vel Err:    0.00 m/s
[Solver Step 005000] t= 1.175 | Pos Err:    0.01 km | Vel Err:    0.00 m/s
[Solver Step 006000] t= 1.429 | Pos Err:    0.06 km | Vel Err:    0.03 m/s
[Solver Step 007000] t= 1.658 | Pos Err:    0.05 km | Vel Err:    0.00 m/s
[Solver Step 008000] t= 1.873 | Pos Err:    0.02 km | Vel Err:    0.00 m/s
[Solver Step 009000] t= 2.133 | Pos Err:    0.22 km | Vel Err:    0.16 m/s
[Solver Step 010000] t= 2.374 | Pos Err:    0.06 km | Vel Err:    0.00 m/s
[Solver Step 011000] t= 2.586 | Pos Err:    0.05 km | Vel Err:    0.00 m/s
[Solver Step 012000] t= 2.835 | Pos Err:    1.30 km | Vel Err:    1.06 m/s
[Solver Step 013000] t= 3.090 | Pos Err:    0.08 km | Vel Err:    0.00 m/s
[Solver Step 014000] t= 3.309 | Pos Err:    0.06 km | Vel Err:    0.00 m/s
[Solver Step 015000] t= 3.532 | Pos Err:    0.71 km | Vel Err:    0.57 m/s
[Solver Step 016000] t= 3.794 | Pos Err:    0.07 km | Vel Err:    0.00 m/s
[Solver Step 017000] t= 4.035 | Pos Err:    0.07 km | Vel Err:    0.00 m/s
[Solver Step 018000] t= 4.242 | Pos Err:    0.35 km | Vel Err:    0.23 m/s
[Solver Step 019000] t= 4.495 | Pos Err:    0.04 km | Vel Err:    0.02 m/s
[Solver Step 020000] t= 4.748 | Pos Err:    0.06 km | Vel Err:    0.00 m/s
[Solver Step 021000] t= 4.965 | Pos Err:    0.11 km | Vel Err:    0.11 m/s
[Solver Step 022000] t= 5.187 | Pos Err:    0.06 km | Vel Err:    0.01 m/s
[Solver Step 023000] t= 5.453 | Pos Err:    0.06 km | Vel Err:    0.00 m/s
[Solver Step 024000] t= 5.694 | Pos Err:    0.07 km | Vel Err:    0.12 m/s
[Solver Step 025000] t= 5.901 | Pos Err:    0.02 km | Vel Err:    0.00 m/s
[Solver Step 026000] t= 6.156 | Pos Err:    0.04 km | Vel Err:    0.00 m/s
[Solver Step 027000] t= 6.409 | Pos Err:    0.22 km | Vel Err:    0.24 m/s
[Solver Step 028000] t= 6.620 | Pos Err:    0.02 km | Vel Err:    0.00 m/s
[Solver Step 029000] t= 6.848 | Pos Err:    0.02 km | Vel Err:    0.00 m/s
Completed [TRANSFER] Trajectory 111/600 | Saved 2399 samples | Total: 160569
[Solver Step 001000] t= 0.215 | Pos Err:   29.21 km | Vel Err:    0.63 m/s
[Solver Step 002000] t= 0.469 | Pos Err:    3.58 km | Vel Err:    0.11 m/s
[Solver Step 003000] t= 0.712 | Pos Err:    0.51 km | Vel Err:    0.05 m/s
[Solver Step 004000] t= 0.926 | Pos Err:    0.04 km | Vel Err:    0.00 m/s
[Solver Step 005000] t= 1.176 | Pos Err:    0.10 km | Vel Err:    0.00 m/s
[Solver Step 006000] t= 1.429 | Pos Err:    0.11 km | Vel Err:    0.03 m/s
[Solver Step 007000] t= 1.658 | Pos Err:    0.10 km | Vel Err:    0.00 m/s
[Solver Step 008000] t= 1.873 | Pos Err:    0.12 km | Vel Err:    0.00 m/s
[Solver Step 009000] t= 2.133 | Pos Err:    0.20 km | Vel Err:    0.15 m/s
[Solver Step 010000] t= 2.374 | Pos Err:    0.09 km | Vel Err:    0.00 m/s
[Solver Step 011000] t= 2.586 | Pos Err:    0.09 km | Vel Err:    0.00 m/s
[Solver Step 012000] t= 2.835 | Pos Err:    1.42 km | Vel Err:    1.06 m/s
[Solver Step 013000] t= 3.090 | Pos Err:    0.08 km | Vel Err:    0.00 m/s
[Solver Step 014000] t= 3.309 | Pos Err:    0.06 km | Vel Err:    0.00 m/s
[Solver Step 015000] t= 3.532 | Pos Err:    0.77 km | Vel Err:    0.57 m/s
[Solver Step 016000] t= 3.794 | Pos Err:    0.07 km | Vel Err:    0.01 m/s
[Solver Step 017000] t= 4.035 | Pos Err:    0.04 km | Vel Err:    0.00 m/s
[Solver Step 018000] t= 4.242 | Pos Err:    0.40 km | Vel Err:    0.23 m/s
[Solver Step 019000] t= 4.494 | Pos Err:    0.06 km | Vel Err:    0.02 m/s
[Solver Step 020000] t= 4.747 | Pos Err:    0.05 km | Vel Err:    0.00 m/s
[Solver Step 021000] t= 4.963 | Pos Err:    0.21 km | Vel Err:    0.12 m/s
[Solver Step 022000] t= 5.186 | Pos Err:    0.05 km | Vel Err:    0.01 m/s
[Solver Step 023000] t= 5.451 | Pos Err:    0.06 km | Vel Err:    0.00 m/s
[Solver Step 024000] t= 5.693 | Pos Err:    0.16 km | Vel Err:    0.11 m/s
[Solver Step 025000] t= 5.901 | Pos Err:    0.09 km | Vel Err:    0.00 m/s
[Solver Step 026000] t= 6.156 | Pos Err:    0.08 km | Vel Err:    0.00 m/s
[Solver Step 027000] t= 6.409 | Pos Err:    0.27 km | Vel Err:    0.24 m/s
[Solver Step 028000] t= 6.620 | Pos Err:    0.11 km | Vel Err:    0.00 m/s
[Solver Step 029000] t= 6.848 | Pos Err:    0.11 km | Vel Err:    0.00 m/s
Completed [TRANSFER] Trajectory 112/600 | Saved 2399 samples | Total: 162968
[Multiple Shooting] Converged in 6 iterations with residual 2.10e-12
[Solver Step 001000] t= 0.315 | Pos Err:   64.16 km | Vel Err:    1.32 m/s
[Solver Step 002000] t= 0.641 | Pos Err:  285.91 km | Vel Err:    5.19 m/s
[Solver Step 003000] t= 1.000 | Pos Err:   14.27 km | Vel Err:    0.27 m/s
[Solver Step 004000] t= 1.316 | Pos Err:  282.51 km | Vel Err:    6.04 m/s
[Solver Step 005000] t= 1.650 | Pos Err:  139.37 km | Vel Err:    2.79 m/s
[Solver Step 006000] t= 2.010 | Pos Err:   12.03 km | Vel Err:    0.19 m/s
[Solver Step 007000] t= 2.324 | Pos Err:  658.83 km | Vel Err:   14.67 m/s
Completed [DRO] Trajectory 113/600 | Saved 629 samples | Total: 163597
[Multiple Shooting] Converged in 4 iterations with residual 1.25e-13
[Solver Step 001000] t= 0.360 | Pos Err:    9.49 km | Vel Err:    0.21 m/s
[Solver Step 002000] t= 0.710 | Pos Err:   20.04 km | Vel Err:    0.41 m/s
[Solver Step 003000] t= 1.073 | Pos Err:    9.43 km | Vel Err:    0.20 m/s
[Solver Step 004000] t= 1.453 | Pos Err:    5.98 km | Vel Err:    0.13 m/s
[Solver Step 005000] t= 1.828 | Pos Err:    9.20 km | Vel Err:    0.20 m/s
[Solver Step 006000] t= 2.192 | Pos Err:   10.00 km | Vel Err:    0.23 m/s
Completed [DRO] Trajectory 114/600 | Saved 576 samples | Total: 164173
[Multiple Shooting] Converged in 2 iterations with residual 2.79e-11
[Solver Step 001000] t= 0.428 | Pos Err:    0.26 km | Vel Err:    0.01 m/s
[Solver Step 002000] t= 0.892 | Pos Err:    0.23 km | Vel Err:    0.01 m/s
[Solver Step 003000] t= 1.384 | Pos Err:    1.11 km | Vel Err:    0.02 m/s
[Solver Step 004000] t= 1.804 | Pos Err:    4.23 km | Vel Err:    0.07 m/s
[Solver Step 005000] t= 2.156 | Pos Err:  184.94 km | Vel Err:    3.64 m/s
[Solver Step 006000] t= 2.614 | Pos Err:    6.59 km | Vel Err:    0.13 m/s
[Solver Step 007000] t= 3.091 | Pos Err:   34.86 km | Vel Err:    0.78 m/s
Completed [HALO_L1] Trajectory 115/600 | Saved 592 samples | Total: 164765
[Solver Step 001000] t= 0.216 | Pos Err:   23.39 km | Vel Err:    0.39 m/s
[Solver Step 002000] t= 0.470 | Pos Err:    2.83 km | Vel Err:    0.02 m/s
[Solver Step 003000] t= 0.713 | Pos Err:    0.37 km | Vel Err:    0.02 m/s
[Solver Step 004000] t= 0.930 | Pos Err:    0.02 km | Vel Err:    0.00 m/s
[Solver Step 005000] t= 1.178 | Pos Err:    0.06 km | Vel Err:    0.00 m/s
[Solver Step 006000] t= 1.431 | Pos Err:    0.11 km | Vel Err:    0.04 m/s
[Solver Step 007000] t= 1.661 | Pos Err:    0.10 km | Vel Err:    0.00 m/s
[Solver Step 008000] t= 1.876 | Pos Err:    0.08 km | Vel Err:    0.00 m/s
[Solver Step 009000] t= 2.134 | Pos Err:    0.20 km | Vel Err:    0.11 m/s
[Solver Step 010000] t= 2.377 | Pos Err:    0.10 km | Vel Err:    0.00 m/s
[Solver Step 011000] t= 2.590 | Pos Err:    0.08 km | Vel Err:    0.00 m/s
[Solver Step 012000] t= 2.837 | Pos Err:    0.96 km | Vel Err:    0.77 m/s
[Solver Step 013000] t= 3.092 | Pos Err:    0.10 km | Vel Err:    0.00 m/s
[Solver Step 014000] t= 3.313 | Pos Err:    0.06 km | Vel Err:    0.00 m/s
[Solver Step 015000] t= 3.535 | Pos Err:    0.66 km | Vel Err:    0.55 m/s
[Solver Step 016000] t= 3.796 | Pos Err:    0.09 km | Vel Err:    0.00 m/s
[Solver Step 017000] t= 4.038 | Pos Err:    0.05 km | Vel Err:    0.00 m/s
[Solver Step 018000] t= 4.246 | Pos Err:    0.31 km | Vel Err:    0.22 m/s
[Solver Step 019000] t= 4.497 | Pos Err:    0.06 km | Vel Err:    0.02 m/s
[Solver Step 020000] t= 4.753 | Pos Err:    0.03 km | Vel Err:    0.00 m/s
[Solver Step 021000] t= 4.969 | Pos Err:    0.11 km | Vel Err:    0.11 m/s
[Solver Step 022000] t= 5.189 | Pos Err:    0.05 km | Vel Err:    0.01 m/s
[Solver Step 023000] t= 5.455 | Pos Err:    0.02 km | Vel Err:    0.00 m/s
[Solver Step 024000] t= 5.698 | Pos Err:    0.12 km | Vel Err:    0.12 m/s
[Solver Step 025000] t= 5.906 | Pos Err:    0.05 km | Vel Err:    0.00 m/s
[Solver Step 026000] t= 6.159 | Pos Err:    0.03 km | Vel Err:    0.00 m/s
[Solver Step 027000] t= 6.414 | Pos Err:    0.28 km | Vel Err:    0.24 m/s
[Solver Step 028000] t= 6.627 | Pos Err:    0.08 km | Vel Err:    0.00 m/s
[Solver Step 029000] t= 6.851 | Pos Err:    0.04 km | Vel Err:    0.00 m/s
Completed [TRANSFER] Trajectory 116/600 | Saved 2399 samples | Total: 167164
[Solver Step 001000] t= 0.417 | Pos Err:    2.14 km | Vel Err:    0.05 m/s
[Solver Step 002000] t= 0.821 | Pos Err:    0.07 km | Vel Err:    0.00 m/s
[Solver Step 003000] t= 1.261 | Pos Err:    0.07 km | Vel Err:    0.01 m/s
[Solver Step 004000] t= 1.609 | Pos Err:    0.08 km | Vel Err:    0.00 m/s
[Solver Step 005000] t= 1.995 | Pos Err:    0.07 km | Vel Err:    0.00 m/s
[Solver Step 006000] t= 2.447 | Pos Err:    0.04 km | Vel Err:    0.02 m/s
[Solver Step 007000] t= 2.849 | Pos Err:    0.04 km | Vel Err:    0.00 m/s
[Solver Step 008000] t= 3.245 | Pos Err:    0.04 km | Vel Err:    0.00 m/s
[Solver Step 009000] t= 3.620 | Pos Err:    0.10 km | Vel Err:    0.08 m/s
[Solver Step 010000] t= 4.035 | Pos Err:    0.08 km | Vel Err:    0.00 m/s
[Solver Step 011000] t= 4.454 | Pos Err:    0.08 km | Vel Err:    0.00 m/s
[Solver Step 012000] t= 4.897 | Pos Err:    0.06 km | Vel Err:    0.04 m/s
[Solver Step 013000] t= 5.235 | Pos Err:    0.05 km | Vel Err:    0.00 m/s
[Solver Step 014000] t= 5.633 | Pos Err:    0.05 km | Vel Err:    0.00 m/s
[Solver Step 015000] t= 6.112 | Pos Err:    0.07 km | Vel Err:    0.02 m/s
[Solver Step 016000] t= 6.499 | Pos Err:    0.08 km | Vel Err:    0.00 m/s
[Solver Step 017000] t= 6.926 | Pos Err:    0.09 km | Vel Err:    0.00 m/s
[Solver Step 018000] t= 7.270 | Pos Err:    0.14 km | Vel Err:    0.10 m/s
[Solver Step 019000] t= 7.691 | Pos Err:    0.04 km | Vel Err:    0.00 m/s
[Solver Step 020000] t= 8.169 | Pos Err:    0.04 km | Vel Err:    0.00 m/s
[Solver Step 021000] t= 8.555 | Pos Err:    0.04 km | Vel Err:    0.03 m/s
[Solver Step 022000] t= 8.923 | Pos Err:    0.07 km | Vel Err:    0.00 m/s
[Solver Step 023000] t= 9.317 | Pos Err:    0.07 km | Vel Err:    0.00 m/s
[Solver Step 024000] t= 9.775 | Pos Err:    0.06 km | Vel Err:    0.03 m/s
[Solver Step 025000] t=10.176 | Pos Err:    0.05 km | Vel Err:    0.00 m/s
[Solver Step 026000] t=10.576 | Pos Err:    0.04 km | Vel Err:    0.00 m/s
[Solver Step 027000] t=10.935 | Pos Err:    0.10 km | Vel Err:    0.09 m/s
[Solver Step 028000] t=11.354 | Pos Err:    0.08 km | Vel Err:    0.00 m/s
[Solver Step 029000] t=11.811 | Pos Err:    0.08 km | Vel Err:    0.00 m/s
[Solver Step 030000] t=12.179 | Pos Err:    0.07 km | Vel Err:    0.03 m/s
Completed [EARTH_ORBIT] Trajectory 117/600 | Saved 2583 samples | Total: 169747
[Solver Step 001000] t= 0.412 | Pos Err:    3.77 km | Vel Err:    0.09 m/s
[Solver Step 002000] t= 0.816 | Pos Err:    0.06 km | Vel Err:    0.00 m/s
[Solver Step 003000] t= 1.258 | Pos Err:    0.08 km | Vel Err:    0.01 m/s
[Solver Step 004000] t= 1.605 | Pos Err:    0.06 km | Vel Err:    0.00 m/s
[Solver Step 005000] t= 1.990 | Pos Err:    0.06 km | Vel Err:    0.00 m/s
[Solver Step 006000] t= 2.443 | Pos Err:    0.10 km | Vel Err:    0.02 m/s
[Solver Step 007000] t= 2.844 | Pos Err:    0.11 km | Vel Err:    0.00 m/s
[Solver Step 008000] t= 3.242 | Pos Err:    0.11 km | Vel Err:    0.00 m/s
[Solver Step 009000] t= 3.617 | Pos Err:    0.15 km | Vel Err:    0.08 m/s
[Solver Step 010000] t= 4.030 | Pos Err:    0.03 km | Vel Err:    0.00 m/s
[Solver Step 011000] t= 4.450 | Pos Err:    0.05 km | Vel Err:    0.00 m/s
[Solver Step 012000] t= 4.892 | Pos Err:    0.05 km | Vel Err:    0.04 m/s
[Solver Step 013000] t= 5.231 | Pos Err:    0.09 km | Vel Err:    0.00 m/s
[Solver Step 014000] t= 5.629 | Pos Err:    0.10 km | Vel Err:    0.00 m/s
[Solver Step 015000] t= 6.107 | Pos Err:    0.07 km | Vel Err:    0.02 m/s
[Solver Step 016000] t= 6.494 | Pos Err:    0.05 km | Vel Err:    0.00 m/s
[Solver Step 017000] t= 6.922 | Pos Err:    0.03 km | Vel Err:    0.00 m/s
[Solver Step 018000] t= 7.265 | Pos Err:    0.07 km | Vel Err:    0.10 m/s
[Solver Step 019000] t= 7.686 | Pos Err:    0.11 km | Vel Err:    0.00 m/s
[Solver Step 020000] t= 8.166 | Pos Err:    0.11 km | Vel Err:    0.00 m/s
[Solver Step 021000] t= 8.551 | Pos Err:    0.09 km | Vel Err:    0.03 m/s
[Solver Step 022000] t= 8.921 | Pos Err:    0.08 km | Vel Err:    0.00 m/s
[Solver Step 023000] t= 9.312 | Pos Err:    0.03 km | Vel Err:    0.00 m/s
[Solver Step 024000] t= 9.770 | Pos Err:    0.07 km | Vel Err:    0.03 m/s
[Solver Step 025000] t=10.172 | Pos Err:    0.09 km | Vel Err:    0.00 m/s
[Solver Step 026000] t=10.571 | Pos Err:    0.11 km | Vel Err:    0.00 m/s
[Solver Step 027000] t=10.931 | Pos Err:    0.17 km | Vel Err:    0.09 m/s
[Solver Step 028000] t=11.351 | Pos Err:    0.05 km | Vel Err:    0.00 m/s
[Solver Step 029000] t=11.806 | Pos Err:    0.03 km | Vel Err:    0.00 m/s
[Solver Step 030000] t=12.176 | Pos Err:    0.03 km | Vel Err:    0.03 m/s
[Solver Step 031000] t=12.566 | Pos Err:    0.06 km | Vel Err:    0.00 m/s
Completed [EARTH_ORBIT] Trajectory 118/600 | Saved 2584 samples | Total: 172331
[Solver Step 001000] t= 0.416 | Pos Err:    3.40 km | Vel Err:    0.08 m/s
[Solver Step 002000] t= 0.820 | Pos Err:    0.09 km | Vel Err:    0.00 m/s
[Solver Step 003000] t= 1.261 | Pos Err:    0.08 km | Vel Err:    0.01 m/s
[Solver Step 004000] t= 1.609 | Pos Err:    0.10 km | Vel Err:    0.00 m/s
[Solver Step 005000] t= 1.994 | Pos Err:    0.09 km | Vel Err:    0.00 m/s
[Solver Step 006000] t= 2.447 | Pos Err:    0.05 km | Vel Err:    0.02 m/s
[Solver Step 007000] t= 2.849 | Pos Err:    0.03 km | Vel Err:    0.00 m/s
[Solver Step 008000] t= 3.245 | Pos Err:    0.02 km | Vel Err:    0.00 m/s
[Solver Step 009000] t= 3.620 | Pos Err:    0.08 km | Vel Err:    0.08 m/s
[Solver Step 010000] t= 4.035 | Pos Err:    0.10 km | Vel Err:    0.00 m/s
[Solver Step 011000] t= 4.454 | Pos Err:    0.10 km | Vel Err:    0.00 m/s
[Solver Step 012000] t= 4.897 | Pos Err:    0.08 km | Vel Err:    0.04 m/s
[Solver Step 013000] t= 5.235 | Pos Err:    0.07 km | Vel Err:    0.00 m/s
[Solver Step 014000] t= 5.633 | Pos Err:    0.04 km | Vel Err:    0.00 m/s
[Solver Step 015000] t= 6.112 | Pos Err:    0.08 km | Vel Err:    0.02 m/s
[Solver Step 016000] t= 6.498 | Pos Err:    0.10 km | Vel Err:    0.00 m/s
[Solver Step 017000] t= 6.925 | Pos Err:    0.11 km | Vel Err:    0.00 m/s
[Solver Step 018000] t= 7.269 | Pos Err:    0.17 km | Vel Err:    0.10 m/s
[Solver Step 019000] t= 7.690 | Pos Err:    0.03 km | Vel Err:    0.00 m/s
[Solver Step 020000] t= 8.169 | Pos Err:    0.03 km | Vel Err:    0.00 m/s
[Solver Step 021000] t= 8.555 | Pos Err:    0.03 km | Vel Err:    0.03 m/s
[Solver Step 022000] t= 8.923 | Pos Err:    0.08 km | Vel Err:    0.00 m/s
[Solver Step 023000] t= 9.316 | Pos Err:    0.10 km | Vel Err:    0.00 m/s
[Solver Step 024000] t= 9.775 | Pos Err:    0.08 km | Vel Err:    0.03 m/s
[Solver Step 025000] t=10.176 | Pos Err:    0.07 km | Vel Err:    0.00 m/s
[Solver Step 026000] t=10.575 | Pos Err:    0.04 km | Vel Err:    0.00 m/s
[Solver Step 027000] t=10.935 | Pos Err:    0.08 km | Vel Err:    0.09 m/s
[Solver Step 028000] t=11.354 | Pos Err:    0.10 km | Vel Err:    0.00 m/s
[Solver Step 029000] t=11.811 | Pos Err:    0.11 km | Vel Err:    0.00 m/s
[Solver Step 030000] t=12.179 | Pos Err:    0.09 km | Vel Err:    0.03 m/s
Completed [EARTH_ORBIT] Trajectory 119/600 | Saved 2583 samples | Total: 174914
[Solver Step 001000] t= 0.419 | Pos Err:    0.16 km | Vel Err:    0.00 m/s
[Solver Step 002000] t= 0.792 | Pos Err:    0.06 km | Vel Err:    0.00 m/s
[Solver Step 003000] t= 1.101 | Pos Err:    0.01 km | Vel Err:    0.04 m/s
[Solver Step 004000] t= 1.554 | Pos Err:    0.05 km | Vel Err:    0.00 m/s
[Solver Step 005000] t= 2.105 | Pos Err:    0.06 km | Vel Err:    0.00 m/s
[Solver Step 006000] t= 2.518 | Pos Err:    0.05 km | Vel Err:    0.01 m/s
[Solver Step 007000] t= 3.018 | Pos Err:    0.05 km | Vel Err:    0.00 m/s
[Solver Step 008000] t= 3.571 | Pos Err:    0.05 km | Vel Err:    0.00 m/s
[Solver Step 009000] t= 4.060 | Pos Err:    0.05 km | Vel Err:    0.01 m/s
[Solver Step 010000] t= 4.462 | Pos Err:    0.05 km | Vel Err:    0.00 m/s
[Solver Step 011000] t= 5.000 | Pos Err:    0.05 km | Vel Err:    0.00 m/s
[Solver Step 012000] t= 5.588 | Pos Err:    0.04 km | Vel Err:    0.05 m/s
[Solver Step 013000] t= 6.069 | Pos Err:    0.06 km | Vel Err:    0.00 m/s
[Solver Step 014000] t= 6.471 | Pos Err:    0.06 km | Vel Err:    0.00 m/s
[Solver Step 015000] t= 7.028 | Pos Err:    0.03 km | Vel Err:    0.08 m/s
Completed [MOON_ORBIT] Trajectory 120/600 | Saved 1314 samples | Total: 176228
[Solver Step 001000] t= 0.415 | Pos Err:    0.26 km | Vel Err:    0.01 m/s
[Solver Step 002000] t= 0.789 | Pos Err:    0.05 km | Vel Err:    0.00 m/s
[Solver Step 003000] t= 1.098 | Pos Err:    0.01 km | Vel Err:    0.04 m/s
[Solver Step 004000] t= 1.549 | Pos Err:    0.06 km | Vel Err:    0.00 m/s
[Solver Step 005000] t= 2.101 | Pos Err:    0.06 km | Vel Err:    0.00 m/s
[Solver Step 006000] t= 2.514 | Pos Err:    0.06 km | Vel Err:    0.01 m/s
[Solver Step 007000] t= 3.013 | Pos Err:    0.06 km | Vel Err:    0.00 m/s
[Solver Step 008000] t= 3.566 | Pos Err:    0.06 km | Vel Err:    0.00 m/s
[Solver Step 009000] t= 4.056 | Pos Err:    0.05 km | Vel Err:    0.01 m/s
[Solver Step 010000] t= 4.458 | Pos Err:    0.06 km | Vel Err:    0.00 m/s
[Solver Step 011000] t= 4.995 | Pos Err:    0.05 km | Vel Err:    0.00 m/s
[Solver Step 012000] t= 5.583 | Pos Err:    0.04 km | Vel Err:    0.05 m/s
[Solver Step 013000] t= 6.066 | Pos Err:    0.05 km | Vel Err:    0.00 m/s
[Solver Step 014000] t= 6.466 | Pos Err:    0.05 km | Vel Err:    0.00 m/s
[Solver Step 015000] t= 7.023 | Pos Err:    0.03 km | Vel Err:    0.08 m/s
Completed [MOON_ORBIT] Trajectory 121/600 | Saved 1314 samples | Total: 177542
[Multiple Shooting] Converged in 2 iterations with residual 1.65e-15
[Solver Step 001000] t= 0.470 | Pos Err:    0.39 km | Vel Err:    0.01 m/s
[Solver Step 002000] t= 0.968 | Pos Err:    0.09 km | Vel Err:    0.00 m/s
[Solver Step 003000] t= 1.538 | Pos Err:    0.17 km | Vel Err:    0.02 m/s
[Solver Step 004000] t= 2.097 | Pos Err:    0.18 km | Vel Err:    0.00 m/s
[Solver Step 005000] t= 2.495 | Pos Err:    0.29 km | Vel Err:    0.01 m/s
[Solver Step 006000] t= 2.992 | Pos Err:    1.79 km | Vel Err:    0.05 m/s
Completed [HALO_L2] Trajectory 122/600 | Saved 523 samples | Total: 178065
[Solver Step 001000] t= 0.411 | Pos Err:    3.46 km | Vel Err:    0.08 m/s
[Solver Step 002000] t= 0.816 | Pos Err:    0.07 km | Vel Err:    0.00 m/s
[Solver Step 003000] t= 1.258 | Pos Err:    0.06 km | Vel Err:    0.01 m/s
[Solver Step 004000] t= 1.604 | Pos Err:    0.03 km | Vel Err:    0.00 m/s
[Solver Step 005000] t= 1.990 | Pos Err:    0.07 km | Vel Err:    0.00 m/s
[Solver Step 006000] t= 2.443 | Pos Err:    0.11 km | Vel Err:    0.02 m/s
[Solver Step 007000] t= 2.844 | Pos Err:    0.11 km | Vel Err:    0.00 m/s
[Solver Step 008000] t= 3.242 | Pos Err:    0.11 km | Vel Err:    0.00 m/s
[Solver Step 009000] t= 3.616 | Pos Err:    0.14 km | Vel Err:    0.08 m/s
[Solver Step 010000] t= 4.030 | Pos Err:    0.02 km | Vel Err:    0.00 m/s
[Solver Step 011000] t= 4.450 | Pos Err:    0.06 km | Vel Err:    0.00 m/s
[Solver Step 012000] t= 4.892 | Pos Err:    0.06 km | Vel Err:    0.04 m/s
[Solver Step 013000] t= 5.231 | Pos Err:    0.10 km | Vel Err:    0.00 m/s
[Solver Step 014000] t= 5.628 | Pos Err:    0.09 km | Vel Err:    0.00 m/s
[Solver Step 015000] t= 6.107 | Pos Err:    0.05 km | Vel Err:    0.02 m/s
[Solver Step 016000] t= 6.494 | Pos Err:    0.03 km | Vel Err:    0.00 m/s
[Solver Step 017000] t= 6.921 | Pos Err:    0.01 km | Vel Err:    0.00 m/s
[Solver Step 018000] t= 7.265 | Pos Err:    0.08 km | Vel Err:    0.10 m/s
[Solver Step 019000] t= 7.685 | Pos Err:    0.11 km | Vel Err:    0.00 m/s
[Solver Step 020000] t= 8.165 | Pos Err:    0.10 km | Vel Err:    0.00 m/s
[Solver Step 021000] t= 8.550 | Pos Err:    0.08 km | Vel Err:    0.03 m/s
[Solver Step 022000] t= 8.921 | Pos Err:    0.06 km | Vel Err:    0.00 m/s
[Solver Step 023000] t= 9.312 | Pos Err:    0.04 km | Vel Err:    0.00 m/s
[Solver Step 024000] t= 9.770 | Pos Err:    0.08 km | Vel Err:    0.03 m/s
[Solver Step 025000] t=10.172 | Pos Err:    0.10 km | Vel Err:    0.00 m/s
[Solver Step 026000] t=10.571 | Pos Err:    0.11 km | Vel Err:    0.00 m/s
[Solver Step 027000] t=10.930 | Pos Err:    0.17 km | Vel Err:    0.09 m/s
[Solver Step 028000] t=11.351 | Pos Err:    0.02 km | Vel Err:    0.00 m/s
[Solver Step 029000] t=11.806 | Pos Err:    0.02 km | Vel Err:    0.00 m/s
[Solver Step 030000] t=12.175 | Pos Err:    0.03 km | Vel Err:    0.03 m/s
[Solver Step 031000] t=12.566 | Pos Err:    0.07 km | Vel Err:    0.00 m/s
Completed [EARTH_ORBIT] Trajectory 123/600 | Saved 2584 samples | Total: 180649
[Multiple Shooting] Converged in 2 iterations with residual 9.72e-12
[Solver Step 001000] t= 0.419 | Pos Err:    0.52 km | Vel Err:    0.01 m/s
[Solver Step 002000] t= 0.924 | Pos Err:    1.49 km | Vel Err:    0.03 m/s
[Solver Step 003000] t= 1.404 | Pos Err:   15.17 km | Vel Err:    0.30 m/s
[Solver Step 004000] t= 1.738 | Pos Err:   94.73 km | Vel Err:    1.87 m/s
[Solver Step 005000] t= 2.234 | Pos Err:    2.18 km | Vel Err:    0.05 m/s
[Solver Step 006000] t= 2.679 | Pos Err:    1.32 km | Vel Err:    0.02 m/s
[Solver Step 007000] t= 3.074 | Pos Err:    7.74 km | Vel Err:    0.17 m/s
Completed [HALO_L1] Trajectory 124/600 | Saved 596 samples | Total: 181245
[Multiple Shooting] Converged in 6 iterations with residual 1.52e-14
[Solver Step 001000] t= 0.316 | Pos Err:   48.79 km | Vel Err:    1.01 m/s
[Solver Step 002000] t= 0.646 | Pos Err:  201.36 km | Vel Err:    3.79 m/s
[Solver Step 003000] t= 1.000 | Pos Err:    9.98 km | Vel Err:    0.23 m/s
[Solver Step 004000] t= 1.322 | Pos Err:  184.04 km | Vel Err:    3.86 m/s
[Solver Step 005000] t= 1.657 | Pos Err:  135.55 km | Vel Err:    2.75 m/s
[Solver Step 006000] t= 2.017 | Pos Err:    1.36 km | Vel Err:    0.17 m/s
[Solver Step 007000] t= 2.330 | Pos Err:  483.10 km | Vel Err:   10.93 m/s
Completed [DRO] Trajectory 125/600 | Saved 629 samples | Total: 181874
[Multiple Shooting] Converged in 4 iterations with residual 6.66e-14
[Solver Step 001000] t= 0.359 | Pos Err:    7.72 km | Vel Err:    0.17 m/s
[Solver Step 002000] t= 0.711 | Pos Err:   18.62 km | Vel Err:    0.38 m/s
[Solver Step 003000] t= 1.072 | Pos Err:    8.10 km | Vel Err:    0.17 m/s
[Solver Step 004000] t= 1.451 | Pos Err:    6.84 km | Vel Err:    0.14 m/s
[Solver Step 005000] t= 1.828 | Pos Err:    7.62 km | Vel Err:    0.17 m/s
[Solver Step 006000] t= 2.196 | Pos Err:    7.39 km | Vel Err:    0.18 m/s
Completed [DRO] Trajectory 126/600 | Saved 574 samples | Total: 182448
[Solver Step 001000] t= 0.216 | Pos Err:   23.09 km | Vel Err:    0.39 m/s
[Solver Step 002000] t= 0.470 | Pos Err:    2.76 km | Vel Err:    0.07 m/s
[Solver Step 003000] t= 0.713 | Pos Err:    0.47 km | Vel Err:    0.03 m/s
[Solver Step 004000] t= 0.930 | Pos Err:    0.04 km | Vel Err:    0.00 m/s
[Solver Step 005000] t= 1.177 | Pos Err:    0.06 km | Vel Err:    0.00 m/s
[Solver Step 006000] t= 1.430 | Pos Err:    0.06 km | Vel Err:    0.04 m/s
[Solver Step 007000] t= 1.657 | Pos Err:    0.05 km | Vel Err:    0.00 m/s
[Solver Step 008000] t= 1.870 | Pos Err:    0.06 km | Vel Err:    0.00 m/s
[Solver Step 009000] t= 2.131 | Pos Err:    0.31 km | Vel Err:    0.24 m/s
[Solver Step 010000] t= 2.368 | Pos Err:    0.07 km | Vel Err:    0.00 m/s
[Solver Step 011000] t= 2.578 | Pos Err:    0.08 km | Vel Err:    0.00 m/s
[Solver Step 012000] t= 2.831 | Pos Err:    1.65 km | Vel Err:    1.35 m/s
[Solver Step 013000] t= 3.084 | Pos Err:    0.09 km | Vel Err:    0.00 m/s
[Solver Step 014000] t= 3.301 | Pos Err:    0.10 km | Vel Err:    0.00 m/s
[Solver Step 015000] t= 3.527 | Pos Err:    0.75 km | Vel Err:    0.61 m/s
[Solver Step 016000] t= 3.789 | Pos Err:    0.09 km | Vel Err:    0.01 m/s
[Solver Step 017000] t= 4.028 | Pos Err:    0.11 km | Vel Err:    0.00 m/s
[Solver Step 018000] t= 4.235 | Pos Err:    0.40 km | Vel Err:    0.25 m/s
[Solver Step 019000] t= 4.490 | Pos Err:    0.07 km | Vel Err:    0.02 m/s
[Solver Step 020000] t= 4.742 | Pos Err:    0.11 km | Vel Err:    0.00 m/s
[Solver Step 021000] t= 4.957 | Pos Err:    0.16 km | Vel Err:    0.12 m/s
[Solver Step 022000] t= 5.182 | Pos Err:    0.11 km | Vel Err:    0.01 m/s
[Solver Step 023000] t= 5.447 | Pos Err:    0.11 km | Vel Err:    0.00 m/s
[Solver Step 024000] t= 5.687 | Pos Err:    0.02 km | Vel Err:    0.11 m/s
[Solver Step 025000] t= 5.894 | Pos Err:    0.08 km | Vel Err:    0.01 m/s
[Solver Step 026000] t= 6.152 | Pos Err:    0.11 km | Vel Err:    0.00 m/s
[Solver Step 027000] t= 6.402 | Pos Err:    0.16 km | Vel Err:    0.24 m/s
[Solver Step 028000] t= 6.612 | Pos Err:    0.05 km | Vel Err:    0.00 m/s
[Solver Step 029000] t= 6.843 | Pos Err:    0.08 km | Vel Err:    0.00 m/s
Completed [TRANSFER] Trajectory 127/600 | Saved 2399 samples | Total: 184847
[Solver Step 001000] t= 0.414 | Pos Err:    0.35 km | Vel Err:    0.01 m/s
[Solver Step 002000] t= 0.788 | Pos Err:    0.05 km | Vel Err:    0.00 m/s
[Solver Step 003000] t= 1.098 | Pos Err:    0.01 km | Vel Err:    0.04 m/s
[Solver Step 004000] t= 1.548 | Pos Err:    0.06 km | Vel Err:    0.00 m/s
[Solver Step 005000] t= 2.100 | Pos Err:    0.06 km | Vel Err:    0.00 m/s
[Solver Step 006000] t= 2.513 | Pos Err:    0.06 km | Vel Err:    0.01 m/s
[Solver Step 007000] t= 3.012 | Pos Err:    0.06 km | Vel Err:    0.00 m/s
[Solver Step 008000] t= 3.565 | Pos Err:    0.06 km | Vel Err:    0.00 m/s
[Solver Step 009000] t= 4.056 | Pos Err:    0.06 km | Vel Err:    0.01 m/s
[Solver Step 010000] t= 4.457 | Pos Err:    0.06 km | Vel Err:    0.00 m/s
[Solver Step 011000] t= 4.994 | Pos Err:    0.06 km | Vel Err:    0.00 m/s
[Solver Step 012000] t= 5.582 | Pos Err:    0.04 km | Vel Err:    0.05 m/s
[Solver Step 013000] t= 6.065 | Pos Err:    0.06 km | Vel Err:    0.00 m/s
[Solver Step 014000] t= 6.465 | Pos Err:    0.06 km | Vel Err:    0.00 m/s
[Solver Step 015000] t= 7.022 | Pos Err:    0.03 km | Vel Err:    0.08 m/s
Completed [MOON_ORBIT] Trajectory 128/600 | Saved 1315 samples | Total: 186162
[Multiple Shooting] Converged in 4 iterations with residual 3.38e-15
[Solver Step 001000] t= 0.384 | Pos Err:    6.32 km | Vel Err:    0.14 m/s
[Solver Step 002000] t= 0.767 | Pos Err:    7.26 km | Vel Err:    0.13 m/s
[Solver Step 003000] t= 1.141 | Pos Err:    2.66 km | Vel Err:    0.09 m/s
[Solver Step 004000] t= 1.511 | Pos Err:   12.71 km | Vel Err:    0.25 m/s
[Solver Step 005000] t= 1.893 | Pos Err:    1.86 km | Vel Err:    0.05 m/s
[Solver Step 006000] t= 2.277 | Pos Err:   12.99 km | Vel Err:    0.22 m/s
Completed [DRO] Trajectory 129/600 | Saved 551 samples | Total: 186713
[Multiple Shooting] Converged in 2 iterations with residual 1.54e-11
[Solver Step 001000] t= 0.423 | Pos Err:    0.47 km | Vel Err:    0.01 m/s
[Solver Step 002000] t= 0.918 | Pos Err:    0.40 km | Vel Err:    0.01 m/s
[Solver Step 003000] t= 1.418 | Pos Err:    3.52 km | Vel Err:    0.07 m/s
[Solver Step 004000] t= 1.802 | Pos Err:   44.66 km | Vel Err:    0.97 m/s
[Solver Step 005000] t= 2.195 | Pos Err:   67.25 km | Vel Err:    1.33 m/s
[Solver Step 006000] t= 2.662 | Pos Err:    3.44 km | Vel Err:    0.07 m/s
[Solver Step 007000] t= 3.113 | Pos Err:   11.21 km | Vel Err:    0.26 m/s
Completed [HALO_L1] Trajectory 130/600 | Saved 590 samples | Total: 187303
[Solver Step 001000] t= 0.420 | Pos Err:    0.45 km | Vel Err:    0.01 m/s
[Solver Step 002000] t= 0.794 | Pos Err:    0.06 km | Vel Err:    0.00 m/s
[Solver Step 003000] t= 1.103 | Pos Err:    0.01 km | Vel Err:    0.04 m/s
[Solver Step 004000] t= 1.556 | Pos Err:    0.05 km | Vel Err:    0.00 m/s
[Solver Step 005000] t= 2.107 | Pos Err:    0.05 km | Vel Err:    0.00 m/s
[Solver Step 006000] t= 2.520 | Pos Err:    0.05 km | Vel Err:    0.01 m/s
[Solver Step 007000] t= 3.020 | Pos Err:    0.05 km | Vel Err:    0.00 m/s
[Solver Step 008000] t= 3.573 | Pos Err:    0.05 km | Vel Err:    0.00 m/s
[Solver Step 009000] t= 4.061 | Pos Err:    0.05 km | Vel Err:    0.01 m/s
[Solver Step 010000] t= 4.464 | Pos Err:    0.06 km | Vel Err:    0.00 m/s
[Solver Step 011000] t= 5.003 | Pos Err:    0.06 km | Vel Err:    0.00 m/s
[Solver Step 012000] t= 5.590 | Pos Err:    0.05 km | Vel Err:    0.05 m/s
[Solver Step 013000] t= 6.070 | Pos Err:    0.06 km | Vel Err:    0.00 m/s
[Solver Step 014000] t= 6.473 | Pos Err:    0.06 km | Vel Err:    0.00 m/s
[Solver Step 015000] t= 7.031 | Pos Err:    0.04 km | Vel Err:    0.08 m/s
Completed [MOON_ORBIT] Trajectory 131/600 | Saved 1313 samples | Total: 188616
[Multiple Shooting] Converged in 2 iterations with residual 3.06e-12
[Solver Step 001000] t= 0.426 | Pos Err:    0.48 km | Vel Err:    0.01 m/s
[Solver Step 002000] t= 0.916 | Pos Err:    0.30 km | Vel Err:    0.00 m/s
[Solver Step 003000] t= 1.416 | Pos Err:    2.75 km | Vel Err:    0.05 m/s
[Solver Step 004000] t= 1.811 | Pos Err:   32.96 km | Vel Err:    0.71 m/s
[Solver Step 005000] t= 2.189 | Pos Err:   93.87 km | Vel Err:    1.80 m/s
[Solver Step 006000] t= 2.656 | Pos Err:    3.94 km | Vel Err:    0.07 m/s
[Solver Step 007000] t= 3.116 | Pos Err:   12.12 km | Vel Err:    0.29 m/s
Completed [HALO_L1] Trajectory 132/600 | Saved 589 samples | Total: 189205
[Solver Step 001000] t= 0.417 | Pos Err:    3.14 km | Vel Err:    0.07 m/s
[Solver Step 002000] t= 0.821 | Pos Err:    0.09 km | Vel Err:    0.00 m/s
[Solver Step 003000] t= 1.261 | Pos Err:    0.08 km | Vel Err:    0.01 m/s
[Solver Step 004000] t= 1.609 | Pos Err:    0.10 km | Vel Err:    0.00 m/s
[Solver Step 005000] t= 1.995 | Pos Err:    0.08 km | Vel Err:    0.00 m/s
[Solver Step 006000] t= 2.448 | Pos Err:    0.04 km | Vel Err:    0.02 m/s
[Solver Step 007000] t= 2.849 | Pos Err:    0.02 km | Vel Err:    0.00 m/s
[Solver Step 008000] t= 3.245 | Pos Err:    0.02 km | Vel Err:    0.00 m/s
[Solver Step 009000] t= 3.621 | Pos Err:    0.08 km | Vel Err:    0.08 m/s
[Solver Step 010000] t= 4.036 | Pos Err:    0.10 km | Vel Err:    0.00 m/s
[Solver Step 011000] t= 4.454 | Pos Err:    0.10 km | Vel Err:    0.00 m/s
[Solver Step 012000] t= 4.897 | Pos Err:    0.07 km | Vel Err:    0.04 m/s
[Solver Step 013000] t= 5.235 | Pos Err:    0.06 km | Vel Err:    0.00 m/s
[Solver Step 014000] t= 5.634 | Pos Err:    0.04 km | Vel Err:    0.00 m/s
[Solver Step 015000] t= 6.113 | Pos Err:    0.08 km | Vel Err:    0.02 m/s
[Solver Step 016000] t= 6.499 | Pos Err:    0.10 km | Vel Err:    0.00 m/s
[Solver Step 017000] t= 6.926 | Pos Err:    0.11 km | Vel Err:    0.00 m/s
[Solver Step 018000] t= 7.270 | Pos Err:    0.17 km | Vel Err:    0.10 m/s
[Solver Step 019000] t= 7.691 | Pos Err:    0.02 km | Vel Err:    0.00 m/s
[Solver Step 020000] t= 8.170 | Pos Err:    0.03 km | Vel Err:    0.00 m/s
[Solver Step 021000] t= 8.555 | Pos Err:    0.04 km | Vel Err:    0.03 m/s
[Solver Step 022000] t= 8.923 | Pos Err:    0.08 km | Vel Err:    0.00 m/s
[Solver Step 023000] t= 9.317 | Pos Err:    0.09 km | Vel Err:    0.00 m/s
[Solver Step 024000] t= 9.776 | Pos Err:    0.07 km | Vel Err:    0.03 m/s
[Solver Step 025000] t=10.176 | Pos Err:    0.06 km | Vel Err:    0.00 m/s
[Solver Step 026000] t=10.576 | Pos Err:    0.03 km | Vel Err:    0.00 m/s
[Solver Step 027000] t=10.936 | Pos Err:    0.08 km | Vel Err:    0.09 m/s
[Solver Step 028000] t=11.355 | Pos Err:    0.10 km | Vel Err:    0.00 m/s
[Solver Step 029000] t=11.811 | Pos Err:    0.10 km | Vel Err:    0.00 m/s
[Solver Step 030000] t=12.180 | Pos Err:    0.09 km | Vel Err:    0.03 m/s
Completed [EARTH_ORBIT] Trajectory 133/600 | Saved 2583 samples | Total: 191788
[Solver Step 001000] t= 0.217 | Pos Err:   17.62 km | Vel Err:    0.47 m/s
[Solver Step 002000] t= 0.471 | Pos Err:    2.18 km | Vel Err:    0.05 m/s
[Solver Step 003000] t= 0.713 | Pos Err:    0.28 km | Vel Err:    0.03 m/s
[Solver Step 004000] t= 0.932 | Pos Err:    0.03 km | Vel Err:    0.00 m/s
[Solver Step 005000] t= 1.178 | Pos Err:    0.07 km | Vel Err:    0.00 m/s
[Solver Step 006000] t= 1.431 | Pos Err:    0.04 km | Vel Err:    0.05 m/s
[Solver Step 007000] t= 1.664 | Pos Err:    0.04 km | Vel Err:    0.00 m/s
[Solver Step 008000] t= 1.879 | Pos Err:    0.05 km | Vel Err:    0.00 m/s
[Solver Step 009000] t= 2.135 | Pos Err:    0.15 km | Vel Err:    0.14 m/s
[Solver Step 010000] t= 2.380 | Pos Err:    0.02 km | Vel Err:    0.00 m/s
[Solver Step 011000] t= 2.592 | Pos Err:    0.03 km | Vel Err:    0.00 m/s
[Solver Step 012000] t= 2.838 | Pos Err:    1.02 km | Vel Err:    0.80 m/s
[Solver Step 013000] t= 3.094 | Pos Err:    0.01 km | Vel Err:    0.00 m/s
[Solver Step 014000] t= 3.315 | Pos Err:    0.03 km | Vel Err:    0.00 m/s
[Solver Step 015000] t= 3.536 | Pos Err:    0.75 km | Vel Err:    0.53 m/s
[Solver Step 016000] t= 3.797 | Pos Err:    0.00 km | Vel Err:    0.00 m/s
[Solver Step 017000] t= 4.038 | Pos Err:    0.04 km | Vel Err:    0.00 m/s
[Solver Step 018000] t= 4.248 | Pos Err:    0.40 km | Vel Err:    0.21 m/s
[Solver Step 019000] t= 4.498 | Pos Err:    0.04 km | Vel Err:    0.02 m/s
[Solver Step 020000] t= 4.753 | Pos Err:    0.06 km | Vel Err:    0.00 m/s
[Solver Step 021000] t= 4.971 | Pos Err:    0.17 km | Vel Err:    0.11 m/s
[Solver Step 022000] t= 5.190 | Pos Err:    0.05 km | Vel Err:    0.01 m/s
[Solver Step 023000] t= 5.456 | Pos Err:    0.07 km | Vel Err:    0.00 m/s
[Solver Step 024000] t= 5.699 | Pos Err:    0.11 km | Vel Err:    0.12 m/s
[Solver Step 025000] t= 5.906 | Pos Err:    0.06 km | Vel Err:    0.00 m/s
[Solver Step 026000] t= 6.159 | Pos Err:    0.06 km | Vel Err:    0.00 m/s
[Solver Step 027000] t= 6.414 | Pos Err:    0.21 km | Vel Err:    0.24 m/s
[Solver Step 028000] t= 6.627 | Pos Err:    0.06 km | Vel Err:    0.00 m/s
[Solver Step 029000] t= 6.851 | Pos Err:    0.08 km | Vel Err:    0.00 m/s
Completed [TRANSFER] Trajectory 134/600 | Saved 2399 samples | Total: 194187
[Multiple Shooting] Converged in 2 iterations with residual 1.43e-15
[Solver Step 001000] t= 0.492 | Pos Err:    0.40 km | Vel Err:    0.01 m/s
[Solver Step 002000] t= 0.944 | Pos Err:    0.28 km | Vel Err:    0.01 m/s
[Solver Step 003000] t= 1.453 | Pos Err:    0.05 km | Vel Err:    0.01 m/s
[Solver Step 004000] t= 2.022 | Pos Err:    0.29 km | Vel Err:    0.00 m/s
[Solver Step 005000] t= 2.530 | Pos Err:    0.22 km | Vel Err:    0.00 m/s
[Solver Step 006000] t= 2.930 | Pos Err:    1.51 km | Vel Err:    0.03 m/s
Completed [HALO_L2] Trajectory 135/600 | Saved 536 samples | Total: 194723
[Solver Step 001000] t= 0.417 | Pos Err:    0.37 km | Vel Err:    0.01 m/s
[Solver Step 002000] t= 0.791 | Pos Err:    0.05 km | Vel Err:    0.00 m/s
[Solver Step 003000] t= 1.100 | Pos Err:    0.01 km | Vel Err:    0.04 m/s
[Solver Step 004000] t= 1.552 | Pos Err:    0.06 km | Vel Err:    0.00 m/s
[Solver Step 005000] t= 2.103 | Pos Err:    0.06 km | Vel Err:    0.00 m/s
[Solver Step 006000] t= 2.516 | Pos Err:    0.06 km | Vel Err:    0.01 m/s
[Solver Step 007000] t= 3.016 | Pos Err:    0.06 km | Vel Err:    0.00 m/s
[Solver Step 008000] t= 3.568 | Pos Err:    0.06 km | Vel Err:    0.00 m/s
[Solver Step 009000] t= 4.058 | Pos Err:    0.06 km | Vel Err:    0.01 m/s
[Solver Step 010000] t= 4.460 | Pos Err:    0.06 km | Vel Err:    0.00 m/s
[Solver Step 011000] t= 4.998 | Pos Err:    0.06 km | Vel Err:    0.00 m/s
[Solver Step 012000] t= 5.585 | Pos Err:    0.05 km | Vel Err:    0.05 m/s
[Solver Step 013000] t= 6.067 | Pos Err:    0.06 km | Vel Err:    0.00 m/s
[Solver Step 014000] t= 6.468 | Pos Err:    0.06 km | Vel Err:    0.00 m/s
[Solver Step 015000] t= 7.026 | Pos Err:    0.03 km | Vel Err:    0.08 m/s
Completed [MOON_ORBIT] Trajectory 136/600 | Saved 1314 samples | Total: 196037
[Multiple Shooting] Converged in 4 iterations with residual 3.44e-15
[Solver Step 001000] t= 0.384 | Pos Err:    2.86 km | Vel Err:    0.07 m/s
[Solver Step 002000] t= 0.766 | Pos Err:    7.69 km | Vel Err:    0.15 m/s
[Solver Step 003000] t= 1.141 | Pos Err:    2.79 km | Vel Err:    0.09 m/s
[Solver Step 004000] t= 1.510 | Pos Err:   12.87 km | Vel Err:    0.25 m/s
[Solver Step 005000] t= 1.891 | Pos Err:    1.91 km | Vel Err:    0.05 m/s
[Solver Step 006000] t= 2.275 | Pos Err:   12.00 km | Vel Err:    0.21 m/s
Completed [DRO] Trajectory 137/600 | Saved 551 samples | Total: 196588
[Solver Step 001000] t= 0.415 | Pos Err:    2.52 km | Vel Err:    0.06 m/s
[Solver Step 002000] t= 0.819 | Pos Err:    0.02 km | Vel Err:    0.00 m/s
[Solver Step 003000] t= 1.260 | Pos Err:    0.09 km | Vel Err:    0.01 m/s
[Solver Step 004000] t= 1.608 | Pos Err:    0.09 km | Vel Err:    0.00 m/s
[Solver Step 005000] t= 1.993 | Pos Err:    0.02 km | Vel Err:    0.00 m/s
[Solver Step 006000] t= 2.446 | Pos Err:    0.05 km | Vel Err:    0.02 m/s
[Solver Step 007000] t= 2.848 | Pos Err:    0.06 km | Vel Err:    0.00 m/s
[Solver Step 008000] t= 3.244 | Pos Err:    0.08 km | Vel Err:    0.00 m/s
[Solver Step 009000] t= 3.619 | Pos Err:    0.14 km | Vel Err:    0.08 m/s
[Solver Step 010000] t= 4.034 | Pos Err:    0.05 km | Vel Err:    0.00 m/s
[Solver Step 011000] t= 4.453 | Pos Err:    0.03 km | Vel Err:    0.00 m/s
[Solver Step 012000] t= 4.896 | Pos Err:    0.01 km | Vel Err:    0.04 m/s
[Solver Step 013000] t= 5.234 | Pos Err:    0.03 km | Vel Err:    0.00 m/s
[Solver Step 014000] t= 5.632 | Pos Err:    0.09 km | Vel Err:    0.00 m/s
[Solver Step 015000] t= 6.111 | Pos Err:    0.09 km | Vel Err:    0.02 m/s
[Solver Step 016000] t= 6.497 | Pos Err:    0.09 km | Vel Err:    0.00 m/s
[Solver Step 017000] t= 6.924 | Pos Err:    0.07 km | Vel Err:    0.00 m/s
[Solver Step 018000] t= 7.268 | Pos Err:    0.11 km | Vel Err:    0.10 m/s
[Solver Step 019000] t= 7.689 | Pos Err:    0.06 km | Vel Err:    0.00 m/s
[Solver Step 020000] t= 8.168 | Pos Err:    0.08 km | Vel Err:    0.00 m/s
[Solver Step 021000] t= 8.554 | Pos Err:    0.08 km | Vel Err:    0.03 m/s
[Solver Step 022000] t= 8.922 | Pos Err:    0.10 km | Vel Err:    0.00 m/s
[Solver Step 023000] t= 9.315 | Pos Err:    0.04 km | Vel Err:    0.00 m/s
[Solver Step 024000] t= 9.774 | Pos Err:    0.01 km | Vel Err:    0.03 m/s
[Solver Step 025000] t=10.175 | Pos Err:    0.03 km | Vel Err:    0.00 m/s
[Solver Step 026000] t=10.574 | Pos Err:    0.05 km | Vel Err:    0.00 m/s
[Solver Step 027000] t=10.934 | Pos Err:    0.15 km | Vel Err:    0.09 m/s
[Solver Step 028000] t=11.353 | Pos Err:    0.08 km | Vel Err:    0.00 m/s
[Solver Step 029000] t=11.809 | Pos Err:    0.06 km | Vel Err:    0.00 m/s
[Solver Step 030000] t=12.178 | Pos Err:    0.04 km | Vel Err:    0.03 m/s
Completed [EARTH_ORBIT] Trajectory 138/600 | Saved 2583 samples | Total: 199171
[Solver Step 001000] t= 0.411 | Pos Err:    2.29 km | Vel Err:    0.05 m/s
[Solver Step 002000] t= 0.816 | Pos Err:    0.08 km | Vel Err:    0.00 m/s
[Solver Step 003000] t= 1.258 | Pos Err:    0.03 km | Vel Err:    0.01 m/s
[Solver Step 004000] t= 1.604 | Pos Err:    0.03 km | Vel Err:    0.00 m/s
[Solver Step 005000] t= 1.990 | Pos Err:    0.08 km | Vel Err:    0.00 m/s
[Solver Step 006000] t= 2.443 | Pos Err:    0.09 km | Vel Err:    0.02 m/s
[Solver Step 007000] t= 2.844 | Pos Err:    0.08 km | Vel Err:    0.00 m/s
[Solver Step 008000] t= 3.242 | Pos Err:    0.07 km | Vel Err:    0.00 m/s
[Solver Step 009000] t= 3.616 | Pos Err:    0.10 km | Vel Err:    0.08 m/s
[Solver Step 010000] t= 4.030 | Pos Err:    0.06 km | Vel Err:    0.00 m/s
[Solver Step 011000] t= 4.450 | Pos Err:    0.08 km | Vel Err:    0.00 m/s
[Solver Step 012000] t= 4.892 | Pos Err:    0.07 km | Vel Err:    0.04 m/s
[Solver Step 013000] t= 5.231 | Pos Err:    0.09 km | Vel Err:    0.00 m/s
[Solver Step 014000] t= 5.628 | Pos Err:    0.05 km | Vel Err:    0.00 m/s
[Solver Step 015000] t= 6.107 | Pos Err:    0.02 km | Vel Err:    0.02 m/s
[Solver Step 016000] t= 6.494 | Pos Err:    0.03 km | Vel Err:    0.00 m/s
[Solver Step 017000] t= 6.921 | Pos Err:    0.05 km | Vel Err:    0.00 m/s
[Solver Step 018000] t= 7.265 | Pos Err:    0.12 km | Vel Err:    0.10 m/s
[Solver Step 019000] t= 7.685 | Pos Err:    0.08 km | Vel Err:    0.00 m/s
[Solver Step 020000] t= 8.165 | Pos Err:    0.07 km | Vel Err:    0.00 m/s
[Solver Step 021000] t= 8.550 | Pos Err:    0.05 km | Vel Err:    0.03 m/s
[Solver Step 022000] t= 8.921 | Pos Err:    0.03 km | Vel Err:    0.00 m/s
[Solver Step 023000] t= 9.312 | Pos Err:    0.06 km | Vel Err:    0.00 m/s
[Solver Step 024000] t= 9.770 | Pos Err:    0.08 km | Vel Err:    0.03 m/s
[Solver Step 025000] t=10.172 | Pos Err:    0.09 km | Vel Err:    0.00 m/s
[Solver Step 026000] t=10.571 | Pos Err:    0.09 km | Vel Err:    0.00 m/s
[Solver Step 027000] t=10.930 | Pos Err:    0.13 km | Vel Err:    0.09 m/s
[Solver Step 028000] t=11.351 | Pos Err:    0.03 km | Vel Err:    0.00 m/s
[Solver Step 029000] t=11.806 | Pos Err:    0.05 km | Vel Err:    0.00 m/s
[Solver Step 030000] t=12.175 | Pos Err:    0.06 km | Vel Err:    0.03 m/s
[Solver Step 031000] t=12.566 | Pos Err:    0.08 km | Vel Err:    0.00 m/s
Completed [EARTH_ORBIT] Trajectory 139/600 | Saved 2584 samples | Total: 201755
[Multiple Shooting] Converged in 2 iterations with residual 2.45e-11
[Solver Step 001000] t= 0.419 | Pos Err:    0.31 km | Vel Err:    0.01 m/s
[Solver Step 002000] t= 0.923 | Pos Err:    3.68 km | Vel Err:    0.07 m/s
[Solver Step 003000] t= 1.371 | Pos Err:   53.30 km | Vel Err:    1.06 m/s
[Solver Step 004000] t= 1.750 | Pos Err:   91.87 km | Vel Err:    1.93 m/s
[Solver Step 005000] t= 2.246 | Pos Err:    1.29 km | Vel Err:    0.03 m/s
[Solver Step 006000] t= 2.652 | Pos Err:    0.42 km | Vel Err:    0.00 m/s
[Solver Step 007000] t= 3.090 | Pos Err:    6.67 km | Vel Err:    0.15 m/s
Completed [HALO_L1] Trajectory 140/600 | Saved 592 samples | Total: 202347
[Multiple Shooting] Converged in 2 iterations with residual 1.95e-15
[Solver Step 001000] t= 0.468 | Pos Err:    0.21 km | Vel Err:    0.01 m/s
[Solver Step 002000] t= 0.980 | Pos Err:    0.06 km | Vel Err:    0.00 m/s
[Solver Step 003000] t= 1.394 | Pos Err:    0.25 km | Vel Err:    0.01 m/s
[Solver Step 004000] t= 1.800 | Pos Err:    0.17 km | Vel Err:    0.01 m/s
[Solver Step 005000] t= 2.274 | Pos Err:    0.36 km | Vel Err:    0.01 m/s
[Solver Step 006000] t= 2.816 | Pos Err:    0.43 km | Vel Err:    0.03 m/s
Completed [HALO_L2] Trajectory 141/600 | Saved 555 samples | Total: 202902
[Multiple Shooting] Converged in 2 iterations with residual 4.83e-11
[Solver Step 001000] t= 0.426 | Pos Err:    0.65 km | Vel Err:    0.02 m/s
[Solver Step 002000] t= 0.897 | Pos Err:    0.20 km | Vel Err:    0.00 m/s
[Solver Step 003000] t= 1.392 | Pos Err:    1.49 km | Vel Err:    0.03 m/s
[Solver Step 004000] t= 1.807 | Pos Err:    9.52 km | Vel Err:    0.19 m/s
[Solver Step 005000] t= 2.159 | Pos Err:  162.07 km | Vel Err:    3.16 m/s
[Solver Step 006000] t= 2.622 | Pos Err:    2.12 km | Vel Err:    0.05 m/s
[Solver Step 007000] t= 3.096 | Pos Err:   29.30 km | Vel Err:    0.66 m/s
Completed [HALO_L1] Trajectory 142/600 | Saved 592 samples | Total: 203494
[Solver Step 001000] t= 0.413 | Pos Err:    2.25 km | Vel Err:    0.05 m/s
[Solver Step 002000] t= 0.817 | Pos Err:    0.06 km | Vel Err:    0.00 m/s
[Solver Step 003000] t= 1.259 | Pos Err:    0.06 km | Vel Err:    0.01 m/s
[Solver Step 004000] t= 1.606 | Pos Err:    0.04 km | Vel Err:    0.00 m/s
[Solver Step 005000] t= 1.991 | Pos Err:    0.05 km | Vel Err:    0.00 m/s
[Solver Step 006000] t= 2.444 | Pos Err:    0.09 km | Vel Err:    0.02 m/s
[Solver Step 007000] t= 2.845 | Pos Err:    0.09 km | Vel Err:    0.00 m/s
[Solver Step 008000] t= 3.243 | Pos Err:    0.09 km | Vel Err:    0.00 m/s
[Solver Step 009000] t= 3.618 | Pos Err:    0.13 km | Vel Err:    0.08 m/s
[Solver Step 010000] t= 4.031 | Pos Err:    0.03 km | Vel Err:    0.00 m/s
[Solver Step 011000] t= 4.451 | Pos Err:    0.05 km | Vel Err:    0.00 m/s
[Solver Step 012000] t= 4.893 | Pos Err:    0.04 km | Vel Err:    0.04 m/s
[Solver Step 013000] t= 5.232 | Pos Err:    0.08 km | Vel Err:    0.00 m/s
[Solver Step 014000] t= 5.630 | Pos Err:    0.08 km | Vel Err:    0.00 m/s
[Solver Step 015000] t= 6.108 | Pos Err:    0.05 km | Vel Err:    0.02 m/s
[Solver Step 016000] t= 6.495 | Pos Err:    0.04 km | Vel Err:    0.00 m/s
[Solver Step 017000] t= 6.923 | Pos Err:    0.03 km | Vel Err:    0.00 m/s
[Solver Step 018000] t= 7.266 | Pos Err:    0.09 km | Vel Err:    0.10 m/s
[Solver Step 019000] t= 7.687 | Pos Err:    0.09 km | Vel Err:    0.00 m/s
[Solver Step 020000] t= 8.166 | Pos Err:    0.09 km | Vel Err:    0.00 m/s
[Solver Step 021000] t= 8.552 | Pos Err:    0.07 km | Vel Err:    0.03 m/s
[Solver Step 022000] t= 8.922 | Pos Err:    0.06 km | Vel Err:    0.00 m/s
[Solver Step 023000] t= 9.313 | Pos Err:    0.03 km | Vel Err:    0.00 m/s
[Solver Step 024000] t= 9.772 | Pos Err:    0.07 km | Vel Err:    0.03 m/s
[Solver Step 025000] t=10.173 | Pos Err:    0.08 km | Vel Err:    0.00 m/s
[Solver Step 026000] t=10.572 | Pos Err:    0.09 km | Vel Err:    0.00 m/s
[Solver Step 027000] t=10.932 | Pos Err:    0.15 km | Vel Err:    0.09 m/s
[Solver Step 028000] t=11.352 | Pos Err:    0.03 km | Vel Err:    0.00 m/s
[Solver Step 029000] t=11.807 | Pos Err:    0.03 km | Vel Err:    0.00 m/s
[Solver Step 030000] t=12.176 | Pos Err:    0.03 km | Vel Err:    0.03 m/s
Completed [EARTH_ORBIT] Trajectory 143/600 | Saved 2583 samples | Total: 206077
[Solver Step 001000] t= 0.219 | Pos Err:   24.44 km | Vel Err:    0.41 m/s
[Solver Step 002000] t= 0.471 | Pos Err:    2.91 km | Vel Err:    0.03 m/s
[Solver Step 003000] t= 0.714 | Pos Err:    0.45 km | Vel Err:    0.02 m/s
[Solver Step 004000] t= 0.932 | Pos Err:    0.05 km | Vel Err:    0.00 m/s
[Solver Step 005000] t= 1.179 | Pos Err:    0.08 km | Vel Err:    0.00 m/s
[Solver Step 006000] t= 1.432 | Pos Err:    0.04 km | Vel Err:    0.06 m/s
[Solver Step 007000] t= 1.663 | Pos Err:    0.04 km | Vel Err:    0.00 m/s
[Solver Step 008000] t= 1.877 | Pos Err:    0.06 km | Vel Err:    0.00 m/s
[Solver Step 009000] t= 2.135 | Pos Err:    0.09 km | Vel Err:    0.09 m/s
[Solver Step 010000] t= 2.378 | Pos Err:    0.04 km | Vel Err:    0.00 m/s
[Solver Step 011000] t= 2.592 | Pos Err:    0.06 km | Vel Err:    0.00 m/s
[Solver Step 012000] t= 2.838 | Pos Err:    0.97 km | Vel Err:    0.80 m/s
[Solver Step 013000] t= 3.094 | Pos Err:    0.05 km | Vel Err:    0.00 m/s
[Solver Step 014000] t= 3.315 | Pos Err:    0.08 km | Vel Err:    0.00 m/s
[Solver Step 015000] t= 3.536 | Pos Err:    0.75 km | Vel Err:    0.53 m/s
[Solver Step 016000] t= 3.797 | Pos Err:    0.06 km | Vel Err:    0.00 m/s
[Solver Step 017000] t= 4.040 | Pos Err:    0.10 km | Vel Err:    0.00 m/s
[Solver Step 018000] t= 4.248 | Pos Err:    0.41 km | Vel Err:    0.21 m/s
[Solver Step 019000] t= 4.498 | Pos Err:    0.09 km | Vel Err:    0.02 m/s
[Solver Step 020000] t= 4.753 | Pos Err:    0.11 km | Vel Err:    0.00 m/s
[Solver Step 021000] t= 4.971 | Pos Err:    0.15 km | Vel Err:    0.11 m/s
[Solver Step 022000] t= 5.190 | Pos Err:    0.11 km | Vel Err:    0.01 m/s
[Solver Step 023000] t= 5.456 | Pos Err:    0.12 km | Vel Err:    0.00 m/s
[Solver Step 024000] t= 5.699 | Pos Err:    0.06 km | Vel Err:    0.12 m/s
[Solver Step 025000] t= 5.906 | Pos Err:    0.08 km | Vel Err:    0.00 m/s
[Solver Step 026000] t= 6.159 | Pos Err:    0.10 km | Vel Err:    0.00 m/s
[Solver Step 027000] t= 6.414 | Pos Err:    0.16 km | Vel Err:    0.24 m/s
[Solver Step 028000] t= 6.627 | Pos Err:    0.06 km | Vel Err:    0.00 m/s
[Solver Step 029000] t= 6.851 | Pos Err:    0.09 km | Vel Err:    0.00 m/s
Completed [TRANSFER] Trajectory 144/600 | Saved 2399 samples | Total: 208476
[Multiple Shooting] Converged in 2 iterations with residual 4.56e-12
[Solver Step 001000] t= 0.419 | Pos Err:    0.16 km | Vel Err:    0.00 m/s
[Solver Step 002000] t= 0.924 | Pos Err:    1.70 km | Vel Err:    0.03 m/s
[Solver Step 003000] t= 1.399 | Pos Err:   21.61 km | Vel Err:    0.42 m/s
[Solver Step 004000] t= 1.738 | Pos Err:  102.30 km | Vel Err:    2.03 m/s
[Solver Step 005000] t= 2.237 | Pos Err:    1.96 km | Vel Err:    0.04 m/s
[Solver Step 006000] t= 2.678 | Pos Err:    1.20 km | Vel Err:    0.02 m/s
[Solver Step 007000] t= 3.076 | Pos Err:    7.31 km | Vel Err:    0.16 m/s
Completed [HALO_L1] Trajectory 145/600 | Saved 595 samples | Total: 209071
[Solver Step 001000] t= 0.417 | Pos Err:    2.40 km | Vel Err:    0.06 m/s
[Solver Step 002000] t= 0.822 | Pos Err:    0.06 km | Vel Err:    0.00 m/s
[Solver Step 003000] t= 1.262 | Pos Err:    0.09 km | Vel Err:    0.01 m/s
[Solver Step 004000] t= 1.610 | Pos Err:    0.10 km | Vel Err:    0.00 m/s
[Solver Step 005000] t= 1.996 | Pos Err:    0.05 km | Vel Err:    0.00 m/s
[Solver Step 006000] t= 2.448 | Pos Err:    0.02 km | Vel Err:    0.02 m/s
[Solver Step 007000] t= 2.850 | Pos Err:    0.03 km | Vel Err:    0.00 m/s
[Solver Step 008000] t= 3.246 | Pos Err:    0.04 km | Vel Err:    0.00 m/s
[Solver Step 009000] t= 3.621 | Pos Err:    0.11 km | Vel Err:    0.08 m/s
[Solver Step 010000] t= 4.036 | Pos Err:    0.08 km | Vel Err:    0.00 m/s
[Solver Step 011000] t= 4.455 | Pos Err:    0.07 km | Vel Err:    0.00 m/s
[Solver Step 012000] t= 4.898 | Pos Err:    0.04 km | Vel Err:    0.04 m/s
[Solver Step 013000] t= 5.235 | Pos Err:    0.03 km | Vel Err:    0.00 m/s
[Solver Step 014000] t= 5.634 | Pos Err:    0.06 km | Vel Err:    0.00 m/s
[Solver Step 015000] t= 6.113 | Pos Err:    0.09 km | Vel Err:    0.02 m/s
[Solver Step 016000] t= 6.499 | Pos Err:    0.09 km | Vel Err:    0.00 m/s
[Solver Step 017000] t= 6.926 | Pos Err:    0.09 km | Vel Err:    0.00 m/s
[Solver Step 018000] t= 7.270 | Pos Err:    0.14 km | Vel Err:    0.10 m/s
[Solver Step 019000] t= 7.692 | Pos Err:    0.03 km | Vel Err:    0.00 m/s
[Solver Step 020000] t= 8.170 | Pos Err:    0.05 km | Vel Err:    0.00 m/s
[Solver Step 021000] t= 8.556 | Pos Err:    0.05 km | Vel Err:    0.03 m/s
[Solver Step 022000] t= 8.923 | Pos Err:    0.09 km | Vel Err:    0.00 m/s
[Solver Step 023000] t= 9.317 | Pos Err:    0.07 km | Vel Err:    0.00 m/s
[Solver Step 024000] t= 9.776 | Pos Err:    0.04 km | Vel Err:    0.03 m/s
[Solver Step 025000] t=10.176 | Pos Err:    0.03 km | Vel Err:    0.00 m/s
[Solver Step 026000] t=10.576 | Pos Err:    0.02 km | Vel Err:    0.00 m/s
[Solver Step 027000] t=10.936 | Pos Err:    0.11 km | Vel Err:    0.09 m/s
[Solver Step 028000] t=11.355 | Pos Err:    0.09 km | Vel Err:    0.00 m/s
[Solver Step 029000] t=11.812 | Pos Err:    0.09 km | Vel Err:    0.00 m/s
[Solver Step 030000] t=12.180 | Pos Err:    0.07 km | Vel Err:    0.03 m/s
Completed [EARTH_ORBIT] Trajectory 146/600 | Saved 2583 samples | Total: 211654
[Multiple Shooting] Converged in 2 iterations with residual 1.47e-15
[Solver Step 001000] t= 0.483 | Pos Err:    0.31 km | Vel Err:    0.01 m/s
[Solver Step 002000] t= 0.981 | Pos Err:    0.05 km | Vel Err:    0.00 m/s
[Solver Step 003000] t= 1.429 | Pos Err:    0.21 km | Vel Err:    0.01 m/s
[Solver Step 004000] t= 1.944 | Pos Err:    0.24 km | Vel Err:    0.01 m/s
[Solver Step 005000] t= 2.500 | Pos Err:    0.39 km | Vel Err:    0.01 m/s
[Solver Step 006000] t= 2.951 | Pos Err:    0.78 km | Vel Err:    0.02 m/s
Completed [HALO_L2] Trajectory 147/600 | Saved 541 samples | Total: 212195
[Solver Step 001000] t= 0.414 | Pos Err:    0.58 km | Vel Err:    0.01 m/s
[Solver Step 002000] t= 0.788 | Pos Err:    0.05 km | Vel Err:    0.00 m/s
[Solver Step 003000] t= 1.098 | Pos Err:    0.01 km | Vel Err:    0.04 m/s
[Solver Step 004000] t= 1.548 | Pos Err:    0.06 km | Vel Err:    0.00 m/s
[Solver Step 005000] t= 2.100 | Pos Err:    0.06 km | Vel Err:    0.00 m/s
[Solver Step 006000] t= 2.513 | Pos Err:    0.06 km | Vel Err:    0.01 m/s
[Solver Step 007000] t= 3.012 | Pos Err:    0.06 km | Vel Err:    0.00 m/s
[Solver Step 008000] t= 3.565 | Pos Err:    0.06 km | Vel Err:    0.00 m/s
[Solver Step 009000] t= 4.056 | Pos Err:    0.06 km | Vel Err:    0.01 m/s
[Solver Step 010000] t= 4.457 | Pos Err:    0.06 km | Vel Err:    0.00 m/s
[Solver Step 011000] t= 4.994 | Pos Err:    0.06 km | Vel Err:    0.00 m/s
[Solver Step 012000] t= 5.582 | Pos Err:    0.05 km | Vel Err:    0.05 m/s
[Solver Step 013000] t= 6.065 | Pos Err:    0.06 km | Vel Err:    0.00 m/s
[Solver Step 014000] t= 6.465 | Pos Err:    0.06 km | Vel Err:    0.00 m/s
[Solver Step 015000] t= 7.022 | Pos Err:    0.03 km | Vel Err:    0.08 m/s
Completed [MOON_ORBIT] Trajectory 148/600 | Saved 1315 samples | Total: 213510
[Solver Step 001000] t= 0.215 | Pos Err:   18.45 km | Vel Err:    0.51 m/s
[Solver Step 002000] t= 0.469 | Pos Err:    2.30 km | Vel Err:    0.06 m/s
[Solver Step 003000] t= 0.711 | Pos Err:    0.31 km | Vel Err:    0.05 m/s
[Solver Step 004000] t= 0.930 | Pos Err:    0.03 km | Vel Err:    0.00 m/s
[Solver Step 005000] t= 1.177 | Pos Err:    0.07 km | Vel Err:    0.00 m/s
[Solver Step 006000] t= 1.430 | Pos Err:    0.06 km | Vel Err:    0.03 m/s
[Solver Step 007000] t= 1.660 | Pos Err:    0.05 km | Vel Err:    0.00 m/s
[Solver Step 008000] t= 1.873 | Pos Err:    0.06 km | Vel Err:    0.00 m/s
[Solver Step 009000] t= 2.133 | Pos Err:    0.20 km | Vel Err:    0.19 m/s
[Solver Step 010000] t= 2.371 | Pos Err:    0.03 km | Vel Err:    0.00 m/s
[Solver Step 011000] t= 2.582 | Pos Err:    0.04 km | Vel Err:    0.00 m/s
[Solver Step 012000] t= 2.833 | Pos Err:    1.69 km | Vel Err:    1.31 m/s
[Solver Step 013000] t= 3.087 | Pos Err:    0.02 km | Vel Err:    0.00 m/s
[Solver Step 014000] t= 3.305 | Pos Err:    0.03 km | Vel Err:    0.00 m/s
[Solver Step 015000] t= 3.529 | Pos Err:    0.81 km | Vel Err:    0.59 m/s
[Solver Step 016000] t= 3.792 | Pos Err:    0.01 km | Vel Err:    0.01 m/s
[Solver Step 017000] t= 4.032 | Pos Err:    0.04 km | Vel Err:    0.00 m/s
[Solver Step 018000] t= 4.238 | Pos Err:    0.43 km | Vel Err:    0.24 m/s
[Solver Step 019000] t= 4.491 | Pos Err:    0.04 km | Vel Err:    0.02 m/s
[Solver Step 020000] t= 4.743 | Pos Err:    0.06 km | Vel Err:    0.00 m/s
[Solver Step 021000] t= 4.959 | Pos Err:    0.21 km | Vel Err:    0.12 m/s
[Solver Step 022000] t= 5.183 | Pos Err:    0.05 km | Vel Err:    0.01 m/s
[Solver Step 023000] t= 5.448 | Pos Err:    0.07 km | Vel Err:    0.00 m/s
[Solver Step 024000] t= 5.689 | Pos Err:    0.11 km | Vel Err:    0.11 m/s
[Solver Step 025000] t= 5.897 | Pos Err:    0.05 km | Vel Err:    0.01 m/s
[Solver Step 026000] t= 6.154 | Pos Err:    0.06 km | Vel Err:    0.00 m/s
[Solver Step 027000] t= 6.406 | Pos Err:    0.21 km | Vel Err:    0.24 m/s
[Solver Step 028000] t= 6.616 | Pos Err:    0.07 km | Vel Err:    0.00 m/s
[Solver Step 029000] t= 6.845 | Pos Err:    0.08 km | Vel Err:    0.00 m/s
Completed [TRANSFER] Trajectory 149/600 | Saved 2399 samples | Total: 215909
[Multiple Shooting] Converged in 2 iterations with residual 5.30e-12
[Solver Step 001000] t= 0.424 | Pos Err:    0.80 km | Vel Err:    0.02 m/s
[Solver Step 002000] t= 0.924 | Pos Err:    0.63 km | Vel Err:    0.01 m/s
[Solver Step 003000] t= 1.422 | Pos Err:    3.85 km | Vel Err:    0.09 m/s
[Solver Step 004000] t= 1.778 | Pos Err:   57.73 km | Vel Err:    1.16 m/s
[Solver Step 005000] t= 2.211 | Pos Err:   34.95 km | Vel Err:    0.75 m/s
[Solver Step 006000] t= 2.674 | Pos Err:    2.63 km | Vel Err:    0.05 m/s
[Solver Step 007000] t= 3.104 | Pos Err:   10.89 km | Vel Err:    0.25 m/s
Completed [HALO_L1] Trajectory 150/600 | Saved 593 samples | Total: 216502
[Multiple Shooting] Converged in 2 iterations with residual 1.39e-15
[Solver Step 001000] t= 0.465 | Pos Err:    0.52 km | Vel Err:    0.01 m/s
[Solver Step 002000] t= 0.987 | Pos Err:    0.06 km | Vel Err:    0.00 m/s
[Solver Step 003000] t= 1.576 | Pos Err:    0.30 km | Vel Err:    0.02 m/s
[Solver Step 004000] t= 2.102 | Pos Err:    0.19 km | Vel Err:    0.00 m/s
[Solver Step 005000] t= 2.502 | Pos Err:    0.32 km | Vel Err:    0.01 m/s
[Solver Step 006000] t= 3.020 | Pos Err:    3.62 km | Vel Err:    0.09 m/s
Completed [HALO_L2] Trajectory 151/600 | Saved 518 samples | Total: 217020
[Multiple Shooting] Converged in 2 iterations with residual 3.93e-11
[Solver Step 001000] t= 0.427 | Pos Err:    0.30 km | Vel Err:    0.01 m/s
[Solver Step 002000] t= 0.899 | Pos Err:    0.19 km | Vel Err:    0.00 m/s
[Solver Step 003000] t= 1.394 | Pos Err:    1.56 km | Vel Err:    0.03 m/s
[Solver Step 004000] t= 1.809 | Pos Err:   10.19 km | Vel Err:    0.20 m/s
[Solver Step 005000] t= 2.161 | Pos Err:  161.10 km | Vel Err:    3.11 m/s
[Solver Step 006000] t= 2.624 | Pos Err:    1.64 km | Vel Err:    0.04 m/s
[Solver Step 007000] t= 3.098 | Pos Err:   28.25 km | Vel Err:    0.64 m/s
Completed [HALO_L1] Trajectory 152/600 | Saved 591 samples | Total: 217611
[Solver Step 001000] t= 0.219 | Pos Err:   29.05 km | Vel Err:    0.59 m/s
[Solver Step 002000] t= 0.472 | Pos Err:    3.60 km | Vel Err:    0.03 m/s
[Solver Step 003000] t= 0.714 | Pos Err:    0.46 km | Vel Err:    0.02 m/s
[Solver Step 004000] t= 0.934 | Pos Err:    0.02 km | Vel Err:    0.01 m/s
[Solver Step 005000] t= 1.179 | Pos Err:    0.06 km | Vel Err:    0.00 m/s
[Solver Step 006000] t= 1.431 | Pos Err:    0.13 km | Vel Err:    0.05 m/s
[Solver Step 007000] t= 1.662 | Pos Err:    0.11 km | Vel Err:    0.00 m/s
[Solver Step 008000] t= 1.878 | Pos Err:    0.09 km | Vel Err:    0.00 m/s
[Solver Step 009000] t= 2.135 | Pos Err:    0.24 km | Vel Err:    0.13 m/s
[Solver Step 010000] t= 2.381 | Pos Err:    0.12 km | Vel Err:    0.00 m/s
[Solver Step 011000] t= 2.594 | Pos Err:    0.10 km | Vel Err:    0.00 m/s
[Solver Step 012000] t= 2.839 | Pos Err:    0.99 km | Vel Err:    0.82 m/s
[Solver Step 013000] t= 3.095 | Pos Err:    0.12 km | Vel Err:    0.00 m/s
[Solver Step 014000] t= 3.317 | Pos Err:    0.08 km | Vel Err:    0.00 m/s
[Solver Step 015000] t= 3.538 | Pos Err:    0.60 km | Vel Err:    0.51 m/s
[Solver Step 016000] t= 3.798 | Pos Err:    0.12 km | Vel Err:    0.00 m/s
[Solver Step 017000] t= 4.040 | Pos Err:    0.08 km | Vel Err:    0.00 m/s
[Solver Step 018000] t= 4.250 | Pos Err:    0.27 km | Vel Err:    0.20 m/s
[Solver Step 019000] t= 4.499 | Pos Err:    0.09 km | Vel Err:    0.02 m/s
[Solver Step 020000] t= 4.754 | Pos Err:    0.05 km | Vel Err:    0.00 m/s
[Solver Step 021000] t= 4.973 | Pos Err:    0.09 km | Vel Err:    0.11 m/s
[Solver Step 022000] t= 5.192 | Pos Err:    0.08 km | Vel Err:    0.01 m/s
[Solver Step 023000] t= 5.458 | Pos Err:    0.04 km | Vel Err:    0.00 m/s
[Solver Step 024000] t= 5.701 | Pos Err:    0.13 km | Vel Err:    0.12 m/s
[Solver Step 025000] t= 5.910 | Pos Err:    0.07 km | Vel Err:    0.00 m/s
[Solver Step 026000] t= 6.161 | Pos Err:    0.04 km | Vel Err:    0.00 m/s
[Solver Step 027000] t= 6.417 | Pos Err:    0.29 km | Vel Err:    0.24 m/s
[Solver Step 028000] t= 6.631 | Pos Err:    0.08 km | Vel Err:    0.00 m/s
[Solver Step 029000] t= 6.853 | Pos Err:    0.05 km | Vel Err:    0.00 m/s
Completed [TRANSFER] Trajectory 153/600 | Saved 2398 samples | Total: 220009
[Multiple Shooting] Converged in 3 iterations with residual 6.39e-15
[Solver Step 001000] t= 0.404 | Pos Err:    3.05 km | Vel Err:    0.07 m/s
[Solver Step 002000] t= 0.795 | Pos Err:    3.59 km | Vel Err:    0.06 m/s
[Solver Step 003000] t= 1.175 | Pos Err:    2.67 km | Vel Err:    0.04 m/s
[Solver Step 004000] t= 1.557 | Pos Err:    6.09 km | Vel Err:    0.12 m/s
[Solver Step 005000] t= 1.949 | Pos Err:    2.21 km | Vel Err:    0.05 m/s
[Solver Step 006000] t= 2.337 | Pos Err:    9.20 km | Vel Err:    0.20 m/s
Completed [DRO] Trajectory 154/600 | Saved 533 samples | Total: 220542
[Solver Step 001000] t= 0.217 | Pos Err:   16.22 km | Vel Err:    0.27 m/s
[Solver Step 002000] t= 0.471 | Pos Err:    1.93 km | Vel Err:    0.05 m/s
[Solver Step 003000] t= 0.713 | Pos Err:    0.34 km | Vel Err:    0.02 m/s
[Solver Step 004000] t= 0.932 | Pos Err:    0.03 km | Vel Err:    0.00 m/s
[Solver Step 005000] t= 1.178 | Pos Err:    0.05 km | Vel Err:    0.00 m/s
[Solver Step 006000] t= 1.431 | Pos Err:    0.06 km | Vel Err:    0.05 m/s
[Solver Step 007000] t= 1.664 | Pos Err:    0.03 km | Vel Err:    0.00 m/s
[Solver Step 008000] t= 1.879 | Pos Err:    0.04 km | Vel Err:    0.00 m/s
[Solver Step 009000] t= 2.135 | Pos Err:    0.18 km | Vel Err:    0.14 m/s
[Solver Step 010000] t= 2.381 | Pos Err:    0.05 km | Vel Err:    0.00 m/s
[Solver Step 011000] t= 2.597 | Pos Err:    0.06 km | Vel Err:    0.00 m/s
[Solver Step 012000] t= 2.841 | Pos Err:    0.98 km | Vel Err:    0.83 m/s
[Solver Step 013000] t= 3.096 | Pos Err:    0.07 km | Vel Err:    0.00 m/s
[Solver Step 014000] t= 3.317 | Pos Err:    0.08 km | Vel Err:    0.00 m/s
[Solver Step 015000] t= 3.538 | Pos Err:    0.68 km | Vel Err:    0.51 m/s
[Solver Step 016000] t= 3.798 | Pos Err:    0.07 km | Vel Err:    0.00 m/s
[Solver Step 017000] t= 4.041 | Pos Err:    0.09 km | Vel Err:    0.00 m/s
[Solver Step 018000] t= 4.250 | Pos Err:    0.36 km | Vel Err:    0.20 m/s
[Solver Step 019000] t= 4.499 | Pos Err:    0.08 km | Vel Err:    0.02 m/s
[Solver Step 020000] t= 4.754 | Pos Err:    0.09 km | Vel Err:    0.00 m/s
[Solver Step 021000] t= 4.973 | Pos Err:    0.11 km | Vel Err:    0.11 m/s
[Solver Step 022000] t= 5.192 | Pos Err:    0.09 km | Vel Err:    0.01 m/s
[Solver Step 023000] t= 5.458 | Pos Err:    0.10 km | Vel Err:    0.00 m/s
[Solver Step 024000] t= 5.701 | Pos Err:    0.04 km | Vel Err:    0.12 m/s
[Solver Step 025000] t= 5.908 | Pos Err:    0.06 km | Vel Err:    0.00 m/s
[Solver Step 026000] t= 6.160 | Pos Err:    0.08 km | Vel Err:    0.00 m/s
[Solver Step 027000] t= 6.416 | Pos Err:    0.19 km | Vel Err:    0.24 m/s
[Solver Step 028000] t= 6.629 | Pos Err:    0.03 km | Vel Err:    0.00 m/s
[Solver Step 029000] t= 6.852 | Pos Err:    0.06 km | Vel Err:    0.00 m/s
Completed [TRANSFER] Trajectory 155/600 | Saved 2399 samples | Total: 222941
[Solver Step 001000] t= 0.416 | Pos Err:    0.50 km | Vel Err:    0.01 m/s
[Solver Step 002000] t= 0.790 | Pos Err:    0.06 km | Vel Err:    0.00 m/s
[Solver Step 003000] t= 1.100 | Pos Err:    0.01 km | Vel Err:    0.04 m/s
[Solver Step 004000] t= 1.551 | Pos Err:    0.06 km | Vel Err:    0.00 m/s
[Solver Step 005000] t= 2.102 | Pos Err:    0.06 km | Vel Err:    0.00 m/s
[Solver Step 006000] t= 2.515 | Pos Err:    0.06 km | Vel Err:    0.01 m/s
[Solver Step 007000] t= 3.015 | Pos Err:    0.06 km | Vel Err:    0.00 m/s
[Solver Step 008000] t= 3.568 | Pos Err:    0.06 km | Vel Err:    0.00 m/s
[Solver Step 009000] t= 4.058 | Pos Err:    0.06 km | Vel Err:    0.01 m/s
[Solver Step 010000] t= 4.459 | Pos Err:    0.06 km | Vel Err:    0.00 m/s
[Solver Step 011000] t= 4.997 | Pos Err:    0.06 km | Vel Err:    0.00 m/s
[Solver Step 012000] t= 5.585 | Pos Err:    0.05 km | Vel Err:    0.05 m/s
[Solver Step 013000] t= 6.067 | Pos Err:    0.06 km | Vel Err:    0.00 m/s
[Solver Step 014000] t= 6.468 | Pos Err:    0.06 km | Vel Err:    0.00 m/s
[Solver Step 015000] t= 7.025 | Pos Err:    0.03 km | Vel Err:    0.08 m/s
Completed [MOON_ORBIT] Trajectory 156/600 | Saved 1314 samples | Total: 224255
[Multiple Shooting] Converged in 19 iterations with residual 1.42e-15
[Solver Step 001000] t= 0.490 | Pos Err:    1.57 km | Vel Err:    0.04 m/s
[Solver Step 002000] t= 0.926 | Pos Err:    0.05 km | Vel Err:    0.00 m/s
[Solver Step 003000] t= 1.462 | Pos Err:    0.20 km | Vel Err:    0.01 m/s
[Solver Step 004000] t= 1.860 | Pos Err:    0.24 km | Vel Err:    0.00 m/s
[Solver Step 005000] t= 2.344 | Pos Err:    0.95 km | Vel Err:    0.02 m/s
Completed [DRO] Trajectory 157/600 | Saved 443 samples | Total: 224698
[Multiple Shooting] Converged in 2 iterations with residual 7.71e-12
[Solver Step 001000] t= 0.421 | Pos Err:    0.45 km | Vel Err:    0.01 m/s
[Solver Step 002000] t= 0.919 | Pos Err:    0.52 km | Vel Err:    0.01 m/s
[Solver Step 003000] t= 1.419 | Pos Err:    4.16 km | Vel Err:    0.09 m/s
[Solver Step 004000] t= 1.788 | Pos Err:   54.17 km | Vel Err:    1.14 m/s
[Solver Step 005000] t= 2.202 | Pos Err:   47.03 km | Vel Err:    0.96 m/s
[Solver Step 006000] t= 2.668 | Pos Err:    2.87 km | Vel Err:    0.06 m/s
[Solver Step 007000] t= 3.107 | Pos Err:   11.18 km | Vel Err:    0.26 m/s
Completed [HALO_L1] Trajectory 158/600 | Saved 592 samples | Total: 225290
[Solver Step 001000] t= 0.414 | Pos Err:    2.83 km | Vel Err:    0.06 m/s
[Solver Step 002000] t= 0.818 | Pos Err:    0.10 km | Vel Err:    0.00 m/s
[Solver Step 003000] t= 1.259 | Pos Err:    0.04 km | Vel Err:    0.01 m/s
[Solver Step 004000] t= 1.606 | Pos Err:    0.06 km | Vel Err:    0.00 m/s
[Solver Step 005000] t= 1.992 | Pos Err:    0.09 km | Vel Err:    0.00 m/s
[Solver Step 006000] t= 2.445 | Pos Err:    0.08 km | Vel Err:    0.02 m/s
[Solver Step 007000] t= 2.846 | Pos Err:    0.07 km | Vel Err:    0.00 m/s
[Solver Step 008000] t= 3.243 | Pos Err:    0.05 km | Vel Err:    0.00 m/s
[Solver Step 009000] t= 3.618 | Pos Err:    0.07 km | Vel Err:    0.08 m/s
[Solver Step 010000] t= 4.032 | Pos Err:    0.09 km | Vel Err:    0.00 m/s
[Solver Step 011000] t= 4.452 | Pos Err:    0.10 km | Vel Err:    0.00 m/s
[Solver Step 012000] t= 4.894 | Pos Err:    0.08 km | Vel Err:    0.04 m/s
[Solver Step 013000] t= 5.232 | Pos Err:    0.09 km | Vel Err:    0.00 m/s
[Solver Step 014000] t= 5.630 | Pos Err:    0.03 km | Vel Err:    0.00 m/s
[Solver Step 015000] t= 6.109 | Pos Err:    0.05 km | Vel Err:    0.02 m/s
[Solver Step 016000] t= 6.496 | Pos Err:    0.06 km | Vel Err:    0.00 m/s
[Solver Step 017000] t= 6.923 | Pos Err:    0.08 km | Vel Err:    0.00 m/s
[Solver Step 018000] t= 7.267 | Pos Err:    0.15 km | Vel Err:    0.10 m/s
[Solver Step 019000] t= 7.687 | Pos Err:    0.06 km | Vel Err:    0.00 m/s
[Solver Step 020000] t= 8.167 | Pos Err:    0.04 km | Vel Err:    0.00 m/s
[Solver Step 021000] t= 8.552 | Pos Err:    0.03 km | Vel Err:    0.03 m/s
[Solver Step 022000] t= 8.922 | Pos Err:    0.04 km | Vel Err:    0.00 m/s
[Solver Step 023000] t= 9.314 | Pos Err:    0.09 km | Vel Err:    0.00 m/s
[Solver Step 024000] t= 9.772 | Pos Err:    0.09 km | Vel Err:    0.03 m/s
[Solver Step 025000] t=10.173 | Pos Err:    0.09 km | Vel Err:    0.00 m/s
[Solver Step 026000] t=10.573 | Pos Err:    0.07 km | Vel Err:    0.00 m/s
[Solver Step 027000] t=10.933 | Pos Err:    0.10 km | Vel Err:    0.09 m/s
[Solver Step 028000] t=11.352 | Pos Err:    0.07 km | Vel Err:    0.00 m/s
[Solver Step 029000] t=11.808 | Pos Err:    0.08 km | Vel Err:    0.00 m/s
[Solver Step 030000] t=12.177 | Pos Err:    0.08 km | Vel Err:    0.03 m/s
Completed [EARTH_ORBIT] Trajectory 159/600 | Saved 2583 samples | Total: 227873
[Solver Step 001000] t= 0.216 | Pos Err:   19.47 km | Vel Err:    0.39 m/s
[Solver Step 002000] t= 0.469 | Pos Err:    2.39 km | Vel Err:    0.02 m/s
[Solver Step 003000] t= 0.712 | Pos Err:    0.29 km | Vel Err:    0.03 m/s
[Solver Step 004000] t= 0.926 | Pos Err:    0.02 km | Vel Err:    0.01 m/s
[Solver Step 005000] t= 1.177 | Pos Err:    0.04 km | Vel Err:    0.00 m/s
[Solver Step 006000] t= 1.430 | Pos Err:    0.09 km | Vel Err:    0.04 m/s
[Solver Step 007000] t= 1.660 | Pos Err:    0.09 km | Vel Err:    0.00 m/s
[Solver Step 008000] t= 1.874 | Pos Err:    0.06 km | Vel Err:    0.00 m/s
[Solver Step 009000] t= 2.133 | Pos Err:    0.19 km | Vel Err:    0.11 m/s
[Solver Step 010000] t= 2.376 | Pos Err:    0.09 km | Vel Err:    0.00 m/s
[Solver Step 011000] t= 2.588 | Pos Err:    0.07 km | Vel Err:    0.00 m/s
[Solver Step 012000] t= 2.836 | Pos Err:    1.05 km | Vel Err:    0.84 m/s
[Solver Step 013000] t= 3.091 | Pos Err:    0.10 km | Vel Err:    0.00 m/s
[Solver Step 014000] t= 3.311 | Pos Err:    0.06 km | Vel Err:    0.00 m/s
[Solver Step 015000] t= 3.533 | Pos Err:    0.67 km | Vel Err:    0.56 m/s
[Solver Step 016000] t= 3.795 | Pos Err:    0.09 km | Vel Err:    0.00 m/s
[Solver Step 017000] t= 4.037 | Pos Err:    0.06 km | Vel Err:    0.00 m/s
[Solver Step 018000] t= 4.244 | Pos Err:    0.32 km | Vel Err:    0.22 m/s
[Solver Step 019000] t= 4.496 | Pos Err:    0.06 km | Vel Err:    0.02 m/s
[Solver Step 020000] t= 4.750 | Pos Err:    0.04 km | Vel Err:    0.00 m/s
[Solver Step 021000] t= 4.967 | Pos Err:    0.11 km | Vel Err:    0.11 m/s
[Solver Step 022000] t= 5.188 | Pos Err:    0.05 km | Vel Err:    0.01 m/s
[Solver Step 023000] t= 5.454 | Pos Err:    0.03 km | Vel Err:    0.00 m/s
[Solver Step 024000] t= 5.696 | Pos Err:    0.11 km | Vel Err:    0.12 m/s
[Solver Step 025000] t= 5.903 | Pos Err:    0.04 km | Vel Err:    0.00 m/s
[Solver Step 026000] t= 6.157 | Pos Err:    0.02 km | Vel Err:    0.00 m/s
[Solver Step 027000] t= 6.411 | Pos Err:    0.26 km | Vel Err:    0.24 m/s
[Solver Step 028000] t= 6.622 | Pos Err:    0.06 km | Vel Err:    0.00 m/s
[Solver Step 029000] t= 6.849 | Pos Err:    0.03 km | Vel Err:    0.00 m/s
Completed [TRANSFER] Trajectory 160/600 | Saved 2399 samples | Total: 230272
[Solver Step 001000] t= 0.416 | Pos Err:    1.28 km | Vel Err:    0.03 m/s
[Solver Step 002000] t= 0.820 | Pos Err:    0.07 km | Vel Err:    0.00 m/s
[Solver Step 003000] t= 1.261 | Pos Err:    0.05 km | Vel Err:    0.01 m/s
[Solver Step 004000] t= 1.609 | Pos Err:    0.07 km | Vel Err:    0.00 m/s
[Solver Step 005000] t= 1.994 | Pos Err:    0.07 km | Vel Err:    0.00 m/s
[Solver Step 006000] t= 2.447 | Pos Err:    0.05 km | Vel Err:    0.02 m/s
[Solver Step 007000] t= 2.849 | Pos Err:    0.04 km | Vel Err:    0.00 m/s
[Solver Step 008000] t= 3.245 | Pos Err:    0.04 km | Vel Err:    0.00 m/s
[Solver Step 009000] t= 3.620 | Pos Err:    0.09 km | Vel Err:    0.08 m/s
[Solver Step 010000] t= 4.035 | Pos Err:    0.07 km | Vel Err:    0.00 m/s
[Solver Step 011000] t= 4.454 | Pos Err:    0.07 km | Vel Err:    0.00 m/s
[Solver Step 012000] t= 4.897 | Pos Err:    0.05 km | Vel Err:    0.04 m/s
[Solver Step 013000] t= 5.235 | Pos Err:    0.06 km | Vel Err:    0.00 m/s
[Solver Step 014000] t= 5.633 | Pos Err:    0.03 km | Vel Err:    0.00 m/s
[Solver Step 015000] t= 6.112 | Pos Err:    0.06 km | Vel Err:    0.02 m/s
[Solver Step 016000] t= 6.498 | Pos Err:    0.07 km | Vel Err:    0.00 m/s
[Solver Step 017000] t= 6.925 | Pos Err:    0.08 km | Vel Err:    0.00 m/s
[Solver Step 018000] t= 7.269 | Pos Err:    0.14 km | Vel Err:    0.10 m/s
[Solver Step 019000] t= 7.690 | Pos Err:    0.04 km | Vel Err:    0.00 m/s
[Solver Step 020000] t= 8.169 | Pos Err:    0.04 km | Vel Err:    0.00 m/s
[Solver Step 021000] t= 8.555 | Pos Err:    0.02 km | Vel Err:    0.03 m/s
[Solver Step 022000] t= 8.923 | Pos Err:    0.06 km | Vel Err:    0.00 m/s
[Solver Step 023000] t= 9.316 | Pos Err:    0.07 km | Vel Err:    0.00 m/s
[Solver Step 024000] t= 9.775 | Pos Err:    0.06 km | Vel Err:    0.03 m/s
[Solver Step 025000] t=10.175 | Pos Err:    0.06 km | Vel Err:    0.00 m/s
[Solver Step 026000] t=10.575 | Pos Err:    0.05 km | Vel Err:    0.00 m/s
[Solver Step 027000] t=10.935 | Pos Err:    0.10 km | Vel Err:    0.09 m/s
[Solver Step 028000] t=11.354 | Pos Err:    0.07 km | Vel Err:    0.00 m/s
[Solver Step 029000] t=11.811 | Pos Err:    0.07 km | Vel Err:    0.00 m/s
[Solver Step 030000] t=12.179 | Pos Err:    0.06 km | Vel Err:    0.03 m/s
Completed [EARTH_ORBIT] Trajectory 161/600 | Saved 2583 samples | Total: 232855
[Solver Step 001000] t= 0.216 | Pos Err:   34.86 km | Vel Err:    0.79 m/s
[Solver Step 002000] t= 0.470 | Pos Err:    4.32 km | Vel Err:    0.06 m/s
[Solver Step 003000] t= 0.713 | Pos Err:    0.54 km | Vel Err:    0.01 m/s
[Solver Step 004000] t= 0.930 | Pos Err:    0.04 km | Vel Err:    0.01 m/s
[Solver Step 005000] t= 1.178 | Pos Err:    0.06 km | Vel Err:    0.00 m/s
[Solver Step 006000] t= 1.431 | Pos Err:    0.13 km | Vel Err:    0.04 m/s
[Solver Step 007000] t= 1.661 | Pos Err:    0.13 km | Vel Err:    0.00 m/s
[Solver Step 008000] t= 1.876 | Pos Err:    0.10 km | Vel Err:    0.00 m/s
[Solver Step 009000] t= 2.134 | Pos Err:    0.23 km | Vel Err:    0.11 m/s
[Solver Step 010000] t= 2.377 | Pos Err:    0.13 km | Vel Err:    0.00 m/s
[Solver Step 011000] t= 2.590 | Pos Err:    0.11 km | Vel Err:    0.00 m/s
[Solver Step 012000] t= 2.837 | Pos Err:    0.92 km | Vel Err:    0.77 m/s
[Solver Step 013000] t= 3.092 | Pos Err:    0.14 km | Vel Err:    0.00 m/s
[Solver Step 014000] t= 3.313 | Pos Err:    0.10 km | Vel Err:    0.00 m/s
[Solver Step 015000] t= 3.535 | Pos Err:    0.61 km | Vel Err:    0.54 m/s
[Solver Step 016000] t= 3.796 | Pos Err:    0.13 km | Vel Err:    0.00 m/s
[Solver Step 017000] t= 4.038 | Pos Err:    0.10 km | Vel Err:    0.00 m/s
[Solver Step 018000] t= 4.246 | Pos Err:    0.26 km | Vel Err:    0.22 m/s
[Solver Step 019000] t= 4.497 | Pos Err:    0.10 km | Vel Err:    0.02 m/s
[Solver Step 020000] t= 4.751 | Pos Err:    0.07 km | Vel Err:    0.00 m/s
[Solver Step 021000] t= 4.969 | Pos Err:    0.08 km | Vel Err:    0.11 m/s
[Solver Step 022000] t= 5.189 | Pos Err:    0.10 km | Vel Err:    0.01 m/s
[Solver Step 023000] t= 5.455 | Pos Err:    0.06 km | Vel Err:    0.00 m/s
[Solver Step 024000] t= 5.698 | Pos Err:    0.13 km | Vel Err:    0.12 m/s
[Solver Step 025000] t= 5.904 | Pos Err:    0.08 km | Vel Err:    0.00 m/s
[Solver Step 026000] t= 6.158 | Pos Err:    0.06 km | Vel Err:    0.00 m/s
[Solver Step 027000] t= 6.412 | Pos Err:    0.29 km | Vel Err:    0.24 m/s
[Solver Step 028000] t= 6.624 | Pos Err:    0.09 km | Vel Err:    0.00 m/s
[Solver Step 029000] t= 6.850 | Pos Err:    0.06 km | Vel Err:    0.00 m/s
Completed [TRANSFER] Trajectory 162/600 | Saved 2398 samples | Total: 235253
[Multiple Shooting] Converged in 7 iterations with residual 2.25e-14
[Solver Step 001000] t= 0.304 | Pos Err:  863.38 km | Vel Err:   19.12 m/s
[Solver Step 002000] t= 0.652 | Pos Err:  102.17 km | Vel Err:    2.25 m/s
[Solver Step 003000] t= 0.972 | Pos Err:  837.93 km | Vel Err:   13.97 m/s
[Solver Step 004000] t= 1.307 | Pos Err:  153.50 km | Vel Err:    3.42 m/s
[Solver Step 005000] t= 1.624 | Pos Err:  939.34 km | Vel Err:   15.47 m/s
[Solver Step 006000] t= 2.003 | Pos Err:  375.02 km | Vel Err:    7.18 m/s
[Solver Step 007000] t= 2.319 | Pos Err: 1419.78 km | Vel Err:   31.99 m/s
Completed [DRO] Trajectory 163/600 | Saved 613 samples | Total: 235866
[Multiple Shooting] Converged in 15 iterations with residual 1.67e-15
[Solver Step 001000] t= 0.401 | Pos Err:    2.18 km | Vel Err:    0.05 m/s
[Solver Step 002000] t= 0.823 | Pos Err:    0.08 km | Vel Err:    0.00 m/s
[Solver Step 003000] t= 1.301 | Pos Err:    0.26 km | Vel Err:    0.01 m/s
[Solver Step 004000] t= 1.711 | Pos Err:    0.62 km | Vel Err:    0.01 m/s
[Solver Step 005000] t= 2.151 | Pos Err:   15.09 km | Vel Err:    0.25 m/s
[Solver Step 006000] t= 2.498 | Pos Err:  221.10 km | Vel Err:    2.60 m/s
Completed [DRO] Trajectory 164/600 | Saved 504 samples | Total: 236370
[Solver Step 001000] t= 0.416 | Pos Err:    0.30 km | Vel Err:    0.01 m/s
[Solver Step 002000] t= 0.790 | Pos Err:    0.05 km | Vel Err:    0.00 m/s
[Solver Step 003000] t= 1.100 | Pos Err:    0.01 km | Vel Err:    0.04 m/s
[Solver Step 004000] t= 1.551 | Pos Err:    0.06 km | Vel Err:    0.00 m/s
[Solver Step 005000] t= 2.102 | Pos Err:    0.06 km | Vel Err:    0.00 m/s
[Solver Step 006000] t= 2.516 | Pos Err:    0.06 km | Vel Err:    0.01 m/s
[Solver Step 007000] t= 3.015 | Pos Err:    0.06 km | Vel Err:    0.00 m/s
[Solver Step 008000] t= 3.568 | Pos Err:    0.06 km | Vel Err:    0.00 m/s
[Solver Step 009000] t= 4.058 | Pos Err:    0.05 km | Vel Err:    0.01 m/s
[Solver Step 010000] t= 4.459 | Pos Err:    0.06 km | Vel Err:    0.00 m/s
[Solver Step 011000] t= 4.997 | Pos Err:    0.06 km | Vel Err:    0.00 m/s
[Solver Step 012000] t= 5.585 | Pos Err:    0.04 km | Vel Err:    0.05 m/s
[Solver Step 013000] t= 6.067 | Pos Err:    0.06 km | Vel Err:    0.00 m/s
[Solver Step 014000] t= 6.468 | Pos Err:    0.06 km | Vel Err:    0.00 m/s
[Solver Step 015000] t= 7.026 | Pos Err:    0.03 km | Vel Err:    0.08 m/s
Completed [MOON_ORBIT] Trajectory 165/600 | Saved 1314 samples | Total: 237684
[Solver Step 001000] t= 0.415 | Pos Err:    0.50 km | Vel Err:    0.01 m/s
[Solver Step 002000] t= 0.790 | Pos Err:    0.05 km | Vel Err:    0.00 m/s
[Solver Step 003000] t= 1.099 | Pos Err:    0.01 km | Vel Err:    0.04 m/s
[Solver Step 004000] t= 1.550 | Pos Err:    0.06 km | Vel Err:    0.00 m/s
[Solver Step 005000] t= 2.102 | Pos Err:    0.06 km | Vel Err:    0.00 m/s
[Solver Step 006000] t= 2.515 | Pos Err:    0.06 km | Vel Err:    0.01 m/s
[Solver Step 007000] t= 3.014 | Pos Err:    0.06 km | Vel Err:    0.00 m/s
[Solver Step 008000] t= 3.567 | Pos Err:    0.06 km | Vel Err:    0.00 m/s
[Solver Step 009000] t= 4.057 | Pos Err:    0.06 km | Vel Err:    0.01 m/s
[Solver Step 010000] t= 4.459 | Pos Err:    0.06 km | Vel Err:    0.00 m/s
[Solver Step 011000] t= 4.997 | Pos Err:    0.06 km | Vel Err:    0.00 m/s
[Solver Step 012000] t= 5.584 | Pos Err:    0.05 km | Vel Err:    0.05 m/s
[Solver Step 013000] t= 6.066 | Pos Err:    0.06 km | Vel Err:    0.00 m/s
[Solver Step 014000] t= 6.467 | Pos Err:    0.06 km | Vel Err:    0.00 m/s
[Solver Step 015000] t= 7.025 | Pos Err:    0.03 km | Vel Err:    0.08 m/s
Completed [MOON_ORBIT] Trajectory 166/600 | Saved 1314 samples | Total: 238998
[Solver Step 001000] t= 0.416 | Pos Err:    0.19 km | Vel Err:    0.00 m/s
[Solver Step 002000] t= 0.790 | Pos Err:    0.06 km | Vel Err:    0.00 m/s
[Solver Step 003000] t= 1.100 | Pos Err:    0.01 km | Vel Err:    0.04 m/s
[Solver Step 004000] t= 1.551 | Pos Err:    0.06 km | Vel Err:    0.00 m/s
[Solver Step 005000] t= 2.102 | Pos Err:    0.06 km | Vel Err:    0.00 m/s
[Solver Step 006000] t= 2.516 | Pos Err:    0.06 km | Vel Err:    0.01 m/s
[Solver Step 007000] t= 3.015 | Pos Err:    0.05 km | Vel Err:    0.00 m/s
[Solver Step 008000] t= 3.568 | Pos Err:    0.05 km | Vel Err:    0.00 m/s
[Solver Step 009000] t= 4.058 | Pos Err:    0.05 km | Vel Err:    0.01 m/s
[Solver Step 010000] t= 4.459 | Pos Err:    0.06 km | Vel Err:    0.00 m/s
[Solver Step 011000] t= 4.998 | Pos Err:    0.05 km | Vel Err:    0.00 m/s
[Solver Step 012000] t= 5.585 | Pos Err:    0.04 km | Vel Err:    0.05 m/s
[Solver Step 013000] t= 6.067 | Pos Err:    0.06 km | Vel Err:    0.00 m/s
[Solver Step 014000] t= 6.468 | Pos Err:    0.06 km | Vel Err:    0.00 m/s
[Solver Step 015000] t= 7.026 | Pos Err:    0.03 km | Vel Err:    0.08 m/s
Completed [MOON_ORBIT] Trajectory 167/600 | Saved 1314 samples | Total: 240312
[Multiple Shooting] Converged in 2 iterations with residual 1.66e-11
[Solver Step 001000] t= 0.423 | Pos Err:    0.60 km | Vel Err:    0.01 m/s
[Solver Step 002000] t= 0.917 | Pos Err:    0.38 km | Vel Err:    0.01 m/s
[Solver Step 003000] t= 1.417 | Pos Err:    3.45 km | Vel Err:    0.07 m/s
[Solver Step 004000] t= 1.803 | Pos Err:   42.90 km | Vel Err:    0.93 m/s
[Solver Step 005000] t= 2.194 | Pos Err:   70.98 km | Vel Err:    1.39 m/s
[Solver Step 006000] t= 2.661 | Pos Err:    3.49 km | Vel Err:    0.07 m/s
[Solver Step 007000] t= 3.113 | Pos Err:   11.45 km | Vel Err:    0.27 m/s
Completed [HALO_L1] Trajectory 168/600 | Saved 589 samples | Total: 240901
[Multiple Shooting] Converged in 2 iterations with residual 7.07e-12
[Solver Step 001000] t= 0.425 | Pos Err:    0.66 km | Vel Err:    0.02 m/s
[Solver Step 002000] t= 0.924 | Pos Err:    0.54 km | Vel Err:    0.01 m/s
[Solver Step 003000] t= 1.423 | Pos Err:    3.61 km | Vel Err:    0.08 m/s
[Solver Step 004000] t= 1.789 | Pos Err:   55.02 km | Vel Err:    1.16 m/s
[Solver Step 005000] t= 2.207 | Pos Err:   44.67 km | Vel Err:    0.93 m/s
[Solver Step 006000] t= 2.671 | Pos Err:    2.97 km | Vel Err:    0.06 m/s
[Solver Step 007000] t= 3.110 | Pos Err:   10.39 km | Vel Err:    0.24 m/s
Completed [HALO_L1] Trajectory 169/600 | Saved 591 samples | Total: 241492
[Solver Step 001000] t= 0.415 | Pos Err:    0.39 km | Vel Err:    0.01 m/s
[Solver Step 002000] t= 0.789 | Pos Err:    0.05 km | Vel Err:    0.00 m/s
[Solver Step 003000] t= 1.099 | Pos Err:    0.01 km | Vel Err:    0.04 m/s
[Solver Step 004000] t= 1.550 | Pos Err:    0.06 km | Vel Err:    0.00 m/s
[Solver Step 005000] t= 2.101 | Pos Err:    0.06 km | Vel Err:    0.00 m/s
[Solver Step 006000] t= 2.514 | Pos Err:    0.06 km | Vel Err:    0.01 m/s
[Solver Step 007000] t= 3.014 | Pos Err:    0.06 km | Vel Err:    0.00 m/s
[Solver Step 008000] t= 3.566 | Pos Err:    0.06 km | Vel Err:    0.00 m/s
[Solver Step 009000] t= 4.056 | Pos Err:    0.06 km | Vel Err:    0.01 m/s
[Solver Step 010000] t= 4.458 | Pos Err:    0.06 km | Vel Err:    0.00 m/s
[Solver Step 011000] t= 4.996 | Pos Err:    0.06 km | Vel Err:    0.00 m/s
[Solver Step 012000] t= 5.583 | Pos Err:    0.04 km | Vel Err:    0.05 m/s
[Solver Step 013000] t= 6.066 | Pos Err:    0.05 km | Vel Err:    0.00 m/s
[Solver Step 014000] t= 6.467 | Pos Err:    0.05 km | Vel Err:    0.00 m/s
[Solver Step 015000] t= 7.024 | Pos Err:    0.03 km | Vel Err:    0.08 m/s
Completed [MOON_ORBIT] Trajectory 170/600 | Saved 1314 samples | Total: 242806
[Multiple Shooting] Converged in 2 iterations with residual 1.59e-15
[Solver Step 001000] t= 0.483 | Pos Err:    0.15 km | Vel Err:    0.00 m/s
[Solver Step 002000] t= 0.938 | Pos Err:    0.27 km | Vel Err:    0.01 m/s
[Solver Step 003000] t= 1.474 | Pos Err:    0.15 km | Vel Err:    0.01 m/s
[Solver Step 004000] t= 2.053 | Pos Err:    0.29 km | Vel Err:    0.01 m/s
[Solver Step 005000] t= 2.496 | Pos Err:    0.30 km | Vel Err:    0.01 m/s
[Solver Step 006000] t= 2.942 | Pos Err:    1.04 km | Vel Err:    0.02 m/s
Completed [HALO_L2] Trajectory 171/600 | Saved 532 samples | Total: 243338
[Solver Step 001000] t= 0.415 | Pos Err:    0.37 km | Vel Err:    0.01 m/s
[Solver Step 002000] t= 0.790 | Pos Err:    0.05 km | Vel Err:    0.00 m/s
[Solver Step 003000] t= 1.099 | Pos Err:    0.01 km | Vel Err:    0.04 m/s
[Solver Step 004000] t= 1.550 | Pos Err:    0.06 km | Vel Err:    0.00 m/s
[Solver Step 005000] t= 2.102 | Pos Err:    0.06 km | Vel Err:    0.00 m/s
[Solver Step 006000] t= 2.515 | Pos Err:    0.06 km | Vel Err:    0.01 m/s
[Solver Step 007000] t= 3.014 | Pos Err:    0.06 km | Vel Err:    0.00 m/s
[Solver Step 008000] t= 3.567 | Pos Err:    0.06 km | Vel Err:    0.00 m/s
[Solver Step 009000] t= 4.057 | Pos Err:    0.06 km | Vel Err:    0.01 m/s
[Solver Step 010000] t= 4.459 | Pos Err:    0.06 km | Vel Err:    0.00 m/s
[Solver Step 011000] t= 4.996 | Pos Err:    0.06 km | Vel Err:    0.00 m/s
[Solver Step 012000] t= 5.584 | Pos Err:    0.04 km | Vel Err:    0.05 m/s
[Solver Step 013000] t= 6.066 | Pos Err:    0.06 km | Vel Err:    0.00 m/s
[Solver Step 014000] t= 6.467 | Pos Err:    0.05 km | Vel Err:    0.00 m/s
[Solver Step 015000] t= 7.024 | Pos Err:    0.03 km | Vel Err:    0.08 m/s
Completed [MOON_ORBIT] Trajectory 172/600 | Saved 1314 samples | Total: 244652
[Multiple Shooting] Converged in 3 iterations with residual 4.78e-14
[Solver Step 001000] t= 0.460 | Pos Err:    0.45 km | Vel Err:    0.01 m/s
[Solver Step 002000] t= 0.906 | Pos Err:    0.22 km | Vel Err:    0.00 m/s
[Solver Step 003000] t= 1.366 | Pos Err:    0.45 km | Vel Err:    0.01 m/s
[Solver Step 004000] t= 1.809 | Pos Err:    2.73 km | Vel Err:    0.06 m/s
[Solver Step 005000] t= 2.323 | Pos Err:    5.82 km | Vel Err:    0.11 m/s
[Solver Step 006000] t= 2.729 | Pos Err:  247.39 km | Vel Err:    5.11 m/s
[Solver Step 007000] t= 3.086 | Pos Err: 7955.83 km | Vel Err: 1472.60 m/s
Completed [HALO_L2] Trajectory 173/600 | Saved 578 samples | Total: 245230
[Solver Step 001000] t= 0.413 | Pos Err:    0.58 km | Vel Err:    0.01 m/s
[Solver Step 002000] t= 0.788 | Pos Err:    0.04 km | Vel Err:    0.00 m/s
[Solver Step 003000] t= 1.098 | Pos Err:    0.01 km | Vel Err:    0.04 m/s
[Solver Step 004000] t= 1.548 | Pos Err:    0.06 km | Vel Err:    0.00 m/s
[Solver Step 005000] t= 2.100 | Pos Err:    0.06 km | Vel Err:    0.00 m/s
[Solver Step 006000] t= 2.513 | Pos Err:    0.06 km | Vel Err:    0.01 m/s
[Solver Step 007000] t= 3.012 | Pos Err:    0.06 km | Vel Err:    0.00 m/s
[Solver Step 008000] t= 3.565 | Pos Err:    0.06 km | Vel Err:    0.00 m/s
[Solver Step 009000] t= 4.055 | Pos Err:    0.06 km | Vel Err:    0.01 m/s
[Solver Step 010000] t= 4.457 | Pos Err:    0.06 km | Vel Err:    0.00 m/s
[Solver Step 011000] t= 4.994 | Pos Err:    0.06 km | Vel Err:    0.00 m/s
[Solver Step 012000] t= 5.581 | Pos Err:    0.04 km | Vel Err:    0.05 m/s
[Solver Step 013000] t= 6.065 | Pos Err:    0.05 km | Vel Err:    0.00 m/s
[Solver Step 014000] t= 6.465 | Pos Err:    0.05 km | Vel Err:    0.00 m/s
[Solver Step 015000] t= 7.022 | Pos Err:    0.02 km | Vel Err:    0.08 m/s
Completed [MOON_ORBIT] Trajectory 174/600 | Saved 1315 samples | Total: 246545
[Multiple Shooting] Converged in 2 iterations with residual 3.69e-11
[Solver Step 001000] t= 0.424 | Pos Err:    0.60 km | Vel Err:    0.01 m/s
[Solver Step 002000] t= 0.884 | Pos Err:    0.29 km | Vel Err:    0.01 m/s
[Solver Step 003000] t= 1.375 | Pos Err:    0.73 km | Vel Err:    0.02 m/s
[Solver Step 004000] t= 1.798 | Pos Err:    1.97 km | Vel Err:    0.02 m/s
[Solver Step 005000] t= 2.149 | Pos Err:  189.90 km | Vel Err:    3.88 m/s
[Solver Step 006000] t= 2.605 | Pos Err:    9.33 km | Vel Err:    0.19 m/s
[Solver Step 007000] t= 3.082 | Pos Err:   38.24 km | Vel Err:    0.85 m/s
Completed [HALO_L1] Trajectory 175/600 | Saved 594 samples | Total: 247139
[Multiple Shooting] Converged in 2 iterations with residual 2.20e-11
[Solver Step 001000] t= 0.434 | Pos Err:    0.19 km | Vel Err:    0.00 m/s
[Solver Step 002000] t= 0.908 | Pos Err:    0.17 km | Vel Err:    0.00 m/s
[Solver Step 003000] t= 1.403 | Pos Err:    1.63 km | Vel Err:    0.03 m/s
[Solver Step 004000] t= 1.816 | Pos Err:   12.57 km | Vel Err:    0.24 m/s
[Solver Step 005000] t= 2.170 | Pos Err:  164.72 km | Vel Err:    3.07 m/s
[Solver Step 006000] t= 2.633 | Pos Err:    0.69 km | Vel Err:    0.02 m/s
[Solver Step 007000] t= 3.107 | Pos Err:   23.80 km | Vel Err:    0.55 m/s
Completed [HALO_L1] Trajectory 176/600 | Saved 590 samples | Total: 247729
[Multiple Shooting] Converged in 2 iterations with residual 7.72e-12
[Solver Step 001000] t= 0.416 | Pos Err:    0.19 km | Vel Err:    0.00 m/s
[Solver Step 002000] t= 0.919 | Pos Err:    5.55 km | Vel Err:    0.11 m/s
[Solver Step 003000] t= 1.349 | Pos Err:   83.74 km | Vel Err:    1.81 m/s
[Solver Step 004000] t= 1.749 | Pos Err:   78.56 km | Vel Err:    1.69 m/s
[Solver Step 005000] t= 2.242 | Pos Err:    0.98 km | Vel Err:    0.02 m/s
[Solver Step 006000] t= 2.635 | Pos Err:    0.07 km | Vel Err:    0.01 m/s
[Solver Step 007000] t= 3.092 | Pos Err:    7.78 km | Vel Err:    0.18 m/s
Completed [HALO_L1] Trajectory 177/600 | Saved 592 samples | Total: 248321
[Solver Step 001000] t= 0.417 | Pos Err:    1.90 km | Vel Err:    0.04 m/s
[Solver Step 002000] t= 0.821 | Pos Err:    0.05 km | Vel Err:    0.00 m/s
[Solver Step 003000] t= 1.261 | Pos Err:    0.08 km | Vel Err:    0.01 m/s
[Solver Step 004000] t= 1.609 | Pos Err:    0.08 km | Vel Err:    0.00 m/s
[Solver Step 005000] t= 1.995 | Pos Err:    0.04 km | Vel Err:    0.00 m/s
[Solver Step 006000] t= 2.448 | Pos Err:    0.04 km | Vel Err:    0.02 m/s
[Solver Step 007000] t= 2.849 | Pos Err:    0.05 km | Vel Err:    0.00 m/s
[Solver Step 008000] t= 3.245 | Pos Err:    0.06 km | Vel Err:    0.00 m/s
[Solver Step 009000] t= 3.621 | Pos Err:    0.12 km | Vel Err:    0.08 m/s
[Solver Step 010000] t= 4.036 | Pos Err:    0.06 km | Vel Err:    0.00 m/s
[Solver Step 011000] t= 4.454 | Pos Err:    0.05 km | Vel Err:    0.00 m/s
[Solver Step 012000] t= 4.897 | Pos Err:    0.03 km | Vel Err:    0.04 m/s
[Solver Step 013000] t= 5.235 | Pos Err:    0.03 km | Vel Err:    0.00 m/s
[Solver Step 014000] t= 5.633 | Pos Err:    0.07 km | Vel Err:    0.00 m/s
[Solver Step 015000] t= 6.112 | Pos Err:    0.08 km | Vel Err:    0.02 m/s
[Solver Step 016000] t= 6.499 | Pos Err:    0.08 km | Vel Err:    0.00 m/s
[Solver Step 017000] t= 6.926 | Pos Err:    0.08 km | Vel Err:    0.00 m/s
[Solver Step 018000] t= 7.270 | Pos Err:    0.13 km | Vel Err:    0.10 m/s
[Solver Step 019000] t= 7.691 | Pos Err:    0.05 km | Vel Err:    0.00 m/s
[Solver Step 020000] t= 8.169 | Pos Err:    0.06 km | Vel Err:    0.00 m/s
[Solver Step 021000] t= 8.555 | Pos Err:    0.06 km | Vel Err:    0.03 m/s
[Solver Step 022000] t= 8.923 | Pos Err:    0.09 km | Vel Err:    0.00 m/s
[Solver Step 023000] t= 9.317 | Pos Err:    0.06 km | Vel Err:    0.00 m/s
[Solver Step 024000] t= 9.776 | Pos Err:    0.03 km | Vel Err:    0.03 m/s
[Solver Step 025000] t=10.176 | Pos Err:    0.04 km | Vel Err:    0.00 m/s
[Solver Step 026000] t=10.576 | Pos Err:    0.04 km | Vel Err:    0.00 m/s
[Solver Step 027000] t=10.936 | Pos Err:    0.13 km | Vel Err:    0.09 m/s
[Solver Step 028000] t=11.354 | Pos Err:    0.08 km | Vel Err:    0.00 m/s
[Solver Step 029000] t=11.811 | Pos Err:    0.07 km | Vel Err:    0.00 m/s
[Solver Step 030000] t=12.180 | Pos Err:    0.05 km | Vel Err:    0.03 m/s
Completed [EARTH_ORBIT] Trajectory 178/600 | Saved 2583 samples | Total: 250904
[Solver Step 001000] t= 0.215 | Pos Err:   23.37 km | Vel Err:    0.59 m/s
[Solver Step 002000] t= 0.468 | Pos Err:    2.86 km | Vel Err:    0.05 m/s
[Solver Step 003000] t= 0.712 | Pos Err:    0.38 km | Vel Err:    0.04 m/s
[Solver Step 004000] t= 0.926 | Pos Err:    0.04 km | Vel Err:    0.00 m/s
[Solver Step 005000] t= 1.176 | Pos Err:    0.08 km | Vel Err:    0.00 m/s
[Solver Step 006000] t= 1.429 | Pos Err:    0.04 km | Vel Err:    0.03 m/s
[Solver Step 007000] t= 1.658 | Pos Err:    0.04 km | Vel Err:    0.00 m/s
[Solver Step 008000] t= 1.873 | Pos Err:    0.07 km | Vel Err:    0.00 m/s
[Solver Step 009000] t= 2.133 | Pos Err:    0.15 km | Vel Err:    0.15 m/s
[Solver Step 010000] t= 2.374 | Pos Err:    0.03 km | Vel Err:    0.00 m/s
[Solver Step 011000] t= 2.586 | Pos Err:    0.04 km | Vel Err:    0.00 m/s
[Solver Step 012000] t= 2.835 | Pos Err:    1.35 km | Vel Err:    1.06 m/s
[Solver Step 013000] t= 3.090 | Pos Err:    0.02 km | Vel Err:    0.00 m/s
[Solver Step 014000] t= 3.309 | Pos Err:    0.05 km | Vel Err:    0.00 m/s
[Solver Step 015000] t= 3.532 | Pos Err:    0.80 km | Vel Err:    0.57 m/s
[Solver Step 016000] t= 3.794 | Pos Err:    0.02 km | Vel Err:    0.01 m/s
[Solver Step 017000] t= 4.035 | Pos Err:    0.06 km | Vel Err:    0.00 m/s
[Solver Step 018000] t= 4.242 | Pos Err:    0.43 km | Vel Err:    0.23 m/s
[Solver Step 019000] t= 4.495 | Pos Err:    0.07 km | Vel Err:    0.02 m/s
[Solver Step 020000] t= 4.750 | Pos Err:    0.08 km | Vel Err:    0.00 m/s
[Solver Step 021000] t= 4.965 | Pos Err:    0.20 km | Vel Err:    0.11 m/s
[Solver Step 022000] t= 5.187 | Pos Err:    0.07 km | Vel Err:    0.01 m/s
[Solver Step 023000] t= 5.453 | Pos Err:    0.09 km | Vel Err:    0.00 m/s
[Solver Step 024000] t= 5.694 | Pos Err:    0.11 km | Vel Err:    0.12 m/s
[Solver Step 025000] t= 5.903 | Pos Err:    0.07 km | Vel Err:    0.01 m/s
[Solver Step 026000] t= 6.157 | Pos Err:    0.08 km | Vel Err:    0.00 m/s
[Solver Step 027000] t= 6.411 | Pos Err:    0.20 km | Vel Err:    0.24 m/s
[Solver Step 028000] t= 6.622 | Pos Err:    0.07 km | Vel Err:    0.00 m/s
[Solver Step 029000] t= 6.849 | Pos Err:    0.09 km | Vel Err:    0.00 m/s
Completed [TRANSFER] Trajectory 179/600 | Saved 2399 samples | Total: 253303
[Solver Step 001000] t= 0.215 | Pos Err:   16.70 km | Vel Err:    0.46 m/s
[Solver Step 002000] t= 0.468 | Pos Err:    2.08 km | Vel Err:    0.05 m/s
[Solver Step 003000] t= 0.711 | Pos Err:    0.28 km | Vel Err:    0.05 m/s
[Solver Step 004000] t= 0.924 | Pos Err:    0.03 km | Vel Err:    0.00 m/s
[Solver Step 005000] t= 1.175 | Pos Err:    0.07 km | Vel Err:    0.00 m/s
[Solver Step 006000] t= 1.429 | Pos Err:    0.05 km | Vel Err:    0.05 m/s
[Solver Step 007000] t= 1.656 | Pos Err:    0.05 km | Vel Err:    0.00 m/s
[Solver Step 008000] t= 1.871 | Pos Err:    0.06 km | Vel Err:    0.00 m/s
[Solver Step 009000] t= 2.133 | Pos Err:    0.21 km | Vel Err:    0.19 m/s
[Solver Step 010000] t= 2.373 | Pos Err:    0.03 km | Vel Err:    0.00 m/s
[Solver Step 011000] t= 2.584 | Pos Err:    0.03 km | Vel Err:    0.00 m/s
[Solver Step 012000] t= 2.834 | Pos Err:    1.57 km | Vel Err:    1.23 m/s
[Solver Step 013000] t= 3.089 | Pos Err:    0.02 km | Vel Err:    0.00 m/s
[Solver Step 014000] t= 3.307 | Pos Err:    0.02 km | Vel Err:    0.00 m/s
[Solver Step 015000] t= 3.531 | Pos Err:    0.79 km | Vel Err:    0.58 m/s
[Solver Step 016000] t= 3.793 | Pos Err:    0.02 km | Vel Err:    0.01 m/s
[Solver Step 017000] t= 4.033 | Pos Err:    0.04 km | Vel Err:    0.00 m/s
[Solver Step 018000] t= 4.240 | Pos Err:    0.42 km | Vel Err:    0.23 m/s
[Solver Step 019000] t= 4.493 | Pos Err:    0.04 km | Vel Err:    0.02 m/s
[Solver Step 020000] t= 4.745 | Pos Err:    0.05 km | Vel Err:    0.00 m/s
[Solver Step 021000] t= 4.961 | Pos Err:    0.20 km | Vel Err:    0.12 m/s
[Solver Step 022000] t= 5.184 | Pos Err:    0.04 km | Vel Err:    0.01 m/s
[Solver Step 023000] t= 5.450 | Pos Err:    0.06 km | Vel Err:    0.00 m/s
[Solver Step 024000] t= 5.691 | Pos Err:    0.11 km | Vel Err:    0.11 m/s
[Solver Step 025000] t= 5.899 | Pos Err:    0.05 km | Vel Err:    0.01 m/s
[Solver Step 026000] t= 6.155 | Pos Err:    0.06 km | Vel Err:    0.00 m/s
[Solver Step 027000] t= 6.408 | Pos Err:    0.21 km | Vel Err:    0.24 m/s
[Solver Step 028000] t= 6.618 | Pos Err:    0.06 km | Vel Err:    0.00 m/s
[Solver Step 029000] t= 6.847 | Pos Err:    0.08 km | Vel Err:    0.00 m/s
Completed [TRANSFER] Trajectory 180/600 | Saved 2399 samples | Total: 255702
[Multiple Shooting] Converged in 2 iterations with residual 1.97e-14
[Solver Step 001000] t= 0.469 | Pos Err:    0.22 km | Vel Err:    0.01 m/s
[Solver Step 002000] t= 0.965 | Pos Err:    0.12 km | Vel Err:    0.00 m/s
[Solver Step 003000] t= 1.359 | Pos Err:    0.14 km | Vel Err:    0.00 m/s
[Solver Step 004000] t= 1.820 | Pos Err:    0.11 km | Vel Err:    0.00 m/s
[Solver Step 005000] t= 2.220 | Pos Err:    0.25 km | Vel Err:    0.01 m/s
[Solver Step 006000] t= 2.732 | Pos Err:    0.20 km | Vel Err:    0.03 m/s
Completed [HALO_L2] Trajectory 181/600 | Saved 563 samples | Total: 256265
[Solver Step 001000] t= 0.420 | Pos Err:    0.39 km | Vel Err:    0.01 m/s
[Solver Step 002000] t= 0.793 | Pos Err:    0.06 km | Vel Err:    0.00 m/s
[Solver Step 003000] t= 1.102 | Pos Err:    0.01 km | Vel Err:    0.04 m/s
[Solver Step 004000] t= 1.556 | Pos Err:    0.05 km | Vel Err:    0.00 m/s
[Solver Step 005000] t= 2.106 | Pos Err:    0.05 km | Vel Err:    0.00 m/s
[Solver Step 006000] t= 2.519 | Pos Err:    0.05 km | Vel Err:    0.01 m/s
[Solver Step 007000] t= 3.019 | Pos Err:    0.05 km | Vel Err:    0.00 m/s
[Solver Step 008000] t= 3.572 | Pos Err:    0.05 km | Vel Err:    0.00 m/s
[Solver Step 009000] t= 4.061 | Pos Err:    0.05 km | Vel Err:    0.01 m/s
[Solver Step 010000] t= 4.463 | Pos Err:    0.05 km | Vel Err:    0.00 m/s
[Solver Step 011000] t= 5.002 | Pos Err:    0.05 km | Vel Err:    0.00 m/s
[Solver Step 012000] t= 5.589 | Pos Err:    0.03 km | Vel Err:    0.05 m/s
[Solver Step 013000] t= 6.070 | Pos Err:    0.05 km | Vel Err:    0.00 m/s
[Solver Step 014000] t= 6.472 | Pos Err:    0.05 km | Vel Err:    0.00 m/s
[Solver Step 015000] t= 7.030 | Pos Err:    0.03 km | Vel Err:    0.08 m/s
Completed [MOON_ORBIT] Trajectory 182/600 | Saved 1314 samples | Total: 257579
[Multiple Shooting] Converged in 4 iterations with residual 2.98e-15
[Solver Step 001000] t= 0.377 | Pos Err:    1.61 km | Vel Err:    0.04 m/s
[Solver Step 002000] t= 0.754 | Pos Err:   11.56 km | Vel Err:    0.22 m/s
[Solver Step 003000] t= 1.123 | Pos Err:    3.44 km | Vel Err:    0.08 m/s
[Solver Step 004000] t= 1.485 | Pos Err:    9.67 km | Vel Err:    0.16 m/s
[Solver Step 005000] t= 1.863 | Pos Err:    1.30 km | Vel Err:    0.02 m/s
[Solver Step 006000] t= 2.243 | Pos Err:   11.47 km | Vel Err:    0.23 m/s
Completed [DRO] Trajectory 183/600 | Saved 555 samples | Total: 258134
[Multiple Shooting] Converged in 2 iterations with residual 1.64e-15
[Solver Step 001000] t= 0.459 | Pos Err:    0.27 km | Vel Err:    0.01 m/s
[Solver Step 002000] t= 1.015 | Pos Err:    0.14 km | Vel Err:    0.00 m/s
[Solver Step 003000] t= 1.613 | Pos Err:    0.09 km | Vel Err:    0.01 m/s
[Solver Step 004000] t= 2.052 | Pos Err:    0.27 km | Vel Err:    0.01 m/s
[Solver Step 005000] t= 2.504 | Pos Err:    0.31 km | Vel Err:    0.01 m/s
[Solver Step 006000] t= 3.054 | Pos Err:    5.26 km | Vel Err:    0.14 m/s
Completed [HALO_L2] Trajectory 184/600 | Saved 513 samples | Total: 258647
[Multiple Shooting] Converged in 2 iterations with residual 1.46e-15
[Solver Step 001000] t= 0.481 | Pos Err:    0.31 km | Vel Err:    0.01 m/s
[Solver Step 002000] t= 0.965 | Pos Err:    0.14 km | Vel Err:    0.00 m/s
[Solver Step 003000] t= 1.429 | Pos Err:    0.22 km | Vel Err:    0.01 m/s
[Solver Step 004000] t= 1.960 | Pos Err:    0.25 km | Vel Err:    0.01 m/s
[Solver Step 005000] t= 2.517 | Pos Err:    0.37 km | Vel Err:    0.01 m/s
[Solver Step 006000] t= 2.930 | Pos Err:    1.65 km | Vel Err:    0.03 m/s
Completed [HALO_L2] Trajectory 185/600 | Saved 541 samples | Total: 259188
[Multiple Shooting] Converged in 3 iterations with residual 4.58e-15
[Solver Step 001000] t= 0.475 | Pos Err:    0.45 km | Vel Err:    0.01 m/s
[Solver Step 002000] t= 0.886 | Pos Err:    0.28 km | Vel Err:    0.01 m/s
[Solver Step 003000] t= 1.328 | Pos Err:    0.35 km | Vel Err:    0.02 m/s
[Solver Step 004000] t= 1.757 | Pos Err:   15.11 km | Vel Err:    0.27 m/s
[Solver Step 005000] t= 2.176 | Pos Err:  472.69 km | Vel Err:    8.92 m/s
[Solver Step 006000] t= 2.548 | Pos Err:  553.91 km | Vel Err:   12.20 m/s
[Solver Step 007000] t= 3.059 | Pos Err:  101.05 km | Vel Err:    2.25 m/s
Completed [HALO_L1] Trajectory 186/600 | Saved 596 samples | Total: 259784
[Solver Step 001000] t= 0.215 | Pos Err:   26.45 km | Vel Err:    0.65 m/s
[Solver Step 002000] t= 0.468 | Pos Err:    3.22 km | Vel Err:    0.06 m/s
[Solver Step 003000] t= 0.712 | Pos Err:    0.43 km | Vel Err:    0.05 m/s
[Solver Step 004000] t= 0.926 | Pos Err:    0.04 km | Vel Err:    0.00 m/s
[Solver Step 005000] t= 1.176 | Pos Err:    0.09 km | Vel Err:    0.00 m/s
[Solver Step 006000] t= 1.429 | Pos Err:    0.04 km | Vel Err:    0.03 m/s
[Solver Step 007000] t= 1.658 | Pos Err:    0.05 km | Vel Err:    0.00 m/s
[Solver Step 008000] t= 1.873 | Pos Err:    0.07 km | Vel Err:    0.00 m/s
[Solver Step 009000] t= 2.133 | Pos Err:    0.14 km | Vel Err:    0.15 m/s
[Solver Step 010000] t= 2.374 | Pos Err:    0.03 km | Vel Err:    0.00 m/s
[Solver Step 011000] t= 2.586 | Pos Err:    0.05 km | Vel Err:    0.00 m/s
[Solver Step 012000] t= 2.835 | Pos Err:    1.35 km | Vel Err:    1.06 m/s
[Solver Step 013000] t= 3.090 | Pos Err:    0.03 km | Vel Err:    0.00 m/s
[Solver Step 014000] t= 3.309 | Pos Err:    0.06 km | Vel Err:    0.00 m/s
[Solver Step 015000] t= 3.532 | Pos Err:    0.81 km | Vel Err:    0.57 m/s
[Solver Step 016000] t= 3.794 | Pos Err:    0.03 km | Vel Err:    0.01 m/s
[Solver Step 017000] t= 4.035 | Pos Err:    0.07 km | Vel Err:    0.00 m/s
[Solver Step 018000] t= 4.242 | Pos Err:    0.44 km | Vel Err:    0.23 m/s
[Solver Step 019000] t= 4.494 | Pos Err:    0.07 km | Vel Err:    0.02 m/s
[Solver Step 020000] t= 4.747 | Pos Err:    0.09 km | Vel Err:    0.00 m/s
[Solver Step 021000] t= 4.963 | Pos Err:    0.21 km | Vel Err:    0.12 m/s
[Solver Step 022000] t= 5.186 | Pos Err:    0.09 km | Vel Err:    0.01 m/s
[Solver Step 023000] t= 5.451 | Pos Err:    0.10 km | Vel Err:    0.00 m/s
[Solver Step 024000] t= 5.693 | Pos Err:    0.11 km | Vel Err:    0.11 m/s
[Solver Step 025000] t= 5.901 | Pos Err:    0.08 km | Vel Err:    0.01 m/s
[Solver Step 026000] t= 6.156 | Pos Err:    0.09 km | Vel Err:    0.00 m/s
[Solver Step 027000] t= 6.409 | Pos Err:    0.18 km | Vel Err:    0.24 m/s
[Solver Step 028000] t= 6.620 | Pos Err:    0.08 km | Vel Err:    0.00 m/s
[Solver Step 029000] t= 6.848 | Pos Err:    0.10 km | Vel Err:    0.00 m/s
Completed [TRANSFER] Trajectory 187/600 | Saved 2399 samples | Total: 262183
[Multiple Shooting] Converged in 3 iterations with residual 2.57e-11
[Solver Step 001000] t= 0.385 | Pos Err:    4.31 km | Vel Err:    0.09 m/s
[Solver Step 002000] t= 0.770 | Pos Err:    5.86 km | Vel Err:    0.11 m/s
[Solver Step 003000] t= 1.146 | Pos Err:    2.45 km | Vel Err:    0.08 m/s
[Solver Step 004000] t= 1.519 | Pos Err:   10.54 km | Vel Err:    0.21 m/s
[Solver Step 005000] t= 1.905 | Pos Err:    1.10 km | Vel Err:    0.03 m/s
[Solver Step 006000] t= 2.292 | Pos Err:   19.31 km | Vel Err:    0.36 m/s
Completed [DRO] Trajectory 188/600 | Saved 550 samples | Total: 262733
[Solver Step 001000] t= 0.416 | Pos Err:    1.31 km | Vel Err:    0.03 m/s
[Solver Step 002000] t= 0.820 | Pos Err:    0.04 km | Vel Err:    0.00 m/s
[Solver Step 003000] t= 1.261 | Pos Err:    0.07 km | Vel Err:    0.01 m/s
[Solver Step 004000] t= 1.608 | Pos Err:    0.06 km | Vel Err:    0.00 m/s
[Solver Step 005000] t= 1.994 | Pos Err:    0.03 km | Vel Err:    0.00 m/s
[Solver Step 006000] t= 2.447 | Pos Err:    0.06 km | Vel Err:    0.02 m/s
[Solver Step 007000] t= 2.848 | Pos Err:    0.07 km | Vel Err:    0.00 m/s
[Solver Step 008000] t= 3.245 | Pos Err:    0.07 km | Vel Err:    0.00 m/s
[Solver Step 009000] t= 3.620 | Pos Err:    0.13 km | Vel Err:    0.08 m/s
[Solver Step 010000] t= 4.034 | Pos Err:    0.03 km | Vel Err:    0.00 m/s
[Solver Step 011000] t= 4.453 | Pos Err:    0.04 km | Vel Err:    0.00 m/s
[Solver Step 012000] t= 4.896 | Pos Err:    0.02 km | Vel Err:    0.04 m/s
[Solver Step 013000] t= 5.234 | Pos Err:    0.05 km | Vel Err:    0.00 m/s
[Solver Step 014000] t= 5.632 | Pos Err:    0.07 km | Vel Err:    0.00 m/s
[Solver Step 015000] t= 6.111 | Pos Err:    0.06 km | Vel Err:    0.02 m/s
[Solver Step 016000] t= 6.498 | Pos Err:    0.06 km | Vel Err:    0.00 m/s
[Solver Step 017000] t= 6.925 | Pos Err:    0.05 km | Vel Err:    0.00 m/s
[Solver Step 018000] t= 7.269 | Pos Err:    0.10 km | Vel Err:    0.10 m/s
[Solver Step 019000] t= 7.690 | Pos Err:    0.07 km | Vel Err:    0.00 m/s
[Solver Step 020000] t= 8.169 | Pos Err:    0.08 km | Vel Err:    0.00 m/s
[Solver Step 021000] t= 8.554 | Pos Err:    0.06 km | Vel Err:    0.03 m/s
[Solver Step 022000] t= 8.923 | Pos Err:    0.07 km | Vel Err:    0.00 m/s
[Solver Step 023000] t= 9.316 | Pos Err:    0.03 km | Vel Err:    0.00 m/s
[Solver Step 024000] t= 9.775 | Pos Err:    0.04 km | Vel Err:    0.03 m/s
[Solver Step 025000] t=10.175 | Pos Err:    0.06 km | Vel Err:    0.00 m/s
[Solver Step 026000] t=10.575 | Pos Err:    0.07 km | Vel Err:    0.00 m/s
[Solver Step 027000] t=10.935 | Pos Err:    0.14 km | Vel Err:    0.09 m/s
[Solver Step 028000] t=11.354 | Pos Err:    0.05 km | Vel Err:    0.00 m/s
[Solver Step 029000] t=11.810 | Pos Err:    0.04 km | Vel Err:    0.00 m/s
[Solver Step 030000] t=12.179 | Pos Err:    0.02 km | Vel Err:    0.03 m/s
Completed [EARTH_ORBIT] Trajectory 189/600 | Saved 2583 samples | Total: 265316
[Multiple Shooting] Converged in 2 iterations with residual 1.84e-15
[Solver Step 001000] t= 0.466 | Pos Err:    0.33 km | Vel Err:    0.01 m/s
[Solver Step 002000] t= 0.993 | Pos Err:    0.09 km | Vel Err:    0.00 m/s
[Solver Step 003000] t= 1.585 | Pos Err:    0.24 km | Vel Err:    0.02 m/s
[Solver Step 004000] t= 2.101 | Pos Err:    0.20 km | Vel Err:    0.00 m/s
[Solver Step 005000] t= 2.505 | Pos Err:    0.32 km | Vel Err:    0.01 m/s
[Solver Step 006000] t= 3.027 | Pos Err:    4.02 km | Vel Err:    0.10 m/s
Completed [HALO_L2] Trajectory 190/600 | Saved 517 samples | Total: 265833
[Solver Step 001000] t= 0.417 | Pos Err:    3.11 km | Vel Err:    0.07 m/s
[Solver Step 002000] t= 0.821 | Pos Err:    0.02 km | Vel Err:    0.00 m/s
[Solver Step 003000] t= 1.261 | Pos Err:    0.10 km | Vel Err:    0.01 m/s
[Solver Step 004000] t= 1.609 | Pos Err:    0.10 km | Vel Err:    0.00 m/s
[Solver Step 005000] t= 1.995 | Pos Err:    0.02 km | Vel Err:    0.00 m/s
[Solver Step 006000] t= 2.447 | Pos Err:    0.05 km | Vel Err:    0.02 m/s
[Solver Step 007000] t= 2.849 | Pos Err:    0.07 km | Vel Err:    0.00 m/s
[Solver Step 008000] t= 3.245 | Pos Err:    0.08 km | Vel Err:    0.00 m/s
[Solver Step 009000] t= 3.621 | Pos Err:    0.15 km | Vel Err:    0.08 m/s
[Solver Step 010000] t= 4.035 | Pos Err:    0.06 km | Vel Err:    0.00 m/s
[Solver Step 011000] t= 4.454 | Pos Err:    0.04 km | Vel Err:    0.00 m/s
[Solver Step 012000] t= 4.897 | Pos Err:    0.03 km | Vel Err:    0.04 m/s
[Solver Step 013000] t= 5.235 | Pos Err:    0.03 km | Vel Err:    0.00 m/s
[Solver Step 014000] t= 5.633 | Pos Err:    0.09 km | Vel Err:    0.00 m/s
[Solver Step 015000] t= 6.112 | Pos Err:    0.10 km | Vel Err:    0.02 m/s
[Solver Step 016000] t= 6.499 | Pos Err:    0.10 km | Vel Err:    0.00 m/s
[Solver Step 017000] t= 6.926 | Pos Err:    0.08 km | Vel Err:    0.00 m/s
[Solver Step 018000] t= 7.270 | Pos Err:    0.11 km | Vel Err:    0.10 m/s
[Solver Step 019000] t= 7.691 | Pos Err:    0.07 km | Vel Err:    0.00 m/s
[Solver Step 020000] t= 8.169 | Pos Err:    0.09 km | Vel Err:    0.00 m/s
[Solver Step 021000] t= 8.555 | Pos Err:    0.08 km | Vel Err:    0.03 m/s
[Solver Step 022000] t= 8.923 | Pos Err:    0.11 km | Vel Err:    0.00 m/s
[Solver Step 023000] t= 9.317 | Pos Err:    0.05 km | Vel Err:    0.00 m/s
[Solver Step 024000] t= 9.776 | Pos Err:    0.02 km | Vel Err:    0.03 m/s
[Solver Step 025000] t=10.176 | Pos Err:    0.03 km | Vel Err:    0.00 m/s
[Solver Step 026000] t=10.576 | Pos Err:    0.06 km | Vel Err:    0.00 m/s
[Solver Step 027000] t=10.935 | Pos Err:    0.15 km | Vel Err:    0.09 m/s
[Solver Step 028000] t=11.354 | Pos Err:    0.09 km | Vel Err:    0.00 m/s
[Solver Step 029000] t=11.811 | Pos Err:    0.07 km | Vel Err:    0.00 m/s
[Solver Step 030000] t=12.180 | Pos Err:    0.05 km | Vel Err:    0.03 m/s
Completed [EARTH_ORBIT] Trajectory 191/600 | Saved 2583 samples | Total: 268416
[Multiple Shooting] Converged in 6 iterations with residual 8.19e-15
[Solver Step 001000] t= 0.317 | Pos Err:   10.14 km | Vel Err:    0.16 m/s
[Solver Step 002000] t= 0.655 | Pos Err:   90.57 km | Vel Err:    1.81 m/s
[Solver Step 003000] t= 1.001 | Pos Err:   16.78 km | Vel Err:    0.35 m/s
[Solver Step 004000] t= 1.336 | Pos Err:   82.24 km | Vel Err:    1.60 m/s
[Solver Step 005000] t= 1.669 | Pos Err:   88.84 km | Vel Err:    1.72 m/s
[Solver Step 006000] t= 2.013 | Pos Err:    6.98 km | Vel Err:    0.21 m/s
[Solver Step 007000] t= 2.355 | Pos Err:  171.06 km | Vel Err:    4.09 m/s
Completed [DRO] Trajectory 192/600 | Saved 624 samples | Total: 269040
[Multiple Shooting] Converged in 18 iterations with residual 1.88e-13
[Solver Step 001000] t= 0.429 | Pos Err: 1310.30 km | Vel Err:   29.51 m/s
[Solver Step 002000] t= 0.760 | Pos Err: 2130.38 km | Vel Err:   27.47 m/s
[Solver Step 003000] t= 1.111 | Pos Err:  314.97 km | Vel Err:    5.21 m/s
[Solver Step 004000] t= 1.447 | Pos Err: 1305.27 km | Vel Err:   31.10 m/s
[Solver Step 005000] t= 1.767 | Pos Err:  544.02 km | Vel Err:    7.88 m/s
[Solver Step 006000] t= 2.097 | Pos Err:  510.04 km | Vel Err:   10.33 m/s
[Solver Step 007000] t= 2.424 | Pos Err: 2015.88 km | Vel Err:   39.50 m/s
Completed [DRO] Trajectory 193/600 | Saved 597 samples | Total: 269637
[Solver Step 001000] t= 0.419 | Pos Err:    0.20 km | Vel Err:    0.00 m/s
[Solver Step 002000] t= 0.793 | Pos Err:    0.06 km | Vel Err:    0.00 m/s
[Solver Step 003000] t= 1.102 | Pos Err:    0.01 km | Vel Err:    0.04 m/s
[Solver Step 004000] t= 1.555 | Pos Err:    0.05 km | Vel Err:    0.00 m/s
[Solver Step 005000] t= 2.106 | Pos Err:    0.06 km | Vel Err:    0.00 m/s
[Solver Step 006000] t= 2.519 | Pos Err:    0.05 km | Vel Err:    0.01 m/s
[Solver Step 007000] t= 3.019 | Pos Err:    0.05 km | Vel Err:    0.00 m/s
[Solver Step 008000] t= 3.572 | Pos Err:    0.05 km | Vel Err:    0.00 m/s
[Solver Step 009000] t= 4.060 | Pos Err:    0.05 km | Vel Err:    0.01 m/s
[Solver Step 010000] t= 4.463 | Pos Err:    0.05 km | Vel Err:    0.00 m/s
[Solver Step 011000] t= 5.001 | Pos Err:    0.05 km | Vel Err:    0.00 m/s
[Solver Step 012000] t= 5.588 | Pos Err:    0.04 km | Vel Err:    0.05 m/s
[Solver Step 013000] t= 6.069 | Pos Err:    0.05 km | Vel Err:    0.00 m/s
[Solver Step 014000] t= 6.471 | Pos Err:    0.06 km | Vel Err:    0.00 m/s
[Solver Step 015000] t= 7.029 | Pos Err:    0.03 km | Vel Err:    0.08 m/s
Completed [MOON_ORBIT] Trajectory 194/600 | Saved 1314 samples | Total: 270951
[Multiple Shooting] Converged in 2 iterations with residual 1.59e-12
[Solver Step 001000] t= 0.424 | Pos Err:    0.28 km | Vel Err:    0.01 m/s
[Solver Step 002000] t= 0.930 | Pos Err:    2.02 km | Vel Err:    0.04 m/s
[Solver Step 003000] t= 1.396 | Pos Err:   30.35 km | Vel Err:    0.59 m/s
[Solver Step 004000] t= 1.745 | Pos Err:  101.64 km | Vel Err:    2.05 m/s
[Solver Step 005000] t= 2.245 | Pos Err:    2.02 km | Vel Err:    0.04 m/s
[Solver Step 006000] t= 2.680 | Pos Err:    1.07 km | Vel Err:    0.02 m/s
[Solver Step 007000] t= 3.083 | Pos Err:    6.83 km | Vel Err:    0.15 m/s
Completed [HALO_L1] Trajectory 195/600 | Saved 594 samples | Total: 271545
[Multiple Shooting] Converged in 2 iterations with residual 1.50e-11
[Solver Step 001000] t= 0.423 | Pos Err:    0.35 km | Vel Err:    0.01 m/s
[Solver Step 002000] t= 0.927 | Pos Err:    1.00 km | Vel Err:    0.02 m/s
[Solver Step 003000] t= 1.418 | Pos Err:    4.72 km | Vel Err:    0.12 m/s
[Solver Step 004000] t= 1.750 | Pos Err:   63.72 km | Vel Err:    1.20 m/s
[Solver Step 005000] t= 2.224 | Pos Err:   11.59 km | Vel Err:    0.27 m/s
[Solver Step 006000] t= 2.679 | Pos Err:    1.79 km | Vel Err:    0.04 m/s
[Solver Step 007000] t= 3.082 | Pos Err:   10.04 km | Vel Err:    0.22 m/s
Completed [HALO_L1] Trajectory 196/600 | Saved 596 samples | Total: 272141
[Multiple Shooting] Converged in 4 iterations with residual 4.18e-15
[Solver Step 001000] t= 0.367 | Pos Err:    2.82 km | Vel Err:    0.07 m/s
[Solver Step 002000] t= 0.727 | Pos Err:   14.86 km | Vel Err:    0.25 m/s
[Solver Step 003000] t= 1.086 | Pos Err:    1.76 km | Vel Err:    0.05 m/s
[Solver Step 004000] t= 1.460 | Pos Err:    9.13 km | Vel Err:    0.20 m/s
[Solver Step 005000] t= 1.841 | Pos Err:    1.92 km | Vel Err:    0.03 m/s
[Solver Step 006000] t= 2.218 | Pos Err:    0.59 km | Vel Err:    0.03 m/s
Completed [DRO] Trajectory 197/600 | Saved 568 samples | Total: 272709
[Solver Step 001000] t= 0.411 | Pos Err:    4.20 km | Vel Err:    0.10 m/s
[Solver Step 002000] t= 0.815 | Pos Err:    0.07 km | Vel Err:    0.00 m/s
[Solver Step 003000] t= 1.257 | Pos Err:    0.07 km | Vel Err:    0.01 m/s
[Solver Step 004000] t= 1.604 | Pos Err:    0.04 km | Vel Err:    0.00 m/s
[Solver Step 005000] t= 1.989 | Pos Err:    0.07 km | Vel Err:    0.00 m/s
[Solver Step 006000] t= 2.442 | Pos Err:    0.12 km | Vel Err:    0.02 m/s
[Solver Step 007000] t= 2.843 | Pos Err:    0.12 km | Vel Err:    0.00 m/s
[Solver Step 008000] t= 3.242 | Pos Err:    0.12 km | Vel Err:    0.00 m/s
[Solver Step 009000] t= 3.616 | Pos Err:    0.16 km | Vel Err:    0.08 m/s
[Solver Step 010000] t= 4.029 | Pos Err:    0.02 km | Vel Err:    0.00 m/s
[Solver Step 011000] t= 4.450 | Pos Err:    0.06 km | Vel Err:    0.00 m/s
[Solver Step 012000] t= 4.891 | Pos Err:    0.07 km | Vel Err:    0.04 m/s
[Solver Step 013000] t= 5.230 | Pos Err:    0.10 km | Vel Err:    0.00 m/s
[Solver Step 014000] t= 5.628 | Pos Err:    0.11 km | Vel Err:    0.00 m/s
[Solver Step 015000] t= 6.106 | Pos Err:    0.06 km | Vel Err:    0.02 m/s
[Solver Step 016000] t= 6.493 | Pos Err:    0.04 km | Vel Err:    0.00 m/s
[Solver Step 017000] t= 6.921 | Pos Err:    0.01 km | Vel Err:    0.00 m/s
[Solver Step 018000] t= 7.265 | Pos Err:    0.06 km | Vel Err:    0.11 m/s
[Solver Step 019000] t= 7.684 | Pos Err:    0.12 km | Vel Err:    0.00 m/s
[Solver Step 020000] t= 8.165 | Pos Err:    0.12 km | Vel Err:    0.00 m/s
[Solver Step 021000] t= 8.550 | Pos Err:    0.10 km | Vel Err:    0.03 m/s
[Solver Step 022000] t= 8.921 | Pos Err:    0.08 km | Vel Err:    0.00 m/s
[Solver Step 023000] t= 9.311 | Pos Err:    0.04 km | Vel Err:    0.00 m/s
[Solver Step 024000] t= 9.769 | Pos Err:    0.09 km | Vel Err:    0.03 m/s
[Solver Step 025000] t=10.171 | Pos Err:    0.11 km | Vel Err:    0.00 m/s
[Solver Step 026000] t=10.571 | Pos Err:    0.12 km | Vel Err:    0.00 m/s
[Solver Step 027000] t=10.930 | Pos Err:    0.18 km | Vel Err:    0.09 m/s
[Solver Step 028000] t=11.351 | Pos Err:    0.03 km | Vel Err:    0.00 m/s
[Solver Step 029000] t=11.805 | Pos Err:    0.01 km | Vel Err:    0.00 m/s
[Solver Step 030000] t=12.175 | Pos Err:    0.03 km | Vel Err:    0.03 m/s
[Solver Step 031000] t=12.565 | Pos Err:    0.08 km | Vel Err:    0.00 m/s
Completed [EARTH_ORBIT] Trajectory 198/600 | Saved 2584 samples | Total: 275293
[Multiple Shooting] Converged in 2 iterations with residual 1.30e-15
[Solver Step 001000] t= 0.462 | Pos Err:    0.30 km | Vel Err:    0.01 m/s
[Solver Step 002000] t= 1.004 | Pos Err:    0.13 km | Vel Err:    0.00 m/s
[Solver Step 003000] t= 1.603 | Pos Err:    0.08 km | Vel Err:    0.01 m/s
[Solver Step 004000] t= 2.084 | Pos Err:    0.12 km | Vel Err:    0.00 m/s
[Solver Step 005000] t= 2.506 | Pos Err:    0.31 km | Vel Err:    0.01 m/s
[Solver Step 006000] t= 3.042 | Pos Err:    4.75 km | Vel Err:    0.12 m/s
Completed [HALO_L2] Trajectory 199/600 | Saved 514 samples | Total: 275807
[Multiple Shooting] Converged in 2 iterations with residual 1.77e-15
[Solver Step 001000] t= 0.484 | Pos Err:    0.29 km | Vel Err:    0.01 m/s
[Solver Step 002000] t= 0.980 | Pos Err:    0.04 km | Vel Err:    0.00 m/s
[Solver Step 003000] t= 1.430 | Pos Err:    0.20 km | Vel Err:    0.01 m/s
[Solver Step 004000] t= 1.947 | Pos Err:    0.25 km | Vel Err:    0.01 m/s
[Solver Step 005000] t= 2.504 | Pos Err:    0.40 km | Vel Err:    0.01 m/s
[Solver Step 006000] t= 2.948 | Pos Err:    0.94 km | Vel Err:    0.02 m/s
Completed [HALO_L2] Trajectory 200/600 | Saved 541 samples | Total: 276348
[Solver Step 001000] t= 0.416 | Pos Err:    0.86 km | Vel Err:    0.02 m/s
[Solver Step 002000] t= 0.821 | Pos Err:    0.05 km | Vel Err:    0.00 m/s
[Solver Step 003000] t= 1.261 | Pos Err:    0.07 km | Vel Err:    0.01 m/s
[Solver Step 004000] t= 1.609 | Pos Err:    0.07 km | Vel Err:    0.00 m/s
[Solver Step 005000] t= 1.995 | Pos Err:    0.04 km | Vel Err:    0.00 m/s
[Solver Step 006000] t= 2.447 | Pos Err:    0.05 km | Vel Err:    0.02 m/s
[Solver Step 007000] t= 2.849 | Pos Err:    0.05 km | Vel Err:    0.00 m/s
[Solver Step 008000] t= 3.245 | Pos Err:    0.06 km | Vel Err:    0.00 m/s
[Solver Step 009000] t= 3.620 | Pos Err:    0.11 km | Vel Err:    0.08 m/s
[Solver Step 010000] t= 4.035 | Pos Err:    0.05 km | Vel Err:    0.00 m/s
[Solver Step 011000] t= 4.454 | Pos Err:    0.05 km | Vel Err:    0.00 m/s
[Solver Step 012000] t= 4.897 | Pos Err:    0.03 km | Vel Err:    0.04 m/s
[Solver Step 013000] t= 5.235 | Pos Err:    0.04 km | Vel Err:    0.00 m/s
[Solver Step 014000] t= 5.633 | Pos Err:    0.06 km | Vel Err:    0.00 m/s
[Solver Step 015000] t= 6.112 | Pos Err:    0.06 km | Vel Err:    0.02 m/s
[Solver Step 016000] t= 6.498 | Pos Err:    0.07 km | Vel Err:    0.00 m/s
[Solver Step 017000] t= 6.926 | Pos Err:    0.06 km | Vel Err:    0.00 m/s
[Solver Step 018000] t= 7.270 | Pos Err:    0.12 km | Vel Err:    0.10 m/s
[Solver Step 019000] t= 7.691 | Pos Err:    0.05 km | Vel Err:    0.00 m/s
[Solver Step 020000] t= 8.169 | Pos Err:    0.06 km | Vel Err:    0.00 m/s
[Solver Step 021000] t= 8.555 | Pos Err:    0.05 km | Vel Err:    0.03 m/s
[Solver Step 022000] t= 8.923 | Pos Err:    0.07 km | Vel Err:    0.00 m/s
[Solver Step 023000] t= 9.317 | Pos Err:    0.05 km | Vel Err:    0.00 m/s
[Solver Step 024000] t= 9.775 | Pos Err:    0.04 km | Vel Err:    0.03 m/s
[Solver Step 025000] t=10.176 | Pos Err:    0.05 km | Vel Err:    0.00 m/s
[Solver Step 026000] t=10.576 | Pos Err:    0.05 km | Vel Err:    0.00 m/s
[Solver Step 027000] t=10.935 | Pos Err:    0.13 km | Vel Err:    0.09 m/s
[Solver Step 028000] t=11.354 | Pos Err:    0.06 km | Vel Err:    0.00 m/s
[Solver Step 029000] t=11.811 | Pos Err:    0.06 km | Vel Err:    0.00 m/s
[Solver Step 030000] t=12.179 | Pos Err:    0.04 km | Vel Err:    0.03 m/s
Completed [EARTH_ORBIT] Trajectory 201/600 | Saved 2583 samples | Total: 278931
[Solver Step 001000] t= 0.412 | Pos Err:    2.07 km | Vel Err:    0.05 m/s
[Solver Step 002000] t= 0.816 | Pos Err:    0.08 km | Vel Err:    0.00 m/s
[Solver Step 003000] t= 1.258 | Pos Err:    0.03 km | Vel Err:    0.01 m/s
[Solver Step 004000] t= 1.605 | Pos Err:    0.03 km | Vel Err:    0.00 m/s
[Solver Step 005000] t= 1.990 | Pos Err:    0.07 km | Vel Err:    0.00 m/s
[Solver Step 006000] t= 2.443 | Pos Err:    0.09 km | Vel Err:    0.02 m/s
[Solver Step 007000] t= 2.844 | Pos Err:    0.08 km | Vel Err:    0.00 m/s
[Solver Step 008000] t= 3.243 | Pos Err:    0.07 km | Vel Err:    0.00 m/s
[Solver Step 009000] t= 3.617 | Pos Err:    0.11 km | Vel Err:    0.08 m/s
[Solver Step 010000] t= 4.031 | Pos Err:    0.05 km | Vel Err:    0.00 m/s
[Solver Step 011000] t= 4.450 | Pos Err:    0.07 km | Vel Err:    0.00 m/s
[Solver Step 012000] t= 4.893 | Pos Err:    0.06 km | Vel Err:    0.04 m/s
[Solver Step 013000] t= 5.231 | Pos Err:    0.09 km | Vel Err:    0.00 m/s
[Solver Step 014000] t= 5.629 | Pos Err:    0.06 km | Vel Err:    0.00 m/s
[Solver Step 015000] t= 6.108 | Pos Err:    0.03 km | Vel Err:    0.02 m/s
[Solver Step 016000] t= 6.494 | Pos Err:    0.03 km | Vel Err:    0.00 m/s
[Solver Step 017000] t= 6.922 | Pos Err:    0.04 km | Vel Err:    0.00 m/s
[Solver Step 018000] t= 7.266 | Pos Err:    0.12 km | Vel Err:    0.10 m/s
[Solver Step 019000] t= 7.686 | Pos Err:    0.08 km | Vel Err:    0.00 m/s
[Solver Step 020000] t= 8.166 | Pos Err:    0.07 km | Vel Err:    0.00 m/s
[Solver Step 021000] t= 8.551 | Pos Err:    0.05 km | Vel Err:    0.03 m/s
[Solver Step 022000] t= 8.921 | Pos Err:    0.04 km | Vel Err:    0.00 m/s
[Solver Step 023000] t= 9.312 | Pos Err:    0.06 km | Vel Err:    0.00 m/s
[Solver Step 024000] t= 9.771 | Pos Err:    0.08 km | Vel Err:    0.03 m/s
[Solver Step 025000] t=10.172 | Pos Err:    0.09 km | Vel Err:    0.00 m/s
[Solver Step 026000] t=10.572 | Pos Err:    0.09 km | Vel Err:    0.00 m/s
[Solver Step 027000] t=10.931 | Pos Err:    0.13 km | Vel Err:    0.09 m/s
[Solver Step 028000] t=11.351 | Pos Err:    0.03 km | Vel Err:    0.00 m/s
[Solver Step 029000] t=11.806 | Pos Err:    0.05 km | Vel Err:    0.00 m/s
[Solver Step 030000] t=12.176 | Pos Err:    0.05 km | Vel Err:    0.03 m/s
[Solver Step 031000] t=12.566 | Pos Err:    0.08 km | Vel Err:    0.00 m/s
Completed [EARTH_ORBIT] Trajectory 202/600 | Saved 2584 samples | Total: 281515
[Multiple Shooting] Converged in 2 iterations with residual 1.49e-15
[Solver Step 001000] t= 0.478 | Pos Err:    0.20 km | Vel Err:    0.01 m/s
[Solver Step 002000] t= 0.977 | Pos Err:    0.02 km | Vel Err:    0.00 m/s
[Solver Step 003000] t= 1.425 | Pos Err:    0.25 km | Vel Err:    0.01 m/s
[Solver Step 004000] t= 1.941 | Pos Err:    0.21 km | Vel Err:    0.01 m/s
[Solver Step 005000] t= 2.497 | Pos Err:    0.37 km | Vel Err:    0.01 m/s
[Solver Step 006000] t= 2.947 | Pos Err:    0.99 km | Vel Err:    0.02 m/s
Completed [HALO_L2] Trajectory 203/600 | Saved 542 samples | Total: 282057
[Solver Step 001000] t= 0.417 | Pos Err:    3.90 km | Vel Err:    0.09 m/s
[Solver Step 002000] t= 0.821 | Pos Err:    0.02 km | Vel Err:    0.00 m/s
[Solver Step 003000] t= 1.261 | Pos Err:    0.12 km | Vel Err:    0.01 m/s
[Solver Step 004000] t= 1.609 | Pos Err:    0.11 km | Vel Err:    0.00 m/s
[Solver Step 005000] t= 1.995 | Pos Err:    0.03 km | Vel Err:    0.00 m/s
[Solver Step 006000] t= 2.448 | Pos Err:    0.06 km | Vel Err:    0.02 m/s
[Solver Step 007000] t= 2.849 | Pos Err:    0.08 km | Vel Err:    0.00 m/s
[Solver Step 008000] t= 3.245 | Pos Err:    0.10 km | Vel Err:    0.00 m/s
[Solver Step 009000] t= 3.621 | Pos Err:    0.16 km | Vel Err:    0.08 m/s
[Solver Step 010000] t= 4.036 | Pos Err:    0.07 km | Vel Err:    0.00 m/s
[Solver Step 011000] t= 4.454 | Pos Err:    0.04 km | Vel Err:    0.00 m/s
[Solver Step 012000] t= 4.897 | Pos Err:    0.03 km | Vel Err:    0.04 m/s
[Solver Step 013000] t= 5.235 | Pos Err:    0.04 km | Vel Err:    0.00 m/s
[Solver Step 014000] t= 5.633 | Pos Err:    0.11 km | Vel Err:    0.00 m/s
[Solver Step 015000] t= 6.112 | Pos Err:    0.11 km | Vel Err:    0.02 m/s
[Solver Step 016000] t= 6.499 | Pos Err:    0.11 km | Vel Err:    0.00 m/s
[Solver Step 017000] t= 6.926 | Pos Err:    0.09 km | Vel Err:    0.00 m/s
[Solver Step 018000] t= 7.270 | Pos Err:    0.11 km | Vel Err:    0.10 m/s
[Solver Step 019000] t= 7.691 | Pos Err:    0.08 km | Vel Err:    0.00 m/s
[Solver Step 020000] t= 8.169 | Pos Err:    0.10 km | Vel Err:    0.00 m/s
[Solver Step 021000] t= 8.555 | Pos Err:    0.10 km | Vel Err:    0.03 m/s
[Solver Step 022000] t= 8.923 | Pos Err:    0.12 km | Vel Err:    0.00 m/s
[Solver Step 023000] t= 9.317 | Pos Err:    0.05 km | Vel Err:    0.00 m/s
[Solver Step 024000] t= 9.776 | Pos Err:    0.02 km | Vel Err:    0.03 m/s
[Solver Step 025000] t=10.176 | Pos Err:    0.04 km | Vel Err:    0.00 m/s
[Solver Step 026000] t=10.576 | Pos Err:    0.07 km | Vel Err:    0.00 m/s
[Solver Step 027000] t=10.936 | Pos Err:    0.17 km | Vel Err:    0.09 m/s
[Solver Step 028000] t=11.354 | Pos Err:    0.10 km | Vel Err:    0.00 m/s
[Solver Step 029000] t=11.811 | Pos Err:    0.08 km | Vel Err:    0.00 m/s
[Solver Step 030000] t=12.180 | Pos Err:    0.05 km | Vel Err:    0.03 m/s
Completed [EARTH_ORBIT] Trajectory 204/600 | Saved 2583 samples | Total: 284640
[Multiple Shooting] Converged in 2 iterations with residual 1.68e-15
[Solver Step 001000] t= 0.481 | Pos Err:    0.23 km | Vel Err:    0.01 m/s
[Solver Step 002000] t= 0.978 | Pos Err:    0.02 km | Vel Err:    0.00 m/s
[Solver Step 003000] t= 1.427 | Pos Err:    0.23 km | Vel Err:    0.01 m/s
[Solver Step 004000] t= 1.945 | Pos Err:    0.24 km | Vel Err:    0.01 m/s
[Solver Step 005000] t= 2.501 | Pos Err:    0.40 km | Vel Err:    0.01 m/s
[Solver Step 006000] t= 2.946 | Pos Err:    1.04 km | Vel Err:    0.02 m/s
Completed [HALO_L2] Trajectory 205/600 | Saved 542 samples | Total: 285182
[Multiple Shooting] Converged in 2 iterations with residual 3.01e-12
[Solver Step 001000] t= 0.420 | Pos Err:    0.78 km | Vel Err:    0.02 m/s
[Solver Step 002000] t= 0.926 | Pos Err:    2.27 km | Vel Err:    0.05 m/s
[Solver Step 003000] t= 1.389 | Pos Err:   35.31 km | Vel Err:    0.68 m/s
[Solver Step 004000] t= 1.744 | Pos Err:  104.20 km | Vel Err:    2.11 m/s
[Solver Step 005000] t= 2.243 | Pos Err:    1.96 km | Vel Err:    0.04 m/s
[Solver Step 006000] t= 2.674 | Pos Err:    1.01 km | Vel Err:    0.02 m/s
[Solver Step 007000] t= 3.082 | Pos Err:    6.83 km | Vel Err:    0.15 m/s
Completed [HALO_L1] Trajectory 206/600 | Saved 594 samples | Total: 285776
[Multiple Shooting] Converged in 7 iterations with residual 1.81e-14
[Solver Step 001000] t= 0.303 | Pos Err:  670.45 km | Vel Err:   14.34 m/s
[Solver Step 002000] t= 0.637 | Pos Err:  220.75 km | Vel Err:    3.78 m/s
[Solver Step 003000] t= 0.964 | Pos Err:  494.44 km | Vel Err:    9.81 m/s
[Solver Step 004000] t= 1.308 | Pos Err:  477.98 km | Vel Err:   10.24 m/s
[Solver Step 005000] t= 1.642 | Pos Err:  562.35 km | Vel Err:    7.44 m/s
[Solver Step 006000] t= 1.973 | Pos Err:  798.84 km | Vel Err:   16.72 m/s
[Solver Step 007000] t= 2.304 | Pos Err:  520.42 km | Vel Err:   10.11 m/s
Completed [DRO] Trajectory 207/600 | Saved 635 samples | Total: 286411
[Solver Step 001000] t= 0.213 | Pos Err:   12.68 km | Vel Err:    0.22 m/s
[Solver Step 002000] t= 0.468 | Pos Err:    1.43 km | Vel Err:    0.03 m/s
[Solver Step 003000] t= 0.711 | Pos Err:    0.25 km | Vel Err:    0.05 m/s
[Solver Step 004000] t= 0.926 | Pos Err:    0.03 km | Vel Err:    0.00 m/s
[Solver Step 005000] t= 1.175 | Pos Err:    0.05 km | Vel Err:    0.00 m/s
[Solver Step 006000] t= 1.429 | Pos Err:    0.05 km | Vel Err:    0.06 m/s
[Solver Step 007000] t= 1.655 | Pos Err:    0.03 km | Vel Err:    0.00 m/s
[Solver Step 008000] t= 1.872 | Pos Err:    0.03 km | Vel Err:    0.00 m/s
[Solver Step 009000] t= 2.133 | Pos Err:    0.14 km | Vel Err:    0.11 m/s
[Solver Step 010000] t= 2.376 | Pos Err:    0.04 km | Vel Err:    0.00 m/s
[Solver Step 011000] t= 2.586 | Pos Err:    0.04 km | Vel Err:    0.00 m/s
[Solver Step 012000] t= 2.835 | Pos Err:    1.32 km | Vel Err:    1.08 m/s
[Solver Step 013000] t= 3.090 | Pos Err:    0.06 km | Vel Err:    0.00 m/s
[Solver Step 014000] t= 3.309 | Pos Err:    0.06 km | Vel Err:    0.00 m/s
[Solver Step 015000] t= 3.532 | Pos Err:    0.74 km | Vel Err:    0.57 m/s
[Solver Step 016000] t= 3.794 | Pos Err:    0.06 km | Vel Err:    0.01 m/s
[Solver Step 017000] t= 4.033 | Pos Err:    0.08 km | Vel Err:    0.00 m/s
[Solver Step 018000] t= 4.242 | Pos Err:    0.38 km | Vel Err:    0.23 m/s
[Solver Step 019000] t= 4.495 | Pos Err:    0.05 km | Vel Err:    0.02 m/s
[Solver Step 020000] t= 4.748 | Pos Err:    0.08 km | Vel Err:    0.00 m/s
[Solver Step 021000] t= 4.965 | Pos Err:    0.14 km | Vel Err:    0.11 m/s
[Solver Step 022000] t= 5.187 | Pos Err:    0.08 km | Vel Err:    0.01 m/s
[Solver Step 023000] t= 5.453 | Pos Err:    0.08 km | Vel Err:    0.00 m/s
[Solver Step 024000] t= 5.694 | Pos Err:    0.05 km | Vel Err:    0.12 m/s
[Solver Step 025000] t= 5.901 | Pos Err:    0.05 km | Vel Err:    0.00 m/s
[Solver Step 026000] t= 6.156 | Pos Err:    0.07 km | Vel Err:    0.00 m/s
[Solver Step 027000] t= 6.409 | Pos Err:    0.19 km | Vel Err:    0.24 m/s
[Solver Step 028000] t= 6.620 | Pos Err:    0.03 km | Vel Err:    0.00 m/s
[Solver Step 029000] t= 6.848 | Pos Err:    0.05 km | Vel Err:    0.00 m/s
Completed [TRANSFER] Trajectory 208/600 | Saved 2399 samples | Total: 288810
[Multiple Shooting] Converged in 2 iterations with residual 4.75e-11
[Solver Step 001000] t= 0.425 | Pos Err:    0.34 km | Vel Err:    0.01 m/s
[Solver Step 002000] t= 0.892 | Pos Err:    0.23 km | Vel Err:    0.01 m/s
[Solver Step 003000] t= 1.386 | Pos Err:    1.24 km | Vel Err:    0.02 m/s
[Solver Step 004000] t= 1.804 | Pos Err:    6.77 km | Vel Err:    0.12 m/s
[Solver Step 005000] t= 2.155 | Pos Err:  171.07 km | Vel Err:    3.40 m/s
[Solver Step 006000] t= 2.616 | Pos Err:    4.01 km | Vel Err:    0.08 m/s
[Solver Step 007000] t= 3.091 | Pos Err:   32.52 km | Vel Err:    0.73 m/s
Completed [HALO_L1] Trajectory 209/600 | Saved 592 samples | Total: 289402
[Multiple Shooting] Converged in 2 iterations with residual 1.50e-15
[Solver Step 001000] t= 0.454 | Pos Err:    0.38 km | Vel Err:    0.01 m/s
[Solver Step 002000] t= 1.016 | Pos Err:    0.15 km | Vel Err:    0.00 m/s
[Solver Step 003000] t= 1.608 | Pos Err:    0.07 km | Vel Err:    0.01 m/s
[Solver Step 004000] t= 2.029 | Pos Err:    0.30 km | Vel Err:    0.01 m/s
[Solver Step 005000] t= 2.495 | Pos Err:    0.28 km | Vel Err:    0.01 m/s
[Solver Step 006000] t= 3.054 | Pos Err:    5.41 km | Vel Err:    0.14 m/s
Completed [HALO_L2] Trajectory 210/600 | Saved 513 samples | Total: 289915
[Multiple Shooting] Converged in 3 iterations with residual 4.68e-13
[Solver Step 001000] t= 0.397 | Pos Err:    0.81 km | Vel Err:    0.01 m/s
[Solver Step 002000] t= 0.786 | Pos Err:    4.30 km | Vel Err:    0.07 m/s
[Solver Step 003000] t= 1.166 | Pos Err:    0.78 km | Vel Err:    0.04 m/s
[Solver Step 004000] t= 1.544 | Pos Err:    7.37 km | Vel Err:    0.13 m/s
[Solver Step 005000] t= 1.936 | Pos Err:    1.03 km | Vel Err:    0.02 m/s
[Solver Step 006000] t= 2.325 | Pos Err:   20.69 km | Vel Err:    0.44 m/s
Completed [DRO] Trajectory 211/600 | Saved 545 samples | Total: 290460
[Solver Step 001000] t= 0.416 | Pos Err:    2.46 km | Vel Err:    0.06 m/s
[Solver Step 002000] t= 0.821 | Pos Err:    0.05 km | Vel Err:    0.00 m/s
[Solver Step 003000] t= 1.261 | Pos Err:    0.09 km | Vel Err:    0.01 m/s
[Solver Step 004000] t= 1.609 | Pos Err:    0.09 km | Vel Err:    0.00 m/s
[Solver Step 005000] t= 1.995 | Pos Err:    0.05 km | Vel Err:    0.00 m/s
[Solver Step 006000] t= 2.447 | Pos Err:    0.03 km | Vel Err:    0.02 m/s
[Solver Step 007000] t= 2.849 | Pos Err:    0.04 km | Vel Err:    0.00 m/s
[Solver Step 008000] t= 3.245 | Pos Err:    0.05 km | Vel Err:    0.00 m/s
[Solver Step 009000] t= 3.620 | Pos Err:    0.12 km | Vel Err:    0.08 m/s
[Solver Step 010000] t= 4.035 | Pos Err:    0.08 km | Vel Err:    0.00 m/s
[Solver Step 011000] t= 4.454 | Pos Err:    0.06 km | Vel Err:    0.00 m/s
[Solver Step 012000] t= 4.897 | Pos Err:    0.04 km | Vel Err:    0.04 m/s
[Solver Step 013000] t= 5.235 | Pos Err:    0.03 km | Vel Err:    0.00 m/s
[Solver Step 014000] t= 5.633 | Pos Err:    0.07 km | Vel Err:    0.00 m/s
[Solver Step 015000] t= 6.112 | Pos Err:    0.09 km | Vel Err:    0.02 m/s
[Solver Step 016000] t= 6.499 | Pos Err:    0.09 km | Vel Err:    0.00 m/s
[Solver Step 017000] t= 6.926 | Pos Err:    0.09 km | Vel Err:    0.00 m/s
[Solver Step 018000] t= 7.270 | Pos Err:    0.14 km | Vel Err:    0.10 m/s
[Solver Step 019000] t= 7.691 | Pos Err:    0.04 km | Vel Err:    0.00 m/s
[Solver Step 020000] t= 8.169 | Pos Err:    0.06 km | Vel Err:    0.00 m/s
[Solver Step 021000] t= 8.555 | Pos Err:    0.06 km | Vel Err:    0.03 m/s
[Solver Step 022000] t= 8.923 | Pos Err:    0.09 km | Vel Err:    0.00 m/s
[Solver Step 023000] t= 9.317 | Pos Err:    0.07 km | Vel Err:    0.00 m/s
[Solver Step 024000] t= 9.775 | Pos Err:    0.04 km | Vel Err:    0.03 m/s
[Solver Step 025000] t=10.176 | Pos Err:    0.03 km | Vel Err:    0.00 m/s
[Solver Step 026000] t=10.576 | Pos Err:    0.03 km | Vel Err:    0.00 m/s
[Solver Step 027000] t=10.935 | Pos Err:    0.12 km | Vel Err:    0.09 m/s
[Solver Step 028000] t=11.354 | Pos Err:    0.09 km | Vel Err:    0.00 m/s
[Solver Step 029000] t=11.811 | Pos Err:    0.08 km | Vel Err:    0.00 m/s
[Solver Step 030000] t=12.179 | Pos Err:    0.06 km | Vel Err:    0.03 m/s
Completed [EARTH_ORBIT] Trajectory 212/600 | Saved 2583 samples | Total: 293043
[Solver Step 001000] t= 0.218 | Pos Err:    9.87 km | Vel Err:    0.22 m/s
[Solver Step 002000] t= 0.471 | Pos Err:    1.18 km | Vel Err:    0.02 m/s
[Solver Step 003000] t= 0.714 | Pos Err:    0.18 km | Vel Err:    0.02 m/s
[Solver Step 004000] t= 0.933 | Pos Err:    0.03 km | Vel Err:    0.00 m/s
[Solver Step 005000] t= 1.179 | Pos Err:    0.05 km | Vel Err:    0.00 m/s
[Solver Step 006000] t= 1.432 | Pos Err:    0.04 km | Vel Err:    0.06 m/s
[Solver Step 007000] t= 1.663 | Pos Err:    0.02 km | Vel Err:    0.00 m/s
[Solver Step 008000] t= 1.877 | Pos Err:    0.03 km | Vel Err:    0.00 m/s
[Solver Step 009000] t= 2.135 | Pos Err:    0.11 km | Vel Err:    0.09 m/s
[Solver Step 010000] t= 2.378 | Pos Err:    0.02 km | Vel Err:    0.00 m/s
[Solver Step 011000] t= 2.592 | Pos Err:    0.01 km | Vel Err:    0.00 m/s
[Solver Step 012000] t= 2.838 | Pos Err:    0.99 km | Vel Err:    0.80 m/s
[Solver Step 013000] t= 3.094 | Pos Err:    0.03 km | Vel Err:    0.00 m/s
[Solver Step 014000] t= 3.315 | Pos Err:    0.04 km | Vel Err:    0.00 m/s
[Solver Step 015000] t= 3.536 | Pos Err:    0.72 km | Vel Err:    0.53 m/s
[Solver Step 016000] t= 3.797 | Pos Err:    0.03 km | Vel Err:    0.00 m/s
[Solver Step 017000] t= 4.040 | Pos Err:    0.05 km | Vel Err:    0.00 m/s
[Solver Step 018000] t= 4.248 | Pos Err:    0.38 km | Vel Err:    0.21 m/s
[Solver Step 019000] t= 4.497 | Pos Err:    0.04 km | Vel Err:    0.02 m/s
[Solver Step 020000] t= 4.751 | Pos Err:    0.06 km | Vel Err:    0.00 m/s
[Solver Step 021000] t= 4.969 | Pos Err:    0.15 km | Vel Err:    0.11 m/s
[Solver Step 022000] t= 5.189 | Pos Err:    0.05 km | Vel Err:    0.01 m/s
[Solver Step 023000] t= 5.455 | Pos Err:    0.07 km | Vel Err:    0.00 m/s
[Solver Step 024000] t= 5.698 | Pos Err:    0.08 km | Vel Err:    0.12 m/s
[Solver Step 025000] t= 5.906 | Pos Err:    0.04 km | Vel Err:    0.00 m/s
[Solver Step 026000] t= 6.159 | Pos Err:    0.05 km | Vel Err:    0.00 m/s
[Solver Step 027000] t= 6.414 | Pos Err:    0.21 km | Vel Err:    0.24 m/s
[Solver Step 028000] t= 6.627 | Pos Err:    0.04 km | Vel Err:    0.00 m/s
[Solver Step 029000] t= 6.851 | Pos Err:    0.06 km | Vel Err:    0.00 m/s
Completed [TRANSFER] Trajectory 213/600 | Saved 2399 samples | Total: 295442
[Solver Step 001000] t= 0.419 | Pos Err:    0.22 km | Vel Err:    0.01 m/s
[Solver Step 002000] t= 0.793 | Pos Err:    0.06 km | Vel Err:    0.00 m/s
[Solver Step 003000] t= 1.102 | Pos Err:    0.01 km | Vel Err:    0.04 m/s
[Solver Step 004000] t= 1.555 | Pos Err:    0.06 km | Vel Err:    0.00 m/s
[Solver Step 005000] t= 2.105 | Pos Err:    0.06 km | Vel Err:    0.00 m/s
[Solver Step 006000] t= 2.518 | Pos Err:    0.06 km | Vel Err:    0.01 m/s
[Solver Step 007000] t= 3.019 | Pos Err:    0.05 km | Vel Err:    0.00 m/s
[Solver Step 008000] t= 3.571 | Pos Err:    0.05 km | Vel Err:    0.00 m/s
[Solver Step 009000] t= 4.060 | Pos Err:    0.05 km | Vel Err:    0.01 m/s
[Solver Step 010000] t= 4.463 | Pos Err:    0.06 km | Vel Err:    0.00 m/s
[Solver Step 011000] t= 5.001 | Pos Err:    0.06 km | Vel Err:    0.00 m/s
[Solver Step 012000] t= 5.588 | Pos Err:    0.04 km | Vel Err:    0.05 m/s
[Solver Step 013000] t= 6.069 | Pos Err:    0.06 km | Vel Err:    0.00 m/s
[Solver Step 014000] t= 6.471 | Pos Err:    0.06 km | Vel Err:    0.00 m/s
[Solver Step 015000] t= 7.029 | Pos Err:    0.03 km | Vel Err:    0.08 m/s
Completed [MOON_ORBIT] Trajectory 214/600 | Saved 1314 samples | Total: 296756
[Solver Step 001000] t= 0.419 | Pos Err:    0.31 km | Vel Err:    0.01 m/s
[Solver Step 002000] t= 0.793 | Pos Err:    0.06 km | Vel Err:    0.00 m/s
[Solver Step 003000] t= 1.102 | Pos Err:    0.01 km | Vel Err:    0.04 m/s
[Solver Step 004000] t= 1.554 | Pos Err:    0.05 km | Vel Err:    0.00 m/s
[Solver Step 005000] t= 2.105 | Pos Err:    0.05 km | Vel Err:    0.00 m/s
[Solver Step 006000] t= 2.518 | Pos Err:    0.05 km | Vel Err:    0.01 m/s
[Solver Step 007000] t= 3.018 | Pos Err:    0.05 km | Vel Err:    0.00 m/s
[Solver Step 008000] t= 3.571 | Pos Err:    0.05 km | Vel Err:    0.00 m/s
[Solver Step 009000] t= 4.060 | Pos Err:    0.05 km | Vel Err:    0.01 m/s
[Solver Step 010000] t= 4.462 | Pos Err:    0.05 km | Vel Err:    0.00 m/s
[Solver Step 011000] t= 5.001 | Pos Err:    0.05 km | Vel Err:    0.00 m/s
[Solver Step 012000] t= 5.588 | Pos Err:    0.03 km | Vel Err:    0.05 m/s
[Solver Step 013000] t= 6.069 | Pos Err:    0.05 km | Vel Err:    0.00 m/s
[Solver Step 014000] t= 6.471 | Pos Err:    0.05 km | Vel Err:    0.00 m/s
[Solver Step 015000] t= 7.029 | Pos Err:    0.03 km | Vel Err:    0.08 m/s
Completed [MOON_ORBIT] Trajectory 215/600 | Saved 1313 samples | Total: 298069
[Multiple Shooting] Converged in 2 iterations with residual 1.53e-15
[Solver Step 001000] t= 0.461 | Pos Err:    0.20 km | Vel Err:    0.01 m/s
[Solver Step 002000] t= 0.997 | Pos Err:    0.10 km | Vel Err:    0.00 m/s
[Solver Step 003000] t= 1.594 | Pos Err:    0.16 km | Vel Err:    0.02 m/s
[Solver Step 004000] t= 2.090 | Pos Err:    0.15 km | Vel Err:    0.00 m/s
[Solver Step 005000] t= 2.503 | Pos Err:    0.31 km | Vel Err:    0.01 m/s
[Solver Step 006000] t= 3.034 | Pos Err:    4.37 km | Vel Err:    0.11 m/s
Completed [HALO_L2] Trajectory 216/600 | Saved 516 samples | Total: 298585
[Solver Step 001000] t= 0.216 | Pos Err:   23.23 km | Vel Err:    0.39 m/s
[Solver Step 002000] t= 0.470 | Pos Err:    2.77 km | Vel Err:    0.07 m/s
[Solver Step 003000] t= 0.713 | Pos Err:    0.40 km | Vel Err:    0.04 m/s
[Solver Step 004000] t= 0.930 | Pos Err:    0.02 km | Vel Err:    0.00 m/s
[Solver Step 005000] t= 1.177 | Pos Err:    0.08 km | Vel Err:    0.00 m/s
[Solver Step 006000] t= 1.430 | Pos Err:    0.10 km | Vel Err:    0.04 m/s
[Solver Step 007000] t= 1.657 | Pos Err:    0.09 km | Vel Err:    0.00 m/s
[Solver Step 008000] t= 1.870 | Pos Err:    0.10 km | Vel Err:    0.00 m/s
[Solver Step 009000] t= 2.131 | Pos Err:    0.30 km | Vel Err:    0.24 m/s
[Solver Step 010000] t= 2.368 | Pos Err:    0.09 km | Vel Err:    0.00 m/s
[Solver Step 011000] t= 2.578 | Pos Err:    0.08 km | Vel Err:    0.00 m/s
[Solver Step 012000] t= 2.831 | Pos Err:    1.79 km | Vel Err:    1.35 m/s
[Solver Step 013000] t= 3.085 | Pos Err:    0.07 km | Vel Err:    0.00 m/s
[Solver Step 014000] t= 3.301 | Pos Err:    0.05 km | Vel Err:    0.00 m/s
[Solver Step 015000] t= 3.527 | Pos Err:    0.79 km | Vel Err:    0.61 m/s
[Solver Step 016000] t= 3.789 | Pos Err:    0.07 km | Vel Err:    0.01 m/s
[Solver Step 017000] t= 4.028 | Pos Err:    0.03 km | Vel Err:    0.00 m/s
[Solver Step 018000] t= 4.235 | Pos Err:    0.39 km | Vel Err:    0.25 m/s
[Solver Step 019000] t= 4.490 | Pos Err:    0.05 km | Vel Err:    0.02 m/s
[Solver Step 020000] t= 4.744 | Pos Err:    0.03 km | Vel Err:    0.00 m/s
[Solver Step 021000] t= 4.957 | Pos Err:    0.20 km | Vel Err:    0.12 m/s
[Solver Step 022000] t= 5.182 | Pos Err:    0.03 km | Vel Err:    0.01 m/s
[Solver Step 023000] t= 5.447 | Pos Err:    0.03 km | Vel Err:    0.00 m/s
[Solver Step 024000] t= 5.687 | Pos Err:    0.13 km | Vel Err:    0.11 m/s
[Solver Step 025000] t= 5.896 | Pos Err:    0.06 km | Vel Err:    0.01 m/s
[Solver Step 026000] t= 6.153 | Pos Err:    0.05 km | Vel Err:    0.00 m/s
[Solver Step 027000] t= 6.404 | Pos Err:    0.26 km | Vel Err:    0.24 m/s
[Solver Step 028000] t= 6.614 | Pos Err:    0.09 km | Vel Err:    0.00 m/s
[Solver Step 029000] t= 6.844 | Pos Err:    0.08 km | Vel Err:    0.00 m/s
Completed [TRANSFER] Trajectory 217/600 | Saved 2399 samples | Total: 300984
[Solver Step 001000] t= 0.217 | Pos Err:   33.08 km | Vel Err:    0.72 m/s
[Solver Step 002000] t= 0.471 | Pos Err:    4.02 km | Vel Err:    0.05 m/s
[Solver Step 003000] t= 0.713 | Pos Err:    0.55 km | Vel Err:    0.03 m/s
[Solver Step 004000] t= 0.930 | Pos Err:    0.05 km | Vel Err:    0.00 m/s
[Solver Step 005000] t= 1.177 | Pos Err:    0.10 km | Vel Err:    0.00 m/s
[Solver Step 006000] t= 1.431 | Pos Err:    0.04 km | Vel Err:    0.04 m/s
[Solver Step 007000] t= 1.663 | Pos Err:    0.06 km | Vel Err:    0.00 m/s
[Solver Step 008000] t= 1.877 | Pos Err:    0.08 km | Vel Err:    0.00 m/s
[Solver Step 009000] t= 2.135 | Pos Err:    0.05 km | Vel Err:    0.09 m/s
[Solver Step 010000] t= 2.378 | Pos Err:    0.05 km | Vel Err:    0.00 m/s
[Solver Step 011000] t= 2.592 | Pos Err:    0.07 km | Vel Err:    0.00 m/s
[Solver Step 012000] t= 2.838 | Pos Err:    1.01 km | Vel Err:    0.79 m/s
[Solver Step 013000] t= 3.094 | Pos Err:    0.05 km | Vel Err:    0.00 m/s
[Solver Step 014000] t= 3.315 | Pos Err:    0.08 km | Vel Err:    0.00 m/s
[Solver Step 015000] t= 3.536 | Pos Err:    0.79 km | Vel Err:    0.53 m/s
[Solver Step 016000] t= 3.797 | Pos Err:    0.06 km | Vel Err:    0.00 m/s
[Solver Step 017000] t= 4.040 | Pos Err:    0.10 km | Vel Err:    0.00 m/s
[Solver Step 018000] t= 4.248 | Pos Err:    0.45 km | Vel Err:    0.21 m/s
[Solver Step 019000] t= 4.498 | Pos Err:    0.11 km | Vel Err:    0.02 m/s
[Solver Step 020000] t= 4.753 | Pos Err:    0.11 km | Vel Err:    0.00 m/s
[Solver Step 021000] t= 4.971 | Pos Err:    0.19 km | Vel Err:    0.11 m/s
[Solver Step 022000] t= 5.190 | Pos Err:    0.11 km | Vel Err:    0.01 m/s
[Solver Step 023000] t= 5.456 | Pos Err:    0.12 km | Vel Err:    0.00 m/s
[Solver Step 024000] t= 5.699 | Pos Err:    0.10 km | Vel Err:    0.12 m/s
[Solver Step 025000] t= 5.906 | Pos Err:    0.10 km | Vel Err:    0.00 m/s
[Solver Step 026000] t= 6.159 | Pos Err:    0.11 km | Vel Err:    0.00 m/s
[Solver Step 027000] t= 6.414 | Pos Err:    0.17 km | Vel Err:    0.24 m/s
[Solver Step 028000] t= 6.627 | Pos Err:    0.09 km | Vel Err:    0.00 m/s
[Solver Step 029000] t= 6.851 | Pos Err:    0.12 km | Vel Err:    0.00 m/s
Completed [TRANSFER] Trajectory 218/600 | Saved 2399 samples | Total: 303383
[Solver Step 001000] t= 0.419 | Pos Err:    0.63 km | Vel Err:    0.01 m/s
[Solver Step 002000] t= 0.793 | Pos Err:    0.06 km | Vel Err:    0.00 m/s
[Solver Step 003000] t= 1.102 | Pos Err:    0.01 km | Vel Err:    0.04 m/s
[Solver Step 004000] t= 1.555 | Pos Err:    0.05 km | Vel Err:    0.00 m/s
[Solver Step 005000] t= 2.106 | Pos Err:    0.05 km | Vel Err:    0.00 m/s
[Solver Step 006000] t= 2.519 | Pos Err:    0.05 km | Vel Err:    0.01 m/s
[Solver Step 007000] t= 3.019 | Pos Err:    0.05 km | Vel Err:    0.00 m/s
[Solver Step 008000] t= 3.572 | Pos Err:    0.05 km | Vel Err:    0.00 m/s
[Solver Step 009000] t= 4.060 | Pos Err:    0.05 km | Vel Err:    0.01 m/s
[Solver Step 010000] t= 4.463 | Pos Err:    0.05 km | Vel Err:    0.00 m/s
[Solver Step 011000] t= 5.002 | Pos Err:    0.04 km | Vel Err:    0.00 m/s
[Solver Step 012000] t= 5.589 | Pos Err:    0.03 km | Vel Err:    0.05 m/s
[Solver Step 013000] t= 6.070 | Pos Err:    0.05 km | Vel Err:    0.00 m/s
[Solver Step 014000] t= 6.472 | Pos Err:    0.05 km | Vel Err:    0.00 m/s
[Solver Step 015000] t= 7.030 | Pos Err:    0.03 km | Vel Err:    0.08 m/s
Completed [MOON_ORBIT] Trajectory 219/600 | Saved 1314 samples | Total: 304697
[Multiple Shooting] Converged in 2 iterations with residual 1.14e-11
[Solver Step 001000] t= 0.423 | Pos Err:    0.31 km | Vel Err:    0.01 m/s
[Solver Step 002000] t= 0.928 | Pos Err:    1.19 km | Vel Err:    0.02 m/s
[Solver Step 003000] t= 1.415 | Pos Err:    6.76 km | Vel Err:    0.15 m/s
[Solver Step 004000] t= 1.744 | Pos Err:   73.82 km | Vel Err:    1.44 m/s
[Solver Step 005000] t= 2.229 | Pos Err:    5.64 km | Vel Err:    0.14 m/s
[Solver Step 006000] t= 2.681 | Pos Err:    1.56 km | Vel Err:    0.03 m/s
[Solver Step 007000] t= 3.078 | Pos Err:    8.98 km | Vel Err:    0.20 m/s
Completed [HALO_L1] Trajectory 220/600 | Saved 596 samples | Total: 305293
[Multiple Shooting] Converged in 2 iterations with residual 8.06e-12
[Solver Step 001000] t= 0.428 | Pos Err:    0.30 km | Vel Err:    0.01 m/s
[Solver Step 002000] t= 0.927 | Pos Err:    0.53 km | Vel Err:    0.01 m/s
[Solver Step 003000] t= 1.425 | Pos Err:    3.13 km | Vel Err:    0.07 m/s
[Solver Step 004000] t= 1.793 | Pos Err:   54.28 km | Vel Err:    1.16 m/s
[Solver Step 005000] t= 2.209 | Pos Err:   45.58 km | Vel Err:    0.96 m/s
[Solver Step 006000] t= 2.673 | Pos Err:    3.11 km | Vel Err:    0.06 m/s
[Solver Step 007000] t= 3.113 | Pos Err:    9.64 km | Vel Err:    0.23 m/s
Completed [HALO_L1] Trajectory 221/600 | Saved 591 samples | Total: 305884
[Solver Step 001000] t= 0.215 | Pos Err:    6.29 km | Vel Err:    0.15 m/s
[Solver Step 002000] t= 0.469 | Pos Err:    0.64 km | Vel Err:    0.01 m/s
[Solver Step 003000] t= 0.713 | Pos Err:    0.10 km | Vel Err:    0.03 m/s
[Solver Step 004000] t= 0.928 | Pos Err:    0.02 km | Vel Err:    0.00 m/s
[Solver Step 005000] t= 1.177 | Pos Err:    0.04 km | Vel Err:    0.00 m/s
[Solver Step 006000] t= 1.430 | Pos Err:    0.04 km | Vel Err:    0.03 m/s
[Solver Step 007000] t= 1.660 | Pos Err:    0.03 km | Vel Err:    0.00 m/s
[Solver Step 008000] t= 1.874 | Pos Err:    0.02 km | Vel Err:    0.00 m/s
[Solver Step 009000] t= 2.133 | Pos Err:    0.13 km | Vel Err:    0.10 m/s
[Solver Step 010000] t= 2.376 | Pos Err:    0.04 km | Vel Err:    0.00 m/s
[Solver Step 011000] t= 2.588 | Pos Err:    0.02 km | Vel Err:    0.00 m/s
[Solver Step 012000] t= 2.836 | Pos Err:    1.04 km | Vel Err:    0.84 m/s
[Solver Step 013000] t= 3.091 | Pos Err:    0.05 km | Vel Err:    0.00 m/s
[Solver Step 014000] t= 3.311 | Pos Err:    0.04 km | Vel Err:    0.00 m/s
[Solver Step 015000] t= 3.533 | Pos Err:    0.73 km | Vel Err:    0.56 m/s
[Solver Step 016000] t= 3.795 | Pos Err:    0.04 km | Vel Err:    0.00 m/s
[Solver Step 017000] t= 4.037 | Pos Err:    0.05 km | Vel Err:    0.00 m/s
[Solver Step 018000] t= 4.244 | Pos Err:    0.38 km | Vel Err:    0.22 m/s
[Solver Step 019000] t= 4.495 | Pos Err:    0.03 km | Vel Err:    0.02 m/s
[Solver Step 020000] t= 4.748 | Pos Err:    0.06 km | Vel Err:    0.00 m/s
[Solver Step 021000] t= 4.965 | Pos Err:    0.15 km | Vel Err:    0.11 m/s
[Solver Step 022000] t= 5.187 | Pos Err:    0.05 km | Vel Err:    0.01 m/s
[Solver Step 023000] t= 5.453 | Pos Err:    0.06 km | Vel Err:    0.00 m/s
[Solver Step 024000] t= 5.694 | Pos Err:    0.08 km | Vel Err:    0.12 m/s
[Solver Step 025000] t= 5.903 | Pos Err:    0.03 km | Vel Err:    0.00 m/s
[Solver Step 026000] t= 6.157 | Pos Err:    0.05 km | Vel Err:    0.00 m/s
[Solver Step 027000] t= 6.411 | Pos Err:    0.21 km | Vel Err:    0.24 m/s
[Solver Step 028000] t= 6.622 | Pos Err:    0.03 km | Vel Err:    0.00 m/s
[Solver Step 029000] t= 6.849 | Pos Err:    0.04 km | Vel Err:    0.00 m/s
Completed [TRANSFER] Trajectory 222/600 | Saved 2399 samples | Total: 308283
[Multiple Shooting] Converged in 6 iterations with residual 5.91e-11
[Solver Step 001000] t= 0.315 | Pos Err:  142.98 km | Vel Err:    2.88 m/s
[Solver Step 002000] t= 0.634 | Pos Err:  287.44 km | Vel Err:    5.13 m/s
[Solver Step 003000] t= 0.966 | Pos Err:   51.34 km | Vel Err:    0.98 m/s
[Solver Step 004000] t= 1.279 | Pos Err:  502.22 km | Vel Err:    9.27 m/s
[Solver Step 005000] t= 1.613 | Pos Err:   30.84 km | Vel Err:    0.50 m/s
[Solver Step 006000] t= 1.937 | Pos Err:  317.45 km | Vel Err:    6.66 m/s
[Solver Step 007000] t= 2.262 | Pos Err:   75.77 km | Vel Err:    1.05 m/s
Completed [DRO] Trajectory 223/600 | Saved 647 samples | Total: 308930
[Multiple Shooting] Converged in 2 iterations with residual 6.89e-12
[Solver Step 001000] t= 0.429 | Pos Err:    0.44 km | Vel Err:    0.01 m/s
[Solver Step 002000] t= 0.928 | Pos Err:    0.55 km | Vel Err:    0.01 m/s
[Solver Step 003000] t= 1.426 | Pos Err:    3.08 km | Vel Err:    0.07 m/s
[Solver Step 004000] t= 1.791 | Pos Err:   55.38 km | Vel Err:    1.18 m/s
[Solver Step 005000] t= 2.210 | Pos Err:   42.92 km | Vel Err:    0.91 m/s
[Solver Step 006000] t= 2.674 | Pos Err:    3.02 km | Vel Err:    0.06 m/s
[Solver Step 007000] t= 3.112 | Pos Err:    9.64 km | Vel Err:    0.23 m/s
Completed [HALO_L1] Trajectory 224/600 | Saved 591 samples | Total: 309521
[Multiple Shooting] Converged in 2 iterations with residual 1.24e-15
[Solver Step 001000] t= 0.470 | Pos Err:    0.24 km | Vel Err:    0.00 m/s
[Solver Step 002000] t= 0.948 | Pos Err:    0.24 km | Vel Err:    0.00 m/s
[Solver Step 003000] t= 1.502 | Pos Err:    0.14 km | Vel Err:    0.01 m/s
[Solver Step 004000] t= 2.076 | Pos Err:    0.08 km | Vel Err:    0.00 m/s
[Solver Step 005000] t= 2.486 | Pos Err:    0.22 km | Vel Err:    0.00 m/s
[Solver Step 006000] t= 2.963 | Pos Err:    0.12 km | Vel Err:    0.02 m/s
Completed [HALO_L2] Trajectory 225/600 | Saved 528 samples | Total: 310049
[Multiple Shooting] Converged in 2 iterations with residual 3.76e-11
[Solver Step 001000] t= 0.426 | Pos Err:    0.37 km | Vel Err:    0.01 m/s
[Solver Step 002000] t= 0.901 | Pos Err:    0.19 km | Vel Err:    0.00 m/s
[Solver Step 003000] t= 1.397 | Pos Err:    1.76 km | Vel Err:    0.03 m/s
[Solver Step 004000] t= 1.810 | Pos Err:   12.96 km | Vel Err:    0.26 m/s
[Solver Step 005000] t= 2.164 | Pos Err:  150.83 km | Vel Err:    2.88 m/s
[Solver Step 006000] t= 2.629 | Pos Err:    0.54 km | Vel Err:    0.02 m/s
[Solver Step 007000] t= 3.100 | Pos Err:   25.61 km | Vel Err:    0.58 m/s
Completed [HALO_L1] Trajectory 226/600 | Saved 591 samples | Total: 310640
[Multiple Shooting] Converged in 6 iterations with residual 3.28e-14
[Solver Step 001000] t= 0.317 | Pos Err:   15.15 km | Vel Err:    0.33 m/s
[Solver Step 002000] t= 0.653 | Pos Err:  111.00 km | Vel Err:    2.18 m/s
[Solver Step 003000] t= 1.000 | Pos Err:   14.52 km | Vel Err:    0.31 m/s
[Solver Step 004000] t= 1.330 | Pos Err:   97.90 km | Vel Err:    2.00 m/s
[Solver Step 005000] t= 1.665 | Pos Err:   98.58 km | Vel Err:    1.90 m/s
[Solver Step 006000] t= 2.011 | Pos Err:    9.10 km | Vel Err:    0.24 m/s
[Solver Step 007000] t= 2.342 | Pos Err:  257.14 km | Vel Err:    6.02 m/s
Completed [DRO] Trajectory 227/600 | Saved 626 samples | Total: 311266
[Multiple Shooting] Converged in 4 iterations with residual 1.72e-13
[Solver Step 001000] t= 0.358 | Pos Err:    5.95 km | Vel Err:    0.13 m/s
[Solver Step 002000] t= 0.703 | Pos Err:   31.49 km | Vel Err:    0.68 m/s
[Solver Step 003000] t= 1.072 | Pos Err:   18.83 km | Vel Err:    0.39 m/s
[Solver Step 004000] t= 1.450 | Pos Err:    2.78 km | Vel Err:    0.06 m/s
[Solver Step 005000] t= 1.813 | Pos Err:   17.06 km | Vel Err:    0.35 m/s
[Solver Step 006000] t= 2.155 | Pos Err:    7.58 km | Vel Err:    0.10 m/s
Completed [DRO] Trajectory 228/600 | Saved 582 samples | Total: 311848
[Solver Step 001000] t= 0.415 | Pos Err:    0.30 km | Vel Err:    0.01 m/s
[Solver Step 002000] t= 0.789 | Pos Err:    0.05 km | Vel Err:    0.00 m/s
[Solver Step 003000] t= 1.099 | Pos Err:    0.01 km | Vel Err:    0.04 m/s
[Solver Step 004000] t= 1.550 | Pos Err:    0.06 km | Vel Err:    0.00 m/s
[Solver Step 005000] t= 2.101 | Pos Err:    0.06 km | Vel Err:    0.00 m/s
[Solver Step 006000] t= 2.514 | Pos Err:    0.06 km | Vel Err:    0.01 m/s
[Solver Step 007000] t= 3.013 | Pos Err:    0.06 km | Vel Err:    0.00 m/s
[Solver Step 008000] t= 3.566 | Pos Err:    0.06 km | Vel Err:    0.00 m/s
[Solver Step 009000] t= 4.056 | Pos Err:    0.05 km | Vel Err:    0.01 m/s
[Solver Step 010000] t= 4.458 | Pos Err:    0.06 km | Vel Err:    0.00 m/s
[Solver Step 011000] t= 4.996 | Pos Err:    0.06 km | Vel Err:    0.00 m/s
[Solver Step 012000] t= 5.583 | Pos Err:    0.04 km | Vel Err:    0.05 m/s
[Solver Step 013000] t= 6.066 | Pos Err:    0.06 km | Vel Err:    0.00 m/s
[Solver Step 014000] t= 6.466 | Pos Err:    0.06 km | Vel Err:    0.00 m/s
[Solver Step 015000] t= 7.024 | Pos Err:    0.03 km | Vel Err:    0.08 m/s
Completed [MOON_ORBIT] Trajectory 229/600 | Saved 1314 samples | Total: 313162
[Solver Step 001000] t= 0.217 | Pos Err:   11.70 km | Vel Err:    0.32 m/s
[Solver Step 002000] t= 0.469 | Pos Err:    1.54 km | Vel Err:    0.04 m/s
[Solver Step 003000] t= 0.712 | Pos Err:    0.19 km | Vel Err:    0.03 m/s
[Solver Step 004000] t= 0.926 | Pos Err:    0.02 km | Vel Err:    0.00 m/s
[Solver Step 005000] t= 1.176 | Pos Err:    0.01 km | Vel Err:    0.00 m/s
[Solver Step 006000] t= 1.429 | Pos Err:    0.06 km | Vel Err:    0.03 m/s
[Solver Step 007000] t= 1.658 | Pos Err:    0.06 km | Vel Err:    0.00 m/s
[Solver Step 008000] t= 1.873 | Pos Err:    0.03 km | Vel Err:    0.00 m/s
[Solver Step 009000] t= 2.133 | Pos Err:    0.22 km | Vel Err:    0.15 m/s
[Solver Step 010000] t= 2.374 | Pos Err:    0.07 km | Vel Err:    0.00 m/s
[Solver Step 011000] t= 2.586 | Pos Err:    0.05 km | Vel Err:    0.00 m/s
[Solver Step 012000] t= 2.835 | Pos Err:    1.29 km | Vel Err:    1.06 m/s
[Solver Step 013000] t= 3.090 | Pos Err:    0.08 km | Vel Err:    0.00 m/s
[Solver Step 014000] t= 3.309 | Pos Err:    0.06 km | Vel Err:    0.00 m/s
[Solver Step 015000] t= 3.532 | Pos Err:    0.70 km | Vel Err:    0.57 m/s
[Solver Step 016000] t= 3.794 | Pos Err:    0.08 km | Vel Err:    0.00 m/s
[Solver Step 017000] t= 4.035 | Pos Err:    0.07 km | Vel Err:    0.00 m/s
[Solver Step 018000] t= 4.242 | Pos Err:    0.34 km | Vel Err:    0.23 m/s
[Solver Step 019000] t= 4.494 | Pos Err:    0.05 km | Vel Err:    0.02 m/s
[Solver Step 020000] t= 4.747 | Pos Err:    0.06 km | Vel Err:    0.00 m/s
[Solver Step 021000] t= 4.963 | Pos Err:    0.11 km | Vel Err:    0.11 m/s
[Solver Step 022000] t= 5.186 | Pos Err:    0.06 km | Vel Err:    0.01 m/s
[Solver Step 023000] t= 5.451 | Pos Err:    0.05 km | Vel Err:    0.00 m/s
[Solver Step 024000] t= 5.693 | Pos Err:    0.07 km | Vel Err:    0.11 m/s
[Solver Step 025000] t= 5.901 | Pos Err:    0.03 km | Vel Err:    0.00 m/s
[Solver Step 026000] t= 6.156 | Pos Err:    0.04 km | Vel Err:    0.00 m/s
[Solver Step 027000] t= 6.409 | Pos Err:    0.23 km | Vel Err:    0.24 m/s
[Solver Step 028000] t= 6.620 | Pos Err:    0.02 km | Vel Err:    0.00 m/s
[Solver Step 029000] t= 6.848 | Pos Err:    0.02 km | Vel Err:    0.00 m/s
Completed [TRANSFER] Trajectory 230/600 | Saved 2399 samples | Total: 315561
[Multiple Shooting] Converged in 2 iterations with residual 5.97e-12
[Solver Step 001000] t= 0.459 | Pos Err:    0.50 km | Vel Err:    0.01 m/s
[Solver Step 002000] t= 0.902 | Pos Err:    0.21 km | Vel Err:    0.00 m/s
[Solver Step 003000] t= 1.366 | Pos Err:    0.65 km | Vel Err:    0.02 m/s
[Solver Step 004000] t= 1.797 | Pos Err:    4.44 km | Vel Err:    0.10 m/s
[Solver Step 005000] t= 2.281 | Pos Err:   17.87 km | Vel Err:    0.41 m/s
[Solver Step 006000] t= 2.638 | Pos Err:  331.84 km | Vel Err:    6.45 m/s
[Solver Step 007000] t= 2.989 | Pos Err: 1695.96 km | Vel Err:   33.05 m/s
Completed [HALO_L2] Trajectory 231/600 | Saved 616 samples | Total: 316177
[Solver Step 001000] t= 0.417 | Pos Err:    3.76 km | Vel Err:    0.09 m/s
[Solver Step 002000] t= 0.821 | Pos Err:    0.03 km | Vel Err:    0.00 m/s
[Solver Step 003000] t= 1.261 | Pos Err:    0.11 km | Vel Err:    0.01 m/s
[Solver Step 004000] t= 1.609 | Pos Err:    0.11 km | Vel Err:    0.00 m/s
[Solver Step 005000] t= 1.995 | Pos Err:    0.03 km | Vel Err:    0.00 m/s
[Solver Step 006000] t= 2.447 | Pos Err:    0.05 km | Vel Err:    0.02 m/s
[Solver Step 007000] t= 2.849 | Pos Err:    0.07 km | Vel Err:    0.00 m/s
[Solver Step 008000] t= 3.245 | Pos Err:    0.09 km | Vel Err:    0.00 m/s
[Solver Step 009000] t= 3.621 | Pos Err:    0.16 km | Vel Err:    0.08 m/s
[Solver Step 010000] t= 4.035 | Pos Err:    0.07 km | Vel Err:    0.00 m/s
[Solver Step 011000] t= 4.454 | Pos Err:    0.05 km | Vel Err:    0.00 m/s
[Solver Step 012000] t= 4.897 | Pos Err:    0.03 km | Vel Err:    0.04 m/s
[Solver Step 013000] t= 5.235 | Pos Err:    0.03 km | Vel Err:    0.00 m/s
[Solver Step 014000] t= 5.633 | Pos Err:    0.10 km | Vel Err:    0.00 m/s
[Solver Step 015000] t= 6.112 | Pos Err:    0.11 km | Vel Err:    0.02 m/s
[Solver Step 016000] t= 6.499 | Pos Err:    0.11 km | Vel Err:    0.00 m/s
[Solver Step 017000] t= 6.926 | Pos Err:    0.09 km | Vel Err:    0.00 m/s
[Solver Step 018000] t= 7.270 | Pos Err:    0.12 km | Vel Err:    0.10 m/s
[Solver Step 019000] t= 7.691 | Pos Err:    0.07 km | Vel Err:    0.00 m/s
[Solver Step 020000] t= 8.169 | Pos Err:    0.10 km | Vel Err:    0.00 m/s
[Solver Step 021000] t= 8.555 | Pos Err:    0.09 km | Vel Err:    0.03 m/s
[Solver Step 022000] t= 8.923 | Pos Err:    0.12 km | Vel Err:    0.00 m/s
[Solver Step 023000] t= 9.317 | Pos Err:    0.06 km | Vel Err:    0.00 m/s
[Solver Step 024000] t= 9.776 | Pos Err:    0.02 km | Vel Err:    0.03 m/s
[Solver Step 025000] t=10.176 | Pos Err:    0.03 km | Vel Err:    0.00 m/s
[Solver Step 026000] t=10.576 | Pos Err:    0.06 km | Vel Err:    0.00 m/s
[Solver Step 027000] t=10.935 | Pos Err:    0.16 km | Vel Err:    0.09 m/s
[Solver Step 028000] t=11.354 | Pos Err:    0.10 km | Vel Err:    0.00 m/s
[Solver Step 029000] t=11.811 | Pos Err:    0.08 km | Vel Err:    0.00 m/s
[Solver Step 030000] t=12.179 | Pos Err:    0.06 km | Vel Err:    0.03 m/s
Completed [EARTH_ORBIT] Trajectory 232/600 | Saved 2583 samples | Total: 318760
[Solver Step 001000] t= 0.411 | Pos Err:    3.02 km | Vel Err:    0.07 m/s
[Solver Step 002000] t= 0.815 | Pos Err:    0.09 km | Vel Err:    0.00 m/s
[Solver Step 003000] t= 1.257 | Pos Err:    0.04 km | Vel Err:    0.01 m/s
[Solver Step 004000] t= 1.604 | Pos Err:    0.03 km | Vel Err:    0.00 m/s
[Solver Step 005000] t= 1.989 | Pos Err:    0.08 km | Vel Err:    0.00 m/s
[Solver Step 006000] t= 2.442 | Pos Err:    0.10 km | Vel Err:    0.02 m/s
[Solver Step 007000] t= 2.843 | Pos Err:    0.10 km | Vel Err:    0.00 m/s
[Solver Step 008000] t= 3.242 | Pos Err:    0.09 km | Vel Err:    0.00 m/s
[Solver Step 009000] t= 3.616 | Pos Err:    0.12 km | Vel Err:    0.08 m/s
[Solver Step 010000] t= 4.029 | Pos Err:    0.05 km | Vel Err:    0.00 m/s
[Solver Step 011000] t= 4.449 | Pos Err:    0.08 km | Vel Err:    0.00 m/s
[Solver Step 012000] t= 4.891 | Pos Err:    0.07 km | Vel Err:    0.04 m/s
[Solver Step 013000] t= 5.230 | Pos Err:    0.10 km | Vel Err:    0.00 m/s
[Solver Step 014000] t= 5.627 | Pos Err:    0.07 km | Vel Err:    0.00 m/s
[Solver Step 015000] t= 6.106 | Pos Err:    0.03 km | Vel Err:    0.02 m/s
[Solver Step 016000] t= 6.493 | Pos Err:    0.03 km | Vel Err:    0.00 m/s
[Solver Step 017000] t= 6.921 | Pos Err:    0.04 km | Vel Err:    0.00 m/s
[Solver Step 018000] t= 7.264 | Pos Err:    0.11 km | Vel Err:    0.11 m/s
[Solver Step 019000] t= 7.684 | Pos Err:    0.10 km | Vel Err:    0.00 m/s
[Solver Step 020000] t= 8.165 | Pos Err:    0.08 km | Vel Err:    0.00 m/s
[Solver Step 021000] t= 8.550 | Pos Err:    0.06 km | Vel Err:    0.03 m/s
[Solver Step 022000] t= 8.921 | Pos Err:    0.04 km | Vel Err:    0.00 m/s
[Solver Step 023000] t= 9.311 | Pos Err:    0.06 km | Vel Err:    0.00 m/s
[Solver Step 024000] t= 9.769 | Pos Err:    0.09 km | Vel Err:    0.03 m/s
[Solver Step 025000] t=10.171 | Pos Err:    0.10 km | Vel Err:    0.00 m/s
[Solver Step 026000] t=10.570 | Pos Err:    0.10 km | Vel Err:    0.00 m/s
[Solver Step 027000] t=10.930 | Pos Err:    0.14 km | Vel Err:    0.09 m/s
[Solver Step 028000] t=11.351 | Pos Err:    0.03 km | Vel Err:    0.00 m/s
[Solver Step 029000] t=11.805 | Pos Err:    0.05 km | Vel Err:    0.00 m/s
[Solver Step 030000] t=12.174 | Pos Err:    0.06 km | Vel Err:    0.03 m/s
[Solver Step 031000] t=12.565 | Pos Err:    0.09 km | Vel Err:    0.00 m/s
Completed [EARTH_ORBIT] Trajectory 233/600 | Saved 2584 samples | Total: 321344
[Solver Step 001000] t= 0.218 | Pos Err:   13.14 km | Vel Err:    0.36 m/s
[Solver Step 002000] t= 0.470 | Pos Err:    1.69 km | Vel Err:    0.04 m/s
[Solver Step 003000] t= 0.713 | Pos Err:    0.21 km | Vel Err:    0.02 m/s
[Solver Step 004000] t= 0.928 | Pos Err:    0.02 km | Vel Err:    0.00 m/s
[Solver Step 005000] t= 1.176 | Pos Err:    0.01 km | Vel Err:    0.00 m/s
[Solver Step 006000] t= 1.430 | Pos Err:    0.07 km | Vel Err:    0.04 m/s
[Solver Step 007000] t= 1.661 | Pos Err:    0.06 km | Vel Err:    0.00 m/s
[Solver Step 008000] t= 1.876 | Pos Err:    0.04 km | Vel Err:    0.00 m/s
[Solver Step 009000] t= 2.134 | Pos Err:    0.18 km | Vel Err:    0.11 m/s
[Solver Step 010000] t= 2.377 | Pos Err:    0.08 km | Vel Err:    0.00 m/s
[Solver Step 011000] t= 2.590 | Pos Err:    0.06 km | Vel Err:    0.00 m/s
[Solver Step 012000] t= 2.837 | Pos Err:    0.92 km | Vel Err:    0.77 m/s
[Solver Step 013000] t= 3.092 | Pos Err:    0.09 km | Vel Err:    0.00 m/s
[Solver Step 014000] t= 3.313 | Pos Err:    0.06 km | Vel Err:    0.00 m/s
[Solver Step 015000] t= 3.535 | Pos Err:    0.67 km | Vel Err:    0.54 m/s
[Solver Step 016000] t= 3.796 | Pos Err:    0.08 km | Vel Err:    0.00 m/s
[Solver Step 017000] t= 4.038 | Pos Err:    0.07 km | Vel Err:    0.00 m/s
[Solver Step 018000] t= 4.246 | Pos Err:    0.32 km | Vel Err:    0.22 m/s
[Solver Step 019000] t= 4.497 | Pos Err:    0.05 km | Vel Err:    0.02 m/s
[Solver Step 020000] t= 4.751 | Pos Err:    0.06 km | Vel Err:    0.00 m/s
[Solver Step 021000] t= 4.969 | Pos Err:    0.09 km | Vel Err:    0.11 m/s
[Solver Step 022000] t= 5.189 | Pos Err:    0.06 km | Vel Err:    0.01 m/s
[Solver Step 023000] t= 5.455 | Pos Err:    0.05 km | Vel Err:    0.00 m/s
[Solver Step 024000] t= 5.698 | Pos Err:    0.07 km | Vel Err:    0.12 m/s
[Solver Step 025000] t= 5.904 | Pos Err:    0.03 km | Vel Err:    0.00 m/s
[Solver Step 026000] t= 6.158 | Pos Err:    0.04 km | Vel Err:    0.00 m/s
[Solver Step 027000] t= 6.412 | Pos Err:    0.23 km | Vel Err:    0.24 m/s
[Solver Step 028000] t= 6.624 | Pos Err:    0.03 km | Vel Err:    0.00 m/s
[Solver Step 029000] t= 6.850 | Pos Err:    0.02 km | Vel Err:    0.00 m/s
Completed [TRANSFER] Trajectory 234/600 | Saved 2399 samples | Total: 323743
[Multiple Shooting] Converged in 2 iterations with residual 7.64e-13
[Solver Step 001000] t= 0.456 | Pos Err:    0.27 km | Vel Err:    0.01 m/s
[Solver Step 002000] t= 0.906 | Pos Err:    0.21 km | Vel Err:    0.00 m/s
[Solver Step 003000] t= 1.360 | Pos Err:    0.36 km | Vel Err:    0.01 m/s
[Solver Step 004000] t= 1.810 | Pos Err:    2.32 km | Vel Err:    0.05 m/s
[Solver Step 005000] t= 2.287 | Pos Err:    0.53 km | Vel Err:    0.01 m/s
[Solver Step 006000] t= 2.684 | Pos Err:    2.43 km | Vel Err:    0.04 m/s
[Solver Step 007000] t= 3.073 | Pos Err:   38.40 km | Vel Err:    0.84 m/s
Completed [HALO_L2] Trajectory 235/600 | Saved 598 samples | Total: 324341
[Solver Step 001000] t= 0.217 | Pos Err:    9.15 km | Vel Err:    0.20 m/s
[Solver Step 002000] t= 0.470 | Pos Err:    1.14 km | Vel Err:    0.03 m/s
[Solver Step 003000] t= 0.713 | Pos Err:    0.20 km | Vel Err:    0.03 m/s
[Solver Step 004000] t= 0.930 | Pos Err:    0.02 km | Vel Err:    0.00 m/s
[Solver Step 005000] t= 1.177 | Pos Err:    0.03 km | Vel Err:    0.00 m/s
[Solver Step 006000] t= 1.431 | Pos Err:    0.05 km | Vel Err:    0.04 m/s
[Solver Step 007000] t= 1.663 | Pos Err:    0.04 km | Vel Err:    0.00 m/s
[Solver Step 008000] t= 1.877 | Pos Err:    0.02 km | Vel Err:    0.00 m/s
[Solver Step 009000] t= 2.135 | Pos Err:    0.13 km | Vel Err:    0.09 m/s
[Solver Step 010000] t= 2.378 | Pos Err:    0.05 km | Vel Err:    0.00 m/s
[Solver Step 011000] t= 2.592 | Pos Err:    0.04 km | Vel Err:    0.00 m/s
[Solver Step 012000] t= 2.838 | Pos Err:    0.95 km | Vel Err:    0.80 m/s
[Solver Step 013000] t= 3.094 | Pos Err:    0.07 km | Vel Err:    0.00 m/s
[Solver Step 014000] t= 3.315 | Pos Err:    0.06 km | Vel Err:    0.00 m/s
[Solver Step 015000] t= 3.536 | Pos Err:    0.69 km | Vel Err:    0.53 m/s
[Solver Step 016000] t= 3.797 | Pos Err:    0.06 km | Vel Err:    0.00 m/s
[Solver Step 017000] t= 4.040 | Pos Err:    0.07 km | Vel Err:    0.00 m/s
[Solver Step 018000] t= 4.248 | Pos Err:    0.35 km | Vel Err:    0.21 m/s
[Solver Step 019000] t= 4.498 | Pos Err:    0.05 km | Vel Err:    0.02 m/s
[Solver Step 020000] t= 4.753 | Pos Err:    0.07 km | Vel Err:    0.00 m/s
[Solver Step 021000] t= 4.971 | Pos Err:    0.10 km | Vel Err:    0.11 m/s
[Solver Step 022000] t= 5.190 | Pos Err:    0.07 km | Vel Err:    0.01 m/s
[Solver Step 023000] t= 5.456 | Pos Err:    0.07 km | Vel Err:    0.00 m/s
[Solver Step 024000] t= 5.699 | Pos Err:    0.06 km | Vel Err:    0.12 m/s
[Solver Step 025000] t= 5.906 | Pos Err:    0.03 km | Vel Err:    0.00 m/s
[Solver Step 026000] t= 6.159 | Pos Err:    0.06 km | Vel Err:    0.00 m/s
[Solver Step 027000] t= 6.414 | Pos Err:    0.21 km | Vel Err:    0.24 m/s
[Solver Step 028000] t= 6.627 | Pos Err:    0.01 km | Vel Err:    0.00 m/s
[Solver Step 029000] t= 6.851 | Pos Err:    0.04 km | Vel Err:    0.00 m/s
Completed [TRANSFER] Trajectory 236/600 | Saved 2399 samples | Total: 326740
[Solver Step 001000] t= 0.417 | Pos Err:    2.83 km | Vel Err:    0.06 m/s
[Solver Step 002000] t= 0.821 | Pos Err:    0.08 km | Vel Err:    0.00 m/s
[Solver Step 003000] t= 1.261 | Pos Err:    0.08 km | Vel Err:    0.01 m/s
[Solver Step 004000] t= 1.609 | Pos Err:    0.09 km | Vel Err:    0.00 m/s
[Solver Step 005000] t= 1.995 | Pos Err:    0.08 km | Vel Err:    0.00 m/s
[Solver Step 006000] t= 2.448 | Pos Err:    0.04 km | Vel Err:    0.02 m/s
[Solver Step 007000] t= 2.849 | Pos Err:    0.02 km | Vel Err:    0.00 m/s
[Solver Step 008000] t= 3.245 | Pos Err:    0.03 km | Vel Err:    0.00 m/s
[Solver Step 009000] t= 3.621 | Pos Err:    0.09 km | Vel Err:    0.08 m/s
[Solver Step 010000] t= 4.036 | Pos Err:    0.09 km | Vel Err:    0.00 m/s
[Solver Step 011000] t= 4.454 | Pos Err:    0.09 km | Vel Err:    0.00 m/s
[Solver Step 012000] t= 4.897 | Pos Err:    0.07 km | Vel Err:    0.04 m/s
[Solver Step 013000] t= 5.235 | Pos Err:    0.05 km | Vel Err:    0.00 m/s
[Solver Step 014000] t= 5.634 | Pos Err:    0.04 km | Vel Err:    0.00 m/s
[Solver Step 015000] t= 6.112 | Pos Err:    0.08 km | Vel Err:    0.02 m/s
[Solver Step 016000] t= 6.499 | Pos Err:    0.09 km | Vel Err:    0.00 m/s
[Solver Step 017000] t= 6.926 | Pos Err:    0.10 km | Vel Err:    0.00 m/s
[Solver Step 018000] t= 7.270 | Pos Err:    0.16 km | Vel Err:    0.10 m/s
[Solver Step 019000] t= 7.691 | Pos Err:    0.02 km | Vel Err:    0.00 m/s
[Solver Step 020000] t= 8.170 | Pos Err:    0.04 km | Vel Err:    0.00 m/s
[Solver Step 021000] t= 8.555 | Pos Err:    0.04 km | Vel Err:    0.03 m/s
[Solver Step 022000] t= 8.923 | Pos Err:    0.08 km | Vel Err:    0.00 m/s
[Solver Step 023000] t= 9.317 | Pos Err:    0.09 km | Vel Err:    0.00 m/s
[Solver Step 024000] t= 9.776 | Pos Err:    0.06 km | Vel Err:    0.03 m/s
[Solver Step 025000] t=10.176 | Pos Err:    0.05 km | Vel Err:    0.00 m/s
[Solver Step 026000] t=10.576 | Pos Err:    0.03 km | Vel Err:    0.00 m/s
[Solver Step 027000] t=10.936 | Pos Err:    0.09 km | Vel Err:    0.09 m/s
[Solver Step 028000] t=11.355 | Pos Err:    0.10 km | Vel Err:    0.00 m/s
[Solver Step 029000] t=11.811 | Pos Err:    0.10 km | Vel Err:    0.00 m/s
[Solver Step 030000] t=12.180 | Pos Err:    0.08 km | Vel Err:    0.03 m/s
Completed [EARTH_ORBIT] Trajectory 237/600 | Saved 2583 samples | Total: 329323
[Multiple Shooting] Converged in 2 iterations with residual 2.19e-11
[Solver Step 001000] t= 0.420 | Pos Err:    0.62 km | Vel Err:    0.01 m/s
[Solver Step 002000] t= 0.924 | Pos Err:    1.04 km | Vel Err:    0.02 m/s
[Solver Step 003000] t= 1.414 | Pos Err:    5.86 km | Vel Err:    0.14 m/s
[Solver Step 004000] t= 1.745 | Pos Err:   67.02 km | Vel Err:    1.28 m/s
[Solver Step 005000] t= 2.222 | Pos Err:   10.29 km | Vel Err:    0.24 m/s
[Solver Step 006000] t= 2.677 | Pos Err:    1.73 km | Vel Err:    0.04 m/s
[Solver Step 007000] t= 3.077 | Pos Err:    9.72 km | Vel Err:    0.22 m/s
Completed [HALO_L1] Trajectory 238/600 | Saved 596 samples | Total: 329919
[Multiple Shooting] Converged in 8 iterations with residual 2.32e-14
[Solver Step 001000] t= 0.303 | Pos Err:  830.24 km | Vel Err:   18.10 m/s
[Solver Step 002000] t= 0.648 | Pos Err:  113.40 km | Vel Err:    2.36 m/s
[Solver Step 003000] t= 0.967 | Pos Err:  788.81 km | Vel Err:   13.97 m/s
[Solver Step 004000] t= 1.299 | Pos Err:  184.11 km | Vel Err:    4.15 m/s
[Solver Step 005000] t= 1.618 | Pos Err:  884.65 km | Vel Err:   14.68 m/s
[Solver Step 006000] t= 1.991 | Pos Err:  413.87 km | Vel Err:    7.77 m/s
[Solver Step 007000] t= 2.309 | Pos Err: 1385.40 km | Vel Err:   29.36 m/s
Completed [DRO] Trajectory 239/600 | Saved 614 samples | Total: 330533
[Solver Step 001000] t= 0.412 | Pos Err:    3.92 km | Vel Err:    0.09 m/s
[Solver Step 002000] t= 0.816 | Pos Err:    0.05 km | Vel Err:    0.00 m/s
[Solver Step 003000] t= 1.258 | Pos Err:    0.08 km | Vel Err:    0.01 m/s
[Solver Step 004000] t= 1.605 | Pos Err:    0.06 km | Vel Err:    0.00 m/s
[Solver Step 005000] t= 1.990 | Pos Err:    0.05 km | Vel Err:    0.00 m/s
[Solver Step 006000] t= 2.443 | Pos Err:    0.10 km | Vel Err:    0.02 m/s
[Solver Step 007000] t= 2.844 | Pos Err:    0.11 km | Vel Err:    0.00 m/s
[Solver Step 008000] t= 3.242 | Pos Err:    0.12 km | Vel Err:    0.00 m/s
[Solver Step 009000] t= 3.617 | Pos Err:    0.16 km | Vel Err:    0.08 m/s
[Solver Step 010000] t= 4.030 | Pos Err:    0.01 km | Vel Err:    0.00 m/s
[Solver Step 011000] t= 4.450 | Pos Err:    0.03 km | Vel Err:    0.00 m/s
[Solver Step 012000] t= 4.892 | Pos Err:    0.05 km | Vel Err:    0.04 m/s
[Solver Step 013000] t= 5.231 | Pos Err:    0.09 km | Vel Err:    0.00 m/s
[Solver Step 014000] t= 5.629 | Pos Err:    0.11 km | Vel Err:    0.00 m/s
[Solver Step 015000] t= 6.107 | Pos Err:    0.07 km | Vel Err:    0.02 m/s
[Solver Step 016000] t= 6.494 | Pos Err:    0.06 km | Vel Err:    0.00 m/s
[Solver Step 017000] t= 6.922 | Pos Err:    0.03 km | Vel Err:    0.00 m/s
[Solver Step 018000] t= 7.266 | Pos Err:    0.06 km | Vel Err:    0.10 m/s
[Solver Step 019000] t= 7.686 | Pos Err:    0.11 km | Vel Err:    0.00 m/s
[Solver Step 020000] t= 8.166 | Pos Err:    0.12 km | Vel Err:    0.00 m/s
[Solver Step 021000] t= 8.551 | Pos Err:    0.10 km | Vel Err:    0.03 m/s
[Solver Step 022000] t= 8.921 | Pos Err:    0.09 km | Vel Err:    0.00 m/s
[Solver Step 023000] t= 9.312 | Pos Err:    0.02 km | Vel Err:    0.00 m/s
[Solver Step 024000] t= 9.770 | Pos Err:    0.07 km | Vel Err:    0.03 m/s
[Solver Step 025000] t=10.172 | Pos Err:    0.09 km | Vel Err:    0.00 m/s
[Solver Step 026000] t=10.572 | Pos Err:    0.11 km | Vel Err:    0.00 m/s
[Solver Step 027000] t=10.931 | Pos Err:    0.18 km | Vel Err:    0.09 m/s
[Solver Step 028000] t=11.351 | Pos Err:    0.05 km | Vel Err:    0.00 m/s
[Solver Step 029000] t=11.806 | Pos Err:    0.01 km | Vel Err:    0.00 m/s
[Solver Step 030000] t=12.176 | Pos Err:    0.02 km | Vel Err:    0.03 m/s
[Solver Step 031000] t=12.566 | Pos Err:    0.06 km | Vel Err:    0.00 m/s
Completed [EARTH_ORBIT] Trajectory 240/600 | Saved 2584 samples | Total: 333117
[Solver Step 001000] t= 0.215 | Pos Err:   15.83 km | Vel Err:    0.27 m/s
[Solver Step 002000] t= 0.468 | Pos Err:    1.89 km | Vel Err:    0.05 m/s
[Solver Step 003000] t= 0.711 | Pos Err:    0.33 km | Vel Err:    0.04 m/s
[Solver Step 004000] t= 0.924 | Pos Err:    0.04 km | Vel Err:    0.00 m/s
[Solver Step 005000] t= 1.175 | Pos Err:    0.05 km | Vel Err:    0.00 m/s
[Solver Step 006000] t= 1.429 | Pos Err:    0.05 km | Vel Err:    0.05 m/s
[Solver Step 007000] t= 1.656 | Pos Err:    0.03 km | Vel Err:    0.00 m/s
[Solver Step 008000] t= 1.871 | Pos Err:    0.04 km | Vel Err:    0.00 m/s
[Solver Step 009000] t= 2.133 | Pos Err:    0.24 km | Vel Err:    0.19 m/s
[Solver Step 010000] t= 2.373 | Pos Err:    0.05 km | Vel Err:    0.00 m/s
[Solver Step 011000] t= 2.584 | Pos Err:    0.05 km | Vel Err:    0.00 m/s
[Solver Step 012000] t= 2.834 | Pos Err:    1.49 km | Vel Err:    1.23 m/s
[Solver Step 013000] t= 3.089 | Pos Err:    0.07 km | Vel Err:    0.00 m/s
[Solver Step 014000] t= 3.307 | Pos Err:    0.07 km | Vel Err:    0.00 m/s
[Solver Step 015000] t= 3.531 | Pos Err:    0.74 km | Vel Err:    0.58 m/s
[Solver Step 016000] t= 3.793 | Pos Err:    0.07 km | Vel Err:    0.01 m/s
[Solver Step 017000] t= 4.033 | Pos Err:    0.09 km | Vel Err:    0.00 m/s
[Solver Step 018000] t= 4.240 | Pos Err:    0.39 km | Vel Err:    0.23 m/s
[Solver Step 019000] t= 4.493 | Pos Err:    0.06 km | Vel Err:    0.02 m/s
[Solver Step 020000] t= 4.745 | Pos Err:    0.09 km | Vel Err:    0.00 m/s
[Solver Step 021000] t= 4.961 | Pos Err:    0.15 km | Vel Err:    0.12 m/s
[Solver Step 022000] t= 5.184 | Pos Err:    0.09 km | Vel Err:    0.01 m/s
[Solver Step 023000] t= 5.450 | Pos Err:    0.09 km | Vel Err:    0.00 m/s
[Solver Step 024000] t= 5.691 | Pos Err:    0.04 km | Vel Err:    0.11 m/s
[Solver Step 025000] t= 5.899 | Pos Err:    0.06 km | Vel Err:    0.01 m/s
[Solver Step 026000] t= 6.155 | Pos Err:    0.08 km | Vel Err:    0.00 m/s
[Solver Step 027000] t= 6.408 | Pos Err:    0.18 km | Vel Err:    0.24 m/s
[Solver Step 028000] t= 6.618 | Pos Err:    0.03 km | Vel Err:    0.00 m/s
[Solver Step 029000] t= 6.847 | Pos Err:    0.06 km | Vel Err:    0.00 m/s
Completed [TRANSFER] Trajectory 241/600 | Saved 2399 samples | Total: 335516
[Multiple Shooting] Converged in 3 iterations with residual 6.94e-11
[Solver Step 001000] t= 0.384 | Pos Err:    2.22 km | Vel Err:    0.05 m/s
[Solver Step 002000] t= 0.768 | Pos Err:    6.95 km | Vel Err:    0.13 m/s
[Solver Step 003000] t= 1.143 | Pos Err:    2.63 km | Vel Err:    0.08 m/s
[Solver Step 004000] t= 1.514 | Pos Err:   12.23 km | Vel Err:    0.24 m/s
[Solver Step 005000] t= 1.897 | Pos Err:    1.58 km | Vel Err:    0.04 m/s
[Solver Step 006000] t= 2.282 | Pos Err:   14.88 km | Vel Err:    0.26 m/s
Completed [DRO] Trajectory 242/600 | Saved 550 samples | Total: 336066
[Solver Step 001000] t= 0.417 | Pos Err:    1.94 km | Vel Err:    0.05 m/s
[Solver Step 002000] t= 0.821 | Pos Err:    0.05 km | Vel Err:    0.00 m/s
[Solver Step 003000] t= 1.261 | Pos Err:    0.08 km | Vel Err:    0.01 m/s
[Solver Step 004000] t= 1.609 | Pos Err:    0.08 km | Vel Err:    0.00 m/s
[Solver Step 005000] t= 1.995 | Pos Err:    0.04 km | Vel Err:    0.00 m/s
[Solver Step 006000] t= 2.447 | Pos Err:    0.04 km | Vel Err:    0.02 m/s
[Solver Step 007000] t= 2.849 | Pos Err:    0.05 km | Vel Err:    0.00 m/s
[Solver Step 008000] t= 3.245 | Pos Err:    0.06 km | Vel Err:    0.00 m/s
[Solver Step 009000] t= 3.621 | Pos Err:    0.12 km | Vel Err:    0.08 m/s
[Solver Step 010000] t= 4.035 | Pos Err:    0.07 km | Vel Err:    0.00 m/s
[Solver Step 011000] t= 4.454 | Pos Err:    0.06 km | Vel Err:    0.00 m/s
[Solver Step 012000] t= 4.897 | Pos Err:    0.03 km | Vel Err:    0.04 m/s
[Solver Step 013000] t= 5.235 | Pos Err:    0.03 km | Vel Err:    0.00 m/s
[Solver Step 014000] t= 5.633 | Pos Err:    0.07 km | Vel Err:    0.00 m/s
[Solver Step 015000] t= 6.112 | Pos Err:    0.08 km | Vel Err:    0.02 m/s
[Solver Step 016000] t= 6.499 | Pos Err:    0.08 km | Vel Err:    0.00 m/s
[Solver Step 017000] t= 6.926 | Pos Err:    0.08 km | Vel Err:    0.00 m/s
[Solver Step 018000] t= 7.270 | Pos Err:    0.13 km | Vel Err:    0.10 m/s
[Solver Step 019000] t= 7.691 | Pos Err:    0.05 km | Vel Err:    0.00 m/s
[Solver Step 020000] t= 8.169 | Pos Err:    0.06 km | Vel Err:    0.00 m/s
[Solver Step 021000] t= 8.555 | Pos Err:    0.06 km | Vel Err:    0.03 m/s
[Solver Step 022000] t= 8.923 | Pos Err:    0.08 km | Vel Err:    0.00 m/s
[Solver Step 023000] t= 9.317 | Pos Err:    0.06 km | Vel Err:    0.00 m/s
[Solver Step 024000] t= 9.776 | Pos Err:    0.04 km | Vel Err:    0.03 m/s
[Solver Step 025000] t=10.176 | Pos Err:    0.04 km | Vel Err:    0.00 m/s
[Solver Step 026000] t=10.576 | Pos Err:    0.04 km | Vel Err:    0.00 m/s
[Solver Step 027000] t=10.935 | Pos Err:    0.13 km | Vel Err:    0.09 m/s
[Solver Step 028000] t=11.354 | Pos Err:    0.08 km | Vel Err:    0.00 m/s
[Solver Step 029000] t=11.811 | Pos Err:    0.07 km | Vel Err:    0.00 m/s
[Solver Step 030000] t=12.180 | Pos Err:    0.05 km | Vel Err:    0.03 m/s
Completed [EARTH_ORBIT] Trajectory 243/600 | Saved 2583 samples | Total: 338649
[Multiple Shooting] Converged in 2 iterations with residual 1.64e-15
[Solver Step 001000] t= 0.461 | Pos Err:    0.24 km | Vel Err:    0.00 m/s
[Solver Step 002000] t= 1.004 | Pos Err:    0.13 km | Vel Err:    0.00 m/s
[Solver Step 003000] t= 1.604 | Pos Err:    0.07 km | Vel Err:    0.01 m/s
[Solver Step 004000] t= 2.079 | Pos Err:    0.09 km | Vel Err:    0.00 m/s
[Solver Step 005000] t= 2.505 | Pos Err:    0.32 km | Vel Err:    0.01 m/s
[Solver Step 006000] t= 3.043 | Pos Err:    4.81 km | Vel Err:    0.12 m/s
Completed [HALO_L2] Trajectory 244/600 | Saved 515 samples | Total: 339164
[Solver Step 001000] t= 0.215 | Pos Err:   21.32 km | Vel Err:    0.50 m/s
[Solver Step 002000] t= 0.469 | Pos Err:    2.59 km | Vel Err:    0.04 m/s
[Solver Step 003000] t= 0.711 | Pos Err:    0.36 km | Vel Err:    0.05 m/s
[Solver Step 004000] t= 0.930 | Pos Err:    0.04 km | Vel Err:    0.00 m/s
[Solver Step 005000] t= 1.177 | Pos Err:    0.07 km | Vel Err:    0.00 m/s
[Solver Step 006000] t= 1.430 | Pos Err:    0.03 km | Vel Err:    0.03 m/s
[Solver Step 007000] t= 1.660 | Pos Err:    0.03 km | Vel Err:    0.00 m/s
[Solver Step 008000] t= 1.876 | Pos Err:    0.05 km | Vel Err:    0.00 m/s
[Solver Step 009000] t= 2.133 | Pos Err:    0.08 km | Vel Err:    0.09 m/s
[Solver Step 010000] t= 2.374 | Pos Err:    0.02 km | Vel Err:    0.00 m/s
[Solver Step 011000] t= 2.586 | Pos Err:    0.04 km | Vel Err:    0.00 m/s
[Solver Step 012000] t= 2.834 | Pos Err:    1.55 km | Vel Err:    1.23 m/s
[Solver Step 013000] t= 3.089 | Pos Err:    0.02 km | Vel Err:    0.00 m/s
[Solver Step 014000] t= 3.307 | Pos Err:    0.05 km | Vel Err:    0.00 m/s
[Solver Step 015000] t= 3.531 | Pos Err:    0.80 km | Vel Err:    0.58 m/s
[Solver Step 016000] t= 3.793 | Pos Err:    0.02 km | Vel Err:    0.01 m/s
[Solver Step 017000] t= 4.033 | Pos Err:    0.07 km | Vel Err:    0.00 m/s
[Solver Step 018000] t= 4.240 | Pos Err:    0.44 km | Vel Err:    0.23 m/s
[Solver Step 019000] t= 4.494 | Pos Err:    0.06 km | Vel Err:    0.02 m/s
[Solver Step 020000] t= 4.747 | Pos Err:    0.08 km | Vel Err:    0.00 m/s
[Solver Step 021000] t= 4.963 | Pos Err:    0.20 km | Vel Err:    0.11 m/s
[Solver Step 022000] t= 5.186 | Pos Err:    0.08 km | Vel Err:    0.01 m/s
[Solver Step 023000] t= 5.451 | Pos Err:    0.09 km | Vel Err:    0.00 m/s
[Solver Step 024000] t= 5.693 | Pos Err:    0.09 km | Vel Err:    0.11 m/s
[Solver Step 025000] t= 5.899 | Pos Err:    0.07 km | Vel Err:    0.01 m/s
[Solver Step 026000] t= 6.155 | Pos Err:    0.08 km | Vel Err:    0.00 m/s
[Solver Step 027000] t= 6.408 | Pos Err:    0.18 km | Vel Err:    0.24 m/s
[Solver Step 028000] t= 6.618 | Pos Err:    0.06 km | Vel Err:    0.00 m/s
[Solver Step 029000] t= 6.846 | Pos Err:    0.09 km | Vel Err:    0.00 m/s
Completed [TRANSFER] Trajectory 245/600 | Saved 2399 samples | Total: 341563
[Solver Step 001000] t= 0.420 | Pos Err:    0.33 km | Vel Err:    0.01 m/s
[Solver Step 002000] t= 0.794 | Pos Err:    0.06 km | Vel Err:    0.00 m/s
[Solver Step 003000] t= 1.103 | Pos Err:    0.01 km | Vel Err:    0.04 m/s
[Solver Step 004000] t= 1.556 | Pos Err:    0.05 km | Vel Err:    0.00 m/s
[Solver Step 005000] t= 2.107 | Pos Err:    0.06 km | Vel Err:    0.00 m/s
[Solver Step 006000] t= 2.519 | Pos Err:    0.05 km | Vel Err:    0.01 m/s
[Solver Step 007000] t= 3.020 | Pos Err:    0.05 km | Vel Err:    0.00 m/s
[Solver Step 008000] t= 3.573 | Pos Err:    0.05 km | Vel Err:    0.00 m/s
[Solver Step 009000] t= 4.061 | Pos Err:    0.05 km | Vel Err:    0.01 m/s
[Solver Step 010000] t= 4.464 | Pos Err:    0.05 km | Vel Err:    0.00 m/s
[Solver Step 011000] t= 5.002 | Pos Err:    0.05 km | Vel Err:    0.00 m/s
[Solver Step 012000] t= 5.590 | Pos Err:    0.03 km | Vel Err:    0.05 m/s
[Solver Step 013000] t= 6.070 | Pos Err:    0.05 km | Vel Err:    0.00 m/s
[Solver Step 014000] t= 6.472 | Pos Err:    0.05 km | Vel Err:    0.00 m/s
[Solver Step 015000] t= 7.031 | Pos Err:    0.03 km | Vel Err:    0.08 m/s
Completed [MOON_ORBIT] Trajectory 246/600 | Saved 1313 samples | Total: 342876
[Multiple Shooting] Converged in 2 iterations with residual 2.61e-11
[Solver Step 001000] t= 0.414 | Pos Err:    0.86 km | Vel Err:    0.02 m/s
[Solver Step 002000] t= 0.918 | Pos Err:    3.74 km | Vel Err:    0.07 m/s
[Solver Step 003000] t= 1.365 | Pos Err:   54.12 km | Vel Err:    1.10 m/s
[Solver Step 004000] t= 1.746 | Pos Err:   94.13 km | Vel Err:    1.98 m/s
[Solver Step 005000] t= 2.242 | Pos Err:    1.54 km | Vel Err:    0.04 m/s
[Solver Step 006000] t= 2.645 | Pos Err:    0.23 km | Vel Err:    0.00 m/s
[Solver Step 007000] t= 3.087 | Pos Err:    7.13 km | Vel Err:    0.16 m/s
Completed [HALO_L1] Trajectory 247/600 | Saved 593 samples | Total: 343469
[Solver Step 001000] t= 0.215 | Pos Err:   24.02 km | Vel Err:    0.62 m/s
[Solver Step 002000] t= 0.469 | Pos Err:    2.92 km | Vel Err:    0.06 m/s
[Solver Step 003000] t= 0.713 | Pos Err:    0.38 km | Vel Err:    0.04 m/s
[Solver Step 004000] t= 0.928 | Pos Err:    0.04 km | Vel Err:    0.00 m/s
[Solver Step 005000] t= 1.177 | Pos Err:    0.08 km | Vel Err:    0.00 m/s
[Solver Step 006000] t= 1.430 | Pos Err:    0.05 km | Vel Err:    0.03 m/s
[Solver Step 007000] t= 1.660 | Pos Err:    0.05 km | Vel Err:    0.00 m/s
[Solver Step 008000] t= 1.874 | Pos Err:    0.07 km | Vel Err:    0.00 m/s
[Solver Step 009000] t= 2.133 | Pos Err:    0.09 km | Vel Err:    0.11 m/s
[Solver Step 010000] t= 2.376 | Pos Err:    0.03 km | Vel Err:    0.00 m/s
[Solver Step 011000] t= 2.588 | Pos Err:    0.04 km | Vel Err:    0.00 m/s
[Solver Step 012000] t= 2.836 | Pos Err:    1.08 km | Vel Err:    0.84 m/s
[Solver Step 013000] t= 3.091 | Pos Err:    0.02 km | Vel Err:    0.00 m/s
[Solver Step 014000] t= 3.311 | Pos Err:    0.05 km | Vel Err:    0.00 m/s
[Solver Step 015000] t= 3.533 | Pos Err:    0.79 km | Vel Err:    0.56 m/s
[Solver Step 016000] t= 3.795 | Pos Err:    0.02 km | Vel Err:    0.01 m/s
[Solver Step 017000] t= 4.037 | Pos Err:    0.06 km | Vel Err:    0.00 m/s
[Solver Step 018000] t= 4.244 | Pos Err:    0.43 km | Vel Err:    0.22 m/s
[Solver Step 019000] t= 4.496 | Pos Err:    0.07 km | Vel Err:    0.02 m/s
[Solver Step 020000] t= 4.752 | Pos Err:    0.08 km | Vel Err:    0.00 m/s
[Solver Step 021000] t= 4.967 | Pos Err:    0.19 km | Vel Err:    0.11 m/s
[Solver Step 022000] t= 5.188 | Pos Err:    0.07 km | Vel Err:    0.01 m/s
[Solver Step 023000] t= 5.454 | Pos Err:    0.09 km | Vel Err:    0.00 m/s
[Solver Step 024000] t= 5.696 | Pos Err:    0.11 km | Vel Err:    0.12 m/s
[Solver Step 025000] t= 5.905 | Pos Err:    0.07 km | Vel Err:    0.00 m/s
[Solver Step 026000] t= 6.158 | Pos Err:    0.08 km | Vel Err:    0.00 m/s
[Solver Step 027000] t= 6.412 | Pos Err:    0.20 km | Vel Err:    0.24 m/s
[Solver Step 028000] t= 6.625 | Pos Err:    0.07 km | Vel Err:    0.00 m/s
[Solver Step 029000] t= 6.850 | Pos Err:    0.10 km | Vel Err:    0.00 m/s
Completed [TRANSFER] Trajectory 248/600 | Saved 2399 samples | Total: 345868
[Solver Step 001000] t= 0.218 | Pos Err:   13.83 km | Vel Err:    0.21 m/s
[Solver Step 002000] t= 0.470 | Pos Err:    1.65 km | Vel Err:    0.03 m/s
[Solver Step 003000] t= 0.713 | Pos Err:    0.21 km | Vel Err:    0.03 m/s
[Solver Step 004000] t= 0.930 | Pos Err:    0.01 km | Vel Err:    0.00 m/s
[Solver Step 005000] t= 1.177 | Pos Err:    0.05 km | Vel Err:    0.00 m/s
[Solver Step 006000] t= 1.431 | Pos Err:    0.08 km | Vel Err:    0.04 m/s
[Solver Step 007000] t= 1.663 | Pos Err:    0.07 km | Vel Err:    0.00 m/s
[Solver Step 008000] t= 1.877 | Pos Err:    0.06 km | Vel Err:    0.00 m/s
[Solver Step 009000] t= 2.135 | Pos Err:    0.15 km | Vel Err:    0.09 m/s
[Solver Step 010000] t= 2.378 | Pos Err:    0.07 km | Vel Err:    0.00 m/s
[Solver Step 011000] t= 2.592 | Pos Err:    0.05 km | Vel Err:    0.00 m/s
[Solver Step 012000] t= 2.838 | Pos Err:    1.01 km | Vel Err:    0.80 m/s
[Solver Step 013000] t= 3.094 | Pos Err:    0.07 km | Vel Err:    0.00 m/s
[Solver Step 014000] t= 3.315 | Pos Err:    0.03 km | Vel Err:    0.00 m/s
[Solver Step 015000] t= 3.536 | Pos Err:    0.68 km | Vel Err:    0.53 m/s
[Solver Step 016000] t= 3.797 | Pos Err:    0.06 km | Vel Err:    0.00 m/s
[Solver Step 017000] t= 4.040 | Pos Err:    0.03 km | Vel Err:    0.00 m/s
[Solver Step 018000] t= 4.248 | Pos Err:    0.34 km | Vel Err:    0.21 m/s
[Solver Step 019000] t= 4.498 | Pos Err:    0.03 km | Vel Err:    0.02 m/s
[Solver Step 020000] t= 4.753 | Pos Err:    0.01 km | Vel Err:    0.00 m/s
[Solver Step 021000] t= 4.971 | Pos Err:    0.13 km | Vel Err:    0.11 m/s
[Solver Step 022000] t= 5.190 | Pos Err:    0.02 km | Vel Err:    0.01 m/s
[Solver Step 023000] t= 5.456 | Pos Err:    0.02 km | Vel Err:    0.00 m/s
[Solver Step 024000] t= 5.699 | Pos Err:    0.11 km | Vel Err:    0.12 m/s
[Solver Step 025000] t= 5.906 | Pos Err:    0.04 km | Vel Err:    0.00 m/s
[Solver Step 026000] t= 6.159 | Pos Err:    0.02 km | Vel Err:    0.00 m/s
[Solver Step 027000] t= 6.414 | Pos Err:    0.26 km | Vel Err:    0.24 m/s
[Solver Step 028000] t= 6.627 | Pos Err:    0.06 km | Vel Err:    0.00 m/s
[Solver Step 029000] t= 6.851 | Pos Err:    0.04 km | Vel Err:    0.00 m/s
Completed [TRANSFER] Trajectory 249/600 | Saved 2399 samples | Total: 348267
[Solver Step 001000] t= 0.416 | Pos Err:    0.51 km | Vel Err:    0.01 m/s
[Solver Step 002000] t= 0.820 | Pos Err:    0.06 km | Vel Err:    0.00 m/s
[Solver Step 003000] t= 1.260 | Pos Err:    0.05 km | Vel Err:    0.01 m/s
[Solver Step 004000] t= 1.608 | Pos Err:    0.05 km | Vel Err:    0.00 m/s
[Solver Step 005000] t= 1.994 | Pos Err:    0.05 km | Vel Err:    0.00 m/s
[Solver Step 006000] t= 2.446 | Pos Err:    0.06 km | Vel Err:    0.02 m/s
[Solver Step 007000] t= 2.848 | Pos Err:    0.06 km | Vel Err:    0.00 m/s
[Solver Step 008000] t= 3.245 | Pos Err:    0.06 km | Vel Err:    0.00 m/s
[Solver Step 009000] t= 3.620 | Pos Err:    0.11 km | Vel Err:    0.08 m/s
[Solver Step 010000] t= 4.034 | Pos Err:    0.05 km | Vel Err:    0.00 m/s
[Solver Step 011000] t= 4.453 | Pos Err:    0.06 km | Vel Err:    0.00 m/s
[Solver Step 012000] t= 4.896 | Pos Err:    0.04 km | Vel Err:    0.04 m/s
[Solver Step 013000] t= 5.234 | Pos Err:    0.06 km | Vel Err:    0.00 m/s
[Solver Step 014000] t= 5.632 | Pos Err:    0.05 km | Vel Err:    0.00 m/s
[Solver Step 015000] t= 6.111 | Pos Err:    0.05 km | Vel Err:    0.02 m/s
[Solver Step 016000] t= 6.498 | Pos Err:    0.05 km | Vel Err:    0.00 m/s
[Solver Step 017000] t= 6.925 | Pos Err:    0.06 km | Vel Err:    0.00 m/s
[Solver Step 018000] t= 7.269 | Pos Err:    0.12 km | Vel Err:    0.10 m/s
[Solver Step 019000] t= 7.690 | Pos Err:    0.06 km | Vel Err:    0.00 m/s
[Solver Step 020000] t= 8.168 | Pos Err:    0.06 km | Vel Err:    0.00 m/s
[Solver Step 021000] t= 8.554 | Pos Err:    0.04 km | Vel Err:    0.03 m/s
[Solver Step 022000] t= 8.923 | Pos Err:    0.06 km | Vel Err:    0.00 m/s
[Solver Step 023000] t= 9.316 | Pos Err:    0.05 km | Vel Err:    0.00 m/s
[Solver Step 024000] t= 9.774 | Pos Err:    0.05 km | Vel Err:    0.03 m/s
[Solver Step 025000] t=10.175 | Pos Err:    0.06 km | Vel Err:    0.00 m/s
[Solver Step 026000] t=10.575 | Pos Err:    0.06 km | Vel Err:    0.00 m/s
[Solver Step 027000] t=10.934 | Pos Err:    0.12 km | Vel Err:    0.09 m/s
[Solver Step 028000] t=11.354 | Pos Err:    0.05 km | Vel Err:    0.00 m/s
[Solver Step 029000] t=11.810 | Pos Err:    0.05 km | Vel Err:    0.00 m/s
[Solver Step 030000] t=12.179 | Pos Err:    0.04 km | Vel Err:    0.03 m/s
Completed [EARTH_ORBIT] Trajectory 250/600 | Saved 2583 samples | Total: 350850
[Multiple Shooting] Converged in 3 iterations with residual 3.87e-12
[Solver Step 001000] t= 0.395 | Pos Err:    3.67 km | Vel Err:    0.08 m/s
[Solver Step 002000] t= 0.782 | Pos Err:    4.70 km | Vel Err:    0.07 m/s
[Solver Step 003000] t= 1.161 | Pos Err:    0.86 km | Vel Err:    0.05 m/s
[Solver Step 004000] t= 1.537 | Pos Err:    7.44 km | Vel Err:    0.13 m/s
[Solver Step 005000] t= 1.927 | Pos Err:    0.65 km | Vel Err:    0.01 m/s
[Solver Step 006000] t= 2.316 | Pos Err:   24.40 km | Vel Err:    0.51 m/s
Completed [DRO] Trajectory 251/600 | Saved 548 samples | Total: 351398
[Solver Step 001000] t= 0.218 | Pos Err:   16.71 km | Vel Err:    0.39 m/s
[Solver Step 002000] t= 0.470 | Pos Err:    2.02 km | Vel Err:    0.03 m/s
[Solver Step 003000] t= 0.713 | Pos Err:    0.28 km | Vel Err:    0.04 m/s
[Solver Step 004000] t= 0.928 | Pos Err:    0.03 km | Vel Err:    0.00 m/s
[Solver Step 005000] t= 1.176 | Pos Err:    0.06 km | Vel Err:    0.00 m/s
[Solver Step 006000] t= 1.430 | Pos Err:    0.03 km | Vel Err:    0.04 m/s
[Solver Step 007000] t= 1.659 | Pos Err:    0.03 km | Vel Err:    0.00 m/s
[Solver Step 008000] t= 1.875 | Pos Err:    0.04 km | Vel Err:    0.00 m/s
[Solver Step 009000] t= 2.135 | Pos Err:    0.09 km | Vel Err:    0.09 m/s
[Solver Step 010000] t= 2.378 | Pos Err:    0.01 km | Vel Err:    0.00 m/s
[Solver Step 011000] t= 2.590 | Pos Err:    0.03 km | Vel Err:    0.00 m/s
[Solver Step 012000] t= 2.837 | Pos Err:    0.96 km | Vel Err:    0.76 m/s
[Solver Step 013000] t= 3.092 | Pos Err:    0.02 km | Vel Err:    0.00 m/s
[Solver Step 014000] t= 3.313 | Pos Err:    0.04 km | Vel Err:    0.00 m/s
[Solver Step 015000] t= 3.535 | Pos Err:    0.76 km | Vel Err:    0.55 m/s
[Solver Step 016000] t= 3.796 | Pos Err:    0.02 km | Vel Err:    0.00 m/s
[Solver Step 017000] t= 4.036 | Pos Err:    0.06 km | Vel Err:    0.00 m/s
[Solver Step 018000] t= 4.246 | Pos Err:    0.40 km | Vel Err:    0.22 m/s
[Solver Step 019000] t= 4.497 | Pos Err:    0.06 km | Vel Err:    0.02 m/s
[Solver Step 020000] t= 4.751 | Pos Err:    0.08 km | Vel Err:    0.00 m/s
[Solver Step 021000] t= 4.969 | Pos Err:    0.17 km | Vel Err:    0.11 m/s
[Solver Step 022000] t= 5.189 | Pos Err:    0.07 km | Vel Err:    0.01 m/s
[Solver Step 023000] t= 5.455 | Pos Err:    0.08 km | Vel Err:    0.00 m/s
[Solver Step 024000] t= 5.698 | Pos Err:    0.09 km | Vel Err:    0.12 m/s
[Solver Step 025000] t= 5.904 | Pos Err:    0.05 km | Vel Err:    0.00 m/s
[Solver Step 026000] t= 6.158 | Pos Err:    0.07 km | Vel Err:    0.00 m/s
[Solver Step 027000] t= 6.412 | Pos Err:    0.19 km | Vel Err:    0.24 m/s
[Solver Step 028000] t= 6.624 | Pos Err:    0.05 km | Vel Err:    0.00 m/s
[Solver Step 029000] t= 6.850 | Pos Err:    0.07 km | Vel Err:    0.00 m/s
Completed [TRANSFER] Trajectory 252/600 | Saved 2399 samples | Total: 353797
[Solver Step 001000] t= 0.412 | Pos Err:    2.57 km | Vel Err:    0.06 m/s
[Solver Step 002000] t= 0.816 | Pos Err:    0.05 km | Vel Err:    0.00 m/s
[Solver Step 003000] t= 1.258 | Pos Err:    0.07 km | Vel Err:    0.01 m/s
[Solver Step 004000] t= 1.605 | Pos Err:    0.05 km | Vel Err:    0.00 m/s
[Solver Step 005000] t= 1.990 | Pos Err:    0.05 km | Vel Err:    0.00 m/s
[Solver Step 006000] t= 2.443 | Pos Err:    0.09 km | Vel Err:    0.02 m/s
[Solver Step 007000] t= 2.845 | Pos Err:    0.09 km | Vel Err:    0.00 m/s
[Solver Step 008000] t= 3.243 | Pos Err:    0.10 km | Vel Err:    0.00 m/s
[Solver Step 009000] t= 3.617 | Pos Err:    0.14 km | Vel Err:    0.08 m/s
[Solver Step 010000] t= 4.031 | Pos Err:    0.01 km | Vel Err:    0.00 m/s
[Solver Step 011000] t= 4.451 | Pos Err:    0.04 km | Vel Err:    0.00 m/s
[Solver Step 012000] t= 4.893 | Pos Err:    0.04 km | Vel Err:    0.04 m/s
[Solver Step 013000] t= 5.231 | Pos Err:    0.08 km | Vel Err:    0.00 m/s
[Solver Step 014000] t= 5.629 | Pos Err:    0.09 km | Vel Err:    0.00 m/s
[Solver Step 015000] t= 6.108 | Pos Err:    0.06 km | Vel Err:    0.02 m/s
[Solver Step 016000] t= 6.495 | Pos Err:    0.04 km | Vel Err:    0.00 m/s
[Solver Step 017000] t= 6.922 | Pos Err:    0.03 km | Vel Err:    0.00 m/s
[Solver Step 018000] t= 7.266 | Pos Err:    0.08 km | Vel Err:    0.10 m/s
[Solver Step 019000] t= 7.686 | Pos Err:    0.09 km | Vel Err:    0.00 m/s
[Solver Step 020000] t= 8.166 | Pos Err:    0.09 km | Vel Err:    0.00 m/s
[Solver Step 021000] t= 8.551 | Pos Err:    0.08 km | Vel Err:    0.03 m/s
[Solver Step 022000] t= 8.921 | Pos Err:    0.07 km | Vel Err:    0.00 m/s
[Solver Step 023000] t= 9.313 | Pos Err:    0.02 km | Vel Err:    0.00 m/s
[Solver Step 024000] t= 9.771 | Pos Err:    0.06 km | Vel Err:    0.03 m/s
[Solver Step 025000] t=10.172 | Pos Err:    0.08 km | Vel Err:    0.00 m/s
[Solver Step 026000] t=10.572 | Pos Err:    0.09 km | Vel Err:    0.00 m/s
[Solver Step 027000] t=10.931 | Pos Err:    0.16 km | Vel Err:    0.09 m/s
[Solver Step 028000] t=11.352 | Pos Err:    0.04 km | Vel Err:    0.00 m/s
[Solver Step 029000] t=11.807 | Pos Err:    0.02 km | Vel Err:    0.00 m/s
[Solver Step 030000] t=12.176 | Pos Err:    0.02 km | Vel Err:    0.03 m/s
[Solver Step 031000] t=12.566 | Pos Err:    0.06 km | Vel Err:    0.00 m/s
Completed [EARTH_ORBIT] Trajectory 253/600 | Saved 2584 samples | Total: 356381
[Solver Step 001000] t= 0.410 | Pos Err:    3.94 km | Vel Err:    0.09 m/s
[Solver Step 002000] t= 0.815 | Pos Err:    0.08 km | Vel Err:    0.00 m/s
[Solver Step 003000] t= 1.257 | Pos Err:    0.06 km | Vel Err:    0.01 m/s
[Solver Step 004000] t= 1.603 | Pos Err:    0.03 km | Vel Err:    0.00 m/s
[Solver Step 005000] t= 1.989 | Pos Err:    0.07 km | Vel Err:    0.00 m/s
[Solver Step 006000] t= 2.442 | Pos Err:    0.11 km | Vel Err:    0.02 m/s
[Solver Step 007000] t= 2.843 | Pos Err:    0.12 km | Vel Err:    0.00 m/s
[Solver Step 008000] t= 3.242 | Pos Err:    0.11 km | Vel Err:    0.00 m/s
[Solver Step 009000] t= 3.615 | Pos Err:    0.15 km | Vel Err:    0.08 m/s
[Solver Step 010000] t= 4.029 | Pos Err:    0.03 km | Vel Err:    0.00 m/s
[Solver Step 011000] t= 4.449 | Pos Err:    0.06 km | Vel Err:    0.00 m/s
[Solver Step 012000] t= 4.891 | Pos Err:    0.07 km | Vel Err:    0.04 m/s
[Solver Step 013000] t= 5.230 | Pos Err:    0.10 km | Vel Err:    0.00 m/s
[Solver Step 014000] t= 5.627 | Pos Err:    0.10 km | Vel Err:    0.00 m/s
[Solver Step 015000] t= 6.106 | Pos Err:    0.05 km | Vel Err:    0.02 m/s
[Solver Step 016000] t= 6.493 | Pos Err:    0.03 km | Vel Err:    0.00 m/s
[Solver Step 017000] t= 6.920 | Pos Err:    0.00 km | Vel Err:    0.00 m/s
[Solver Step 018000] t= 7.264 | Pos Err:    0.07 km | Vel Err:    0.11 m/s
[Solver Step 019000] t= 7.684 | Pos Err:    0.12 km | Vel Err:    0.00 m/s
[Solver Step 020000] t= 8.164 | Pos Err:    0.11 km | Vel Err:    0.00 m/s
[Solver Step 021000] t= 8.549 | Pos Err:    0.09 km | Vel Err:    0.03 m/s
[Solver Step 022000] t= 8.920 | Pos Err:    0.07 km | Vel Err:    0.00 m/s
[Solver Step 023000] t= 9.311 | Pos Err:    0.04 km | Vel Err:    0.00 m/s
[Solver Step 024000] t= 9.769 | Pos Err:    0.09 km | Vel Err:    0.03 m/s
[Solver Step 025000] t=10.171 | Pos Err:    0.11 km | Vel Err:    0.00 m/s
[Solver Step 026000] t=10.570 | Pos Err:    0.11 km | Vel Err:    0.00 m/s
[Solver Step 027000] t=10.930 | Pos Err:    0.17 km | Vel Err:    0.09 m/s
[Solver Step 028000] t=11.350 | Pos Err:    0.02 km | Vel Err:    0.00 m/s
[Solver Step 029000] t=11.805 | Pos Err:    0.02 km | Vel Err:    0.00 m/s
[Solver Step 030000] t=12.174 | Pos Err:    0.04 km | Vel Err:    0.03 m/s
[Solver Step 031000] t=12.565 | Pos Err:    0.08 km | Vel Err:    0.00 m/s
Completed [EARTH_ORBIT] Trajectory 254/600 | Saved 2584 samples | Total: 358965
[Multiple Shooting] Converged in 2 iterations with residual 2.94e-11
[Solver Step 001000] t= 0.465 | Pos Err:    0.44 km | Vel Err:    0.01 m/s
[Solver Step 002000] t= 0.879 | Pos Err:    0.36 km | Vel Err:    0.01 m/s
[Solver Step 003000] t= 1.346 | Pos Err:    0.47 km | Vel Err:    0.02 m/s
[Solver Step 004000] t= 1.780 | Pos Err:   15.52 km | Vel Err:    0.34 m/s
[Solver Step 005000] t= 2.166 | Pos Err:  356.97 km | Vel Err:    6.94 m/s
[Solver Step 006000] t= 2.565 | Pos Err:  185.29 km | Vel Err:    4.27 m/s
[Solver Step 007000] t= 3.063 | Pos Err:   73.85 km | Vel Err:    1.64 m/s
Completed [HALO_L1] Trajectory 255/600 | Saved 596 samples | Total: 359561
[Solver Step 001000] t= 0.219 | Pos Err:   22.08 km | Vel Err:    0.59 m/s
[Solver Step 002000] t= 0.472 | Pos Err:    2.83 km | Vel Err:    0.09 m/s
[Solver Step 003000] t= 0.714 | Pos Err:    0.40 km | Vel Err:    0.01 m/s
[Solver Step 004000] t= 0.932 | Pos Err:    0.03 km | Vel Err:    0.01 m/s
[Solver Step 005000] t= 1.178 | Pos Err:    0.03 km | Vel Err:    0.00 m/s
[Solver Step 006000] t= 1.431 | Pos Err:    0.10 km | Vel Err:    0.05 m/s
[Solver Step 007000] t= 1.662 | Pos Err:    0.08 km | Vel Err:    0.00 m/s
[Solver Step 008000] t= 1.877 | Pos Err:    0.06 km | Vel Err:    0.00 m/s
[Solver Step 009000] t= 2.135 | Pos Err:    0.22 km | Vel Err:    0.14 m/s
[Solver Step 010000] t= 2.381 | Pos Err:    0.10 km | Vel Err:    0.00 m/s
[Solver Step 011000] t= 2.597 | Pos Err:    0.09 km | Vel Err:    0.00 m/s
[Solver Step 012000] t= 2.841 | Pos Err:    0.94 km | Vel Err:    0.83 m/s
[Solver Step 013000] t= 3.096 | Pos Err:    0.11 km | Vel Err:    0.00 m/s
[Solver Step 014000] t= 3.317 | Pos Err:    0.10 km | Vel Err:    0.00 m/s
[Solver Step 015000] t= 3.538 | Pos Err:    0.63 km | Vel Err:    0.51 m/s
[Solver Step 016000] t= 3.798 | Pos Err:    0.11 km | Vel Err:    0.00 m/s
[Solver Step 017000] t= 4.041 | Pos Err:    0.10 km | Vel Err:    0.00 m/s
[Solver Step 018000] t= 4.250 | Pos Err:    0.30 km | Vel Err:    0.20 m/s
[Solver Step 019000] t= 4.499 | Pos Err:    0.09 km | Vel Err:    0.02 m/s
[Solver Step 020000] t= 4.754 | Pos Err:    0.09 km | Vel Err:    0.00 m/s
[Solver Step 021000] t= 4.973 | Pos Err:    0.05 km | Vel Err:    0.11 m/s
[Solver Step 022000] t= 5.192 | Pos Err:    0.10 km | Vel Err:    0.01 m/s
[Solver Step 023000] t= 5.458 | Pos Err:    0.09 km | Vel Err:    0.00 m/s
[Solver Step 024000] t= 5.701 | Pos Err:    0.06 km | Vel Err:    0.12 m/s
[Solver Step 025000] t= 5.908 | Pos Err:    0.06 km | Vel Err:    0.00 m/s
[Solver Step 026000] t= 6.160 | Pos Err:    0.08 km | Vel Err:    0.00 m/s
[Solver Step 027000] t= 6.416 | Pos Err:    0.23 km | Vel Err:    0.24 m/s
[Solver Step 028000] t= 6.629 | Pos Err:    0.04 km | Vel Err:    0.00 m/s
[Solver Step 029000] t= 6.852 | Pos Err:    0.06 km | Vel Err:    0.00 m/s
Completed [TRANSFER] Trajectory 256/600 | Saved 2398 samples | Total: 361959
[Solver Step 001000] t= 0.417 | Pos Err:    1.95 km | Vel Err:    0.04 m/s
[Solver Step 002000] t= 0.821 | Pos Err:    0.07 km | Vel Err:    0.00 m/s
[Solver Step 003000] t= 1.261 | Pos Err:    0.07 km | Vel Err:    0.01 m/s
[Solver Step 004000] t= 1.609 | Pos Err:    0.08 km | Vel Err:    0.00 m/s
[Solver Step 005000] t= 1.995 | Pos Err:    0.07 km | Vel Err:    0.00 m/s
[Solver Step 006000] t= 2.448 | Pos Err:    0.05 km | Vel Err:    0.02 m/s
[Solver Step 007000] t= 2.849 | Pos Err:    0.04 km | Vel Err:    0.00 m/s
[Solver Step 008000] t= 3.245 | Pos Err:    0.04 km | Vel Err:    0.00 m/s
[Solver Step 009000] t= 3.621 | Pos Err:    0.09 km | Vel Err:    0.08 m/s
[Solver Step 010000] t= 4.036 | Pos Err:    0.08 km | Vel Err:    0.00 m/s
[Solver Step 011000] t= 4.454 | Pos Err:    0.08 km | Vel Err:    0.00 m/s
[Solver Step 012000] t= 4.897 | Pos Err:    0.05 km | Vel Err:    0.04 m/s
[Solver Step 013000] t= 5.235 | Pos Err:    0.05 km | Vel Err:    0.00 m/s
[Solver Step 014000] t= 5.633 | Pos Err:    0.04 km | Vel Err:    0.00 m/s
[Solver Step 015000] t= 6.112 | Pos Err:    0.07 km | Vel Err:    0.02 m/s
[Solver Step 016000] t= 6.499 | Pos Err:    0.08 km | Vel Err:    0.00 m/s
[Solver Step 017000] t= 6.926 | Pos Err:    0.08 km | Vel Err:    0.00 m/s
[Solver Step 018000] t= 7.270 | Pos Err:    0.14 km | Vel Err:    0.10 m/s
[Solver Step 019000] t= 7.691 | Pos Err:    0.04 km | Vel Err:    0.00 m/s
[Solver Step 020000] t= 8.169 | Pos Err:    0.04 km | Vel Err:    0.00 m/s
[Solver Step 021000] t= 8.555 | Pos Err:    0.04 km | Vel Err:    0.03 m/s
[Solver Step 022000] t= 8.923 | Pos Err:    0.07 km | Vel Err:    0.00 m/s
[Solver Step 023000] t= 9.317 | Pos Err:    0.07 km | Vel Err:    0.00 m/s
[Solver Step 024000] t= 9.776 | Pos Err:    0.06 km | Vel Err:    0.03 m/s
[Solver Step 025000] t=10.176 | Pos Err:    0.06 km | Vel Err:    0.00 m/s
[Solver Step 026000] t=10.576 | Pos Err:    0.04 km | Vel Err:    0.00 m/s
[Solver Step 027000] t=10.936 | Pos Err:    0.10 km | Vel Err:    0.09 m/s
[Solver Step 028000] t=11.354 | Pos Err:    0.08 km | Vel Err:    0.00 m/s
[Solver Step 029000] t=11.811 | Pos Err:    0.08 km | Vel Err:    0.00 m/s
[Solver Step 030000] t=12.180 | Pos Err:    0.07 km | Vel Err:    0.03 m/s
Completed [EARTH_ORBIT] Trajectory 257/600 | Saved 2583 samples | Total: 364542
[Multiple Shooting] Converged in 4 iterations with residual 9.62e-14
[Solver Step 001000] t= 0.352 | Pos Err:    4.90 km | Vel Err:    0.11 m/s
[Solver Step 002000] t= 0.696 | Pos Err:   35.19 km | Vel Err:    0.77 m/s
[Solver Step 003000] t= 1.064 | Pos Err:   21.26 km | Vel Err:    0.43 m/s
[Solver Step 004000] t= 1.442 | Pos Err:    2.50 km | Vel Err:    0.06 m/s
[Solver Step 005000] t= 1.802 | Pos Err:   17.00 km | Vel Err:    0.33 m/s
[Solver Step 006000] t= 2.145 | Pos Err:    6.65 km | Vel Err:    0.14 m/s
[Solver Step 007000] t= 2.513 | Pos Err:  170.55 km | Vel Err:    2.34 m/s
Completed [DRO] Trajectory 258/600 | Saved 584 samples | Total: 365126
[Multiple Shooting] Converged in 4 iterations with residual 2.44e-15
[Solver Step 001000] t= 0.376 | Pos Err:    3.99 km | Vel Err:    0.09 m/s
[Solver Step 002000] t= 0.754 | Pos Err:   11.32 km | Vel Err:    0.21 m/s
[Solver Step 003000] t= 1.123 | Pos Err:    3.42 km | Vel Err:    0.08 m/s
[Solver Step 004000] t= 1.486 | Pos Err:    9.82 km | Vel Err:    0.16 m/s
[Solver Step 005000] t= 1.864 | Pos Err:    1.32 km | Vel Err:    0.02 m/s
[Solver Step 006000] t= 2.244 | Pos Err:   11.51 km | Vel Err:    0.23 m/s
Completed [DRO] Trajectory 259/600 | Saved 554 samples | Total: 365680
[Solver Step 001000] t= 0.216 | Pos Err:   30.20 km | Vel Err:    0.68 m/s
[Solver Step 002000] t= 0.470 | Pos Err:    3.74 km | Vel Err:    0.05 m/s
[Solver Step 003000] t= 0.713 | Pos Err:    0.46 km | Vel Err:    0.02 m/s
[Solver Step 004000] t= 0.928 | Pos Err:    0.03 km | Vel Err:    0.01 m/s
[Solver Step 005000] t= 1.178 | Pos Err:    0.05 km | Vel Err:    0.00 m/s
[Solver Step 006000] t= 1.431 | Pos Err:    0.12 km | Vel Err:    0.04 m/s
[Solver Step 007000] t= 1.661 | Pos Err:    0.11 km | Vel Err:    0.00 m/s
[Solver Step 008000] t= 1.876 | Pos Err:    0.09 km | Vel Err:    0.00 m/s
[Solver Step 009000] t= 2.134 | Pos Err:    0.22 km | Vel Err:    0.11 m/s
[Solver Step 010000] t= 2.377 | Pos Err:    0.12 km | Vel Err:    0.00 m/s
[Solver Step 011000] t= 2.590 | Pos Err:    0.10 km | Vel Err:    0.00 m/s
[Solver Step 012000] t= 2.837 | Pos Err:    0.93 km | Vel Err:    0.77 m/s
[Solver Step 013000] t= 3.092 | Pos Err:    0.13 km | Vel Err:    0.00 m/s
[Solver Step 014000] t= 3.313 | Pos Err:    0.09 km | Vel Err:    0.00 m/s
[Solver Step 015000] t= 3.535 | Pos Err:    0.62 km | Vel Err:    0.55 m/s
[Solver Step 016000] t= 3.796 | Pos Err:    0.12 km | Vel Err:    0.00 m/s
[Solver Step 017000] t= 4.038 | Pos Err:    0.09 km | Vel Err:    0.00 m/s
[Solver Step 018000] t= 4.246 | Pos Err:    0.27 km | Vel Err:    0.22 m/s
[Solver Step 019000] t= 4.497 | Pos Err:    0.09 km | Vel Err:    0.02 m/s
[Solver Step 020000] t= 4.751 | Pos Err:    0.06 km | Vel Err:    0.00 m/s
[Solver Step 021000] t= 4.969 | Pos Err:    0.08 km | Vel Err:    0.11 m/s
[Solver Step 022000] t= 5.189 | Pos Err:    0.08 km | Vel Err:    0.01 m/s
[Solver Step 023000] t= 5.455 | Pos Err:    0.05 km | Vel Err:    0.00 m/s
[Solver Step 024000] t= 5.698 | Pos Err:    0.12 km | Vel Err:    0.12 m/s
[Solver Step 025000] t= 5.904 | Pos Err:    0.07 km | Vel Err:    0.00 m/s
[Solver Step 026000] t= 6.158 | Pos Err:    0.05 km | Vel Err:    0.00 m/s
[Solver Step 027000] t= 6.412 | Pos Err:    0.28 km | Vel Err:    0.24 m/s
[Solver Step 028000] t= 6.624 | Pos Err:    0.08 km | Vel Err:    0.00 m/s
[Solver Step 029000] t= 6.850 | Pos Err:    0.05 km | Vel Err:    0.00 m/s
Completed [TRANSFER] Trajectory 260/600 | Saved 2398 samples | Total: 368078
[Multiple Shooting] Converged in 2 iterations with residual 6.07e-12
[Solver Step 001000] t= 0.424 | Pos Err:    0.21 km | Vel Err:    0.01 m/s
[Solver Step 002000] t= 0.923 | Pos Err:    0.57 km | Vel Err:    0.01 m/s
[Solver Step 003000] t= 1.422 | Pos Err:    3.79 km | Vel Err:    0.09 m/s
[Solver Step 004000] t= 1.786 | Pos Err:   56.36 km | Vel Err:    1.17 m/s
[Solver Step 005000] t= 2.208 | Pos Err:   41.21 km | Vel Err:    0.87 m/s
[Solver Step 006000] t= 2.672 | Pos Err:    2.83 km | Vel Err:    0.06 m/s
[Solver Step 007000] t= 3.107 | Pos Err:   10.64 km | Vel Err:    0.25 m/s
Completed [HALO_L1] Trajectory 261/600 | Saved 592 samples | Total: 368670
[Solver Step 001000] t= 0.417 | Pos Err:    0.24 km | Vel Err:    0.01 m/s
[Solver Step 002000] t= 0.791 | Pos Err:    0.06 km | Vel Err:    0.00 m/s
[Solver Step 003000] t= 1.101 | Pos Err:    0.01 km | Vel Err:    0.04 m/s
[Solver Step 004000] t= 1.553 | Pos Err:    0.06 km | Vel Err:    0.00 m/s
[Solver Step 005000] t= 2.104 | Pos Err:    0.06 km | Vel Err:    0.00 m/s
[Solver Step 006000] t= 2.517 | Pos Err:    0.06 km | Vel Err:    0.01 m/s
[Solver Step 007000] t= 3.017 | Pos Err:    0.05 km | Vel Err:    0.00 m/s
[Solver Step 008000] t= 3.569 | Pos Err:    0.06 km | Vel Err:    0.00 m/s
[Solver Step 009000] t= 4.059 | Pos Err:    0.05 km | Vel Err:    0.01 m/s
[Solver Step 010000] t= 4.461 | Pos Err:    0.06 km | Vel Err:    0.00 m/s
[Solver Step 011000] t= 4.999 | Pos Err:    0.05 km | Vel Err:    0.00 m/s
[Solver Step 012000] t= 5.586 | Pos Err:    0.04 km | Vel Err:    0.05 m/s
[Solver Step 013000] t= 6.068 | Pos Err:    0.06 km | Vel Err:    0.00 m/s
[Solver Step 014000] t= 6.469 | Pos Err:    0.06 km | Vel Err:    0.00 m/s
[Solver Step 015000] t= 7.027 | Pos Err:    0.03 km | Vel Err:    0.08 m/s
Completed [MOON_ORBIT] Trajectory 262/600 | Saved 1314 samples | Total: 369984
[Multiple Shooting] Converged in 2 iterations with residual 1.28e-15
[Solver Step 001000] t= 0.459 | Pos Err:    0.22 km | Vel Err:    0.00 m/s
[Solver Step 002000] t= 1.022 | Pos Err:    0.13 km | Vel Err:    0.00 m/s
[Solver Step 003000] t= 1.614 | Pos Err:    0.10 km | Vel Err:    0.01 m/s
[Solver Step 004000] t= 2.033 | Pos Err:    0.31 km | Vel Err:    0.01 m/s
[Solver Step 005000] t= 2.501 | Pos Err:    0.31 km | Vel Err:    0.01 m/s
[Solver Step 006000] t= 3.060 | Pos Err:    5.52 km | Vel Err:    0.15 m/s
Completed [HALO_L2] Trajectory 263/600 | Saved 512 samples | Total: 370496
[Solver Step 001000] t= 0.216 | Pos Err:   17.74 km | Vel Err:    0.35 m/s
[Solver Step 002000] t= 0.470 | Pos Err:    2.13 km | Vel Err:    0.06 m/s
[Solver Step 003000] t= 0.713 | Pos Err:    0.30 km | Vel Err:    0.04 m/s
[Solver Step 004000] t= 0.930 | Pos Err:    0.02 km | Vel Err:    0.00 m/s
[Solver Step 005000] t= 1.177 | Pos Err:    0.07 km | Vel Err:    0.00 m/s
[Solver Step 006000] t= 1.430 | Pos Err:    0.09 km | Vel Err:    0.04 m/s
[Solver Step 007000] t= 1.657 | Pos Err:    0.07 km | Vel Err:    0.00 m/s
[Solver Step 008000] t= 1.870 | Pos Err:    0.08 km | Vel Err:    0.00 m/s
[Solver Step 009000] t= 2.131 | Pos Err:    0.29 km | Vel Err:    0.24 m/s
[Solver Step 010000] t= 2.368 | Pos Err:    0.07 km | Vel Err:    0.00 m/s
[Solver Step 011000] t= 2.578 | Pos Err:    0.06 km | Vel Err:    0.00 m/s
[Solver Step 012000] t= 2.831 | Pos Err:    1.78 km | Vel Err:    1.35 m/s
[Solver Step 013000] t= 3.085 | Pos Err:    0.06 km | Vel Err:    0.00 m/s
[Solver Step 014000] t= 3.301 | Pos Err:    0.03 km | Vel Err:    0.00 m/s
[Solver Step 015000] t= 3.527 | Pos Err:    0.79 km | Vel Err:    0.61 m/s
[Solver Step 016000] t= 3.789 | Pos Err:    0.05 km | Vel Err:    0.01 m/s
[Solver Step 017000] t= 4.028 | Pos Err:    0.01 km | Vel Err:    0.00 m/s
[Solver Step 018000] t= 4.235 | Pos Err:    0.40 km | Vel Err:    0.25 m/s
[Solver Step 019000] t= 4.489 | Pos Err:    0.03 km | Vel Err:    0.01 m/s
[Solver Step 020000] t= 4.740 | Pos Err:    0.02 km | Vel Err:    0.00 m/s
[Solver Step 021000] t= 4.955 | Pos Err:    0.21 km | Vel Err:    0.12 m/s
[Solver Step 022000] t= 5.181 | Pos Err:    0.01 km | Vel Err:    0.01 m/s
[Solver Step 023000] t= 5.446 | Pos Err:    0.04 km | Vel Err:    0.00 m/s
[Solver Step 024000] t= 5.686 | Pos Err:    0.12 km | Vel Err:    0.10 m/s
[Solver Step 025000] t= 5.894 | Pos Err:    0.05 km | Vel Err:    0.01 m/s
[Solver Step 026000] t= 6.152 | Pos Err:    0.04 km | Vel Err:    0.00 m/s
[Solver Step 027000] t= 6.403 | Pos Err:    0.24 km | Vel Err:    0.24 m/s
[Solver Step 028000] t= 6.612 | Pos Err:    0.07 km | Vel Err:    0.00 m/s
[Solver Step 029000] t= 6.843 | Pos Err:    0.07 km | Vel Err:    0.00 m/s
Completed [TRANSFER] Trajectory 264/600 | Saved 2399 samples | Total: 372895
[Solver Step 001000] t= 0.216 | Pos Err:   27.11 km | Vel Err:    0.58 m/s
[Solver Step 002000] t= 0.470 | Pos Err:    3.31 km | Vel Err:    0.10 m/s
[Solver Step 003000] t= 0.713 | Pos Err:    0.54 km | Vel Err:    0.03 m/s
[Solver Step 004000] t= 0.930 | Pos Err:    0.05 km | Vel Err:    0.01 m/s
[Solver Step 005000] t= 1.177 | Pos Err:    0.06 km | Vel Err:    0.00 m/s
[Solver Step 006000] t= 1.430 | Pos Err:    0.08 km | Vel Err:    0.04 m/s
[Solver Step 007000] t= 1.657 | Pos Err:    0.07 km | Vel Err:    0.00 m/s
[Solver Step 008000] t= 1.870 | Pos Err:    0.07 km | Vel Err:    0.00 m/s
[Solver Step 009000] t= 2.131 | Pos Err:    0.34 km | Vel Err:    0.24 m/s
[Solver Step 010000] t= 2.368 | Pos Err:    0.09 km | Vel Err:    0.00 m/s
[Solver Step 011000] t= 2.578 | Pos Err:    0.09 km | Vel Err:    0.00 m/s
[Solver Step 012000] t= 2.831 | Pos Err:    1.64 km | Vel Err:    1.35 m/s
[Solver Step 013000] t= 3.085 | Pos Err:    0.11 km | Vel Err:    0.00 m/s
[Solver Step 014000] t= 3.301 | Pos Err:    0.11 km | Vel Err:    0.00 m/s
[Solver Step 015000] t= 3.527 | Pos Err:    0.72 km | Vel Err:    0.61 m/s
[Solver Step 016000] t= 3.789 | Pos Err:    0.11 km | Vel Err:    0.01 m/s
[Solver Step 017000] t= 4.028 | Pos Err:    0.13 km | Vel Err:    0.00 m/s
[Solver Step 018000] t= 4.235 | Pos Err:    0.38 km | Vel Err:    0.25 m/s
[Solver Step 019000] t= 4.490 | Pos Err:    0.09 km | Vel Err:    0.02 m/s
[Solver Step 020000] t= 4.744 | Pos Err:    0.12 km | Vel Err:    0.00 m/s
[Solver Step 021000] t= 4.957 | Pos Err:    0.13 km | Vel Err:    0.12 m/s
[Solver Step 022000] t= 5.182 | Pos Err:    0.12 km | Vel Err:    0.01 m/s
[Solver Step 023000] t= 5.447 | Pos Err:    0.12 km | Vel Err:    0.00 m/s
[Solver Step 024000] t= 5.687 | Pos Err:    0.02 km | Vel Err:    0.11 m/s
[Solver Step 025000] t= 5.896 | Pos Err:    0.09 km | Vel Err:    0.01 m/s
[Solver Step 026000] t= 6.153 | Pos Err:    0.11 km | Vel Err:    0.00 m/s
[Solver Step 027000] t= 6.404 | Pos Err:    0.18 km | Vel Err:    0.24 m/s
[Solver Step 028000] t= 6.614 | Pos Err:    0.06 km | Vel Err:    0.00 m/s
[Solver Step 029000] t= 6.844 | Pos Err:    0.09 km | Vel Err:    0.00 m/s
Completed [TRANSFER] Trajectory 265/600 | Saved 2399 samples | Total: 375294
[Solver Step 001000] t= 0.215 | Pos Err:   19.04 km | Vel Err:    0.48 m/s
[Solver Step 002000] t= 0.468 | Pos Err:    2.39 km | Vel Err:    0.04 m/s
[Solver Step 003000] t= 0.711 | Pos Err:    0.27 km | Vel Err:    0.04 m/s
[Solver Step 004000] t= 0.924 | Pos Err:    0.03 km | Vel Err:    0.01 m/s
[Solver Step 005000] t= 1.174 | Pos Err:    0.02 km | Vel Err:    0.00 m/s
[Solver Step 006000] t= 1.429 | Pos Err:    0.10 km | Vel Err:    0.05 m/s
[Solver Step 007000] t= 1.656 | Pos Err:    0.08 km | Vel Err:    0.00 m/s
[Solver Step 008000] t= 1.871 | Pos Err:    0.05 km | Vel Err:    0.00 m/s
[Solver Step 009000] t= 2.133 | Pos Err:    0.28 km | Vel Err:    0.19 m/s
[Solver Step 010000] t= 2.373 | Pos Err:    0.09 km | Vel Err:    0.00 m/s
[Solver Step 011000] t= 2.584 | Pos Err:    0.07 km | Vel Err:    0.00 m/s
[Solver Step 012000] t= 2.834 | Pos Err:    1.52 km | Vel Err:    1.23 m/s
[Solver Step 013000] t= 3.089 | Pos Err:    0.10 km | Vel Err:    0.00 m/s
[Solver Step 014000] t= 3.307 | Pos Err:    0.07 km | Vel Err:    0.00 m/s
[Solver Step 015000] t= 3.531 | Pos Err:    0.69 km | Vel Err:    0.58 m/s
[Solver Step 016000] t= 3.793 | Pos Err:    0.10 km | Vel Err:    0.00 m/s
[Solver Step 017000] t= 4.033 | Pos Err:    0.07 km | Vel Err:    0.00 m/s
[Solver Step 018000] t= 4.240 | Pos Err:    0.32 km | Vel Err:    0.23 m/s
[Solver Step 019000] t= 4.494 | Pos Err:    0.06 km | Vel Err:    0.02 m/s
[Solver Step 020000] t= 4.747 | Pos Err:    0.06 km | Vel Err:    0.00 m/s
[Solver Step 021000] t= 4.963 | Pos Err:    0.10 km | Vel Err:    0.11 m/s
[Solver Step 022000] t= 5.186 | Pos Err:    0.07 km | Vel Err:    0.01 m/s
[Solver Step 023000] t= 5.451 | Pos Err:    0.05 km | Vel Err:    0.00 m/s
[Solver Step 024000] t= 5.693 | Pos Err:    0.09 km | Vel Err:    0.11 m/s
[Solver Step 025000] t= 5.899 | Pos Err:    0.04 km | Vel Err:    0.00 m/s
[Solver Step 026000] t= 6.155 | Pos Err:    0.04 km | Vel Err:    0.00 m/s
[Solver Step 027000] t= 6.408 | Pos Err:    0.25 km | Vel Err:    0.24 m/s
[Solver Step 028000] t= 6.618 | Pos Err:    0.05 km | Vel Err:    0.00 m/s
[Solver Step 029000] t= 6.846 | Pos Err:    0.02 km | Vel Err:    0.00 m/s
Completed [TRANSFER] Trajectory 266/600 | Saved 2399 samples | Total: 377693
[Multiple Shooting] Converged in 2 iterations with residual 1.43e-15
[Solver Step 001000] t= 0.481 | Pos Err:    0.35 km | Vel Err:    0.01 m/s
[Solver Step 002000] t= 0.991 | Pos Err:    0.16 km | Vel Err:    0.00 m/s
[Solver Step 003000] t= 1.424 | Pos Err:    0.24 km | Vel Err:    0.01 m/s
[Solver Step 004000] t= 1.917 | Pos Err:    0.06 km | Vel Err:    0.00 m/s
[Solver Step 005000] t= 2.458 | Pos Err:    0.10 km | Vel Err:    0.00 m/s
[Solver Step 006000] t= 2.965 | Pos Err:    0.20 km | Vel Err:    0.01 m/s
Completed [HALO_L2] Trajectory 267/600 | Saved 543 samples | Total: 378236
[Solver Step 001000] t= 0.420 | Pos Err:    0.26 km | Vel Err:    0.01 m/s
[Solver Step 002000] t= 0.794 | Pos Err:    0.06 km | Vel Err:    0.00 m/s
[Solver Step 003000] t= 1.103 | Pos Err:    0.01 km | Vel Err:    0.04 m/s
[Solver Step 004000] t= 1.556 | Pos Err:    0.05 km | Vel Err:    0.00 m/s
[Solver Step 005000] t= 2.107 | Pos Err:    0.05 km | Vel Err:    0.00 m/s
[Solver Step 006000] t= 2.520 | Pos Err:    0.05 km | Vel Err:    0.01 m/s
[Solver Step 007000] t= 3.020 | Pos Err:    0.05 km | Vel Err:    0.00 m/s
[Solver Step 008000] t= 3.573 | Pos Err:    0.05 km | Vel Err:    0.00 m/s
[Solver Step 009000] t= 4.061 | Pos Err:    0.05 km | Vel Err:    0.01 m/s
[Solver Step 010000] t= 4.464 | Pos Err:    0.05 km | Vel Err:    0.00 m/s
[Solver Step 011000] t= 5.003 | Pos Err:    0.05 km | Vel Err:    0.00 m/s
[Solver Step 012000] t= 5.590 | Pos Err:    0.04 km | Vel Err:    0.05 m/s
[Solver Step 013000] t= 6.070 | Pos Err:    0.06 km | Vel Err:    0.00 m/s
[Solver Step 014000] t= 6.473 | Pos Err:    0.06 km | Vel Err:    0.00 m/s
[Solver Step 015000] t= 7.031 | Pos Err:    0.03 km | Vel Err:    0.08 m/s
Completed [MOON_ORBIT] Trajectory 268/600 | Saved 1313 samples | Total: 379549
[Solver Step 001000] t= 0.411 | Pos Err:    2.76 km | Vel Err:    0.06 m/s
[Solver Step 002000] t= 0.816 | Pos Err:    0.08 km | Vel Err:    0.00 m/s
[Solver Step 003000] t= 1.258 | Pos Err:    0.04 km | Vel Err:    0.01 m/s
[Solver Step 004000] t= 1.604 | Pos Err:    0.02 km | Vel Err:    0.00 m/s
[Solver Step 005000] t= 1.990 | Pos Err:    0.07 km | Vel Err:    0.00 m/s
[Solver Step 006000] t= 2.443 | Pos Err:    0.10 km | Vel Err:    0.02 m/s
[Solver Step 007000] t= 2.844 | Pos Err:    0.10 km | Vel Err:    0.00 m/s
[Solver Step 008000] t= 3.242 | Pos Err:    0.09 km | Vel Err:    0.00 m/s
[Solver Step 009000] t= 3.616 | Pos Err:    0.12 km | Vel Err:    0.08 m/s
[Solver Step 010000] t= 4.030 | Pos Err:    0.04 km | Vel Err:    0.00 m/s
[Solver Step 011000] t= 4.450 | Pos Err:    0.07 km | Vel Err:    0.00 m/s
[Solver Step 012000] t= 4.892 | Pos Err:    0.06 km | Vel Err:    0.04 m/s
[Solver Step 013000] t= 5.231 | Pos Err:    0.09 km | Vel Err:    0.00 m/s
[Solver Step 014000] t= 5.628 | Pos Err:    0.07 km | Vel Err:    0.00 m/s
[Solver Step 015000] t= 6.107 | Pos Err:    0.03 km | Vel Err:    0.02 m/s
[Solver Step 016000] t= 6.494 | Pos Err:    0.02 km | Vel Err:    0.00 m/s
[Solver Step 017000] t= 6.921 | Pos Err:    0.03 km | Vel Err:    0.00 m/s
[Solver Step 018000] t= 7.265 | Pos Err:    0.10 km | Vel Err:    0.11 m/s
[Solver Step 019000] t= 7.685 | Pos Err:    0.10 km | Vel Err:    0.00 m/s
[Solver Step 020000] t= 8.165 | Pos Err:    0.09 km | Vel Err:    0.00 m/s
[Solver Step 021000] t= 8.550 | Pos Err:    0.07 km | Vel Err:    0.03 m/s
[Solver Step 022000] t= 8.921 | Pos Err:    0.05 km | Vel Err:    0.00 m/s
[Solver Step 023000] t= 9.312 | Pos Err:    0.05 km | Vel Err:    0.00 m/s
[Solver Step 024000] t= 9.770 | Pos Err:    0.08 km | Vel Err:    0.03 m/s
[Solver Step 025000] t=10.171 | Pos Err:    0.10 km | Vel Err:    0.00 m/s
[Solver Step 026000] t=10.571 | Pos Err:    0.10 km | Vel Err:    0.00 m/s
[Solver Step 027000] t=10.930 | Pos Err:    0.15 km | Vel Err:    0.09 m/s
[Solver Step 028000] t=11.351 | Pos Err:    0.02 km | Vel Err:    0.00 m/s
[Solver Step 029000] t=11.806 | Pos Err:    0.04 km | Vel Err:    0.00 m/s
[Solver Step 030000] t=12.175 | Pos Err:    0.04 km | Vel Err:    0.03 m/s
[Solver Step 031000] t=12.566 | Pos Err:    0.08 km | Vel Err:    0.00 m/s
Completed [EARTH_ORBIT] Trajectory 269/600 | Saved 2584 samples | Total: 382133
[Solver Step 001000] t= 0.217 | Pos Err:   11.23 km | Vel Err:    0.30 m/s
[Solver Step 002000] t= 0.470 | Pos Err:    1.39 km | Vel Err:    0.04 m/s
[Solver Step 003000] t= 0.713 | Pos Err:    0.18 km | Vel Err:    0.04 m/s
[Solver Step 004000] t= 0.930 | Pos Err:    0.02 km | Vel Err:    0.00 m/s
[Solver Step 005000] t= 1.177 | Pos Err:    0.06 km | Vel Err:    0.00 m/s
[Solver Step 006000] t= 1.430 | Pos Err:    0.05 km | Vel Err:    0.03 m/s
[Solver Step 007000] t= 1.660 | Pos Err:    0.04 km | Vel Err:    0.00 m/s
[Solver Step 008000] t= 1.877 | Pos Err:    0.04 km | Vel Err:    0.00 m/s
[Solver Step 009000] t= 2.134 | Pos Err:    0.09 km | Vel Err:    0.07 m/s
[Solver Step 010000] t= 2.378 | Pos Err:    0.03 km | Vel Err:    0.00 m/s
[Solver Step 011000] t= 2.591 | Pos Err:    0.02 km | Vel Err:    0.00 m/s
[Solver Step 012000] t= 2.838 | Pos Err:    1.01 km | Vel Err:    0.79 m/s
[Solver Step 013000] t= 3.093 | Pos Err:    0.03 km | Vel Err:    0.00 m/s
[Solver Step 014000] t= 3.315 | Pos Err:    0.01 km | Vel Err:    0.00 m/s
[Solver Step 015000] t= 3.536 | Pos Err:    0.72 km | Vel Err:    0.53 m/s
[Solver Step 016000] t= 3.797 | Pos Err:    0.02 km | Vel Err:    0.00 m/s
[Solver Step 017000] t= 4.038 | Pos Err:    0.03 km | Vel Err:    0.00 m/s
[Solver Step 018000] t= 4.248 | Pos Err:    0.38 km | Vel Err:    0.21 m/s
[Solver Step 019000] t= 4.498 | Pos Err:    0.02 km | Vel Err:    0.02 m/s
[Solver Step 020000] t= 4.753 | Pos Err:    0.04 km | Vel Err:    0.00 m/s
[Solver Step 021000] t= 4.971 | Pos Err:    0.15 km | Vel Err:    0.11 m/s
[Solver Step 022000] t= 5.190 | Pos Err:    0.03 km | Vel Err:    0.01 m/s
[Solver Step 023000] t= 5.456 | Pos Err:    0.05 km | Vel Err:    0.00 m/s
[Solver Step 024000] t= 5.699 | Pos Err:    0.10 km | Vel Err:    0.12 m/s
[Solver Step 025000] t= 5.908 | Pos Err:    0.04 km | Vel Err:    0.00 m/s
[Solver Step 026000] t= 6.160 | Pos Err:    0.05 km | Vel Err:    0.00 m/s
[Solver Step 027000] t= 6.416 | Pos Err:    0.22 km | Vel Err:    0.24 m/s
[Solver Step 028000] t= 6.629 | Pos Err:    0.05 km | Vel Err:    0.00 m/s
[Solver Step 029000] t= 6.852 | Pos Err:    0.06 km | Vel Err:    0.00 m/s
Completed [TRANSFER] Trajectory 270/600 | Saved 2399 samples | Total: 384532
[Solver Step 001000] t= 0.416 | Pos Err:    0.37 km | Vel Err:    0.01 m/s
[Solver Step 002000] t= 0.791 | Pos Err:    0.06 km | Vel Err:    0.00 m/s
[Solver Step 003000] t= 1.100 | Pos Err:    0.01 km | Vel Err:    0.04 m/s
[Solver Step 004000] t= 1.552 | Pos Err:    0.06 km | Vel Err:    0.00 m/s
[Solver Step 005000] t= 2.103 | Pos Err:    0.06 km | Vel Err:    0.00 m/s
[Solver Step 006000] t= 2.516 | Pos Err:    0.06 km | Vel Err:    0.01 m/s
[Solver Step 007000] t= 3.015 | Pos Err:    0.05 km | Vel Err:    0.00 m/s
[Solver Step 008000] t= 3.568 | Pos Err:    0.06 km | Vel Err:    0.00 m/s
[Solver Step 009000] t= 4.058 | Pos Err:    0.05 km | Vel Err:    0.01 m/s
[Solver Step 010000] t= 4.460 | Pos Err:    0.06 km | Vel Err:    0.00 m/s
[Solver Step 011000] t= 4.998 | Pos Err:    0.06 km | Vel Err:    0.00 m/s
[Solver Step 012000] t= 5.585 | Pos Err:    0.05 km | Vel Err:    0.05 m/s
[Solver Step 013000] t= 6.067 | Pos Err:    0.06 km | Vel Err:    0.00 m/s
[Solver Step 014000] t= 6.468 | Pos Err:    0.06 km | Vel Err:    0.00 m/s
[Solver Step 015000] t= 7.026 | Pos Err:    0.03 km | Vel Err:    0.08 m/s
Completed [MOON_ORBIT] Trajectory 271/600 | Saved 1314 samples | Total: 385846
[Multiple Shooting] Converged in 2 iterations with residual 8.62e-14
[Solver Step 001000] t= 0.458 | Pos Err:    0.37 km | Vel Err:    0.01 m/s
[Solver Step 002000] t= 0.912 | Pos Err:    0.23 km | Vel Err:    0.00 m/s
[Solver Step 003000] t= 1.356 | Pos Err:    0.34 km | Vel Err:    0.01 m/s
[Solver Step 004000] t= 1.803 | Pos Err:    1.58 km | Vel Err:    0.03 m/s
[Solver Step 005000] t= 2.274 | Pos Err:    0.34 km | Vel Err:    0.01 m/s
[Solver Step 006000] t= 2.684 | Pos Err:    0.13 km | Vel Err:    0.01 m/s
Completed [HALO_L2] Trajectory 272/600 | Saved 574 samples | Total: 386420
[Solver Step 001000] t= 0.416 | Pos Err:    3.37 km | Vel Err:    0.08 m/s
[Solver Step 002000] t= 0.820 | Pos Err:    0.03 km | Vel Err:    0.00 m/s
[Solver Step 003000] t= 1.261 | Pos Err:    0.10 km | Vel Err:    0.01 m/s
[Solver Step 004000] t= 1.608 | Pos Err:    0.09 km | Vel Err:    0.00 m/s
[Solver Step 005000] t= 1.994 | Pos Err:    0.03 km | Vel Err:    0.00 m/s
[Solver Step 006000] t= 2.447 | Pos Err:    0.07 km | Vel Err:    0.02 m/s
[Solver Step 007000] t= 2.848 | Pos Err:    0.09 km | Vel Err:    0.00 m/s
[Solver Step 008000] t= 3.245 | Pos Err:    0.10 km | Vel Err:    0.00 m/s
[Solver Step 009000] t= 3.620 | Pos Err:    0.16 km | Vel Err:    0.08 m/s
[Solver Step 010000] t= 4.034 | Pos Err:    0.04 km | Vel Err:    0.00 m/s
[Solver Step 011000] t= 4.453 | Pos Err:    0.03 km | Vel Err:    0.00 m/s
[Solver Step 012000] t= 4.896 | Pos Err:    0.03 km | Vel Err:    0.04 m/s
[Solver Step 013000] t= 5.234 | Pos Err:    0.06 km | Vel Err:    0.00 m/s
[Solver Step 014000] t= 5.632 | Pos Err:    0.10 km | Vel Err:    0.00 m/s
[Solver Step 015000] t= 6.111 | Pos Err:    0.09 km | Vel Err:    0.02 m/s
[Solver Step 016000] t= 6.498 | Pos Err:    0.08 km | Vel Err:    0.00 m/s
[Solver Step 017000] t= 6.925 | Pos Err:    0.06 km | Vel Err:    0.00 m/s
[Solver Step 018000] t= 7.269 | Pos Err:    0.09 km | Vel Err:    0.10 m/s
[Solver Step 019000] t= 7.690 | Pos Err:    0.09 km | Vel Err:    0.00 m/s
[Solver Step 020000] t= 8.169 | Pos Err:    0.10 km | Vel Err:    0.00 m/s
[Solver Step 021000] t= 8.554 | Pos Err:    0.09 km | Vel Err:    0.03 m/s
[Solver Step 022000] t= 8.923 | Pos Err:    0.10 km | Vel Err:    0.00 m/s
[Solver Step 023000] t= 9.316 | Pos Err:    0.03 km | Vel Err:    0.00 m/s
[Solver Step 024000] t= 9.775 | Pos Err:    0.04 km | Vel Err:    0.03 m/s
[Solver Step 025000] t=10.175 | Pos Err:    0.06 km | Vel Err:    0.00 m/s
[Solver Step 026000] t=10.575 | Pos Err:    0.08 km | Vel Err:    0.00 m/s
[Solver Step 027000] t=10.934 | Pos Err:    0.17 km | Vel Err:    0.09 m/s
[Solver Step 028000] t=11.354 | Pos Err:    0.07 km | Vel Err:    0.00 m/s
[Solver Step 029000] t=11.810 | Pos Err:    0.05 km | Vel Err:    0.00 m/s
[Solver Step 030000] t=12.179 | Pos Err:    0.03 km | Vel Err:    0.03 m/s
Completed [EARTH_ORBIT] Trajectory 273/600 | Saved 2583 samples | Total: 389003
[Multiple Shooting] Converged in 4 iterations with residual 5.66e-13
[Solver Step 001000] t= 0.358 | Pos Err:    4.60 km | Vel Err:    0.10 m/s
[Solver Step 002000] t= 0.703 | Pos Err:   28.45 km | Vel Err:    0.62 m/s
[Solver Step 003000] t= 1.070 | Pos Err:   20.06 km | Vel Err:    0.42 m/s
[Solver Step 004000] t= 1.446 | Pos Err:    3.06 km | Vel Err:    0.07 m/s
[Solver Step 005000] t= 1.807 | Pos Err:   16.80 km | Vel Err:    0.34 m/s
[Solver Step 006000] t= 2.152 | Pos Err:    5.86 km | Vel Err:    0.09 m/s
Completed [DRO] Trajectory 274/600 | Saved 583 samples | Total: 389586
[Multiple Shooting] Converged in 2 iterations with residual 2.68e-11
[Solver Step 001000] t= 0.414 | Pos Err:    0.32 km | Vel Err:    0.01 m/s
[Solver Step 002000] t= 0.918 | Pos Err:    3.94 km | Vel Err:    0.08 m/s
[Solver Step 003000] t= 1.363 | Pos Err:   56.90 km | Vel Err:    1.16 m/s
[Solver Step 004000] t= 1.746 | Pos Err:   92.22 km | Vel Err:    1.94 m/s
[Solver Step 005000] t= 2.242 | Pos Err:    1.47 km | Vel Err:    0.04 m/s
[Solver Step 006000] t= 2.643 | Pos Err:    0.16 km | Vel Err:    0.00 m/s
[Solver Step 007000] t= 3.088 | Pos Err:    7.18 km | Vel Err:    0.16 m/s
Completed [HALO_L1] Trajectory 275/600 | Saved 593 samples | Total: 390179
[Multiple Shooting] Converged in 3 iterations with residual 9.54e-13
[Solver Step 001000] t= 0.395 | Pos Err:    3.64 km | Vel Err:    0.08 m/s
[Solver Step 002000] t= 0.784 | Pos Err:    4.18 km | Vel Err:    0.06 m/s
[Solver Step 003000] t= 1.163 | Pos Err:    0.89 km | Vel Err:    0.05 m/s
[Solver Step 004000] t= 1.541 | Pos Err:    7.18 km | Vel Err:    0.13 m/s
[Solver Step 005000] t= 1.932 | Pos Err:    0.81 km | Vel Err:    0.01 m/s
[Solver Step 006000] t= 2.321 | Pos Err:   22.25 km | Vel Err:    0.47 m/s
Completed [DRO] Trajectory 276/600 | Saved 547 samples | Total: 390726
[Multiple Shooting] Converged in 2 iterations with residual 1.66e-15
[Solver Step 001000] t= 0.483 | Pos Err:    0.31 km | Vel Err:    0.01 m/s
[Solver Step 002000] t= 0.986 | Pos Err:    0.11 km | Vel Err:    0.00 m/s
[Solver Step 003000] t= 1.428 | Pos Err:    0.21 km | Vel Err:    0.01 m/s
[Solver Step 004000] t= 1.936 | Pos Err:    0.19 km | Vel Err:    0.00 m/s
[Solver Step 005000] t= 2.488 | Pos Err:    0.30 km | Vel Err:    0.01 m/s
[Solver Step 006000] t= 2.962 | Pos Err:    0.19 km | Vel Err:    0.01 m/s
Completed [HALO_L2] Trajectory 277/600 | Saved 542 samples | Total: 391268
[Multiple Shooting] Converged in 2 iterations with residual 1.72e-15
[Solver Step 001000] t= 0.468 | Pos Err:    0.29 km | Vel Err:    0.01 m/s
[Solver Step 002000] t= 0.980 | Pos Err:    0.05 km | Vel Err:    0.00 m/s
[Solver Step 003000] t= 1.393 | Pos Err:    0.23 km | Vel Err:    0.01 m/s
[Solver Step 004000] t= 1.799 | Pos Err:    0.18 km | Vel Err:    0.01 m/s
[Solver Step 005000] t= 2.268 | Pos Err:    0.38 km | Vel Err:    0.01 m/s
[Solver Step 006000] t= 2.809 | Pos Err:    0.48 km | Vel Err:    0.03 m/s
Completed [HALO_L2] Trajectory 278/600 | Saved 555 samples | Total: 391823
[Solver Step 001000] t= 0.215 | Pos Err:   17.34 km | Vel Err:    0.27 m/s
[Solver Step 002000] t= 0.469 | Pos Err:    2.02 km | Vel Err:    0.03 m/s
[Solver Step 003000] t= 0.712 | Pos Err:    0.26 km | Vel Err:    0.04 m/s
[Solver Step 004000] t= 0.926 | Pos Err:    0.02 km | Vel Err:    0.00 m/s
[Solver Step 005000] t= 1.175 | Pos Err:    0.05 km | Vel Err:    0.00 m/s
[Solver Step 006000] t= 1.429 | Pos Err:    0.10 km | Vel Err:    0.06 m/s
[Solver Step 007000] t= 1.653 | Pos Err:    0.08 km | Vel Err:    0.00 m/s
[Solver Step 008000] t= 1.867 | Pos Err:    0.07 km | Vel Err:    0.00 m/s
[Solver Step 009000] t= 2.129 | Pos Err:    0.36 km | Vel Err:    0.29 m/s
[Solver Step 010000] t= 2.367 | Pos Err:    0.08 km | Vel Err:    0.00 m/s
[Solver Step 011000] t= 2.576 | Pos Err:    0.06 km | Vel Err:    0.00 m/s
[Solver Step 012000] t= 2.830 | Pos Err:    1.78 km | Vel Err:    1.36 m/s
[Solver Step 013000] t= 3.083 | Pos Err:    0.08 km | Vel Err:    0.00 m/s
[Solver Step 014000] t= 3.297 | Pos Err:    0.05 km | Vel Err:    0.00 m/s
[Solver Step 015000] t= 3.524 | Pos Err:    0.77 km | Vel Err:    0.63 m/s
[Solver Step 016000] t= 3.787 | Pos Err:    0.07 km | Vel Err:    0.01 m/s
[Solver Step 017000] t= 4.023 | Pos Err:    0.04 km | Vel Err:    0.00 m/s
[Solver Step 018000] t= 4.231 | Pos Err:    0.38 km | Vel Err:    0.26 m/s
[Solver Step 019000] t= 4.488 | Pos Err:    0.06 km | Vel Err:    0.01 m/s
[Solver Step 020000] t= 4.739 | Pos Err:    0.02 km | Vel Err:    0.00 m/s
[Solver Step 021000] t= 4.953 | Pos Err:    0.18 km | Vel Err:    0.12 m/s
[Solver Step 022000] t= 5.180 | Pos Err:    0.03 km | Vel Err:    0.01 m/s
[Solver Step 023000] t= 5.444 | Pos Err:    0.02 km | Vel Err:    0.00 m/s
[Solver Step 024000] t= 5.684 | Pos Err:    0.10 km | Vel Err:    0.10 m/s
[Solver Step 025000] t= 5.890 | Pos Err:    0.04 km | Vel Err:    0.01 m/s
[Solver Step 026000] t= 6.149 | Pos Err:    0.03 km | Vel Err:    0.00 m/s
[Solver Step 027000] t= 6.399 | Pos Err:    0.24 km | Vel Err:    0.23 m/s
[Solver Step 028000] t= 6.608 | Pos Err:    0.06 km | Vel Err:    0.00 m/s
[Solver Step 029000] t= 6.842 | Pos Err:    0.05 km | Vel Err:    0.00 m/s
Completed [TRANSFER] Trajectory 279/600 | Saved 2400 samples | Total: 394223
[Solver Step 001000] t= 0.416 | Pos Err:    4.12 km | Vel Err:    0.09 m/s
[Solver Step 002000] t= 0.820 | Pos Err:    0.09 km | Vel Err:    0.00 m/s
[Solver Step 003000] t= 1.261 | Pos Err:    0.10 km | Vel Err:    0.01 m/s
[Solver Step 004000] t= 1.609 | Pos Err:    0.12 km | Vel Err:    0.00 m/s
[Solver Step 005000] t= 1.994 | Pos Err:    0.09 km | Vel Err:    0.00 m/s
[Solver Step 006000] t= 2.447 | Pos Err:    0.04 km | Vel Err:    0.02 m/s
[Solver Step 007000] t= 2.849 | Pos Err:    0.02 km | Vel Err:    0.00 m/s
[Solver Step 008000] t= 3.245 | Pos Err:    0.03 km | Vel Err:    0.00 m/s
[Solver Step 009000] t= 3.620 | Pos Err:    0.09 km | Vel Err:    0.08 m/s
[Solver Step 010000] t= 4.035 | Pos Err:    0.11 km | Vel Err:    0.00 m/s
[Solver Step 011000] t= 4.454 | Pos Err:    0.10 km | Vel Err:    0.00 m/s
[Solver Step 012000] t= 4.897 | Pos Err:    0.08 km | Vel Err:    0.04 m/s
[Solver Step 013000] t= 5.235 | Pos Err:    0.05 km | Vel Err:    0.00 m/s
[Solver Step 014000] t= 5.633 | Pos Err:    0.05 km | Vel Err:    0.00 m/s
[Solver Step 015000] t= 6.112 | Pos Err:    0.10 km | Vel Err:    0.02 m/s
[Solver Step 016000] t= 6.498 | Pos Err:    0.12 km | Vel Err:    0.00 m/s
[Solver Step 017000] t= 6.925 | Pos Err:    0.12 km | Vel Err:    0.00 m/s
[Solver Step 018000] t= 7.269 | Pos Err:    0.18 km | Vel Err:    0.10 m/s
[Solver Step 019000] t= 7.690 | Pos Err:    0.02 km | Vel Err:    0.00 m/s
[Solver Step 020000] t= 8.169 | Pos Err:    0.04 km | Vel Err:    0.00 m/s
[Solver Step 021000] t= 8.555 | Pos Err:    0.05 km | Vel Err:    0.03 m/s
[Solver Step 022000] t= 8.923 | Pos Err:    0.10 km | Vel Err:    0.00 m/s
[Solver Step 023000] t= 9.316 | Pos Err:    0.11 km | Vel Err:    0.00 m/s
[Solver Step 024000] t= 9.775 | Pos Err:    0.07 km | Vel Err:    0.03 m/s
[Solver Step 025000] t=10.175 | Pos Err:    0.05 km | Vel Err:    0.00 m/s
[Solver Step 026000] t=10.575 | Pos Err:    0.02 km | Vel Err:    0.00 m/s
[Solver Step 027000] t=10.935 | Pos Err:    0.08 km | Vel Err:    0.09 m/s
[Solver Step 028000] t=11.354 | Pos Err:    0.12 km | Vel Err:    0.00 m/s
[Solver Step 029000] t=11.811 | Pos Err:    0.12 km | Vel Err:    0.00 m/s
[Solver Step 030000] t=12.179 | Pos Err:    0.10 km | Vel Err:    0.03 m/s
Completed [EARTH_ORBIT] Trajectory 280/600 | Saved 2583 samples | Total: 396806
[Multiple Shooting] Converged in 2 iterations with residual 1.63e-11
[Solver Step 001000] t= 0.423 | Pos Err:    0.51 km | Vel Err:    0.01 m/s
[Solver Step 002000] t= 0.917 | Pos Err:    0.39 km | Vel Err:    0.01 m/s
[Solver Step 003000] t= 1.417 | Pos Err:    3.53 km | Vel Err:    0.07 m/s
[Solver Step 004000] t= 1.802 | Pos Err:   43.44 km | Vel Err:    0.94 m/s
[Solver Step 005000] t= 2.194 | Pos Err:   69.86 km | Vel Err:    1.37 m/s
[Solver Step 006000] t= 2.661 | Pos Err:    3.44 km | Vel Err:    0.07 m/s
[Solver Step 007000] t= 3.113 | Pos Err:   11.52 km | Vel Err:    0.27 m/s
Completed [HALO_L1] Trajectory 281/600 | Saved 590 samples | Total: 397396
[Solver Step 001000] t= 0.417 | Pos Err:    2.82 km | Vel Err:    0.07 m/s
[Solver Step 002000] t= 0.821 | Pos Err:    0.06 km | Vel Err:    0.00 m/s
[Solver Step 003000] t= 1.261 | Pos Err:    0.09 km | Vel Err:    0.01 m/s
[Solver Step 004000] t= 1.609 | Pos Err:    0.10 km | Vel Err:    0.00 m/s
[Solver Step 005000] t= 1.995 | Pos Err:    0.05 km | Vel Err:    0.00 m/s
[Solver Step 006000] t= 2.447 | Pos Err:    0.02 km | Vel Err:    0.02 m/s
[Solver Step 007000] t= 2.849 | Pos Err:    0.03 km | Vel Err:    0.00 m/s
[Solver Step 008000] t= 3.245 | Pos Err:    0.05 km | Vel Err:    0.00 m/s
[Solver Step 009000] t= 3.620 | Pos Err:    0.12 km | Vel Err:    0.08 m/s
[Solver Step 010000] t= 4.035 | Pos Err:    0.08 km | Vel Err:    0.00 m/s
[Solver Step 011000] t= 4.454 | Pos Err:    0.07 km | Vel Err:    0.00 m/s
[Solver Step 012000] t= 4.897 | Pos Err:    0.05 km | Vel Err:    0.04 m/s
[Solver Step 013000] t= 5.235 | Pos Err:    0.02 km | Vel Err:    0.00 m/s
[Solver Step 014000] t= 5.633 | Pos Err:    0.07 km | Vel Err:    0.00 m/s
[Solver Step 015000] t= 6.112 | Pos Err:    0.09 km | Vel Err:    0.02 m/s
[Solver Step 016000] t= 6.499 | Pos Err:    0.10 km | Vel Err:    0.00 m/s
[Solver Step 017000] t= 6.926 | Pos Err:    0.10 km | Vel Err:    0.00 m/s
[Solver Step 018000] t= 7.270 | Pos Err:    0.14 km | Vel Err:    0.10 m/s
[Solver Step 019000] t= 7.691 | Pos Err:    0.03 km | Vel Err:    0.00 m/s
[Solver Step 020000] t= 8.169 | Pos Err:    0.06 km | Vel Err:    0.00 m/s
[Solver Step 021000] t= 8.555 | Pos Err:    0.06 km | Vel Err:    0.03 m/s
[Solver Step 022000] t= 8.923 | Pos Err:    0.10 km | Vel Err:    0.00 m/s
[Solver Step 023000] t= 9.317 | Pos Err:    0.07 km | Vel Err:    0.00 m/s
[Solver Step 024000] t= 9.775 | Pos Err:    0.04 km | Vel Err:    0.03 m/s
[Solver Step 025000] t=10.176 | Pos Err:    0.03 km | Vel Err:    0.00 m/s
[Solver Step 026000] t=10.576 | Pos Err:    0.03 km | Vel Err:    0.00 m/s
[Solver Step 027000] t=10.935 | Pos Err:    0.12 km | Vel Err:    0.09 m/s
[Solver Step 028000] t=11.354 | Pos Err:    0.10 km | Vel Err:    0.00 m/s
[Solver Step 029000] t=11.811 | Pos Err:    0.09 km | Vel Err:    0.00 m/s
[Solver Step 030000] t=12.179 | Pos Err:    0.07 km | Vel Err:    0.03 m/s
Completed [EARTH_ORBIT] Trajectory 282/600 | Saved 2583 samples | Total: 399979
[Solver Step 001000] t= 0.415 | Pos Err:    0.53 km | Vel Err:    0.01 m/s
[Solver Step 002000] t= 0.789 | Pos Err:    0.07 km | Vel Err:    0.00 m/s
[Solver Step 003000] t= 1.099 | Pos Err:    0.01 km | Vel Err:    0.04 m/s
[Solver Step 004000] t= 1.550 | Pos Err:    0.05 km | Vel Err:    0.00 m/s
[Solver Step 005000] t= 2.101 | Pos Err:    0.05 km | Vel Err:    0.00 m/s
[Solver Step 006000] t= 2.514 | Pos Err:    0.05 km | Vel Err:    0.01 m/s
[Solver Step 007000] t= 3.014 | Pos Err:    0.05 km | Vel Err:    0.00 m/s
[Solver Step 008000] t= 3.566 | Pos Err:    0.05 km | Vel Err:    0.00 m/s
[Solver Step 009000] t= 4.057 | Pos Err:    0.04 km | Vel Err:    0.01 m/s
[Solver Step 010000] t= 4.458 | Pos Err:    0.05 km | Vel Err:    0.00 m/s
[Solver Step 011000] t= 4.996 | Pos Err:    0.05 km | Vel Err:    0.00 m/s
[Solver Step 012000] t= 5.583 | Pos Err:    0.03 km | Vel Err:    0.05 m/s
[Solver Step 013000] t= 6.066 | Pos Err:    0.05 km | Vel Err:    0.00 m/s
[Solver Step 014000] t= 6.467 | Pos Err:    0.06 km | Vel Err:    0.00 m/s
[Solver Step 015000] t= 7.024 | Pos Err:    0.03 km | Vel Err:    0.08 m/s
Completed [MOON_ORBIT] Trajectory 283/600 | Saved 1314 samples | Total: 401293
[Multiple Shooting] Converged in 2 iterations with residual 2.19e-11
[Solver Step 001000] t= 0.425 | Pos Err:    0.60 km | Vel Err:    0.01 m/s
[Solver Step 002000] t= 0.916 | Pos Err:    0.33 km | Vel Err:    0.01 m/s
[Solver Step 003000] t= 1.417 | Pos Err:    3.05 km | Vel Err:    0.06 m/s
[Solver Step 004000] t= 1.808 | Pos Err:   37.30 km | Vel Err:    0.81 m/s
[Solver Step 005000] t= 2.191 | Pos Err:   83.45 km | Vel Err:    1.61 m/s
[Solver Step 006000] t= 2.658 | Pos Err:    3.77 km | Vel Err:    0.07 m/s
[Solver Step 007000] t= 3.115 | Pos Err:   11.76 km | Vel Err:    0.28 m/s
Completed [HALO_L1] Trajectory 284/600 | Saved 589 samples | Total: 401882
[Solver Step 001000] t= 0.415 | Pos Err:    0.37 km | Vel Err:    0.01 m/s
[Solver Step 002000] t= 0.790 | Pos Err:    0.05 km | Vel Err:    0.00 m/s
[Solver Step 003000] t= 1.099 | Pos Err:    0.01 km | Vel Err:    0.04 m/s
[Solver Step 004000] t= 1.550 | Pos Err:    0.06 km | Vel Err:    0.00 m/s
[Solver Step 005000] t= 2.101 | Pos Err:    0.06 km | Vel Err:    0.00 m/s
[Solver Step 006000] t= 2.515 | Pos Err:    0.06 km | Vel Err:    0.01 m/s
[Solver Step 007000] t= 3.014 | Pos Err:    0.06 km | Vel Err:    0.00 m/s
[Solver Step 008000] t= 3.567 | Pos Err:    0.06 km | Vel Err:    0.00 m/s
[Solver Step 009000] t= 4.057 | Pos Err:    0.05 km | Vel Err:    0.01 m/s
[Solver Step 010000] t= 4.458 | Pos Err:    0.06 km | Vel Err:    0.00 m/s
[Solver Step 011000] t= 4.996 | Pos Err:    0.05 km | Vel Err:    0.00 m/s
[Solver Step 012000] t= 5.584 | Pos Err:    0.04 km | Vel Err:    0.05 m/s
[Solver Step 013000] t= 6.066 | Pos Err:    0.05 km | Vel Err:    0.00 m/s
[Solver Step 014000] t= 6.467 | Pos Err:    0.05 km | Vel Err:    0.00 m/s
[Solver Step 015000] t= 7.024 | Pos Err:    0.03 km | Vel Err:    0.08 m/s
Completed [MOON_ORBIT] Trajectory 285/600 | Saved 1314 samples | Total: 403196
[Solver Step 001000] t= 0.215 | Pos Err:   21.71 km | Vel Err:    0.53 m/s
[Solver Step 002000] t= 0.468 | Pos Err:    2.73 km | Vel Err:    0.08 m/s
[Solver Step 003000] t= 0.711 | Pos Err:    0.41 km | Vel Err:    0.04 m/s
[Solver Step 004000] t= 0.924 | Pos Err:    0.04 km | Vel Err:    0.01 m/s
[Solver Step 005000] t= 1.174 | Pos Err:    0.04 km | Vel Err:    0.00 m/s
[Solver Step 006000] t= 1.429 | Pos Err:    0.08 km | Vel Err:    0.05 m/s
[Solver Step 007000] t= 1.656 | Pos Err:    0.06 km | Vel Err:    0.00 m/s
[Solver Step 008000] t= 1.871 | Pos Err:    0.05 km | Vel Err:    0.00 m/s
[Solver Step 009000] t= 2.132 | Pos Err:    0.27 km | Vel Err:    0.19 m/s
[Solver Step 010000] t= 2.373 | Pos Err:    0.08 km | Vel Err:    0.00 m/s
[Solver Step 011000] t= 2.584 | Pos Err:    0.08 km | Vel Err:    0.00 m/s
[Solver Step 012000] t= 2.834 | Pos Err:    1.47 km | Vel Err:    1.23 m/s
[Solver Step 013000] t= 3.089 | Pos Err:    0.10 km | Vel Err:    0.00 m/s
[Solver Step 014000] t= 3.307 | Pos Err:    0.10 km | Vel Err:    0.00 m/s
[Solver Step 015000] t= 3.531 | Pos Err:    0.71 km | Vel Err:    0.58 m/s
[Solver Step 016000] t= 3.793 | Pos Err:    0.10 km | Vel Err:    0.00 m/s
[Solver Step 017000] t= 4.033 | Pos Err:    0.11 km | Vel Err:    0.00 m/s
[Solver Step 018000] t= 4.240 | Pos Err:    0.36 km | Vel Err:    0.23 m/s
[Solver Step 019000] t= 4.494 | Pos Err:    0.08 km | Vel Err:    0.02 m/s
[Solver Step 020000] t= 4.747 | Pos Err:    0.10 km | Vel Err:    0.00 m/s
[Solver Step 021000] t= 4.963 | Pos Err:    0.11 km | Vel Err:    0.11 m/s
[Solver Step 022000] t= 5.186 | Pos Err:    0.10 km | Vel Err:    0.01 m/s
[Solver Step 023000] t= 5.451 | Pos Err:    0.10 km | Vel Err:    0.00 m/s
[Solver Step 024000] t= 5.693 | Pos Err:    0.03 km | Vel Err:    0.11 m/s
[Solver Step 025000] t= 5.899 | Pos Err:    0.07 km | Vel Err:    0.01 m/s
[Solver Step 026000] t= 6.155 | Pos Err:    0.09 km | Vel Err:    0.00 m/s
[Solver Step 027000] t= 6.408 | Pos Err:    0.20 km | Vel Err:    0.24 m/s
[Solver Step 028000] t= 6.618 | Pos Err:    0.04 km | Vel Err:    0.00 m/s
[Solver Step 029000] t= 6.846 | Pos Err:    0.07 km | Vel Err:    0.00 m/s
Completed [TRANSFER] Trajectory 286/600 | Saved 2399 samples | Total: 405595
[Solver Step 001000] t= 0.413 | Pos Err:    2.65 km | Vel Err:    0.06 m/s
[Solver Step 002000] t= 0.817 | Pos Err:    0.05 km | Vel Err:    0.00 m/s
[Solver Step 003000] t= 1.258 | Pos Err:    0.06 km | Vel Err:    0.01 m/s
[Solver Step 004000] t= 1.605 | Pos Err:    0.04 km | Vel Err:    0.00 m/s
[Solver Step 005000] t= 1.991 | Pos Err:    0.05 km | Vel Err:    0.00 m/s
[Solver Step 006000] t= 2.444 | Pos Err:    0.09 km | Vel Err:    0.02 m/s
[Solver Step 007000] t= 2.845 | Pos Err:    0.10 km | Vel Err:    0.00 m/s
[Solver Step 008000] t= 3.243 | Pos Err:    0.10 km | Vel Err:    0.00 m/s
[Solver Step 009000] t= 3.617 | Pos Err:    0.14 km | Vel Err:    0.08 m/s
[Solver Step 010000] t= 4.031 | Pos Err:    0.02 km | Vel Err:    0.00 m/s
[Solver Step 011000] t= 4.451 | Pos Err:    0.04 km | Vel Err:    0.00 m/s
[Solver Step 012000] t= 4.893 | Pos Err:    0.04 km | Vel Err:    0.04 m/s
[Solver Step 013000] t= 5.232 | Pos Err:    0.08 km | Vel Err:    0.00 m/s
[Solver Step 014000] t= 5.629 | Pos Err:    0.09 km | Vel Err:    0.00 m/s
[Solver Step 015000] t= 6.108 | Pos Err:    0.05 km | Vel Err:    0.02 m/s
[Solver Step 016000] t= 6.495 | Pos Err:    0.04 km | Vel Err:    0.00 m/s
[Solver Step 017000] t= 6.922 | Pos Err:    0.02 km | Vel Err:    0.00 m/s
[Solver Step 018000] t= 7.266 | Pos Err:    0.08 km | Vel Err:    0.10 m/s
[Solver Step 019000] t= 7.686 | Pos Err:    0.09 km | Vel Err:    0.00 m/s
[Solver Step 020000] t= 8.166 | Pos Err:    0.10 km | Vel Err:    0.00 m/s
[Solver Step 021000] t= 8.551 | Pos Err:    0.08 km | Vel Err:    0.03 m/s
[Solver Step 022000] t= 8.921 | Pos Err:    0.07 km | Vel Err:    0.00 m/s
[Solver Step 023000] t= 9.313 | Pos Err:    0.03 km | Vel Err:    0.00 m/s
[Solver Step 024000] t= 9.771 | Pos Err:    0.07 km | Vel Err:    0.03 m/s
[Solver Step 025000] t=10.172 | Pos Err:    0.09 km | Vel Err:    0.00 m/s
[Solver Step 026000] t=10.572 | Pos Err:    0.09 km | Vel Err:    0.00 m/s
[Solver Step 027000] t=10.931 | Pos Err:    0.16 km | Vel Err:    0.09 m/s
[Solver Step 028000] t=11.352 | Pos Err:    0.03 km | Vel Err:    0.00 m/s
[Solver Step 029000] t=11.807 | Pos Err:    0.02 km | Vel Err:    0.00 m/s
[Solver Step 030000] t=12.176 | Pos Err:    0.02 km | Vel Err:    0.03 m/s
[Solver Step 031000] t=12.566 | Pos Err:    0.06 km | Vel Err:    0.00 m/s
Completed [EARTH_ORBIT] Trajectory 287/600 | Saved 2584 samples | Total: 408179
[Solver Step 001000] t= 0.415 | Pos Err:    3.56 km | Vel Err:    0.08 m/s
[Solver Step 002000] t= 0.819 | Pos Err:    0.01 km | Vel Err:    0.00 m/s
[Solver Step 003000] t= 1.260 | Pos Err:    0.11 km | Vel Err:    0.01 m/s
[Solver Step 004000] t= 1.607 | Pos Err:    0.10 km | Vel Err:    0.00 m/s
[Solver Step 005000] t= 1.993 | Pos Err:    0.01 km | Vel Err:    0.00 m/s
[Solver Step 006000] t= 2.446 | Pos Err:    0.06 km | Vel Err:    0.02 m/s
[Solver Step 007000] t= 2.847 | Pos Err:    0.08 km | Vel Err:    0.00 m/s
[Solver Step 008000] t= 3.244 | Pos Err:    0.09 km | Vel Err:    0.00 m/s
[Solver Step 009000] t= 3.619 | Pos Err:    0.16 km | Vel Err:    0.08 m/s
[Solver Step 010000] t= 4.033 | Pos Err:    0.06 km | Vel Err:    0.00 m/s
[Solver Step 011000] t= 4.452 | Pos Err:    0.03 km | Vel Err:    0.00 m/s
[Solver Step 012000] t= 4.895 | Pos Err:    0.02 km | Vel Err:    0.04 m/s
[Solver Step 013000] t= 5.233 | Pos Err:    0.03 km | Vel Err:    0.00 m/s
[Solver Step 014000] t= 5.631 | Pos Err:    0.10 km | Vel Err:    0.00 m/s
[Solver Step 015000] t= 6.110 | Pos Err:    0.10 km | Vel Err:    0.02 m/s
[Solver Step 016000] t= 6.497 | Pos Err:    0.10 km | Vel Err:    0.00 m/s
[Solver Step 017000] t= 6.924 | Pos Err:    0.08 km | Vel Err:    0.00 m/s
[Solver Step 018000] t= 7.268 | Pos Err:    0.11 km | Vel Err:    0.10 m/s
[Solver Step 019000] t= 7.688 | Pos Err:    0.08 km | Vel Err:    0.00 m/s
[Solver Step 020000] t= 8.168 | Pos Err:    0.10 km | Vel Err:    0.00 m/s
[Solver Step 021000] t= 8.553 | Pos Err:    0.09 km | Vel Err:    0.03 m/s
[Solver Step 022000] t= 8.922 | Pos Err:    0.11 km | Vel Err:    0.00 m/s
[Solver Step 023000] t= 9.315 | Pos Err:    0.04 km | Vel Err:    0.00 m/s
[Solver Step 024000] t= 9.773 | Pos Err:    0.01 km | Vel Err:    0.03 m/s
[Solver Step 025000] t=10.174 | Pos Err:    0.04 km | Vel Err:    0.00 m/s
[Solver Step 026000] t=10.574 | Pos Err:    0.06 km | Vel Err:    0.00 m/s
[Solver Step 027000] t=10.933 | Pos Err:    0.16 km | Vel Err:    0.09 m/s
[Solver Step 028000] t=11.353 | Pos Err:    0.09 km | Vel Err:    0.00 m/s
[Solver Step 029000] t=11.809 | Pos Err:    0.07 km | Vel Err:    0.00 m/s
[Solver Step 030000] t=12.178 | Pos Err:    0.05 km | Vel Err:    0.03 m/s
Completed [EARTH_ORBIT] Trajectory 288/600 | Saved 2583 samples | Total: 410762
[Multiple Shooting] Converged in 2 iterations with residual 1.22e-11
[Solver Step 001000] t= 0.426 | Pos Err:    0.50 km | Vel Err:    0.01 m/s
[Solver Step 002000] t= 0.916 | Pos Err:    0.31 km | Vel Err:    0.01 m/s
[Solver Step 003000] t= 1.416 | Pos Err:    2.81 km | Vel Err:    0.06 m/s
[Solver Step 004000] t= 1.810 | Pos Err:   34.25 km | Vel Err:    0.74 m/s
[Solver Step 005000] t= 2.190 | Pos Err:   91.09 km | Vel Err:    1.75 m/s
[Solver Step 006000] t= 2.657 | Pos Err:    3.92 km | Vel Err:    0.07 m/s
[Solver Step 007000] t= 3.116 | Pos Err:   11.93 km | Vel Err:    0.28 m/s
Completed [HALO_L1] Trajectory 289/600 | Saved 589 samples | Total: 411351
[Multiple Shooting] Converged in 2 iterations with residual 6.32e-12
[Solver Step 001000] t= 0.422 | Pos Err:    0.32 km | Vel Err:    0.01 m/s
[Solver Step 002000] t= 0.928 | Pos Err:    2.58 km | Vel Err:    0.05 m/s
[Solver Step 003000] t= 1.386 | Pos Err:   41.11 km | Vel Err:    0.79 m/s
[Solver Step 004000] t= 1.749 | Pos Err:   99.76 km | Vel Err:    2.05 m/s
[Solver Step 005000] t= 2.247 | Pos Err:    1.82 km | Vel Err:    0.04 m/s
[Solver Step 006000] t= 2.672 | Pos Err:    0.94 km | Vel Err:    0.02 m/s
[Solver Step 007000] t= 3.087 | Pos Err:    6.59 km | Vel Err:    0.15 m/s
Completed [HALO_L1] Trajectory 290/600 | Saved 593 samples | Total: 411944
[Multiple Shooting] Converged in 2 iterations with residual 1.24e-15
[Solver Step 001000] t= 0.462 | Pos Err:    0.35 km | Vel Err:    0.01 m/s
[Solver Step 002000] t= 1.012 | Pos Err:    0.14 km | Vel Err:    0.00 m/s
[Solver Step 003000] t= 1.611 | Pos Err:    0.07 km | Vel Err:    0.01 m/s
[Solver Step 004000] t= 2.068 | Pos Err:    0.13 km | Vel Err:    0.00 m/s
[Solver Step 005000] t= 2.507 | Pos Err:    0.33 km | Vel Err:    0.01 m/s
[Solver Step 006000] t= 3.051 | Pos Err:    5.12 km | Vel Err:    0.13 m/s
Completed [HALO_L2] Trajectory 291/600 | Saved 513 samples | Total: 412457
[Solver Step 001000] t= 0.417 | Pos Err:    1.49 km | Vel Err:    0.03 m/s
[Solver Step 002000] t= 0.822 | Pos Err:    0.06 km | Vel Err:    0.00 m/s
[Solver Step 003000] t= 1.262 | Pos Err:    0.07 km | Vel Err:    0.01 m/s
[Solver Step 004000] t= 1.610 | Pos Err:    0.08 km | Vel Err:    0.00 m/s
[Solver Step 005000] t= 1.995 | Pos Err:    0.05 km | Vel Err:    0.00 m/s
[Solver Step 006000] t= 2.448 | Pos Err:    0.04 km | Vel Err:    0.02 m/s
[Solver Step 007000] t= 2.850 | Pos Err:    0.04 km | Vel Err:    0.00 m/s
[Solver Step 008000] t= 3.246 | Pos Err:    0.05 km | Vel Err:    0.00 m/s
[Solver Step 009000] t= 3.621 | Pos Err:    0.11 km | Vel Err:    0.08 m/s
[Solver Step 010000] t= 4.036 | Pos Err:    0.07 km | Vel Err:    0.00 m/s
[Solver Step 011000] t= 4.454 | Pos Err:    0.06 km | Vel Err:    0.00 m/s
[Solver Step 012000] t= 4.898 | Pos Err:    0.04 km | Vel Err:    0.04 m/s
[Solver Step 013000] t= 5.235 | Pos Err:    0.04 km | Vel Err:    0.00 m/s
[Solver Step 014000] t= 5.634 | Pos Err:    0.05 km | Vel Err:    0.00 m/s
[Solver Step 015000] t= 6.113 | Pos Err:    0.07 km | Vel Err:    0.02 m/s
[Solver Step 016000] t= 6.499 | Pos Err:    0.08 km | Vel Err:    0.00 m/s
[Solver Step 017000] t= 6.926 | Pos Err:    0.08 km | Vel Err:    0.00 m/s
[Solver Step 018000] t= 7.270 | Pos Err:    0.13 km | Vel Err:    0.10 m/s
[Solver Step 019000] t= 7.692 | Pos Err:    0.04 km | Vel Err:    0.00 m/s
[Solver Step 020000] t= 8.170 | Pos Err:    0.05 km | Vel Err:    0.00 m/s
[Solver Step 021000] t= 8.556 | Pos Err:    0.04 km | Vel Err:    0.03 m/s
[Solver Step 022000] t= 8.923 | Pos Err:    0.08 km | Vel Err:    0.00 m/s
[Solver Step 023000] t= 9.317 | Pos Err:    0.06 km | Vel Err:    0.00 m/s
[Solver Step 024000] t= 9.776 | Pos Err:    0.04 km | Vel Err:    0.03 m/s
[Solver Step 025000] t=10.176 | Pos Err:    0.04 km | Vel Err:    0.00 m/s
[Solver Step 026000] t=10.576 | Pos Err:    0.04 km | Vel Err:    0.00 m/s
[Solver Step 027000] t=10.936 | Pos Err:    0.12 km | Vel Err:    0.09 m/s
[Solver Step 028000] t=11.355 | Pos Err:    0.08 km | Vel Err:    0.00 m/s
[Solver Step 029000] t=11.812 | Pos Err:    0.07 km | Vel Err:    0.00 m/s
[Solver Step 030000] t=12.180 | Pos Err:    0.06 km | Vel Err:    0.03 m/s
Completed [EARTH_ORBIT] Trajectory 292/600 | Saved 2583 samples | Total: 415040
[Multiple Shooting] Converged in 2 iterations with residual 1.20e-15
[Solver Step 001000] t= 0.484 | Pos Err:    0.20 km | Vel Err:    0.01 m/s
[Solver Step 002000] t= 0.938 | Pos Err:    0.27 km | Vel Err:    0.01 m/s
[Solver Step 003000] t= 1.473 | Pos Err:    0.14 km | Vel Err:    0.01 m/s
[Solver Step 004000] t= 2.052 | Pos Err:    0.30 km | Vel Err:    0.01 m/s
[Solver Step 005000] t= 2.498 | Pos Err:    0.31 km | Vel Err:    0.01 m/s
[Solver Step 006000] t= 2.942 | Pos Err:    1.07 km | Vel Err:    0.02 m/s
Completed [HALO_L2] Trajectory 293/600 | Saved 532 samples | Total: 415572
[Solver Step 001000] t= 0.421 | Pos Err:    0.30 km | Vel Err:    0.01 m/s
[Solver Step 002000] t= 0.795 | Pos Err:    0.06 km | Vel Err:    0.00 m/s
[Solver Step 003000] t= 1.104 | Pos Err:    0.01 km | Vel Err:    0.04 m/s
[Solver Step 004000] t= 1.558 | Pos Err:    0.06 km | Vel Err:    0.00 m/s
[Solver Step 005000] t= 2.108 | Pos Err:    0.06 km | Vel Err:    0.00 m/s
[Solver Step 006000] t= 2.521 | Pos Err:    0.05 km | Vel Err:    0.01 m/s
[Solver Step 007000] t= 3.021 | Pos Err:    0.05 km | Vel Err:    0.00 m/s
[Solver Step 008000] t= 3.574 | Pos Err:    0.06 km | Vel Err:    0.00 m/s
[Solver Step 009000] t= 4.062 | Pos Err:    0.05 km | Vel Err:    0.01 m/s
[Solver Step 010000] t= 4.465 | Pos Err:    0.06 km | Vel Err:    0.00 m/s
[Solver Step 011000] t= 5.004 | Pos Err:    0.06 km | Vel Err:    0.00 m/s
[Solver Step 012000] t= 5.591 | Pos Err:    0.04 km | Vel Err:    0.05 m/s
[Solver Step 013000] t= 6.071 | Pos Err:    0.06 km | Vel Err:    0.00 m/s
[Solver Step 014000] t= 6.474 | Pos Err:    0.06 km | Vel Err:    0.00 m/s
[Solver Step 015000] t= 7.032 | Pos Err:    0.03 km | Vel Err:    0.08 m/s
Completed [MOON_ORBIT] Trajectory 294/600 | Saved 1313 samples | Total: 416885
[Multiple Shooting] Converged in 2 iterations with residual 9.72e-12
[Solver Step 001000] t= 0.423 | Pos Err:    0.74 km | Vel Err:    0.02 m/s
[Solver Step 002000] t= 0.928 | Pos Err:    1.27 km | Vel Err:    0.03 m/s
[Solver Step 003000] t= 1.413 | Pos Err:    8.24 km | Vel Err:    0.18 m/s
[Solver Step 004000] t= 1.743 | Pos Err:   78.76 km | Vel Err:    1.54 m/s
[Solver Step 005000] t= 2.232 | Pos Err:    3.86 km | Vel Err:    0.10 m/s
[Solver Step 006000] t= 2.682 | Pos Err:    1.49 km | Vel Err:    0.03 m/s
[Solver Step 007000] t= 3.078 | Pos Err:    8.59 km | Vel Err:    0.19 m/s
Completed [HALO_L1] Trajectory 295/600 | Saved 596 samples | Total: 417481
[Multiple Shooting] Converged in 2 iterations with residual 3.02e-12
[Solver Step 001000] t= 0.414 | Pos Err:    0.27 km | Vel Err:    0.01 m/s
[Solver Step 002000] t= 0.917 | Pos Err:    6.07 km | Vel Err:    0.11 m/s
[Solver Step 003000] t= 1.340 | Pos Err:  102.33 km | Vel Err:    2.25 m/s
[Solver Step 004000] t= 1.746 | Pos Err:   75.45 km | Vel Err:    1.62 m/s
[Solver Step 005000] t= 2.238 | Pos Err:    1.09 km | Vel Err:    0.03 m/s
[Solver Step 006000] t= 2.629 | Pos Err:    0.18 km | Vel Err:    0.01 m/s
[Solver Step 007000] t= 3.089 | Pos Err:    9.06 km | Vel Err:    0.21 m/s
Completed [HALO_L1] Trajectory 296/600 | Saved 593 samples | Total: 418074
[Multiple Shooting] Converged in 2 iterations with residual 1.64e-15
[Solver Step 001000] t= 0.480 | Pos Err:    0.23 km | Vel Err:    0.01 m/s
[Solver Step 002000] t= 0.976 | Pos Err:    0.02 km | Vel Err:    0.00 m/s
[Solver Step 003000] t= 1.427 | Pos Err:    0.23 km | Vel Err:    0.01 m/s
[Solver Step 004000] t= 1.946 | Pos Err:    0.23 km | Vel Err:    0.01 m/s
[Solver Step 005000] t= 2.503 | Pos Err:    0.41 km | Vel Err:    0.01 m/s
[Solver Step 006000] t= 2.943 | Pos Err:    1.18 km | Vel Err:    0.03 m/s
Completed [HALO_L2] Trajectory 297/600 | Saved 542 samples | Total: 418616
[Solver Step 001000] t= 0.420 | Pos Err:    0.31 km | Vel Err:    0.01 m/s
[Solver Step 002000] t= 0.794 | Pos Err:    0.06 km | Vel Err:    0.00 m/s
[Solver Step 003000] t= 1.103 | Pos Err:    0.01 km | Vel Err:    0.04 m/s
[Solver Step 004000] t= 1.556 | Pos Err:    0.05 km | Vel Err:    0.00 m/s
[Solver Step 005000] t= 2.107 | Pos Err:    0.05 km | Vel Err:    0.00 m/s
[Solver Step 006000] t= 2.520 | Pos Err:    0.05 km | Vel Err:    0.01 m/s
[Solver Step 007000] t= 3.020 | Pos Err:    0.05 km | Vel Err:    0.00 m/s
[Solver Step 008000] t= 3.573 | Pos Err:    0.05 km | Vel Err:    0.00 m/s
[Solver Step 009000] t= 4.061 | Pos Err:    0.05 km | Vel Err:    0.01 m/s
[Solver Step 010000] t= 4.464 | Pos Err:    0.05 km | Vel Err:    0.00 m/s
[Solver Step 011000] t= 5.003 | Pos Err:    0.05 km | Vel Err:    0.00 m/s
[Solver Step 012000] t= 5.590 | Pos Err:    0.04 km | Vel Err:    0.05 m/s
[Solver Step 013000] t= 6.070 | Pos Err:    0.05 km | Vel Err:    0.00 m/s
[Solver Step 014000] t= 6.473 | Pos Err:    0.06 km | Vel Err:    0.00 m/s
[Solver Step 015000] t= 7.031 | Pos Err:    0.03 km | Vel Err:    0.08 m/s
Completed [MOON_ORBIT] Trajectory 298/600 | Saved 1313 samples | Total: 419929
[Multiple Shooting] Converged in 2 iterations with residual 1.30e-15
[Solver Step 001000] t= 0.486 | Pos Err:    0.21 km | Vel Err:    0.01 m/s
[Solver Step 002000] t= 0.937 | Pos Err:    0.28 km | Vel Err:    0.01 m/s
[Solver Step 003000] t= 1.457 | Pos Err:    0.06 km | Vel Err:    0.01 m/s
[Solver Step 004000] t= 2.032 | Pos Err:    0.35 km | Vel Err:    0.01 m/s
[Solver Step 005000] t= 2.517 | Pos Err:    0.33 km | Vel Err:    0.01 m/s
[Solver Step 006000] t= 2.931 | Pos Err:    1.47 km | Vel Err:    0.03 m/s
Completed [HALO_L2] Trajectory 299/600 | Saved 535 samples | Total: 420464
[Multiple Shooting] Converged in 4 iterations with residual 5.90e-13
[Solver Step 001000] t= 0.355 | Pos Err:    3.71 km | Vel Err:    0.09 m/s
[Solver Step 002000] t= 0.699 | Pos Err:   28.82 km | Vel Err:    0.63 m/s
[Solver Step 003000] t= 1.065 | Pos Err:   20.12 km | Vel Err:    0.41 m/s
[Solver Step 004000] t= 1.442 | Pos Err:    2.92 km | Vel Err:    0.06 m/s
[Solver Step 005000] t= 1.804 | Pos Err:   16.25 km | Vel Err:    0.32 m/s
[Solver Step 006000] t= 2.148 | Pos Err:    3.19 km | Vel Err:    0.08 m/s
[Solver Step 007000] t= 2.512 | Pos Err:  172.49 km | Vel Err:    2.31 m/s
Completed [DRO] Trajectory 300/600 | Saved 584 samples | Total: 421048
[Multiple Shooting] Converged in 5 iterations with residual 5.19e-12
[Solver Step 001000] t= 0.330 | Pos Err:   21.45 km | Vel Err:    0.46 m/s
[Solver Step 002000] t= 0.678 | Pos Err:   65.61 km | Vel Err:    1.37 m/s
[Solver Step 003000] t= 1.015 | Pos Err:   35.10 km | Vel Err:    0.74 m/s
[Solver Step 004000] t= 1.383 | Pos Err:   16.93 km | Vel Err:    0.33 m/s
[Solver Step 005000] t= 1.713 | Pos Err:   22.04 km | Vel Err:    0.44 m/s
[Solver Step 006000] t= 2.067 | Pos Err:   26.77 km | Vel Err:    0.53 m/s
[Solver Step 007000] t= 2.413 | Pos Err:  153.98 km | Vel Err:    3.05 m/s
Completed [DRO] Trajectory 301/600 | Saved 608 samples | Total: 421656
[Multiple Shooting] Converged in 3 iterations with residual 1.04e-13
[Solver Step 001000] t= 0.399 | Pos Err:    3.61 km | Vel Err:    0.08 m/s
[Solver Step 002000] t= 0.790 | Pos Err:    3.87 km | Vel Err:    0.06 m/s
[Solver Step 003000] t= 1.169 | Pos Err:    1.41 km | Vel Err:    0.04 m/s
[Solver Step 004000] t= 1.549 | Pos Err:    7.08 km | Vel Err:    0.13 m/s
[Solver Step 005000] t= 1.942 | Pos Err:    1.55 km | Vel Err:    0.03 m/s
[Solver Step 006000] t= 2.330 | Pos Err:   15.99 km | Vel Err:    0.34 m/s
Completed [DRO] Trajectory 302/600 | Saved 538 samples | Total: 422194
[Multiple Shooting] Converged in 2 iterations with residual 1.58e-15
[Solver Step 001000] t= 0.495 | Pos Err:    0.19 km | Vel Err:    0.00 m/s
[Solver Step 002000] t= 0.945 | Pos Err:    0.27 km | Vel Err:    0.01 m/s
[Solver Step 003000] t= 1.459 | Pos Err:    0.08 km | Vel Err:    0.01 m/s
[Solver Step 004000] t= 2.030 | Pos Err:    0.34 km | Vel Err:    0.01 m/s
[Solver Step 005000] t= 2.529 | Pos Err:    0.23 km | Vel Err:    0.00 m/s
[Solver Step 006000] t= 2.934 | Pos Err:    1.38 km | Vel Err:    0.03 m/s
Completed [HALO_L2] Trajectory 303/600 | Saved 535 samples | Total: 422729
[Solver Step 001000] t= 0.414 | Pos Err:    0.45 km | Vel Err:    0.01 m/s
[Solver Step 002000] t= 0.788 | Pos Err:    0.05 km | Vel Err:    0.00 m/s
[Solver Step 003000] t= 1.098 | Pos Err:    0.01 km | Vel Err:    0.04 m/s
[Solver Step 004000] t= 1.548 | Pos Err:    0.06 km | Vel Err:    0.00 m/s
[Solver Step 005000] t= 2.100 | Pos Err:    0.06 km | Vel Err:    0.00 m/s
[Solver Step 006000] t= 2.513 | Pos Err:    0.06 km | Vel Err:    0.01 m/s
[Solver Step 007000] t= 3.012 | Pos Err:    0.06 km | Vel Err:    0.00 m/s
[Solver Step 008000] t= 3.565 | Pos Err:    0.06 km | Vel Err:    0.00 m/s
[Solver Step 009000] t= 4.056 | Pos Err:    0.06 km | Vel Err:    0.01 m/s
[Solver Step 010000] t= 4.457 | Pos Err:    0.06 km | Vel Err:    0.00 m/s
[Solver Step 011000] t= 4.994 | Pos Err:    0.06 km | Vel Err:    0.00 m/s
[Solver Step 012000] t= 5.582 | Pos Err:    0.04 km | Vel Err:    0.05 m/s
[Solver Step 013000] t= 6.065 | Pos Err:    0.06 km | Vel Err:    0.00 m/s
[Solver Step 014000] t= 6.465 | Pos Err:    0.05 km | Vel Err:    0.00 m/s
[Solver Step 015000] t= 7.022 | Pos Err:    0.03 km | Vel Err:    0.08 m/s
Completed [MOON_ORBIT] Trajectory 304/600 | Saved 1315 samples | Total: 424044
[Multiple Shooting] Converged in 3 iterations with residual 5.87e-12
[Solver Step 001000] t= 0.392 | Pos Err:    2.74 km | Vel Err:    0.06 m/s
[Solver Step 002000] t= 0.779 | Pos Err:    4.66 km | Vel Err:    0.07 m/s
[Solver Step 003000] t= 1.157 | Pos Err:    1.28 km | Vel Err:    0.06 m/s
[Solver Step 004000] t= 1.533 | Pos Err:    7.56 km | Vel Err:    0.14 m/s
[Solver Step 005000] t= 1.922 | Pos Err:    0.43 km | Vel Err:    0.01 m/s
[Solver Step 006000] t= 2.310 | Pos Err:   24.15 km | Vel Err:    0.49 m/s
Completed [DRO] Trajectory 305/600 | Saved 549 samples | Total: 424593
[Solver Step 001000] t= 0.417 | Pos Err:    2.17 km | Vel Err:    0.05 m/s
[Solver Step 002000] t= 0.821 | Pos Err:    0.06 km | Vel Err:    0.00 m/s
[Solver Step 003000] t= 1.262 | Pos Err:    0.08 km | Vel Err:    0.01 m/s
[Solver Step 004000] t= 1.609 | Pos Err:    0.09 km | Vel Err:    0.00 m/s
[Solver Step 005000] t= 1.995 | Pos Err:    0.05 km | Vel Err:    0.00 m/s
[Solver Step 006000] t= 2.448 | Pos Err:    0.03 km | Vel Err:    0.02 m/s
[Solver Step 007000] t= 2.850 | Pos Err:    0.03 km | Vel Err:    0.00 m/s
[Solver Step 008000] t= 3.245 | Pos Err:    0.04 km | Vel Err:    0.00 m/s
[Solver Step 009000] t= 3.621 | Pos Err:    0.11 km | Vel Err:    0.08 m/s
[Solver Step 010000] t= 4.036 | Pos Err:    0.08 km | Vel Err:    0.00 m/s
[Solver Step 011000] t= 4.454 | Pos Err:    0.07 km | Vel Err:    0.00 m/s
[Solver Step 012000] t= 4.897 | Pos Err:    0.04 km | Vel Err:    0.04 m/s
[Solver Step 013000] t= 5.235 | Pos Err:    0.03 km | Vel Err:    0.00 m/s
[Solver Step 014000] t= 5.634 | Pos Err:    0.06 km | Vel Err:    0.00 m/s
[Solver Step 015000] t= 6.113 | Pos Err:    0.08 km | Vel Err:    0.02 m/s
[Solver Step 016000] t= 6.499 | Pos Err:    0.09 km | Vel Err:    0.00 m/s
[Solver Step 017000] t= 6.926 | Pos Err:    0.09 km | Vel Err:    0.00 m/s
[Solver Step 018000] t= 7.270 | Pos Err:    0.14 km | Vel Err:    0.10 m/s
[Solver Step 019000] t= 7.691 | Pos Err:    0.03 km | Vel Err:    0.00 m/s
[Solver Step 020000] t= 8.170 | Pos Err:    0.05 km | Vel Err:    0.00 m/s
[Solver Step 021000] t= 8.556 | Pos Err:    0.05 km | Vel Err:    0.03 m/s
[Solver Step 022000] t= 8.923 | Pos Err:    0.09 km | Vel Err:    0.00 m/s
[Solver Step 023000] t= 9.317 | Pos Err:    0.07 km | Vel Err:    0.00 m/s
[Solver Step 024000] t= 9.776 | Pos Err:    0.04 km | Vel Err:    0.03 m/s
[Solver Step 025000] t=10.176 | Pos Err:    0.03 km | Vel Err:    0.00 m/s
[Solver Step 026000] t=10.576 | Pos Err:    0.03 km | Vel Err:    0.00 m/s
[Solver Step 027000] t=10.936 | Pos Err:    0.11 km | Vel Err:    0.09 m/s
[Solver Step 028000] t=11.355 | Pos Err:    0.09 km | Vel Err:    0.00 m/s
[Solver Step 029000] t=11.811 | Pos Err:    0.08 km | Vel Err:    0.00 m/s
[Solver Step 030000] t=12.180 | Pos Err:    0.06 km | Vel Err:    0.03 m/s
Completed [EARTH_ORBIT] Trajectory 306/600 | Saved 2583 samples | Total: 427176
[Solver Step 001000] t= 0.417 | Pos Err:    3.95 km | Vel Err:    0.09 m/s
[Solver Step 002000] t= 0.821 | Pos Err:    0.10 km | Vel Err:    0.00 m/s
[Solver Step 003000] t= 1.261 | Pos Err:    0.09 km | Vel Err:    0.01 m/s
[Solver Step 004000] t= 1.609 | Pos Err:    0.11 km | Vel Err:    0.00 m/s
[Solver Step 005000] t= 1.995 | Pos Err:    0.09 km | Vel Err:    0.00 m/s
[Solver Step 006000] t= 2.448 | Pos Err:    0.04 km | Vel Err:    0.02 m/s
[Solver Step 007000] t= 2.849 | Pos Err:    0.02 km | Vel Err:    0.00 m/s
[Solver Step 008000] t= 3.245 | Pos Err:    0.02 km | Vel Err:    0.00 m/s
[Solver Step 009000] t= 3.621 | Pos Err:    0.08 km | Vel Err:    0.08 m/s
[Solver Step 010000] t= 4.036 | Pos Err:    0.11 km | Vel Err:    0.00 m/s
[Solver Step 011000] t= 4.454 | Pos Err:    0.11 km | Vel Err:    0.00 m/s
[Solver Step 012000] t= 4.897 | Pos Err:    0.08 km | Vel Err:    0.04 m/s
[Solver Step 013000] t= 5.235 | Pos Err:    0.06 km | Vel Err:    0.00 m/s
[Solver Step 014000] t= 5.633 | Pos Err:    0.05 km | Vel Err:    0.00 m/s
[Solver Step 015000] t= 6.112 | Pos Err:    0.10 km | Vel Err:    0.02 m/s
[Solver Step 016000] t= 6.499 | Pos Err:    0.11 km | Vel Err:    0.00 m/s
[Solver Step 017000] t= 6.926 | Pos Err:    0.12 km | Vel Err:    0.00 m/s
[Solver Step 018000] t= 7.270 | Pos Err:    0.18 km | Vel Err:    0.10 m/s
[Solver Step 019000] t= 7.691 | Pos Err:    0.02 km | Vel Err:    0.00 m/s
[Solver Step 020000] t= 8.169 | Pos Err:    0.03 km | Vel Err:    0.00 m/s
[Solver Step 021000] t= 8.555 | Pos Err:    0.04 km | Vel Err:    0.03 m/s
[Solver Step 022000] t= 8.923 | Pos Err:    0.09 km | Vel Err:    0.00 m/s
[Solver Step 023000] t= 9.317 | Pos Err:    0.11 km | Vel Err:    0.00 m/s
[Solver Step 024000] t= 9.776 | Pos Err:    0.08 km | Vel Err:    0.03 m/s
[Solver Step 025000] t=10.176 | Pos Err:    0.06 km | Vel Err:    0.00 m/s
[Solver Step 026000] t=10.576 | Pos Err:    0.03 km | Vel Err:    0.00 m/s
[Solver Step 027000] t=10.936 | Pos Err:    0.07 km | Vel Err:    0.09 m/s
[Solver Step 028000] t=11.354 | Pos Err:    0.11 km | Vel Err:    0.00 m/s
[Solver Step 029000] t=11.811 | Pos Err:    0.12 km | Vel Err:    0.00 m/s
[Solver Step 030000] t=12.180 | Pos Err:    0.10 km | Vel Err:    0.03 m/s
Completed [EARTH_ORBIT] Trajectory 307/600 | Saved 2583 samples | Total: 429759
[Solver Step 001000] t= 0.218 | Pos Err:   11.08 km | Vel Err:    0.25 m/s
[Solver Step 002000] t= 0.470 | Pos Err:    1.37 km | Vel Err:    0.04 m/s
[Solver Step 003000] t= 0.713 | Pos Err:    0.24 km | Vel Err:    0.02 m/s
[Solver Step 004000] t= 0.930 | Pos Err:    0.03 km | Vel Err:    0.00 m/s
[Solver Step 005000] t= 1.178 | Pos Err:    0.03 km | Vel Err:    0.00 m/s
[Solver Step 006000] t= 1.431 | Pos Err:    0.05 km | Vel Err:    0.04 m/s
[Solver Step 007000] t= 1.661 | Pos Err:    0.04 km | Vel Err:    0.00 m/s
[Solver Step 008000] t= 1.876 | Pos Err:    0.02 km | Vel Err:    0.00 m/s
[Solver Step 009000] t= 2.134 | Pos Err:    0.16 km | Vel Err:    0.11 m/s
[Solver Step 010000] t= 2.377 | Pos Err:    0.06 km | Vel Err:    0.00 m/s
[Solver Step 011000] t= 2.590 | Pos Err:    0.05 km | Vel Err:    0.00 m/s
[Solver Step 012000] t= 2.837 | Pos Err:    0.91 km | Vel Err:    0.77 m/s
[Solver Step 013000] t= 3.092 | Pos Err:    0.07 km | Vel Err:    0.00 m/s
[Solver Step 014000] t= 3.313 | Pos Err:    0.07 km | Vel Err:    0.00 m/s
[Solver Step 015000] t= 3.535 | Pos Err:    0.70 km | Vel Err:    0.54 m/s
[Solver Step 016000] t= 3.796 | Pos Err:    0.07 km | Vel Err:    0.00 m/s
[Solver Step 017000] t= 4.038 | Pos Err:    0.08 km | Vel Err:    0.00 m/s
[Solver Step 018000] t= 4.246 | Pos Err:    0.35 km | Vel Err:    0.22 m/s
[Solver Step 019000] t= 4.497 | Pos Err:    0.05 km | Vel Err:    0.02 m/s
[Solver Step 020000] t= 4.751 | Pos Err:    0.08 km | Vel Err:    0.00 m/s
[Solver Step 021000] t= 4.969 | Pos Err:    0.11 km | Vel Err:    0.11 m/s
[Solver Step 022000] t= 5.189 | Pos Err:    0.07 km | Vel Err:    0.01 m/s
[Solver Step 023000] t= 5.455 | Pos Err:    0.07 km | Vel Err:    0.00 m/s
[Solver Step 024000] t= 5.698 | Pos Err:    0.05 km | Vel Err:    0.12 m/s
[Solver Step 025000] t= 5.904 | Pos Err:    0.04 km | Vel Err:    0.00 m/s
[Solver Step 026000] t= 6.158 | Pos Err:    0.06 km | Vel Err:    0.00 m/s
[Solver Step 027000] t= 6.412 | Pos Err:    0.21 km | Vel Err:    0.24 m/s
[Solver Step 028000] t= 6.624 | Pos Err:    0.01 km | Vel Err:    0.00 m/s
[Solver Step 029000] t= 6.850 | Pos Err:    0.04 km | Vel Err:    0.00 m/s
Completed [TRANSFER] Trajectory 308/600 | Saved 2399 samples | Total: 432158
[Solver Step 001000] t= 0.217 | Pos Err:   10.50 km | Vel Err:    0.29 m/s
[Solver Step 002000] t= 0.468 | Pos Err:    1.37 km | Vel Err:    0.03 m/s
[Solver Step 003000] t= 0.712 | Pos Err:    0.17 km | Vel Err:    0.03 m/s
[Solver Step 004000] t= 0.926 | Pos Err:    0.02 km | Vel Err:    0.00 m/s
[Solver Step 005000] t= 1.176 | Pos Err:    0.01 km | Vel Err:    0.00 m/s
[Solver Step 006000] t= 1.429 | Pos Err:    0.06 km | Vel Err:    0.03 m/s
[Solver Step 007000] t= 1.658 | Pos Err:    0.05 km | Vel Err:    0.00 m/s
[Solver Step 008000] t= 1.873 | Pos Err:    0.03 km | Vel Err:    0.00 m/s
[Solver Step 009000] t= 2.133 | Pos Err:    0.22 km | Vel Err:    0.15 m/s
[Solver Step 010000] t= 2.374 | Pos Err:    0.07 km | Vel Err:    0.00 m/s
[Solver Step 011000] t= 2.586 | Pos Err:    0.05 km | Vel Err:    0.00 m/s
[Solver Step 012000] t= 2.835 | Pos Err:    1.30 km | Vel Err:    1.06 m/s
[Solver Step 013000] t= 3.090 | Pos Err:    0.08 km | Vel Err:    0.00 m/s
[Solver Step 014000] t= 3.309 | Pos Err:    0.06 km | Vel Err:    0.00 m/s
[Solver Step 015000] t= 3.532 | Pos Err:    0.70 km | Vel Err:    0.57 m/s
[Solver Step 016000] t= 3.794 | Pos Err:    0.08 km | Vel Err:    0.00 m/s
[Solver Step 017000] t= 4.035 | Pos Err:    0.07 km | Vel Err:    0.00 m/s
[Solver Step 018000] t= 4.242 | Pos Err:    0.34 km | Vel Err:    0.23 m/s
[Solver Step 019000] t= 4.495 | Pos Err:    0.04 km | Vel Err:    0.02 m/s
[Solver Step 020000] t= 4.748 | Pos Err:    0.06 km | Vel Err:    0.00 m/s
[Solver Step 021000] t= 4.965 | Pos Err:    0.11 km | Vel Err:    0.11 m/s
[Solver Step 022000] t= 5.187 | Pos Err:    0.06 km | Vel Err:    0.01 m/s
[Solver Step 023000] t= 5.453 | Pos Err:    0.05 km | Vel Err:    0.00 m/s
[Solver Step 024000] t= 5.694 | Pos Err:    0.07 km | Vel Err:    0.12 m/s
[Solver Step 025000] t= 5.901 | Pos Err:    0.03 km | Vel Err:    0.00 m/s
[Solver Step 026000] t= 6.156 | Pos Err:    0.04 km | Vel Err:    0.00 m/s
[Solver Step 027000] t= 6.409 | Pos Err:    0.22 km | Vel Err:    0.24 m/s
[Solver Step 028000] t= 6.620 | Pos Err:    0.02 km | Vel Err:    0.00 m/s
[Solver Step 029000] t= 6.848 | Pos Err:    0.02 km | Vel Err:    0.00 m/s
Completed [TRANSFER] Trajectory 309/600 | Saved 2399 samples | Total: 434557
[Multiple Shooting] Converged in 2 iterations with residual 1.66e-15
[Solver Step 001000] t= 0.461 | Pos Err:    0.43 km | Vel Err:    0.01 m/s
[Solver Step 002000] t= 1.015 | Pos Err:    0.14 km | Vel Err:    0.00 m/s
[Solver Step 003000] t= 1.614 | Pos Err:    0.08 km | Vel Err:    0.01 m/s
[Solver Step 004000] t= 2.057 | Pos Err:    0.23 km | Vel Err:    0.00 m/s
[Solver Step 005000] t= 2.506 | Pos Err:    0.33 km | Vel Err:    0.01 m/s
[Solver Step 006000] t= 3.054 | Pos Err:    5.25 km | Vel Err:    0.14 m/s
Completed [HALO_L2] Trajectory 310/600 | Saved 513 samples | Total: 435070
[Multiple Shooting] Converged in 2 iterations with residual 1.28e-15
[Solver Step 001000] t= 0.454 | Pos Err:    0.50 km | Vel Err:    0.01 m/s
[Solver Step 002000] t= 1.017 | Pos Err:    0.14 km | Vel Err:    0.00 m/s
[Solver Step 003000] t= 1.607 | Pos Err:    0.07 km | Vel Err:    0.01 m/s
[Solver Step 004000] t= 2.026 | Pos Err:    0.30 km | Vel Err:    0.01 m/s
[Solver Step 005000] t= 2.495 | Pos Err:    0.29 km | Vel Err:    0.01 m/s
[Solver Step 006000] t= 3.055 | Pos Err:    5.45 km | Vel Err:    0.14 m/s
Completed [HALO_L2] Trajectory 311/600 | Saved 513 samples | Total: 435583
[Solver Step 001000] t= 0.415 | Pos Err:    1.53 km | Vel Err:    0.03 m/s
[Solver Step 002000] t= 0.819 | Pos Err:    0.07 km | Vel Err:    0.00 m/s
[Solver Step 003000] t= 1.260 | Pos Err:    0.05 km | Vel Err:    0.01 m/s
[Solver Step 004000] t= 1.607 | Pos Err:    0.06 km | Vel Err:    0.00 m/s
[Solver Step 005000] t= 1.993 | Pos Err:    0.07 km | Vel Err:    0.00 m/s
[Solver Step 006000] t= 2.446 | Pos Err:    0.07 km | Vel Err:    0.02 m/s
[Solver Step 007000] t= 2.847 | Pos Err:    0.06 km | Vel Err:    0.00 m/s
[Solver Step 008000] t= 3.244 | Pos Err:    0.05 km | Vel Err:    0.00 m/s
[Solver Step 009000] t= 3.619 | Pos Err:    0.09 km | Vel Err:    0.08 m/s
[Solver Step 010000] t= 4.033 | Pos Err:    0.07 km | Vel Err:    0.00 m/s
[Solver Step 011000] t= 4.452 | Pos Err:    0.08 km | Vel Err:    0.00 m/s
[Solver Step 012000] t= 4.895 | Pos Err:    0.06 km | Vel Err:    0.04 m/s
[Solver Step 013000] t= 5.233 | Pos Err:    0.07 km | Vel Err:    0.00 m/s
[Solver Step 014000] t= 5.631 | Pos Err:    0.04 km | Vel Err:    0.00 m/s
[Solver Step 015000] t= 6.110 | Pos Err:    0.05 km | Vel Err:    0.02 m/s
[Solver Step 016000] t= 6.497 | Pos Err:    0.06 km | Vel Err:    0.00 m/s
[Solver Step 017000] t= 6.924 | Pos Err:    0.07 km | Vel Err:    0.00 m/s
[Solver Step 018000] t= 7.268 | Pos Err:    0.13 km | Vel Err:    0.10 m/s
[Solver Step 019000] t= 7.689 | Pos Err:    0.06 km | Vel Err:    0.00 m/s
[Solver Step 020000] t= 8.168 | Pos Err:    0.05 km | Vel Err:    0.00 m/s
[Solver Step 021000] t= 8.553 | Pos Err:    0.03 km | Vel Err:    0.03 m/s
[Solver Step 022000] t= 8.922 | Pos Err:    0.05 km | Vel Err:    0.00 m/s
[Solver Step 023000] t= 9.315 | Pos Err:    0.07 km | Vel Err:    0.00 m/s
[Solver Step 024000] t= 9.773 | Pos Err:    0.07 km | Vel Err:    0.03 m/s
[Solver Step 025000] t=10.174 | Pos Err:    0.07 km | Vel Err:    0.00 m/s
[Solver Step 026000] t=10.574 | Pos Err:    0.06 km | Vel Err:    0.00 m/s
[Solver Step 027000] t=10.934 | Pos Err:    0.11 km | Vel Err:    0.09 m/s
[Solver Step 028000] t=11.353 | Pos Err:    0.06 km | Vel Err:    0.00 m/s
[Solver Step 029000] t=11.809 | Pos Err:    0.07 km | Vel Err:    0.00 m/s
[Solver Step 030000] t=12.178 | Pos Err:    0.06 km | Vel Err:    0.03 m/s
Completed [EARTH_ORBIT] Trajectory 312/600 | Saved 2583 samples | Total: 438166
[Multiple Shooting] Converged in 4 iterations with residual 2.82e-13
[Solver Step 001000] t= 0.346 | Pos Err:    3.38 km | Vel Err:    0.08 m/s
[Solver Step 002000] t= 0.692 | Pos Err:   49.49 km | Vel Err:    1.09 m/s
[Solver Step 003000] t= 1.054 | Pos Err:   28.04 km | Vel Err:    0.55 m/s
[Solver Step 004000] t= 1.411 | Pos Err:    0.96 km | Vel Err:    0.02 m/s
[Solver Step 005000] t= 1.768 | Pos Err:   24.60 km | Vel Err:    0.49 m/s
[Solver Step 006000] t= 2.127 | Pos Err:   53.16 km | Vel Err:    0.95 m/s
[Solver Step 007000] t= 2.475 | Pos Err:  207.04 km | Vel Err:    4.61 m/s
Completed [DRO] Trajectory 313/600 | Saved 593 samples | Total: 438759
[Solver Step 001000] t= 0.417 | Pos Err:    0.46 km | Vel Err:    0.01 m/s
[Solver Step 002000] t= 0.791 | Pos Err:    0.07 km | Vel Err:    0.00 m/s
[Solver Step 003000] t= 1.100 | Pos Err:    0.01 km | Vel Err:    0.04 m/s
[Solver Step 004000] t= 1.552 | Pos Err:    0.05 km | Vel Err:    0.00 m/s
[Solver Step 005000] t= 2.103 | Pos Err:    0.05 km | Vel Err:    0.00 m/s
[Solver Step 006000] t= 2.516 | Pos Err:    0.05 km | Vel Err:    0.01 m/s
[Solver Step 007000] t= 3.016 | Pos Err:    0.05 km | Vel Err:    0.00 m/s
[Solver Step 008000] t= 3.568 | Pos Err:    0.05 km | Vel Err:    0.00 m/s
[Solver Step 009000] t= 4.058 | Pos Err:    0.05 km | Vel Err:    0.01 m/s
[Solver Step 010000] t= 4.460 | Pos Err:    0.05 km | Vel Err:    0.00 m/s
[Solver Step 011000] t= 4.998 | Pos Err:    0.05 km | Vel Err:    0.00 m/s
[Solver Step 012000] t= 5.585 | Pos Err:    0.04 km | Vel Err:    0.05 m/s
[Solver Step 013000] t= 6.067 | Pos Err:    0.06 km | Vel Err:    0.00 m/s
[Solver Step 014000] t= 6.469 | Pos Err:    0.06 km | Vel Err:    0.00 m/s
[Solver Step 015000] t= 7.026 | Pos Err:    0.04 km | Vel Err:    0.08 m/s
Completed [MOON_ORBIT] Trajectory 314/600 | Saved 1314 samples | Total: 440073
[Multiple Shooting] Converged in 6 iterations with residual 8.63e-15
[Solver Step 001000] t= 0.325 | Pos Err:   18.72 km | Vel Err:    0.39 m/s
[Solver Step 002000] t= 0.666 | Pos Err:   79.34 km | Vel Err:    1.59 m/s
[Solver Step 003000] t= 1.010 | Pos Err:   20.66 km | Vel Err:    0.46 m/s
[Solver Step 004000] t= 1.362 | Pos Err:   57.23 km | Vel Err:    1.00 m/s
[Solver Step 005000] t= 1.688 | Pos Err:   96.55 km | Vel Err:    2.02 m/s
[Solver Step 006000] t= 2.034 | Pos Err:    1.08 km | Vel Err:    0.05 m/s
[Solver Step 007000] t= 2.383 | Pos Err:  110.43 km | Vel Err:    1.60 m/s
Completed [DRO] Trajectory 315/600 | Saved 619 samples | Total: 440692
[Solver Step 001000] t= 0.414 | Pos Err:    0.38 km | Vel Err:    0.01 m/s
[Solver Step 002000] t= 0.789 | Pos Err:    0.05 km | Vel Err:    0.00 m/s
[Solver Step 003000] t= 1.098 | Pos Err:    0.01 km | Vel Err:    0.04 m/s
[Solver Step 004000] t= 1.549 | Pos Err:    0.06 km | Vel Err:    0.00 m/s
[Solver Step 005000] t= 2.100 | Pos Err:    0.06 km | Vel Err:    0.00 m/s
[Solver Step 006000] t= 2.513 | Pos Err:    0.06 km | Vel Err:    0.01 m/s
[Solver Step 007000] t= 3.013 | Pos Err:    0.06 km | Vel Err:    0.00 m/s
[Solver Step 008000] t= 3.565 | Pos Err:    0.06 km | Vel Err:    0.00 m/s
[Solver Step 009000] t= 4.056 | Pos Err:    0.06 km | Vel Err:    0.01 m/s
[Solver Step 010000] t= 4.457 | Pos Err:    0.06 km | Vel Err:    0.00 m/s
[Solver Step 011000] t= 4.995 | Pos Err:    0.06 km | Vel Err:    0.00 m/s
[Solver Step 012000] t= 5.582 | Pos Err:    0.04 km | Vel Err:    0.05 m/s
[Solver Step 013000] t= 6.065 | Pos Err:    0.06 km | Vel Err:    0.00 m/s
[Solver Step 014000] t= 6.466 | Pos Err:    0.06 km | Vel Err:    0.00 m/s
[Solver Step 015000] t= 7.023 | Pos Err:    0.03 km | Vel Err:    0.08 m/s
Completed [MOON_ORBIT] Trajectory 316/600 | Saved 1315 samples | Total: 442007
[Solver Step 001000] t= 0.413 | Pos Err:    3.08 km | Vel Err:    0.07 m/s
[Solver Step 002000] t= 0.817 | Pos Err:    0.11 km | Vel Err:    0.00 m/s
[Solver Step 003000] t= 1.258 | Pos Err:    0.02 km | Vel Err:    0.01 m/s
[Solver Step 004000] t= 1.605 | Pos Err:    0.05 km | Vel Err:    0.00 m/s
[Solver Step 005000] t= 1.991 | Pos Err:    0.10 km | Vel Err:    0.00 m/s
[Solver Step 006000] t= 2.444 | Pos Err:    0.09 km | Vel Err:    0.02 m/s
[Solver Step 007000] t= 2.845 | Pos Err:    0.08 km | Vel Err:    0.00 m/s
[Solver Step 008000] t= 3.243 | Pos Err:    0.06 km | Vel Err:    0.00 m/s
[Solver Step 009000] t= 3.617 | Pos Err:    0.07 km | Vel Err:    0.08 m/s
[Solver Step 010000] t= 4.031 | Pos Err:    0.09 km | Vel Err:    0.00 m/s
[Solver Step 011000] t= 4.451 | Pos Err:    0.10 km | Vel Err:    0.00 m/s
[Solver Step 012000] t= 4.893 | Pos Err:    0.09 km | Vel Err:    0.04 m/s
[Solver Step 013000] t= 5.232 | Pos Err:    0.10 km | Vel Err:    0.00 m/s
[Solver Step 014000] t= 5.629 | Pos Err:    0.03 km | Vel Err:    0.00 m/s
[Solver Step 015000] t= 6.108 | Pos Err:    0.03 km | Vel Err:    0.02 m/s
[Solver Step 016000] t= 6.495 | Pos Err:    0.05 km | Vel Err:    0.00 m/s
[Solver Step 017000] t= 6.922 | Pos Err:    0.08 km | Vel Err:    0.00 m/s
[Solver Step 018000] t= 7.266 | Pos Err:    0.15 km | Vel Err:    0.10 m/s
[Solver Step 019000] t= 7.686 | Pos Err:    0.07 km | Vel Err:    0.00 m/s
[Solver Step 020000] t= 8.166 | Pos Err:    0.05 km | Vel Err:    0.00 m/s
[Solver Step 021000] t= 8.551 | Pos Err:    0.03 km | Vel Err:    0.03 m/s
[Solver Step 022000] t= 8.921 | Pos Err:    0.02 km | Vel Err:    0.00 m/s
[Solver Step 023000] t= 9.313 | Pos Err:    0.09 km | Vel Err:    0.00 m/s
[Solver Step 024000] t= 9.771 | Pos Err:    0.10 km | Vel Err:    0.03 m/s
[Solver Step 025000] t=10.173 | Pos Err:    0.10 km | Vel Err:    0.00 m/s
[Solver Step 026000] t=10.572 | Pos Err:    0.08 km | Vel Err:    0.00 m/s
[Solver Step 027000] t=10.932 | Pos Err:    0.10 km | Vel Err:    0.09 m/s
[Solver Step 028000] t=11.352 | Pos Err:    0.06 km | Vel Err:    0.00 m/s
[Solver Step 029000] t=11.807 | Pos Err:    0.08 km | Vel Err:    0.00 m/s
[Solver Step 030000] t=12.176 | Pos Err:    0.08 km | Vel Err:    0.03 m/s
[Solver Step 031000] t=12.566 | Pos Err:    0.10 km | Vel Err:    0.00 m/s
Completed [EARTH_ORBIT] Trajectory 317/600 | Saved 2584 samples | Total: 444591
[Multiple Shooting] Converged in 2 iterations with residual 1.85e-11
[Solver Step 001000] t= 0.458 | Pos Err:    0.38 km | Vel Err:    0.01 m/s
[Solver Step 002000] t= 0.876 | Pos Err:    0.39 km | Vel Err:    0.01 m/s
[Solver Step 003000] t= 1.348 | Pos Err:    0.45 km | Vel Err:    0.03 m/s
[Solver Step 004000] t= 1.781 | Pos Err:   13.86 km | Vel Err:    0.31 m/s
[Solver Step 005000] t= 2.159 | Pos Err:  315.39 km | Vel Err:    6.24 m/s
[Solver Step 006000] t= 2.567 | Pos Err:  138.99 km | Vel Err:    3.22 m/s
[Solver Step 007000] t= 3.060 | Pos Err:   65.85 km | Vel Err:    1.46 m/s
Completed [HALO_L1] Trajectory 318/600 | Saved 597 samples | Total: 445188
[Multiple Shooting] Converged in 3 iterations with residual 1.03e-11
[Solver Step 001000] t= 0.389 | Pos Err:    2.54 km | Vel Err:    0.05 m/s
[Solver Step 002000] t= 0.775 | Pos Err:    4.89 km | Vel Err:    0.08 m/s
[Solver Step 003000] t= 1.152 | Pos Err:    1.85 km | Vel Err:    0.07 m/s
[Solver Step 004000] t= 1.527 | Pos Err:    8.44 km | Vel Err:    0.16 m/s
[Solver Step 005000] t= 1.915 | Pos Err:    0.50 km | Vel Err:    0.01 m/s
[Solver Step 006000] t= 2.303 | Pos Err:   22.92 km | Vel Err:    0.45 m/s
Completed [DRO] Trajectory 319/600 | Saved 549 samples | Total: 445737
[Multiple Shooting] Converged in 2 iterations with residual 1.45e-15
[Solver Step 001000] t= 0.473 | Pos Err:    0.39 km | Vel Err:    0.01 m/s
[Solver Step 002000] t= 0.988 | Pos Err:    0.06 km | Vel Err:    0.00 m/s
[Solver Step 003000] t= 1.570 | Pos Err:    0.32 km | Vel Err:    0.02 m/s
[Solver Step 004000] t= 2.108 | Pos Err:    0.21 km | Vel Err:    0.01 m/s
[Solver Step 005000] t= 2.505 | Pos Err:    0.33 km | Vel Err:    0.01 m/s
[Solver Step 006000] t= 3.017 | Pos Err:    3.45 km | Vel Err:    0.09 m/s
Completed [HALO_L2] Trajectory 320/600 | Saved 519 samples | Total: 446256
[Multiple Shooting] Converged in 2 iterations with residual 2.93e-11
[Solver Step 001000] t= 0.454 | Pos Err:    0.33 km | Vel Err:    0.01 m/s
[Solver Step 002000] t= 0.878 | Pos Err:    0.37 km | Vel Err:    0.01 m/s
[Solver Step 003000] t= 1.353 | Pos Err:    0.46 km | Vel Err:    0.03 m/s
[Solver Step 004000] t= 1.786 | Pos Err:   12.17 km | Vel Err:    0.28 m/s
[Solver Step 005000] t= 2.155 | Pos Err:  289.22 km | Vel Err:    5.76 m/s
[Solver Step 006000] t= 2.574 | Pos Err:   93.27 km | Vel Err:    2.18 m/s
[Solver Step 007000] t= 3.064 | Pos Err:   60.36 km | Vel Err:    1.34 m/s
Completed [HALO_L1] Trajectory 321/600 | Saved 596 samples | Total: 446852
[Solver Step 001000] t= 0.411 | Pos Err:    3.49 km | Vel Err:    0.08 m/s
[Solver Step 002000] t= 0.816 | Pos Err:    0.06 km | Vel Err:    0.00 m/s
[Solver Step 003000] t= 1.258 | Pos Err:    0.07 km | Vel Err:    0.01 m/s
[Solver Step 004000] t= 1.604 | Pos Err:    0.04 km | Vel Err:    0.00 m/s
[Solver Step 005000] t= 1.990 | Pos Err:    0.06 km | Vel Err:    0.00 m/s
[Solver Step 006000] t= 2.443 | Pos Err:    0.10 km | Vel Err:    0.02 m/s
[Solver Step 007000] t= 2.844 | Pos Err:    0.11 km | Vel Err:    0.00 m/s
[Solver Step 008000] t= 3.242 | Pos Err:    0.11 km | Vel Err:    0.00 m/s
[Solver Step 009000] t= 3.616 | Pos Err:    0.15 km | Vel Err:    0.08 m/s
[Solver Step 010000] t= 4.030 | Pos Err:    0.01 km | Vel Err:    0.00 m/s
[Solver Step 011000] t= 4.450 | Pos Err:    0.05 km | Vel Err:    0.00 m/s
[Solver Step 012000] t= 4.892 | Pos Err:    0.05 km | Vel Err:    0.04 m/s
[Solver Step 013000] t= 5.231 | Pos Err:    0.09 km | Vel Err:    0.00 m/s
[Solver Step 014000] t= 5.628 | Pos Err:    0.10 km | Vel Err:    0.00 m/s
[Solver Step 015000] t= 6.107 | Pos Err:    0.06 km | Vel Err:    0.02 m/s
[Solver Step 016000] t= 6.494 | Pos Err:    0.04 km | Vel Err:    0.00 m/s
[Solver Step 017000] t= 6.921 | Pos Err:    0.01 km | Vel Err:    0.00 m/s
[Solver Step 018000] t= 7.265 | Pos Err:    0.07 km | Vel Err:    0.10 m/s
[Solver Step 019000] t= 7.685 | Pos Err:    0.11 km | Vel Err:    0.00 m/s
[Solver Step 020000] t= 8.165 | Pos Err:    0.11 km | Vel Err:    0.00 m/s
[Solver Step 021000] t= 8.550 | Pos Err:    0.09 km | Vel Err:    0.03 m/s
[Solver Step 022000] t= 8.921 | Pos Err:    0.07 km | Vel Err:    0.00 m/s
[Solver Step 023000] t= 9.312 | Pos Err:    0.03 km | Vel Err:    0.00 m/s
[Solver Step 024000] t= 9.770 | Pos Err:    0.08 km | Vel Err:    0.03 m/s
[Solver Step 025000] t=10.172 | Pos Err:    0.10 km | Vel Err:    0.00 m/s
[Solver Step 026000] t=10.571 | Pos Err:    0.11 km | Vel Err:    0.00 m/s
[Solver Step 027000] t=10.930 | Pos Err:    0.17 km | Vel Err:    0.09 m/s
[Solver Step 028000] t=11.351 | Pos Err:    0.03 km | Vel Err:    0.00 m/s
[Solver Step 029000] t=11.806 | Pos Err:    0.01 km | Vel Err:    0.00 m/s
[Solver Step 030000] t=12.175 | Pos Err:    0.02 km | Vel Err:    0.03 m/s
[Solver Step 031000] t=12.566 | Pos Err:    0.07 km | Vel Err:    0.00 m/s
Completed [EARTH_ORBIT] Trajectory 322/600 | Saved 2584 samples | Total: 449436
[Solver Step 001000] t= 0.416 | Pos Err:    0.29 km | Vel Err:    0.01 m/s
[Solver Step 002000] t= 0.790 | Pos Err:    0.05 km | Vel Err:    0.00 m/s
[Solver Step 003000] t= 1.099 | Pos Err:    0.01 km | Vel Err:    0.04 m/s
[Solver Step 004000] t= 1.551 | Pos Err:    0.06 km | Vel Err:    0.00 m/s
[Solver Step 005000] t= 2.102 | Pos Err:    0.06 km | Vel Err:    0.00 m/s
[Solver Step 006000] t= 2.515 | Pos Err:    0.06 km | Vel Err:    0.01 m/s
[Solver Step 007000] t= 3.015 | Pos Err:    0.06 km | Vel Err:    0.00 m/s
[Solver Step 008000] t= 3.568 | Pos Err:    0.06 km | Vel Err:    0.00 m/s
[Solver Step 009000] t= 4.057 | Pos Err:    0.05 km | Vel Err:    0.01 m/s
[Solver Step 010000] t= 4.459 | Pos Err:    0.06 km | Vel Err:    0.00 m/s
[Solver Step 011000] t= 4.997 | Pos Err:    0.05 km | Vel Err:    0.00 m/s
[Solver Step 012000] t= 5.584 | Pos Err:    0.04 km | Vel Err:    0.05 m/s
[Solver Step 013000] t= 6.067 | Pos Err:    0.05 km | Vel Err:    0.00 m/s
[Solver Step 014000] t= 6.468 | Pos Err:    0.05 km | Vel Err:    0.00 m/s
[Solver Step 015000] t= 7.025 | Pos Err:    0.03 km | Vel Err:    0.08 m/s
Completed [MOON_ORBIT] Trajectory 323/600 | Saved 1314 samples | Total: 450750
[Multiple Shooting] Converged in 4 iterations with residual 3.19e-15
[Solver Step 001000] t= 0.382 | Pos Err:    4.48 km | Vel Err:    0.10 m/s
[Solver Step 002000] t= 0.761 | Pos Err:   10.37 km | Vel Err:    0.20 m/s
[Solver Step 003000] t= 1.131 | Pos Err:    3.47 km | Vel Err:    0.09 m/s
[Solver Step 004000] t= 1.493 | Pos Err:   11.55 km | Vel Err:    0.20 m/s
[Solver Step 005000] t= 1.872 | Pos Err:    1.87 km | Vel Err:    0.04 m/s
[Solver Step 006000] t= 2.252 | Pos Err:   11.05 km | Vel Err:    0.22 m/s
Completed [DRO] Trajectory 324/600 | Saved 552 samples | Total: 451302
[Multiple Shooting] Converged in 2 iterations with residual 1.63e-15
[Solver Step 001000] t= 0.491 | Pos Err:    0.47 km | Vel Err:    0.01 m/s
[Solver Step 002000] t= 0.944 | Pos Err:    0.28 km | Vel Err:    0.01 m/s
[Solver Step 003000] t= 1.450 | Pos Err:    0.05 km | Vel Err:    0.01 m/s
[Solver Step 004000] t= 2.017 | Pos Err:    0.24 km | Vel Err:    0.00 m/s
[Solver Step 005000] t= 2.531 | Pos Err:    0.20 km | Vel Err:    0.00 m/s
[Solver Step 006000] t= 2.928 | Pos Err:    1.57 km | Vel Err:    0.03 m/s
Completed [HALO_L2] Trajectory 325/600 | Saved 536 samples | Total: 451838
[Solver Step 001000] t= 0.417 | Pos Err:    0.48 km | Vel Err:    0.01 m/s
[Solver Step 002000] t= 0.791 | Pos Err:    0.07 km | Vel Err:    0.00 m/s
[Solver Step 003000] t= 1.100 | Pos Err:    0.01 km | Vel Err:    0.04 m/s
[Solver Step 004000] t= 1.552 | Pos Err:    0.05 km | Vel Err:    0.00 m/s
[Solver Step 005000] t= 2.103 | Pos Err:    0.05 km | Vel Err:    0.00 m/s
[Solver Step 006000] t= 2.516 | Pos Err:    0.05 km | Vel Err:    0.01 m/s
[Solver Step 007000] t= 3.016 | Pos Err:    0.05 km | Vel Err:    0.00 m/s
[Solver Step 008000] t= 3.568 | Pos Err:    0.05 km | Vel Err:    0.00 m/s
[Solver Step 009000] t= 4.058 | Pos Err:    0.05 km | Vel Err:    0.01 m/s
[Solver Step 010000] t= 4.460 | Pos Err:    0.05 km | Vel Err:    0.00 m/s
[Solver Step 011000] t= 4.998 | Pos Err:    0.05 km | Vel Err:    0.00 m/s
[Solver Step 012000] t= 5.585 | Pos Err:    0.04 km | Vel Err:    0.05 m/s
[Solver Step 013000] t= 6.067 | Pos Err:    0.06 km | Vel Err:    0.00 m/s
[Solver Step 014000] t= 6.469 | Pos Err:    0.06 km | Vel Err:    0.00 m/s
[Solver Step 015000] t= 7.026 | Pos Err:    0.04 km | Vel Err:    0.08 m/s
Completed [MOON_ORBIT] Trajectory 326/600 | Saved 1314 samples | Total: 453152
[Solver Step 001000] t= 0.215 | Pos Err:   21.51 km | Vel Err:    0.51 m/s
[Solver Step 002000] t= 0.469 | Pos Err:    2.64 km | Vel Err:    0.04 m/s
[Solver Step 003000] t= 0.712 | Pos Err:    0.31 km | Vel Err:    0.03 m/s
[Solver Step 004000] t= 0.926 | Pos Err:    0.03 km | Vel Err:    0.01 m/s
[Solver Step 005000] t= 1.175 | Pos Err:    0.03 km | Vel Err:    0.00 m/s
[Solver Step 006000] t= 1.429 | Pos Err:    0.10 km | Vel Err:    0.04 m/s
[Solver Step 007000] t= 1.660 | Pos Err:    0.09 km | Vel Err:    0.00 m/s
[Solver Step 008000] t= 1.874 | Pos Err:    0.06 km | Vel Err:    0.00 m/s
[Solver Step 009000] t= 2.133 | Pos Err:    0.19 km | Vel Err:    0.11 m/s
[Solver Step 010000] t= 2.376 | Pos Err:    0.10 km | Vel Err:    0.00 m/s
[Solver Step 011000] t= 2.588 | Pos Err:    0.08 km | Vel Err:    0.00 m/s
[Solver Step 012000] t= 2.836 | Pos Err:    1.03 km | Vel Err:    0.84 m/s
[Solver Step 013000] t= 3.091 | Pos Err:    0.11 km | Vel Err:    0.00 m/s
[Solver Step 014000] t= 3.311 | Pos Err:    0.07 km | Vel Err:    0.00 m/s
[Solver Step 015000] t= 3.533 | Pos Err:    0.66 km | Vel Err:    0.56 m/s
[Solver Step 016000] t= 3.795 | Pos Err:    0.10 km | Vel Err:    0.00 m/s
[Solver Step 017000] t= 4.037 | Pos Err:    0.07 km | Vel Err:    0.00 m/s
[Solver Step 018000] t= 4.244 | Pos Err:    0.31 km | Vel Err:    0.22 m/s
[Solver Step 019000] t= 4.496 | Pos Err:    0.07 km | Vel Err:    0.02 m/s
[Solver Step 020000] t= 4.750 | Pos Err:    0.06 km | Vel Err:    0.00 m/s
[Solver Step 021000] t= 4.967 | Pos Err:    0.09 km | Vel Err:    0.11 m/s
[Solver Step 022000] t= 5.188 | Pos Err:    0.07 km | Vel Err:    0.01 m/s
[Solver Step 023000] t= 5.454 | Pos Err:    0.05 km | Vel Err:    0.00 m/s
[Solver Step 024000] t= 5.696 | Pos Err:    0.10 km | Vel Err:    0.12 m/s
[Solver Step 025000] t= 5.903 | Pos Err:    0.05 km | Vel Err:    0.00 m/s
[Solver Step 026000] t= 6.157 | Pos Err:    0.04 km | Vel Err:    0.00 m/s
[Solver Step 027000] t= 6.411 | Pos Err:    0.26 km | Vel Err:    0.24 m/s
[Solver Step 028000] t= 6.622 | Pos Err:    0.06 km | Vel Err:    0.00 m/s
[Solver Step 029000] t= 6.849 | Pos Err:    0.03 km | Vel Err:    0.00 m/s
Completed [TRANSFER] Trajectory 327/600 | Saved 2399 samples | Total: 455551
[Multiple Shooting] Converged in 6 iterations with residual 1.06e-14
[Solver Step 001000] t= 0.322 | Pos Err:   24.14 km | Vel Err:    0.48 m/s
[Solver Step 002000] t= 0.660 | Pos Err:   83.22 km | Vel Err:    1.67 m/s
[Solver Step 003000] t= 1.008 | Pos Err:   17.48 km | Vel Err:    0.39 m/s
[Solver Step 004000] t= 1.347 | Pos Err:   80.23 km | Vel Err:    1.40 m/s
[Solver Step 005000] t= 1.677 | Pos Err:   92.06 km | Vel Err:    1.84 m/s
[Solver Step 006000] t= 2.021 | Pos Err:    4.73 km | Vel Err:    0.18 m/s
[Solver Step 007000] t= 2.367 | Pos Err:  117.05 km | Vel Err:    2.41 m/s
Completed [DRO] Trajectory 328/600 | Saved 622 samples | Total: 456173
[Solver Step 001000] t= 0.218 | Pos Err:   21.31 km | Vel Err:    0.39 m/s
[Solver Step 002000] t= 0.471 | Pos Err:    2.61 km | Vel Err:    0.02 m/s
[Solver Step 003000] t= 0.713 | Pos Err:    0.33 km | Vel Err:    0.02 m/s
[Solver Step 004000] t= 0.930 | Pos Err:    0.02 km | Vel Err:    0.00 m/s
[Solver Step 005000] t= 1.177 | Pos Err:    0.05 km | Vel Err:    0.00 m/s
[Solver Step 006000] t= 1.431 | Pos Err:    0.10 km | Vel Err:    0.04 m/s
[Solver Step 007000] t= 1.663 | Pos Err:    0.09 km | Vel Err:    0.00 m/s
[Solver Step 008000] t= 1.877 | Pos Err:    0.07 km | Vel Err:    0.00 m/s
[Solver Step 009000] t= 2.135 | Pos Err:    0.17 km | Vel Err:    0.09 m/s
[Solver Step 010000] t= 2.378 | Pos Err:    0.10 km | Vel Err:    0.00 m/s
[Solver Step 011000] t= 2.592 | Pos Err:    0.07 km | Vel Err:    0.00 m/s
[Solver Step 012000] t= 2.838 | Pos Err:    0.98 km | Vel Err:    0.80 m/s
[Solver Step 013000] t= 3.094 | Pos Err:    0.10 km | Vel Err:    0.00 m/s
[Solver Step 014000] t= 3.315 | Pos Err:    0.06 km | Vel Err:    0.00 m/s
[Solver Step 015000] t= 3.536 | Pos Err:    0.64 km | Vel Err:    0.53 m/s
[Solver Step 016000] t= 3.797 | Pos Err:    0.09 km | Vel Err:    0.00 m/s
[Solver Step 017000] t= 4.040 | Pos Err:    0.06 km | Vel Err:    0.00 m/s
[Solver Step 018000] t= 4.248 | Pos Err:    0.30 km | Vel Err:    0.21 m/s
[Solver Step 019000] t= 4.498 | Pos Err:    0.06 km | Vel Err:    0.02 m/s
[Solver Step 020000] t= 4.753 | Pos Err:    0.03 km | Vel Err:    0.00 m/s
[Solver Step 021000] t= 4.971 | Pos Err:    0.10 km | Vel Err:    0.11 m/s
[Solver Step 022000] t= 5.190 | Pos Err:    0.05 km | Vel Err:    0.01 m/s
[Solver Step 023000] t= 5.456 | Pos Err:    0.02 km | Vel Err:    0.00 m/s
[Solver Step 024000] t= 5.699 | Pos Err:    0.12 km | Vel Err:    0.12 m/s
[Solver Step 025000] t= 5.906 | Pos Err:    0.05 km | Vel Err:    0.00 m/s
[Solver Step 026000] t= 6.159 | Pos Err:    0.02 km | Vel Err:    0.00 m/s
[Solver Step 027000] t= 6.414 | Pos Err:    0.27 km | Vel Err:    0.24 m/s
[Solver Step 028000] t= 6.627 | Pos Err:    0.07 km | Vel Err:    0.00 m/s
[Solver Step 029000] t= 6.851 | Pos Err:    0.03 km | Vel Err:    0.00 m/s
Completed [TRANSFER] Trajectory 329/600 | Saved 2399 samples | Total: 458572
[Solver Step 001000] t= 0.418 | Pos Err:    1.96 km | Vel Err:    0.05 m/s
[Solver Step 002000] t= 0.822 | Pos Err:    0.03 km | Vel Err:    0.00 m/s
[Solver Step 003000] t= 1.262 | Pos Err:    0.08 km | Vel Err:    0.01 m/s
[Solver Step 004000] t= 1.610 | Pos Err:    0.08 km | Vel Err:    0.00 m/s
[Solver Step 005000] t= 1.996 | Pos Err:    0.03 km | Vel Err:    0.00 m/s
[Solver Step 006000] t= 2.448 | Pos Err:    0.04 km | Vel Err:    0.01 m/s
[Solver Step 007000] t= 2.850 | Pos Err:    0.05 km | Vel Err:    0.00 m/s
[Solver Step 008000] t= 3.246 | Pos Err:    0.07 km | Vel Err:    0.00 m/s
[Solver Step 009000] t= 3.622 | Pos Err:    0.13 km | Vel Err:    0.08 m/s
[Solver Step 010000] t= 4.037 | Pos Err:    0.06 km | Vel Err:    0.00 m/s
[Solver Step 011000] t= 4.455 | Pos Err:    0.04 km | Vel Err:    0.00 m/s
[Solver Step 012000] t= 4.898 | Pos Err:    0.02 km | Vel Err:    0.04 m/s
[Solver Step 013000] t= 5.236 | Pos Err:    0.03 km | Vel Err:    0.00 m/s
[Solver Step 014000] t= 5.634 | Pos Err:    0.08 km | Vel Err:    0.00 m/s
[Solver Step 015000] t= 6.113 | Pos Err:    0.08 km | Vel Err:    0.02 m/s
[Solver Step 016000] t= 6.500 | Pos Err:    0.08 km | Vel Err:    0.00 m/s
[Solver Step 017000] t= 6.927 | Pos Err:    0.07 km | Vel Err:    0.00 m/s
[Solver Step 018000] t= 7.271 | Pos Err:    0.12 km | Vel Err:    0.10 m/s
[Solver Step 019000] t= 7.692 | Pos Err:    0.06 km | Vel Err:    0.00 m/s
[Solver Step 020000] t= 8.170 | Pos Err:    0.07 km | Vel Err:    0.00 m/s
[Solver Step 021000] t= 8.556 | Pos Err:    0.07 km | Vel Err:    0.03 m/s
[Solver Step 022000] t= 8.923 | Pos Err:    0.09 km | Vel Err:    0.00 m/s
[Solver Step 023000] t= 9.318 | Pos Err:    0.04 km | Vel Err:    0.00 m/s
[Solver Step 024000] t= 9.777 | Pos Err:    0.02 km | Vel Err:    0.03 m/s
[Solver Step 025000] t=10.177 | Pos Err:    0.04 km | Vel Err:    0.00 m/s
[Solver Step 026000] t=10.577 | Pos Err:    0.05 km | Vel Err:    0.00 m/s
[Solver Step 027000] t=10.936 | Pos Err:    0.14 km | Vel Err:    0.09 m/s
[Solver Step 028000] t=11.355 | Pos Err:    0.08 km | Vel Err:    0.00 m/s
[Solver Step 029000] t=11.812 | Pos Err:    0.06 km | Vel Err:    0.00 m/s
[Solver Step 030000] t=12.180 | Pos Err:    0.04 km | Vel Err:    0.03 m/s
Completed [EARTH_ORBIT] Trajectory 330/600 | Saved 2583 samples | Total: 461155
[Multiple Shooting] Converged in 2 iterations with residual 2.23e-11
[Solver Step 001000] t= 0.418 | Pos Err:    0.64 km | Vel Err:    0.01 m/s
[Solver Step 002000] t= 0.922 | Pos Err:    4.99 km | Vel Err:    0.10 m/s
[Solver Step 003000] t= 1.357 | Pos Err:   70.71 km | Vel Err:    1.48 m/s
[Solver Step 004000] t= 1.751 | Pos Err:   81.56 km | Vel Err:    1.75 m/s
[Solver Step 005000] t= 2.245 | Pos Err:    0.92 km | Vel Err:    0.02 m/s
[Solver Step 006000] t= 2.640 | Pos Err:    0.09 km | Vel Err:    0.01 m/s
[Solver Step 007000] t= 3.094 | Pos Err:    7.05 km | Vel Err:    0.17 m/s
Completed [HALO_L1] Trajectory 331/600 | Saved 592 samples | Total: 461747
[Multiple Shooting] Converged in 2 iterations with residual 6.92e-12
[Solver Step 001000] t= 0.424 | Pos Err:    0.62 km | Vel Err:    0.01 m/s
[Solver Step 002000] t= 0.927 | Pos Err:    0.85 km | Vel Err:    0.02 m/s
[Solver Step 003000] t= 1.421 | Pos Err:    4.15 km | Vel Err:    0.11 m/s
[Solver Step 004000] t= 1.758 | Pos Err:   59.50 km | Vel Err:    1.11 m/s
[Solver Step 005000] t= 2.219 | Pos Err:   18.31 km | Vel Err:    0.41 m/s
[Solver Step 006000] t= 2.678 | Pos Err:    2.03 km | Vel Err:    0.04 m/s
[Solver Step 007000] t= 3.088 | Pos Err:   10.86 km | Vel Err:    0.24 m/s
Completed [HALO_L1] Trajectory 332/600 | Saved 595 samples | Total: 462342
[Multiple Shooting] Converged in 2 iterations with residual 1.44e-15
[Solver Step 001000] t= 0.463 | Pos Err:    0.17 km | Vel Err:    0.00 m/s
[Solver Step 002000] t= 0.959 | Pos Err:    0.18 km | Vel Err:    0.00 m/s
[Solver Step 003000] t= 1.526 | Pos Err:    0.06 km | Vel Err:    0.01 m/s
[Solver Step 004000] t= 2.089 | Pos Err:    0.13 km | Vel Err:    0.00 m/s
[Solver Step 005000] t= 2.488 | Pos Err:    0.22 km | Vel Err:    0.00 m/s
[Solver Step 006000] t= 2.981 | Pos Err:    1.07 km | Vel Err:    0.04 m/s
Completed [HALO_L2] Trajectory 333/600 | Saved 525 samples | Total: 462867
[Solver Step 001000] t= 0.411 | Pos Err:    3.91 km | Vel Err:    0.09 m/s
[Solver Step 002000] t= 0.815 | Pos Err:    0.12 km | Vel Err:    0.00 m/s
[Solver Step 003000] t= 1.257 | Pos Err:    0.03 km | Vel Err:    0.01 m/s
[Solver Step 004000] t= 1.604 | Pos Err:    0.05 km | Vel Err:    0.00 m/s
[Solver Step 005000] t= 1.989 | Pos Err:    0.11 km | Vel Err:    0.00 m/s
[Solver Step 006000] t= 2.442 | Pos Err:    0.11 km | Vel Err:    0.02 m/s
[Solver Step 007000] t= 2.843 | Pos Err:    0.09 km | Vel Err:    0.00 m/s
[Solver Step 008000] t= 3.242 | Pos Err:    0.08 km | Vel Err:    0.00 m/s
[Solver Step 009000] t= 3.616 | Pos Err:    0.08 km | Vel Err:    0.08 m/s
[Solver Step 010000] t= 4.029 | Pos Err:    0.09 km | Vel Err:    0.00 m/s
[Solver Step 011000] t= 4.449 | Pos Err:    0.11 km | Vel Err:    0.00 m/s
[Solver Step 012000] t= 4.891 | Pos Err:    0.10 km | Vel Err:    0.04 m/s
[Solver Step 013000] t= 5.230 | Pos Err:    0.11 km | Vel Err:    0.00 m/s
[Solver Step 014000] t= 5.628 | Pos Err:    0.05 km | Vel Err:    0.00 m/s
[Solver Step 015000] t= 6.106 | Pos Err:    0.03 km | Vel Err:    0.02 m/s
[Solver Step 016000] t= 6.493 | Pos Err:    0.05 km | Vel Err:    0.00 m/s
[Solver Step 017000] t= 6.921 | Pos Err:    0.08 km | Vel Err:    0.00 m/s
[Solver Step 018000] t= 7.264 | Pos Err:    0.15 km | Vel Err:    0.11 m/s
[Solver Step 019000] t= 7.684 | Pos Err:    0.09 km | Vel Err:    0.00 m/s
[Solver Step 020000] t= 8.165 | Pos Err:    0.07 km | Vel Err:    0.00 m/s
[Solver Step 021000] t= 8.550 | Pos Err:    0.05 km | Vel Err:    0.03 m/s
[Solver Step 022000] t= 8.921 | Pos Err:    0.03 km | Vel Err:    0.00 m/s
[Solver Step 023000] t= 9.311 | Pos Err:    0.10 km | Vel Err:    0.00 m/s
[Solver Step 024000] t= 9.769 | Pos Err:    0.11 km | Vel Err:    0.03 m/s
[Solver Step 025000] t=10.171 | Pos Err:    0.11 km | Vel Err:    0.00 m/s
[Solver Step 026000] t=10.571 | Pos Err:    0.10 km | Vel Err:    0.00 m/s
[Solver Step 027000] t=10.930 | Pos Err:    0.11 km | Vel Err:    0.09 m/s
[Solver Step 028000] t=11.351 | Pos Err:    0.06 km | Vel Err:    0.00 m/s
[Solver Step 029000] t=11.805 | Pos Err:    0.08 km | Vel Err:    0.00 m/s
[Solver Step 030000] t=12.175 | Pos Err:    0.09 km | Vel Err:    0.03 m/s
[Solver Step 031000] t=12.565 | Pos Err:    0.11 km | Vel Err:    0.00 m/s
Completed [EARTH_ORBIT] Trajectory 334/600 | Saved 2584 samples | Total: 465451
[Solver Step 001000] t= 0.417 | Pos Err:    3.53 km | Vel Err:    0.08 m/s
[Solver Step 002000] t= 0.821 | Pos Err:    0.08 km | Vel Err:    0.00 m/s
[Solver Step 003000] t= 1.261 | Pos Err:    0.09 km | Vel Err:    0.01 m/s
[Solver Step 004000] t= 1.609 | Pos Err:    0.11 km | Vel Err:    0.00 m/s
[Solver Step 005000] t= 1.995 | Pos Err:    0.08 km | Vel Err:    0.00 m/s
[Solver Step 006000] t= 2.448 | Pos Err:    0.03 km | Vel Err:    0.02 m/s
[Solver Step 007000] t= 2.850 | Pos Err:    0.01 km | Vel Err:    0.00 m/s
[Solver Step 008000] t= 3.245 | Pos Err:    0.03 km | Vel Err:    0.00 m/s
[Solver Step 009000] t= 3.621 | Pos Err:    0.09 km | Vel Err:    0.08 m/s
[Solver Step 010000] t= 4.036 | Pos Err:    0.10 km | Vel Err:    0.00 m/s
[Solver Step 011000] t= 4.454 | Pos Err:    0.10 km | Vel Err:    0.00 m/s
[Solver Step 012000] t= 4.897 | Pos Err:    0.07 km | Vel Err:    0.04 m/s
[Solver Step 013000] t= 5.235 | Pos Err:    0.05 km | Vel Err:    0.00 m/s
[Solver Step 014000] t= 5.634 | Pos Err:    0.05 km | Vel Err:    0.00 m/s
[Solver Step 015000] t= 6.113 | Pos Err:    0.10 km | Vel Err:    0.02 m/s
[Solver Step 016000] t= 6.499 | Pos Err:    0.11 km | Vel Err:    0.00 m/s
[Solver Step 017000] t= 6.926 | Pos Err:    0.11 km | Vel Err:    0.00 m/s
[Solver Step 018000] t= 7.270 | Pos Err:    0.17 km | Vel Err:    0.10 m/s
[Solver Step 019000] t= 7.691 | Pos Err:    0.01 km | Vel Err:    0.00 m/s
[Solver Step 020000] t= 8.170 | Pos Err:    0.04 km | Vel Err:    0.00 m/s
[Solver Step 021000] t= 8.556 | Pos Err:    0.05 km | Vel Err:    0.03 m/s
[Solver Step 022000] t= 8.923 | Pos Err:    0.09 km | Vel Err:    0.00 m/s
[Solver Step 023000] t= 9.317 | Pos Err:    0.10 km | Vel Err:    0.00 m/s
[Solver Step 024000] t= 9.776 | Pos Err:    0.06 km | Vel Err:    0.03 m/s
[Solver Step 025000] t=10.176 | Pos Err:    0.05 km | Vel Err:    0.00 m/s
[Solver Step 026000] t=10.576 | Pos Err:    0.02 km | Vel Err:    0.00 m/s
[Solver Step 027000] t=10.936 | Pos Err:    0.09 km | Vel Err:    0.09 m/s
[Solver Step 028000] t=11.355 | Pos Err:    0.11 km | Vel Err:    0.00 m/s
[Solver Step 029000] t=11.811 | Pos Err:    0.11 km | Vel Err:    0.00 m/s
[Solver Step 030000] t=12.180 | Pos Err:    0.09 km | Vel Err:    0.03 m/s
Completed [EARTH_ORBIT] Trajectory 335/600 | Saved 2583 samples | Total: 468034
[Multiple Shooting] Converged in 2 iterations with residual 1.41e-15
[Solver Step 001000] t= 0.480 | Pos Err:    0.22 km | Vel Err:    0.01 m/s
[Solver Step 002000] t= 0.987 | Pos Err:    0.11 km | Vel Err:    0.00 m/s
[Solver Step 003000] t= 1.424 | Pos Err:    0.25 km | Vel Err:    0.01 m/s
[Solver Step 004000] t= 1.925 | Pos Err:    0.09 km | Vel Err:    0.00 m/s
[Solver Step 005000] t= 2.473 | Pos Err:    0.12 km | Vel Err:    0.00 m/s
[Solver Step 006000] t= 2.964 | Pos Err:    0.16 km | Vel Err:    0.01 m/s
Completed [HALO_L2] Trajectory 336/600 | Saved 543 samples | Total: 468577
[Solver Step 001000] t= 0.410 | Pos Err:    4.18 km | Vel Err:    0.10 m/s
[Solver Step 002000] t= 0.814 | Pos Err:    0.08 km | Vel Err:    0.00 m/s
[Solver Step 003000] t= 1.257 | Pos Err:    0.06 km | Vel Err:    0.01 m/s
[Solver Step 004000] t= 1.603 | Pos Err:    0.03 km | Vel Err:    0.00 m/s
[Solver Step 005000] t= 1.989 | Pos Err:    0.08 km | Vel Err:    0.00 m/s
[Solver Step 006000] t= 2.442 | Pos Err:    0.12 km | Vel Err:    0.02 m/s
[Solver Step 007000] t= 2.843 | Pos Err:    0.12 km | Vel Err:    0.00 m/s
[Solver Step 008000] t= 3.242 | Pos Err:    0.12 km | Vel Err:    0.00 m/s
[Solver Step 009000] t= 3.615 | Pos Err:    0.15 km | Vel Err:    0.08 m/s
[Solver Step 010000] t= 4.029 | Pos Err:    0.03 km | Vel Err:    0.00 m/s
[Solver Step 011000] t= 4.449 | Pos Err:    0.07 km | Vel Err:    0.00 m/s
[Solver Step 012000] t= 4.891 | Pos Err:    0.07 km | Vel Err:    0.04 m/s
[Solver Step 013000] t= 5.230 | Pos Err:    0.11 km | Vel Err:    0.00 m/s
[Solver Step 014000] t= 5.627 | Pos Err:    0.10 km | Vel Err:    0.00 m/s
[Solver Step 015000] t= 6.106 | Pos Err:    0.05 km | Vel Err:    0.02 m/s
[Solver Step 016000] t= 6.493 | Pos Err:    0.03 km | Vel Err:    0.00 m/s
[Solver Step 017000] t= 6.920 | Pos Err:    0.01 km | Vel Err:    0.00 m/s
[Solver Step 018000] t= 7.264 | Pos Err:    0.07 km | Vel Err:    0.11 m/s
[Solver Step 019000] t= 7.684 | Pos Err:    0.12 km | Vel Err:    0.00 m/s
[Solver Step 020000] t= 8.164 | Pos Err:    0.11 km | Vel Err:    0.00 m/s
[Solver Step 021000] t= 8.549 | Pos Err:    0.09 km | Vel Err:    0.03 m/s
[Solver Step 022000] t= 8.920 | Pos Err:    0.07 km | Vel Err:    0.00 m/s
[Solver Step 023000] t= 9.311 | Pos Err:    0.05 km | Vel Err:    0.00 m/s
[Solver Step 024000] t= 9.769 | Pos Err:    0.09 km | Vel Err:    0.03 m/s
[Solver Step 025000] t=10.171 | Pos Err:    0.11 km | Vel Err:    0.00 m/s
[Solver Step 026000] t=10.570 | Pos Err:    0.12 km | Vel Err:    0.00 m/s
[Solver Step 027000] t=10.929 | Pos Err:    0.18 km | Vel Err:    0.09 m/s
[Solver Step 028000] t=11.350 | Pos Err:    0.02 km | Vel Err:    0.00 m/s
[Solver Step 029000] t=11.805 | Pos Err:    0.02 km | Vel Err:    0.00 m/s
[Solver Step 030000] t=12.174 | Pos Err:    0.04 km | Vel Err:    0.03 m/s
[Solver Step 031000] t=12.565 | Pos Err:    0.08 km | Vel Err:    0.00 m/s
Completed [EARTH_ORBIT] Trajectory 337/600 | Saved 2584 samples | Total: 471161
[Solver Step 001000] t= 0.216 | Pos Err:   12.55 km | Vel Err:    0.34 m/s
[Solver Step 002000] t= 0.470 | Pos Err:    1.53 km | Vel Err:    0.04 m/s
[Solver Step 003000] t= 0.713 | Pos Err:    0.20 km | Vel Err:    0.04 m/s
[Solver Step 004000] t= 0.930 | Pos Err:    0.02 km | Vel Err:    0.00 m/s
[Solver Step 005000] t= 1.177 | Pos Err:    0.06 km | Vel Err:    0.00 m/s
[Solver Step 006000] t= 1.430 | Pos Err:    0.05 km | Vel Err:    0.04 m/s
[Solver Step 007000] t= 1.659 | Pos Err:    0.04 km | Vel Err:    0.00 m/s
[Solver Step 008000] t= 1.875 | Pos Err:    0.05 km | Vel Err:    0.00 m/s
[Solver Step 009000] t= 2.135 | Pos Err:    0.10 km | Vel Err:    0.09 m/s
[Solver Step 010000] t= 2.380 | Pos Err:    0.03 km | Vel Err:    0.00 m/s
[Solver Step 011000] t= 2.594 | Pos Err:    0.02 km | Vel Err:    0.00 m/s
[Solver Step 012000] t= 2.839 | Pos Err:    1.04 km | Vel Err:    0.82 m/s
[Solver Step 013000] t= 3.095 | Pos Err:    0.02 km | Vel Err:    0.00 m/s
[Solver Step 014000] t= 3.315 | Pos Err:    0.02 km | Vel Err:    0.00 m/s
[Solver Step 015000] t= 3.536 | Pos Err:    0.73 km | Vel Err:    0.53 m/s
[Solver Step 016000] t= 3.797 | Pos Err:    0.01 km | Vel Err:    0.00 m/s
[Solver Step 017000] t= 4.040 | Pos Err:    0.04 km | Vel Err:    0.00 m/s
[Solver Step 018000] t= 4.248 | Pos Err:    0.38 km | Vel Err:    0.21 m/s
[Solver Step 019000] t= 4.498 | Pos Err:    0.03 km | Vel Err:    0.02 m/s
[Solver Step 020000] t= 4.753 | Pos Err:    0.05 km | Vel Err:    0.00 m/s
[Solver Step 021000] t= 4.971 | Pos Err:    0.15 km | Vel Err:    0.11 m/s
[Solver Step 022000] t= 5.190 | Pos Err:    0.04 km | Vel Err:    0.01 m/s
[Solver Step 023000] t= 5.456 | Pos Err:    0.06 km | Vel Err:    0.00 m/s
[Solver Step 024000] t= 5.699 | Pos Err:    0.10 km | Vel Err:    0.12 m/s
[Solver Step 025000] t= 5.908 | Pos Err:    0.04 km | Vel Err:    0.00 m/s
[Solver Step 026000] t= 6.160 | Pos Err:    0.05 km | Vel Err:    0.00 m/s
[Solver Step 027000] t= 6.416 | Pos Err:    0.22 km | Vel Err:    0.24 m/s
[Solver Step 028000] t= 6.629 | Pos Err:    0.05 km | Vel Err:    0.00 m/s
[Solver Step 029000] t= 6.852 | Pos Err:    0.07 km | Vel Err:    0.00 m/s
Completed [TRANSFER] Trajectory 338/600 | Saved 2399 samples | Total: 473560
[Solver Step 001000] t= 0.216 | Pos Err:   16.75 km | Vel Err:    0.46 m/s
[Solver Step 002000] t= 0.469 | Pos Err:    2.14 km | Vel Err:    0.05 m/s
[Solver Step 003000] t= 0.713 | Pos Err:    0.26 km | Vel Err:    0.02 m/s
[Solver Step 004000] t= 0.928 | Pos Err:    0.02 km | Vel Err:    0.00 m/s
[Solver Step 005000] t= 1.177 | Pos Err:    0.01 km | Vel Err:    0.00 m/s
[Solver Step 006000] t= 1.430 | Pos Err:    0.08 km | Vel Err:    0.03 m/s
[Solver Step 007000] t= 1.660 | Pos Err:    0.07 km | Vel Err:    0.00 m/s
[Solver Step 008000] t= 1.874 | Pos Err:    0.04 km | Vel Err:    0.00 m/s
[Solver Step 009000] t= 2.133 | Pos Err:    0.18 km | Vel Err:    0.11 m/s
[Solver Step 010000] t= 2.376 | Pos Err:    0.09 km | Vel Err:    0.00 m/s
[Solver Step 011000] t= 2.588 | Pos Err:    0.06 km | Vel Err:    0.00 m/s
[Solver Step 012000] t= 2.836 | Pos Err:    1.01 km | Vel Err:    0.84 m/s
[Solver Step 013000] t= 3.091 | Pos Err:    0.10 km | Vel Err:    0.00 m/s
[Solver Step 014000] t= 3.311 | Pos Err:    0.07 km | Vel Err:    0.00 m/s
[Solver Step 015000] t= 3.533 | Pos Err:    0.67 km | Vel Err:    0.56 m/s
[Solver Step 016000] t= 3.795 | Pos Err:    0.09 km | Vel Err:    0.00 m/s
[Solver Step 017000] t= 4.037 | Pos Err:    0.08 km | Vel Err:    0.00 m/s
[Solver Step 018000] t= 4.244 | Pos Err:    0.32 km | Vel Err:    0.22 m/s
[Solver Step 019000] t= 4.496 | Pos Err:    0.06 km | Vel Err:    0.02 m/s
[Solver Step 020000] t= 4.750 | Pos Err:    0.06 km | Vel Err:    0.00 m/s
[Solver Step 021000] t= 4.967 | Pos Err:    0.09 km | Vel Err:    0.11 m/s
[Solver Step 022000] t= 5.188 | Pos Err:    0.07 km | Vel Err:    0.01 m/s
[Solver Step 023000] t= 5.454 | Pos Err:    0.06 km | Vel Err:    0.00 m/s
[Solver Step 024000] t= 5.696 | Pos Err:    0.08 km | Vel Err:    0.12 m/s
[Solver Step 025000] t= 5.903 | Pos Err:    0.04 km | Vel Err:    0.00 m/s
[Solver Step 026000] t= 6.157 | Pos Err:    0.05 km | Vel Err:    0.00 m/s
[Solver Step 027000] t= 6.411 | Pos Err:    0.24 km | Vel Err:    0.24 m/s
[Solver Step 028000] t= 6.622 | Pos Err:    0.04 km | Vel Err:    0.00 m/s
[Solver Step 029000] t= 6.849 | Pos Err:    0.03 km | Vel Err:    0.00 m/s
Completed [TRANSFER] Trajectory 339/600 | Saved 2399 samples | Total: 475959
[Solver Step 001000] t= 0.417 | Pos Err:    0.26 km | Vel Err:    0.01 m/s
[Solver Step 002000] t= 0.792 | Pos Err:    0.06 km | Vel Err:    0.00 m/s
[Solver Step 003000] t= 1.101 | Pos Err:    0.01 km | Vel Err:    0.04 m/s
[Solver Step 004000] t= 1.553 | Pos Err:    0.06 km | Vel Err:    0.00 m/s
[Solver Step 005000] t= 2.104 | Pos Err:    0.06 km | Vel Err:    0.00 m/s
[Solver Step 006000] t= 2.517 | Pos Err:    0.06 km | Vel Err:    0.01 m/s
[Solver Step 007000] t= 3.017 | Pos Err:    0.06 km | Vel Err:    0.00 m/s
[Solver Step 008000] t= 3.569 | Pos Err:    0.06 km | Vel Err:    0.00 m/s
[Solver Step 009000] t= 4.059 | Pos Err:    0.05 km | Vel Err:    0.01 m/s
[Solver Step 010000] t= 4.461 | Pos Err:    0.06 km | Vel Err:    0.00 m/s
[Solver Step 011000] t= 4.999 | Pos Err:    0.06 km | Vel Err:    0.00 m/s
[Solver Step 012000] t= 5.586 | Pos Err:    0.04 km | Vel Err:    0.05 m/s
[Solver Step 013000] t= 6.068 | Pos Err:    0.06 km | Vel Err:    0.00 m/s
[Solver Step 014000] t= 6.470 | Pos Err:    0.06 km | Vel Err:    0.00 m/s
[Solver Step 015000] t= 7.027 | Pos Err:    0.03 km | Vel Err:    0.08 m/s
Completed [MOON_ORBIT] Trajectory 340/600 | Saved 1314 samples | Total: 477273
[Multiple Shooting] Converged in 2 iterations with residual 1.73e-11
[Solver Step 001000] t= 0.416 | Pos Err:    0.20 km | Vel Err:    0.01 m/s
[Solver Step 002000] t= 0.919 | Pos Err:    5.25 km | Vel Err:    0.10 m/s
[Solver Step 003000] t= 1.352 | Pos Err:   77.53 km | Vel Err:    1.66 m/s
[Solver Step 004000] t= 1.749 | Pos Err:   80.75 km | Vel Err:    1.74 m/s
[Solver Step 005000] t= 2.242 | Pos Err:    1.03 km | Vel Err:    0.03 m/s
[Solver Step 006000] t= 2.636 | Pos Err:    0.05 km | Vel Err:    0.01 m/s
[Solver Step 007000] t= 3.092 | Pos Err:    7.55 km | Vel Err:    0.18 m/s
Completed [HALO_L1] Trajectory 341/600 | Saved 592 samples | Total: 477865
[Multiple Shooting] Converged in 2 iterations with residual 7.27e-14
[Solver Step 001000] t= 0.463 | Pos Err:    0.26 km | Vel Err:    0.01 m/s
[Solver Step 002000] t= 0.915 | Pos Err:    0.25 km | Vel Err:    0.00 m/s
[Solver Step 003000] t= 1.359 | Pos Err:    0.30 km | Vel Err:    0.01 m/s
[Solver Step 004000] t= 1.806 | Pos Err:    1.55 km | Vel Err:    0.03 m/s
[Solver Step 005000] t= 2.278 | Pos Err:    0.34 km | Vel Err:    0.01 m/s
[Solver Step 006000] t= 2.687 | Pos Err:    0.14 km | Vel Err:    0.01 m/s
Completed [HALO_L2] Trajectory 342/600 | Saved 574 samples | Total: 478439
[Multiple Shooting] Converged in 2 iterations with residual 2.09e-11
[Solver Step 001000] t= 0.423 | Pos Err:    0.57 km | Vel Err:    0.01 m/s
[Solver Step 002000] t= 0.927 | Pos Err:    1.05 km | Vel Err:    0.02 m/s
[Solver Step 003000] t= 1.417 | Pos Err:    5.16 km | Vel Err:    0.13 m/s
[Solver Step 004000] t= 1.748 | Pos Err:   66.39 km | Vel Err:    1.27 m/s
[Solver Step 005000] t= 2.225 | Pos Err:    9.55 km | Vel Err:    0.23 m/s
[Solver Step 006000] t= 2.680 | Pos Err:    1.72 km | Vel Err:    0.04 m/s
[Solver Step 007000] t= 3.080 | Pos Err:    9.71 km | Vel Err:    0.22 m/s
Completed [HALO_L1] Trajectory 343/600 | Saved 595 samples | Total: 479034
[Multiple Shooting] Converged in 2 iterations with residual 1.87e-15
[Solver Step 001000] t= 0.489 | Pos Err:    0.24 km | Vel Err:    0.00 m/s
[Solver Step 002000] t= 0.943 | Pos Err:    0.27 km | Vel Err:    0.01 m/s
[Solver Step 003000] t= 1.476 | Pos Err:    0.16 km | Vel Err:    0.01 m/s
[Solver Step 004000] t= 2.055 | Pos Err:    0.26 km | Vel Err:    0.01 m/s
[Solver Step 005000] t= 2.503 | Pos Err:    0.33 km | Vel Err:    0.01 m/s
[Solver Step 006000] t= 2.945 | Pos Err:    0.94 km | Vel Err:    0.02 m/s
Completed [HALO_L2] Trajectory 344/600 | Saved 532 samples | Total: 479566
[Solver Step 001000] t= 0.216 | Pos Err:   23.99 km | Vel Err:    0.66 m/s
[Solver Step 002000] t= 0.468 | Pos Err:    3.12 km | Vel Err:    0.08 m/s
[Solver Step 003000] t= 0.711 | Pos Err:    0.40 km | Vel Err:    0.03 m/s
[Solver Step 004000] t= 0.924 | Pos Err:    0.04 km | Vel Err:    0.01 m/s
[Solver Step 005000] t= 1.175 | Pos Err:    0.02 km | Vel Err:    0.00 m/s
[Solver Step 006000] t= 1.429 | Pos Err:    0.09 km | Vel Err:    0.03 m/s
[Solver Step 007000] t= 1.658 | Pos Err:    0.08 km | Vel Err:    0.00 m/s
[Solver Step 008000] t= 1.873 | Pos Err:    0.06 km | Vel Err:    0.00 m/s
[Solver Step 009000] t= 2.133 | Pos Err:    0.25 km | Vel Err:    0.16 m/s
[Solver Step 010000] t= 2.374 | Pos Err:    0.10 km | Vel Err:    0.00 m/s
[Solver Step 011000] t= 2.586 | Pos Err:    0.09 km | Vel Err:    0.00 m/s
[Solver Step 012000] t= 2.835 | Pos Err:    1.27 km | Vel Err:    1.06 m/s
[Solver Step 013000] t= 3.090 | Pos Err:    0.11 km | Vel Err:    0.00 m/s
[Solver Step 014000] t= 3.309 | Pos Err:    0.10 km | Vel Err:    0.00 m/s
[Solver Step 015000] t= 3.532 | Pos Err:    0.67 km | Vel Err:    0.57 m/s
[Solver Step 016000] t= 3.794 | Pos Err:    0.11 km | Vel Err:    0.00 m/s
[Solver Step 017000] t= 4.035 | Pos Err:    0.10 km | Vel Err:    0.00 m/s
[Solver Step 018000] t= 4.242 | Pos Err:    0.31 km | Vel Err:    0.23 m/s
[Solver Step 019000] t= 4.495 | Pos Err:    0.08 km | Vel Err:    0.02 m/s
[Solver Step 020000] t= 4.748 | Pos Err:    0.09 km | Vel Err:    0.00 m/s
[Solver Step 021000] t= 4.965 | Pos Err:    0.07 km | Vel Err:    0.11 m/s
[Solver Step 022000] t= 5.187 | Pos Err:    0.09 km | Vel Err:    0.01 m/s
[Solver Step 023000] t= 5.453 | Pos Err:    0.08 km | Vel Err:    0.00 m/s
[Solver Step 024000] t= 5.694 | Pos Err:    0.07 km | Vel Err:    0.12 m/s
[Solver Step 025000] t= 5.901 | Pos Err:    0.06 km | Vel Err:    0.00 m/s
[Solver Step 026000] t= 6.156 | Pos Err:    0.07 km | Vel Err:    0.00 m/s
[Solver Step 027000] t= 6.409 | Pos Err:    0.23 km | Vel Err:    0.24 m/s
[Solver Step 028000] t= 6.620 | Pos Err:    0.05 km | Vel Err:    0.00 m/s
[Solver Step 029000] t= 6.848 | Pos Err:    0.05 km | Vel Err:    0.00 m/s
Completed [TRANSFER] Trajectory 345/600 | Saved 2399 samples | Total: 481965
[Multiple Shooting] Converged in 2 iterations with residual 3.69e-11
[Solver Step 001000] t= 0.427 | Pos Err:    0.58 km | Vel Err:    0.01 m/s
[Solver Step 002000] t= 0.887 | Pos Err:    0.27 km | Vel Err:    0.01 m/s
[Solver Step 003000] t= 1.378 | Pos Err:    0.84 km | Vel Err:    0.02 m/s
[Solver Step 004000] t= 1.800 | Pos Err:    2.01 km | Vel Err:    0.02 m/s
[Solver Step 005000] t= 2.152 | Pos Err:  192.19 km | Vel Err:    3.86 m/s
[Solver Step 006000] t= 2.607 | Pos Err:    9.44 km | Vel Err:    0.19 m/s
[Solver Step 007000] t= 3.085 | Pos Err:   37.97 km | Vel Err:    0.85 m/s
Completed [HALO_L1] Trajectory 346/600 | Saved 593 samples | Total: 482558
[Solver Step 001000] t= 0.416 | Pos Err:    1.59 km | Vel Err:    0.04 m/s
[Solver Step 002000] t= 0.842 | Pos Err:    0.30 km | Vel Err:    0.01 m/s
[Solver Step 003000] t= 1.343 | Pos Err:    0.10 km | Vel Err:    0.01 m/s
[Solver Step 004000] t= 1.756 | Pos Err:    0.14 km | Vel Err:    0.00 m/s
[Solver Step 005000] t= 2.232 | Pos Err:    0.51 km | Vel Err:    0.02 m/s
Completed [DRO] Trajectory 347/600 | Saved 482 samples | Total: 483040
[Multiple Shooting] Converged in 4 iterations with residual 3.43e-15
[Solver Step 001000] t= 0.368 | Pos Err:    5.95 km | Vel Err:    0.13 m/s
[Solver Step 002000] t= 0.735 | Pos Err:   14.38 km | Vel Err:    0.24 m/s
[Solver Step 003000] t= 1.093 | Pos Err:    0.45 km | Vel Err:    0.01 m/s
[Solver Step 004000] t= 1.462 | Pos Err:    9.98 km | Vel Err:    0.21 m/s
[Solver Step 005000] t= 1.843 | Pos Err:    0.77 km | Vel Err:    0.00 m/s
[Solver Step 006000] t= 2.223 | Pos Err:    4.21 km | Vel Err:    0.07 m/s
Completed [DRO] Trajectory 348/600 | Saved 567 samples | Total: 483607
[Multiple Shooting] Converged in 2 iterations with residual 3.94e-14
[Solver Step 001000] t= 0.459 | Pos Err:    0.26 km | Vel Err:    0.01 m/s
[Solver Step 002000] t= 0.921 | Pos Err:    0.27 km | Vel Err:    0.00 m/s
[Solver Step 003000] t= 1.346 | Pos Err:    0.37 km | Vel Err:    0.01 m/s
[Solver Step 004000] t= 1.792 | Pos Err:    0.85 km | Vel Err:    0.02 m/s
[Solver Step 005000] t= 2.255 | Pos Err:    0.21 km | Vel Err:    0.01 m/s
[Solver Step 006000] t= 2.659 | Pos Err:    0.38 km | Vel Err:    0.02 m/s
Completed [HALO_L2] Trajectory 349/600 | Saved 577 samples | Total: 484184
[Solver Step 001000] t= 0.413 | Pos Err:    0.60 km | Vel Err:    0.01 m/s
[Solver Step 002000] t= 0.788 | Pos Err:    0.04 km | Vel Err:    0.00 m/s
[Solver Step 003000] t= 1.097 | Pos Err:    0.01 km | Vel Err:    0.04 m/s
[Solver Step 004000] t= 1.547 | Pos Err:    0.06 km | Vel Err:    0.00 m/s
[Solver Step 005000] t= 2.099 | Pos Err:    0.06 km | Vel Err:    0.00 m/s
[Solver Step 006000] t= 2.512 | Pos Err:    0.06 km | Vel Err:    0.01 m/s
[Solver Step 007000] t= 3.011 | Pos Err:    0.06 km | Vel Err:    0.00 m/s
[Solver Step 008000] t= 3.564 | Pos Err:    0.06 km | Vel Err:    0.00 m/s
[Solver Step 009000] t= 4.055 | Pos Err:    0.06 km | Vel Err:    0.01 m/s
[Solver Step 010000] t= 4.456 | Pos Err:    0.06 km | Vel Err:    0.00 m/s
[Solver Step 011000] t= 4.993 | Pos Err:    0.06 km | Vel Err:    0.00 m/s
[Solver Step 012000] t= 5.581 | Pos Err:    0.05 km | Vel Err:    0.05 m/s
[Solver Step 013000] t= 6.064 | Pos Err:    0.06 km | Vel Err:    0.00 m/s
[Solver Step 014000] t= 6.465 | Pos Err:    0.06 km | Vel Err:    0.00 m/s
[Solver Step 015000] t= 7.021 | Pos Err:    0.03 km | Vel Err:    0.08 m/s
Completed [MOON_ORBIT] Trajectory 350/600 | Saved 1315 samples | Total: 485499
[Multiple Shooting] Converged in 4 iterations with residual 4.18e-15
[Solver Step 001000] t= 0.380 | Pos Err:    3.11 km | Vel Err:    0.07 m/s
[Solver Step 002000] t= 0.760 | Pos Err:    9.46 km | Vel Err:    0.18 m/s
[Solver Step 003000] t= 1.132 | Pos Err:    3.35 km | Vel Err:    0.09 m/s
[Solver Step 004000] t= 1.498 | Pos Err:   12.55 km | Vel Err:    0.23 m/s
[Solver Step 005000] t= 1.876 | Pos Err:    1.97 km | Vel Err:    0.04 m/s
[Solver Step 006000] t= 2.257 | Pos Err:   10.71 km | Vel Err:    0.21 m/s
Completed [DRO] Trajectory 351/600 | Saved 552 samples | Total: 486051
[Multiple Shooting] Converged in 2 iterations with residual 1.41e-15
[Solver Step 001000] t= 0.458 | Pos Err:    0.23 km | Vel Err:    0.01 m/s
[Solver Step 002000] t= 1.013 | Pos Err:    0.14 km | Vel Err:    0.00 m/s
[Solver Step 003000] t= 1.611 | Pos Err:    0.08 km | Vel Err:    0.01 m/s
[Solver Step 004000] t= 2.052 | Pos Err:    0.27 km | Vel Err:    0.01 m/s
[Solver Step 005000] t= 2.503 | Pos Err:    0.31 km | Vel Err:    0.01 m/s
[Solver Step 006000] t= 3.052 | Pos Err:    5.21 km | Vel Err:    0.14 m/s
Completed [HALO_L2] Trajectory 352/600 | Saved 513 samples | Total: 486564
[Solver Step 001000] t= 0.411 | Pos Err:    3.73 km | Vel Err:    0.09 m/s
[Solver Step 002000] t= 0.815 | Pos Err:    0.08 km | Vel Err:    0.00 m/s
[Solver Step 003000] t= 1.257 | Pos Err:    0.05 km | Vel Err:    0.01 m/s
[Solver Step 004000] t= 1.604 | Pos Err:    0.02 km | Vel Err:    0.00 m/s
[Solver Step 005000] t= 1.989 | Pos Err:    0.08 km | Vel Err:    0.00 m/s
[Solver Step 006000] t= 2.442 | Pos Err:    0.11 km | Vel Err:    0.02 m/s
[Solver Step 007000] t= 2.843 | Pos Err:    0.11 km | Vel Err:    0.00 m/s
[Solver Step 008000] t= 3.242 | Pos Err:    0.11 km | Vel Err:    0.00 m/s
[Solver Step 009000] t= 3.616 | Pos Err:    0.14 km | Vel Err:    0.08 m/s
[Solver Step 010000] t= 4.029 | Pos Err:    0.04 km | Vel Err:    0.00 m/s
[Solver Step 011000] t= 4.449 | Pos Err:    0.07 km | Vel Err:    0.00 m/s
[Solver Step 012000] t= 4.891 | Pos Err:    0.07 km | Vel Err:    0.04 m/s
[Solver Step 013000] t= 5.230 | Pos Err:    0.10 km | Vel Err:    0.00 m/s
[Solver Step 014000] t= 5.627 | Pos Err:    0.09 km | Vel Err:    0.00 m/s
[Solver Step 015000] t= 6.106 | Pos Err:    0.04 km | Vel Err:    0.02 m/s
[Solver Step 016000] t= 6.493 | Pos Err:    0.02 km | Vel Err:    0.00 m/s
[Solver Step 017000] t= 6.921 | Pos Err:    0.01 km | Vel Err:    0.00 m/s
[Solver Step 018000] t= 7.264 | Pos Err:    0.08 km | Vel Err:    0.11 m/s
[Solver Step 019000] t= 7.684 | Pos Err:    0.11 km | Vel Err:    0.00 m/s
[Solver Step 020000] t= 8.164 | Pos Err:    0.10 km | Vel Err:    0.00 m/s
[Solver Step 021000] t= 8.550 | Pos Err:    0.08 km | Vel Err:    0.03 m/s
[Solver Step 022000] t= 8.920 | Pos Err:    0.06 km | Vel Err:    0.00 m/s
[Solver Step 023000] t= 9.311 | Pos Err:    0.05 km | Vel Err:    0.00 m/s
[Solver Step 024000] t= 9.769 | Pos Err:    0.09 km | Vel Err:    0.03 m/s
[Solver Step 025000] t=10.171 | Pos Err:    0.11 km | Vel Err:    0.00 m/s
[Solver Step 026000] t=10.570 | Pos Err:    0.11 km | Vel Err:    0.00 m/s
[Solver Step 027000] t=10.930 | Pos Err:    0.17 km | Vel Err:    0.09 m/s
[Solver Step 028000] t=11.351 | Pos Err:    0.01 km | Vel Err:    0.00 m/s
[Solver Step 029000] t=11.805 | Pos Err:    0.03 km | Vel Err:    0.00 m/s
[Solver Step 030000] t=12.174 | Pos Err:    0.04 km | Vel Err:    0.03 m/s
[Solver Step 031000] t=12.565 | Pos Err:    0.08 km | Vel Err:    0.00 m/s
Completed [EARTH_ORBIT] Trajectory 353/600 | Saved 2584 samples | Total: 489148
[Solver Step 001000] t= 0.417 | Pos Err:    0.66 km | Vel Err:    0.01 m/s
[Solver Step 002000] t= 0.791 | Pos Err:    0.07 km | Vel Err:    0.00 m/s
[Solver Step 003000] t= 1.101 | Pos Err:    0.01 km | Vel Err:    0.04 m/s
[Solver Step 004000] t= 1.553 | Pos Err:    0.05 km | Vel Err:    0.00 m/s
[Solver Step 005000] t= 2.104 | Pos Err:    0.05 km | Vel Err:    0.00 m/s
[Solver Step 006000] t= 2.517 | Pos Err:    0.04 km | Vel Err:    0.01 m/s
[Solver Step 007000] t= 3.017 | Pos Err:    0.04 km | Vel Err:    0.00 m/s
[Solver Step 008000] t= 3.569 | Pos Err:    0.04 km | Vel Err:    0.00 m/s
[Solver Step 009000] t= 4.059 | Pos Err:    0.04 km | Vel Err:    0.01 m/s
[Solver Step 010000] t= 4.461 | Pos Err:    0.04 km | Vel Err:    0.00 m/s
[Solver Step 011000] t= 4.999 | Pos Err:    0.04 km | Vel Err:    0.00 m/s
[Solver Step 012000] t= 5.586 | Pos Err:    0.03 km | Vel Err:    0.05 m/s
[Solver Step 013000] t= 6.068 | Pos Err:    0.05 km | Vel Err:    0.00 m/s
[Solver Step 014000] t= 6.469 | Pos Err:    0.06 km | Vel Err:    0.00 m/s
[Solver Step 015000] t= 7.027 | Pos Err:    0.04 km | Vel Err:    0.08 m/s
Completed [MOON_ORBIT] Trajectory 354/600 | Saved 1314 samples | Total: 490462
[Multiple Shooting] Converged in 2 iterations with residual 1.01e-11
[Solver Step 001000] t= 0.419 | Pos Err:    0.37 km | Vel Err:    0.01 m/s
[Solver Step 002000] t= 0.925 | Pos Err:    1.46 km | Vel Err:    0.03 m/s
[Solver Step 003000] t= 1.405 | Pos Err:   14.05 km | Vel Err:    0.28 m/s
[Solver Step 004000] t= 1.738 | Pos Err:   92.43 km | Vel Err:    1.82 m/s
[Solver Step 005000] t= 2.234 | Pos Err:    2.21 km | Vel Err:    0.06 m/s
[Solver Step 006000] t= 2.680 | Pos Err:    1.34 km | Vel Err:    0.03 m/s
[Solver Step 007000] t= 3.075 | Pos Err:    7.84 km | Vel Err:    0.17 m/s
Completed [HALO_L1] Trajectory 355/600 | Saved 596 samples | Total: 491058
[Multiple Shooting] Converged in 2 iterations with residual 1.69e-15
[Solver Step 001000] t= 0.486 | Pos Err:    0.29 km | Vel Err:    0.01 m/s
[Solver Step 002000] t= 0.939 | Pos Err:    0.27 km | Vel Err:    0.01 m/s
[Solver Step 003000] t= 1.472 | Pos Err:    0.14 km | Vel Err:    0.01 m/s
[Solver Step 004000] t= 2.051 | Pos Err:    0.31 km | Vel Err:    0.01 m/s
[Solver Step 005000] t= 2.501 | Pos Err:    0.34 km | Vel Err:    0.01 m/s
[Solver Step 006000] t= 2.941 | Pos Err:    1.08 km | Vel Err:    0.02 m/s
Completed [HALO_L2] Trajectory 356/600 | Saved 532 samples | Total: 491590
[Multiple Shooting] Converged in 2 iterations with residual 5.18e-12
[Solver Step 001000] t= 0.421 | Pos Err:    0.31 km | Vel Err:    0.01 m/s
[Solver Step 002000] t= 0.922 | Pos Err:    0.72 km | Vel Err:    0.01 m/s
[Solver Step 003000] t= 1.419 | Pos Err:    4.53 km | Vel Err:    0.11 m/s
[Solver Step 004000] t= 1.765 | Pos Err:   57.43 km | Vel Err:    1.09 m/s
[Solver Step 005000] t= 2.212 | Pos Err:   26.84 km | Vel Err:    0.58 m/s
[Solver Step 006000] t= 2.674 | Pos Err:    2.27 km | Vel Err:    0.05 m/s
[Solver Step 007000] t= 3.093 | Pos Err:   11.45 km | Vel Err:    0.26 m/s
Completed [HALO_L1] Trajectory 357/600 | Saved 595 samples | Total: 492185
[Multiple Shooting] Converged in 2 iterations with residual 1.49e-15
[Solver Step 001000] t= 0.464 | Pos Err:    0.24 km | Vel Err:    0.01 m/s
[Solver Step 002000] t= 0.965 | Pos Err:    0.12 km | Vel Err:    0.00 m/s
[Solver Step 003000] t= 1.537 | Pos Err:    0.16 km | Vel Err:    0.02 m/s
[Solver Step 004000] t= 2.094 | Pos Err:    0.16 km | Vel Err:    0.00 m/s
[Solver Step 005000] t= 2.491 | Pos Err:    0.25 km | Vel Err:    0.00 m/s
[Solver Step 006000] t= 2.990 | Pos Err:    1.66 km | Vel Err:    0.05 m/s
Completed [HALO_L2] Trajectory 358/600 | Saved 523 samples | Total: 492708
[Solver Step 001000] t= 0.218 | Pos Err:   22.34 km | Vel Err:    0.32 m/s
[Solver Step 002000] t= 0.470 | Pos Err:    2.67 km | Vel Err:    0.05 m/s
[Solver Step 003000] t= 0.713 | Pos Err:    0.37 km | Vel Err:    0.03 m/s
[Solver Step 004000] t= 0.930 | Pos Err:    0.02 km | Vel Err:    0.00 m/s
[Solver Step 005000] t= 1.177 | Pos Err:    0.07 km | Vel Err:    0.00 m/s
[Solver Step 006000] t= 1.431 | Pos Err:    0.11 km | Vel Err:    0.04 m/s
[Solver Step 007000] t= 1.663 | Pos Err:    0.09 km | Vel Err:    0.00 m/s
[Solver Step 008000] t= 1.877 | Pos Err:    0.09 km | Vel Err:    0.00 m/s
[Solver Step 009000] t= 2.135 | Pos Err:    0.17 km | Vel Err:    0.09 m/s
[Solver Step 010000] t= 2.378 | Pos Err:    0.09 km | Vel Err:    0.00 m/s
[Solver Step 011000] t= 2.592 | Pos Err:    0.07 km | Vel Err:    0.00 m/s
[Solver Step 012000] t= 2.838 | Pos Err:    1.03 km | Vel Err:    0.80 m/s
[Solver Step 013000] t= 3.094 | Pos Err:    0.09 km | Vel Err:    0.00 m/s
[Solver Step 014000] t= 3.315 | Pos Err:    0.05 km | Vel Err:    0.00 m/s
[Solver Step 015000] t= 3.536 | Pos Err:    0.67 km | Vel Err:    0.53 m/s
[Solver Step 016000] t= 3.797 | Pos Err:    0.08 km | Vel Err:    0.00 m/s
[Solver Step 017000] t= 4.040 | Pos Err:    0.04 km | Vel Err:    0.00 m/s
[Solver Step 018000] t= 4.248 | Pos Err:    0.33 km | Vel Err:    0.21 m/s
[Solver Step 019000] t= 4.498 | Pos Err:    0.05 km | Vel Err:    0.02 m/s
[Solver Step 020000] t= 4.753 | Pos Err:    0.02 km | Vel Err:    0.00 m/s
[Solver Step 021000] t= 4.971 | Pos Err:    0.14 km | Vel Err:    0.11 m/s
[Solver Step 022000] t= 5.190 | Pos Err:    0.04 km | Vel Err:    0.01 m/s
[Solver Step 023000] t= 5.456 | Pos Err:    0.02 km | Vel Err:    0.00 m/s
[Solver Step 024000] t= 5.699 | Pos Err:    0.14 km | Vel Err:    0.12 m/s
[Solver Step 025000] t= 5.906 | Pos Err:    0.06 km | Vel Err:    0.00 m/s
[Solver Step 026000] t= 6.159 | Pos Err:    0.04 km | Vel Err:    0.00 m/s
[Solver Step 027000] t= 6.414 | Pos Err:    0.28 km | Vel Err:    0.24 m/s
[Solver Step 028000] t= 6.627 | Pos Err:    0.09 km | Vel Err:    0.00 m/s
[Solver Step 029000] t= 6.851 | Pos Err:    0.06 km | Vel Err:    0.00 m/s
Completed [TRANSFER] Trajectory 359/600 | Saved 2399 samples | Total: 495107
[Solver Step 001000] t= 0.419 | Pos Err:    0.48 km | Vel Err:    0.01 m/s
[Solver Step 002000] t= 0.793 | Pos Err:    0.06 km | Vel Err:    0.00 m/s
[Solver Step 003000] t= 1.102 | Pos Err:    0.01 km | Vel Err:    0.04 m/s
[Solver Step 004000] t= 1.555 | Pos Err:    0.05 km | Vel Err:    0.00 m/s
[Solver Step 005000] t= 2.105 | Pos Err:    0.05 km | Vel Err:    0.00 m/s
[Solver Step 006000] t= 2.518 | Pos Err:    0.05 km | Vel Err:    0.01 m/s
[Solver Step 007000] t= 3.018 | Pos Err:    0.05 km | Vel Err:    0.00 m/s
[Solver Step 008000] t= 3.571 | Pos Err:    0.05 km | Vel Err:    0.00 m/s
[Solver Step 009000] t= 4.060 | Pos Err:    0.05 km | Vel Err:    0.01 m/s
[Solver Step 010000] t= 4.462 | Pos Err:    0.05 km | Vel Err:    0.00 m/s
[Solver Step 011000] t= 5.001 | Pos Err:    0.05 km | Vel Err:    0.00 m/s
[Solver Step 012000] t= 5.588 | Pos Err:    0.03 km | Vel Err:    0.05 m/s
[Solver Step 013000] t= 6.069 | Pos Err:    0.05 km | Vel Err:    0.00 m/s
[Solver Step 014000] t= 6.471 | Pos Err:    0.05 km | Vel Err:    0.00 m/s
[Solver Step 015000] t= 7.029 | Pos Err:    0.03 km | Vel Err:    0.08 m/s
Completed [MOON_ORBIT] Trajectory 360/600 | Saved 1314 samples | Total: 496421
[Solver Step 001000] t= 0.412 | Pos Err:    3.38 km | Vel Err:    0.08 m/s
[Solver Step 002000] t= 0.817 | Pos Err:    0.11 km | Vel Err:    0.00 m/s
[Solver Step 003000] t= 1.258 | Pos Err:    0.03 km | Vel Err:    0.01 m/s
[Solver Step 004000] t= 1.605 | Pos Err:    0.06 km | Vel Err:    0.00 m/s
[Solver Step 005000] t= 1.991 | Pos Err:    0.11 km | Vel Err:    0.00 m/s
[Solver Step 006000] t= 2.444 | Pos Err:    0.09 km | Vel Err:    0.02 m/s
[Solver Step 007000] t= 2.845 | Pos Err:    0.07 km | Vel Err:    0.00 m/s
[Solver Step 008000] t= 3.243 | Pos Err:    0.05 km | Vel Err:    0.00 m/s
[Solver Step 009000] t= 3.617 | Pos Err:    0.06 km | Vel Err:    0.08 m/s
[Solver Step 010000] t= 4.031 | Pos Err:    0.09 km | Vel Err:    0.00 m/s
[Solver Step 011000] t= 4.451 | Pos Err:    0.11 km | Vel Err:    0.00 m/s
[Solver Step 012000] t= 4.893 | Pos Err:    0.09 km | Vel Err:    0.04 m/s
[Solver Step 013000] t= 5.232 | Pos Err:    0.10 km | Vel Err:    0.00 m/s
[Solver Step 014000] t= 5.629 | Pos Err:    0.02 km | Vel Err:    0.00 m/s
[Solver Step 015000] t= 6.108 | Pos Err:    0.04 km | Vel Err:    0.02 m/s
[Solver Step 016000] t= 6.495 | Pos Err:    0.06 km | Vel Err:    0.00 m/s
[Solver Step 017000] t= 6.922 | Pos Err:    0.09 km | Vel Err:    0.00 m/s
[Solver Step 018000] t= 7.266 | Pos Err:    0.16 km | Vel Err:    0.10 m/s
[Solver Step 019000] t= 7.686 | Pos Err:    0.07 km | Vel Err:    0.00 m/s
[Solver Step 020000] t= 8.166 | Pos Err:    0.04 km | Vel Err:    0.00 m/s
[Solver Step 021000] t= 8.551 | Pos Err:    0.02 km | Vel Err:    0.03 m/s
[Solver Step 022000] t= 8.921 | Pos Err:    0.03 km | Vel Err:    0.00 m/s
[Solver Step 023000] t= 9.313 | Pos Err:    0.10 km | Vel Err:    0.00 m/s
[Solver Step 024000] t= 9.771 | Pos Err:    0.10 km | Vel Err:    0.03 m/s
[Solver Step 025000] t=10.172 | Pos Err:    0.10 km | Vel Err:    0.00 m/s
[Solver Step 026000] t=10.572 | Pos Err:    0.08 km | Vel Err:    0.00 m/s
[Solver Step 027000] t=10.931 | Pos Err:    0.09 km | Vel Err:    0.09 m/s
[Solver Step 028000] t=11.352 | Pos Err:    0.07 km | Vel Err:    0.00 m/s
[Solver Step 029000] t=11.807 | Pos Err:    0.09 km | Vel Err:    0.00 m/s
[Solver Step 030000] t=12.176 | Pos Err:    0.09 km | Vel Err:    0.03 m/s
[Solver Step 031000] t=12.566 | Pos Err:    0.10 km | Vel Err:    0.00 m/s
Completed [EARTH_ORBIT] Trajectory 361/600 | Saved 2584 samples | Total: 499005
[Multiple Shooting] Converged in 2 iterations with residual 1.60e-11
[Solver Step 001000] t= 0.423 | Pos Err:    0.63 km | Vel Err:    0.01 m/s
[Solver Step 002000] t= 0.926 | Pos Err:    1.01 km | Vel Err:    0.02 m/s
[Solver Step 003000] t= 1.418 | Pos Err:    4.93 km | Vel Err:    0.12 m/s
[Solver Step 004000] t= 1.749 | Pos Err:   64.15 km | Vel Err:    1.21 m/s
[Solver Step 005000] t= 2.223 | Pos Err:   11.40 km | Vel Err:    0.26 m/s
[Solver Step 006000] t= 2.679 | Pos Err:    1.78 km | Vel Err:    0.04 m/s
[Solver Step 007000] t= 3.081 | Pos Err:   10.00 km | Vel Err:    0.22 m/s
Completed [HALO_L1] Trajectory 362/600 | Saved 596 samples | Total: 499601
[Solver Step 001000] t= 0.414 | Pos Err:    0.39 km | Vel Err:    0.01 m/s
[Solver Step 002000] t= 0.789 | Pos Err:    0.05 km | Vel Err:    0.00 m/s
[Solver Step 003000] t= 1.098 | Pos Err:    0.01 km | Vel Err:    0.04 m/s
[Solver Step 004000] t= 1.549 | Pos Err:    0.06 km | Vel Err:    0.00 m/s
[Solver Step 005000] t= 2.100 | Pos Err:    0.06 km | Vel Err:    0.00 m/s
[Solver Step 006000] t= 2.514 | Pos Err:    0.06 km | Vel Err:    0.01 m/s
[Solver Step 007000] t= 3.013 | Pos Err:    0.06 km | Vel Err:    0.00 m/s
[Solver Step 008000] t= 3.566 | Pos Err:    0.06 km | Vel Err:    0.00 m/s
[Solver Step 009000] t= 4.056 | Pos Err:    0.05 km | Vel Err:    0.01 m/s
[Solver Step 010000] t= 4.457 | Pos Err:    0.06 km | Vel Err:    0.00 m/s
[Solver Step 011000] t= 4.995 | Pos Err:    0.05 km | Vel Err:    0.00 m/s
[Solver Step 012000] t= 5.582 | Pos Err:    0.04 km | Vel Err:    0.05 m/s
[Solver Step 013000] t= 6.065 | Pos Err:    0.05 km | Vel Err:    0.00 m/s
[Solver Step 014000] t= 6.466 | Pos Err:    0.05 km | Vel Err:    0.00 m/s
[Solver Step 015000] t= 7.023 | Pos Err:    0.03 km | Vel Err:    0.08 m/s
Completed [MOON_ORBIT] Trajectory 363/600 | Saved 1315 samples | Total: 500916
[Multiple Shooting] Converged in 6 iterations with residual 1.41e-14
[Solver Step 001000] t= 0.319 | Pos Err:   14.13 km | Vel Err:    0.30 m/s
[Solver Step 002000] t= 0.658 | Pos Err:   87.74 km | Vel Err:    1.75 m/s
[Solver Step 003000] t= 1.004 | Pos Err:   18.08 km | Vel Err:    0.39 m/s
[Solver Step 004000] t= 1.349 | Pos Err:   69.03 km | Vel Err:    1.18 m/s
[Solver Step 005000] t= 1.676 | Pos Err:   95.23 km | Vel Err:    1.90 m/s
[Solver Step 006000] t= 2.020 | Pos Err:    5.37 km | Vel Err:    0.17 m/s
[Solver Step 007000] t= 2.369 | Pos Err:   97.90 km | Vel Err:    1.86 m/s
Completed [DRO] Trajectory 364/600 | Saved 623 samples | Total: 501539
[Solver Step 001000] t= 0.417 | Pos Err:    3.90 km | Vel Err:    0.09 m/s
[Solver Step 002000] t= 0.821 | Pos Err:    0.10 km | Vel Err:    0.00 m/s
[Solver Step 003000] t= 1.261 | Pos Err:    0.09 km | Vel Err:    0.01 m/s
[Solver Step 004000] t= 1.609 | Pos Err:    0.11 km | Vel Err:    0.00 m/s
[Solver Step 005000] t= 1.995 | Pos Err:    0.09 km | Vel Err:    0.00 m/s
[Solver Step 006000] t= 2.447 | Pos Err:    0.04 km | Vel Err:    0.02 m/s
[Solver Step 007000] t= 2.849 | Pos Err:    0.02 km | Vel Err:    0.00 m/s
[Solver Step 008000] t= 3.245 | Pos Err:    0.02 km | Vel Err:    0.00 m/s
[Solver Step 009000] t= 3.621 | Pos Err:    0.08 km | Vel Err:    0.08 m/s
[Solver Step 010000] t= 4.035 | Pos Err:    0.11 km | Vel Err:    0.00 m/s
[Solver Step 011000] t= 4.454 | Pos Err:    0.11 km | Vel Err:    0.00 m/s
[Solver Step 012000] t= 4.897 | Pos Err:    0.08 km | Vel Err:    0.04 m/s
[Solver Step 013000] t= 5.235 | Pos Err:    0.06 km | Vel Err:    0.00 m/s
[Solver Step 014000] t= 5.633 | Pos Err:    0.05 km | Vel Err:    0.00 m/s
[Solver Step 015000] t= 6.112 | Pos Err:    0.10 km | Vel Err:    0.02 m/s
[Solver Step 016000] t= 6.499 | Pos Err:    0.11 km | Vel Err:    0.00 m/s
[Solver Step 017000] t= 6.926 | Pos Err:    0.12 km | Vel Err:    0.00 m/s
[Solver Step 018000] t= 7.270 | Pos Err:    0.18 km | Vel Err:    0.10 m/s
[Solver Step 019000] t= 7.691 | Pos Err:    0.02 km | Vel Err:    0.00 m/s
[Solver Step 020000] t= 8.169 | Pos Err:    0.03 km | Vel Err:    0.00 m/s
[Solver Step 021000] t= 8.555 | Pos Err:    0.05 km | Vel Err:    0.03 m/s
[Solver Step 022000] t= 8.923 | Pos Err:    0.09 km | Vel Err:    0.00 m/s
[Solver Step 023000] t= 9.317 | Pos Err:    0.10 km | Vel Err:    0.00 m/s
[Solver Step 024000] t= 9.776 | Pos Err:    0.08 km | Vel Err:    0.03 m/s
[Solver Step 025000] t=10.176 | Pos Err:    0.06 km | Vel Err:    0.00 m/s
[Solver Step 026000] t=10.576 | Pos Err:    0.03 km | Vel Err:    0.00 m/s
[Solver Step 027000] t=10.935 | Pos Err:    0.08 km | Vel Err:    0.09 m/s
[Solver Step 028000] t=11.354 | Pos Err:    0.11 km | Vel Err:    0.00 m/s
[Solver Step 029000] t=11.811 | Pos Err:    0.11 km | Vel Err:    0.00 m/s
[Solver Step 030000] t=12.180 | Pos Err:    0.10 km | Vel Err:    0.03 m/s
Completed [EARTH_ORBIT] Trajectory 365/600 | Saved 2583 samples | Total: 504122
[Solver Step 001000] t= 0.414 | Pos Err:    1.28 km | Vel Err:    0.03 m/s
[Solver Step 002000] t= 0.818 | Pos Err:    0.06 km | Vel Err:    0.00 m/s
[Solver Step 003000] t= 1.259 | Pos Err:    0.06 km | Vel Err:    0.01 m/s
[Solver Step 004000] t= 1.607 | Pos Err:    0.06 km | Vel Err:    0.00 m/s
[Solver Step 005000] t= 1.992 | Pos Err:    0.05 km | Vel Err:    0.00 m/s
[Solver Step 006000] t= 2.445 | Pos Err:    0.06 km | Vel Err:    0.02 m/s
[Solver Step 007000] t= 2.846 | Pos Err:    0.06 km | Vel Err:    0.00 m/s
[Solver Step 008000] t= 3.244 | Pos Err:    0.06 km | Vel Err:    0.00 m/s
[Solver Step 009000] t= 3.618 | Pos Err:    0.11 km | Vel Err:    0.08 m/s
[Solver Step 010000] t= 4.032 | Pos Err:    0.05 km | Vel Err:    0.00 m/s
[Solver Step 011000] t= 4.452 | Pos Err:    0.06 km | Vel Err:    0.00 m/s
[Solver Step 012000] t= 4.894 | Pos Err:    0.04 km | Vel Err:    0.04 m/s
[Solver Step 013000] t= 5.233 | Pos Err:    0.06 km | Vel Err:    0.00 m/s
[Solver Step 014000] t= 5.631 | Pos Err:    0.06 km | Vel Err:    0.00 m/s
[Solver Step 015000] t= 6.109 | Pos Err:    0.06 km | Vel Err:    0.02 m/s
[Solver Step 016000] t= 6.496 | Pos Err:    0.06 km | Vel Err:    0.00 m/s
[Solver Step 017000] t= 6.923 | Pos Err:    0.06 km | Vel Err:    0.00 m/s
[Solver Step 018000] t= 7.267 | Pos Err:    0.12 km | Vel Err:    0.10 m/s
[Solver Step 019000] t= 7.688 | Pos Err:    0.06 km | Vel Err:    0.00 m/s
[Solver Step 020000] t= 8.167 | Pos Err:    0.06 km | Vel Err:    0.00 m/s
[Solver Step 021000] t= 8.553 | Pos Err:    0.05 km | Vel Err:    0.03 m/s
[Solver Step 022000] t= 8.922 | Pos Err:    0.06 km | Vel Err:    0.00 m/s
[Solver Step 023000] t= 9.314 | Pos Err:    0.05 km | Vel Err:    0.00 m/s
[Solver Step 024000] t= 9.773 | Pos Err:    0.05 km | Vel Err:    0.03 m/s
[Solver Step 025000] t=10.174 | Pos Err:    0.06 km | Vel Err:    0.00 m/s
[Solver Step 026000] t=10.573 | Pos Err:    0.06 km | Vel Err:    0.00 m/s
[Solver Step 027000] t=10.933 | Pos Err:    0.13 km | Vel Err:    0.09 m/s
[Solver Step 028000] t=11.353 | Pos Err:    0.06 km | Vel Err:    0.00 m/s
[Solver Step 029000] t=11.808 | Pos Err:    0.06 km | Vel Err:    0.00 m/s
[Solver Step 030000] t=12.177 | Pos Err:    0.05 km | Vel Err:    0.03 m/s
Completed [EARTH_ORBIT] Trajectory 366/600 | Saved 2583 samples | Total: 506705
[Multiple Shooting] Converged in 2 iterations with residual 1.59e-15
[Solver Step 001000] t= 0.489 | Pos Err:    0.31 km | Vel Err:    0.01 m/s
[Solver Step 002000] t= 0.958 | Pos Err:    0.21 km | Vel Err:    0.00 m/s
[Solver Step 003000] t= 1.439 | Pos Err:    0.12 km | Vel Err:    0.01 m/s
[Solver Step 004000] t= 1.984 | Pos Err:    0.11 km | Vel Err:    0.00 m/s
[Solver Step 005000] t= 2.533 | Pos Err:    0.20 km | Vel Err:    0.00 m/s
[Solver Step 006000] t= 2.927 | Pos Err:    1.67 km | Vel Err:    0.03 m/s
Completed [HALO_L2] Trajectory 367/600 | Saved 539 samples | Total: 507244
[Solver Step 001000] t= 0.417 | Pos Err:    3.37 km | Vel Err:    0.08 m/s
[Solver Step 002000] t= 0.822 | Pos Err:    0.09 km | Vel Err:    0.00 m/s
[Solver Step 003000] t= 1.262 | Pos Err:    0.08 km | Vel Err:    0.01 m/s
[Solver Step 004000] t= 1.610 | Pos Err:    0.10 km | Vel Err:    0.00 m/s
[Solver Step 005000] t= 1.996 | Pos Err:    0.09 km | Vel Err:    0.00 m/s
[Solver Step 006000] t= 2.448 | Pos Err:    0.04 km | Vel Err:    0.02 m/s
[Solver Step 007000] t= 2.850 | Pos Err:    0.02 km | Vel Err:    0.00 m/s
[Solver Step 008000] t= 3.246 | Pos Err:    0.01 km | Vel Err:    0.00 m/s
[Solver Step 009000] t= 3.621 | Pos Err:    0.08 km | Vel Err:    0.08 m/s
[Solver Step 010000] t= 4.036 | Pos Err:    0.10 km | Vel Err:    0.00 m/s
[Solver Step 011000] t= 4.455 | Pos Err:    0.10 km | Vel Err:    0.00 m/s
[Solver Step 012000] t= 4.898 | Pos Err:    0.08 km | Vel Err:    0.04 m/s
[Solver Step 013000] t= 5.236 | Pos Err:    0.06 km | Vel Err:    0.00 m/s
[Solver Step 014000] t= 5.634 | Pos Err:    0.04 km | Vel Err:    0.00 m/s
[Solver Step 015000] t= 6.113 | Pos Err:    0.09 km | Vel Err:    0.02 m/s
[Solver Step 016000] t= 6.499 | Pos Err:    0.10 km | Vel Err:    0.00 m/s
[Solver Step 017000] t= 6.926 | Pos Err:    0.11 km | Vel Err:    0.00 m/s
[Solver Step 018000] t= 7.270 | Pos Err:    0.17 km | Vel Err:    0.10 m/s
[Solver Step 019000] t= 7.692 | Pos Err:    0.01 km | Vel Err:    0.00 m/s
[Solver Step 020000] t= 8.170 | Pos Err:    0.02 km | Vel Err:    0.00 m/s
[Solver Step 021000] t= 8.556 | Pos Err:    0.04 km | Vel Err:    0.03 m/s
[Solver Step 022000] t= 8.923 | Pos Err:    0.08 km | Vel Err:    0.00 m/s
[Solver Step 023000] t= 9.317 | Pos Err:    0.10 km | Vel Err:    0.00 m/s
[Solver Step 024000] t= 9.776 | Pos Err:    0.07 km | Vel Err:    0.03 m/s
[Solver Step 025000] t=10.176 | Pos Err:    0.06 km | Vel Err:    0.00 m/s
[Solver Step 026000] t=10.576 | Pos Err:    0.03 km | Vel Err:    0.00 m/s
[Solver Step 027000] t=10.936 | Pos Err:    0.08 km | Vel Err:    0.09 m/s
[Solver Step 028000] t=11.355 | Pos Err:    0.10 km | Vel Err:    0.00 m/s
[Solver Step 029000] t=11.812 | Pos Err:    0.11 km | Vel Err:    0.00 m/s
[Solver Step 030000] t=12.180 | Pos Err:    0.09 km | Vel Err:    0.03 m/s
Completed [EARTH_ORBIT] Trajectory 368/600 | Saved 2583 samples | Total: 509827
[Multiple Shooting] Converged in 4 iterations with residual 3.44e-15
[Solver Step 001000] t= 0.374 | Pos Err:    2.71 km | Vel Err:    0.07 m/s
[Solver Step 002000] t= 0.751 | Pos Err:   12.31 km | Vel Err:    0.23 m/s
[Solver Step 003000] t= 1.118 | Pos Err:    3.17 km | Vel Err:    0.07 m/s
[Solver Step 004000] t= 1.480 | Pos Err:    8.88 km | Vel Err:    0.16 m/s
[Solver Step 005000] t= 1.858 | Pos Err:    0.99 km | Vel Err:    0.02 m/s
[Solver Step 006000] t= 2.237 | Pos Err:   11.09 km | Vel Err:    0.22 m/s
Completed [DRO] Trajectory 369/600 | Saved 556 samples | Total: 510383
[Solver Step 001000] t= 0.216 | Pos Err:   18.44 km | Vel Err:    0.50 m/s
[Solver Step 002000] t= 0.469 | Pos Err:    2.29 km | Vel Err:    0.07 m/s
[Solver Step 003000] t= 0.713 | Pos Err:    0.29 km | Vel Err:    0.04 m/s
[Solver Step 004000] t= 0.928 | Pos Err:    0.03 km | Vel Err:    0.00 m/s
[Solver Step 005000] t= 1.177 | Pos Err:    0.07 km | Vel Err:    0.00 m/s
[Solver Step 006000] t= 1.430 | Pos Err:    0.06 km | Vel Err:    0.03 m/s
[Solver Step 007000] t= 1.660 | Pos Err:    0.06 km | Vel Err:    0.00 m/s
[Solver Step 008000] t= 1.874 | Pos Err:    0.07 km | Vel Err:    0.00 m/s
[Solver Step 009000] t= 2.133 | Pos Err:    0.12 km | Vel Err:    0.11 m/s
[Solver Step 010000] t= 2.376 | Pos Err:    0.04 km | Vel Err:    0.00 m/s
[Solver Step 011000] t= 2.588 | Pos Err:    0.04 km | Vel Err:    0.00 m/s
[Solver Step 012000] t= 2.836 | Pos Err:    1.09 km | Vel Err:    0.84 m/s
[Solver Step 013000] t= 3.091 | Pos Err:    0.03 km | Vel Err:    0.00 m/s
[Solver Step 014000] t= 3.311 | Pos Err:    0.03 km | Vel Err:    0.00 m/s
[Solver Step 015000] t= 3.533 | Pos Err:    0.77 km | Vel Err:    0.56 m/s
[Solver Step 016000] t= 3.795 | Pos Err:    0.02 km | Vel Err:    0.01 m/s
[Solver Step 017000] t= 4.037 | Pos Err:    0.03 km | Vel Err:    0.00 m/s
[Solver Step 018000] t= 4.244 | Pos Err:    0.41 km | Vel Err:    0.22 m/s
[Solver Step 019000] t= 4.495 | Pos Err:    0.04 km | Vel Err:    0.02 m/s
[Solver Step 020000] t= 4.748 | Pos Err:    0.05 km | Vel Err:    0.00 m/s
[Solver Step 021000] t= 4.965 | Pos Err:    0.19 km | Vel Err:    0.11 m/s
[Solver Step 022000] t= 5.187 | Pos Err:    0.04 km | Vel Err:    0.01 m/s
[Solver Step 023000] t= 5.453 | Pos Err:    0.06 km | Vel Err:    0.00 m/s
[Solver Step 024000] t= 5.694 | Pos Err:    0.12 km | Vel Err:    0.12 m/s
[Solver Step 025000] t= 5.903 | Pos Err:    0.06 km | Vel Err:    0.00 m/s
[Solver Step 026000] t= 6.157 | Pos Err:    0.06 km | Vel Err:    0.00 m/s
[Solver Step 027000] t= 6.411 | Pos Err:    0.23 km | Vel Err:    0.24 m/s
[Solver Step 028000] t= 6.622 | Pos Err:    0.07 km | Vel Err:    0.00 m/s
[Solver Step 029000] t= 6.849 | Pos Err:    0.08 km | Vel Err:    0.00 m/s
Completed [TRANSFER] Trajectory 370/600 | Saved 2399 samples | Total: 512782
[Multiple Shooting] Converged in 3 iterations with residual 2.19e-13
[Solver Step 001000] t= 0.400 | Pos Err:    4.04 km | Vel Err:    0.09 m/s
[Solver Step 002000] t= 0.789 | Pos Err:    4.30 km | Vel Err:    0.07 m/s
[Solver Step 003000] t= 1.169 | Pos Err:    0.99 km | Vel Err:    0.03 m/s
[Solver Step 004000] t= 1.548 | Pos Err:    7.45 km | Vel Err:    0.14 m/s
[Solver Step 005000] t= 1.941 | Pos Err:    1.32 km | Vel Err:    0.03 m/s
[Solver Step 006000] t= 2.329 | Pos Err:   18.41 km | Vel Err:    0.39 m/s
Completed [DRO] Trajectory 371/600 | Saved 542 samples | Total: 513324
[Solver Step 001000] t= 0.215 | Pos Err:   18.92 km | Vel Err:    0.28 m/s
[Solver Step 002000] t= 0.469 | Pos Err:    2.22 km | Vel Err:    0.04 m/s
[Solver Step 003000] t= 0.712 | Pos Err:    0.30 km | Vel Err:    0.04 m/s
[Solver Step 004000] t= 0.926 | Pos Err:    0.02 km | Vel Err:    0.00 m/s
[Solver Step 005000] t= 1.175 | Pos Err:    0.06 km | Vel Err:    0.00 m/s
[Solver Step 006000] t= 1.429 | Pos Err:    0.10 km | Vel Err:    0.06 m/s
[Solver Step 007000] t= 1.655 | Pos Err:    0.08 km | Vel Err:    0.00 m/s
[Solver Step 008000] t= 1.872 | Pos Err:    0.08 km | Vel Err:    0.00 m/s
[Solver Step 009000] t= 2.133 | Pos Err:    0.18 km | Vel Err:    0.11 m/s
[Solver Step 010000] t= 2.377 | Pos Err:    0.08 km | Vel Err:    0.00 m/s
[Solver Step 011000] t= 2.590 | Pos Err:    0.06 km | Vel Err:    0.00 m/s
[Solver Step 012000] t= 2.837 | Pos Err:    0.99 km | Vel Err:    0.77 m/s
[Solver Step 013000] t= 3.093 | Pos Err:    0.08 km | Vel Err:    0.00 m/s
[Solver Step 014000] t= 3.311 | Pos Err:    0.05 km | Vel Err:    0.00 m/s
[Solver Step 015000] t= 3.533 | Pos Err:    0.71 km | Vel Err:    0.56 m/s
[Solver Step 016000] t= 3.795 | Pos Err:    0.07 km | Vel Err:    0.00 m/s
[Solver Step 017000] t= 4.037 | Pos Err:    0.03 km | Vel Err:    0.00 m/s
[Solver Step 018000] t= 4.244 | Pos Err:    0.34 km | Vel Err:    0.22 m/s
[Solver Step 019000] t= 4.496 | Pos Err:    0.04 km | Vel Err:    0.02 m/s
[Solver Step 020000] t= 4.750 | Pos Err:    0.02 km | Vel Err:    0.00 m/s
[Solver Step 021000] t= 4.967 | Pos Err:    0.14 km | Vel Err:    0.11 m/s
[Solver Step 022000] t= 5.188 | Pos Err:    0.03 km | Vel Err:    0.01 m/s
[Solver Step 023000] t= 5.454 | Pos Err:    0.02 km | Vel Err:    0.00 m/s
[Solver Step 024000] t= 5.696 | Pos Err:    0.12 km | Vel Err:    0.12 m/s
[Solver Step 025000] t= 5.903 | Pos Err:    0.05 km | Vel Err:    0.00 m/s
[Solver Step 026000] t= 6.157 | Pos Err:    0.03 km | Vel Err:    0.00 m/s
[Solver Step 027000] t= 6.411 | Pos Err:    0.27 km | Vel Err:    0.24 m/s
[Solver Step 028000] t= 6.622 | Pos Err:    0.07 km | Vel Err:    0.00 m/s
[Solver Step 029000] t= 6.849 | Pos Err:    0.05 km | Vel Err:    0.00 m/s
Completed [TRANSFER] Trajectory 372/600 | Saved 2399 samples | Total: 515723
[Solver Step 001000] t= 0.417 | Pos Err:    0.18 km | Vel Err:    0.00 m/s
[Solver Step 002000] t= 0.791 | Pos Err:    0.06 km | Vel Err:    0.00 m/s
[Solver Step 003000] t= 1.100 | Pos Err:    0.01 km | Vel Err:    0.04 m/s
[Solver Step 004000] t= 1.552 | Pos Err:    0.06 km | Vel Err:    0.00 m/s
[Solver Step 005000] t= 2.103 | Pos Err:    0.06 km | Vel Err:    0.00 m/s
[Solver Step 006000] t= 2.516 | Pos Err:    0.05 km | Vel Err:    0.01 m/s
[Solver Step 007000] t= 3.016 | Pos Err:    0.05 km | Vel Err:    0.00 m/s
[Solver Step 008000] t= 3.569 | Pos Err:    0.05 km | Vel Err:    0.00 m/s
[Solver Step 009000] t= 4.058 | Pos Err:    0.05 km | Vel Err:    0.01 m/s
[Solver Step 010000] t= 4.460 | Pos Err:    0.05 km | Vel Err:    0.00 m/s
[Solver Step 011000] t= 4.998 | Pos Err:    0.05 km | Vel Err:    0.00 m/s
[Solver Step 012000] t= 5.586 | Pos Err:    0.04 km | Vel Err:    0.05 m/s
[Solver Step 013000] t= 6.067 | Pos Err:    0.05 km | Vel Err:    0.00 m/s
[Solver Step 014000] t= 6.469 | Pos Err:    0.05 km | Vel Err:    0.00 m/s
[Solver Step 015000] t= 7.026 | Pos Err:    0.03 km | Vel Err:    0.08 m/s
Completed [MOON_ORBIT] Trajectory 373/600 | Saved 1314 samples | Total: 517037
[Multiple Shooting] Converged in 7 iterations with residual 1.65e-14
[Solver Step 001000] t= 0.304 | Pos Err:  416.75 km | Vel Err:    8.94 m/s
[Solver Step 002000] t= 0.629 | Pos Err:   55.18 km | Vel Err:    0.78 m/s
[Solver Step 003000] t= 0.952 | Pos Err:  185.64 km | Vel Err:    3.73 m/s
[Solver Step 004000] t= 1.273 | Pos Err:  317.36 km | Vel Err:    5.94 m/s
[Solver Step 005000] t= 1.604 | Pos Err:  111.16 km | Vel Err:    2.12 m/s
[Solver Step 006000] t= 1.925 | Pos Err:  614.26 km | Vel Err:   12.94 m/s
[Solver Step 007000] t= 2.262 | Pos Err:  114.65 km | Vel Err:    1.74 m/s
Completed [DRO] Trajectory 374/600 | Saved 649 samples | Total: 517686
[Multiple Shooting] Converged in 2 iterations with residual 5.88e-12
[Solver Step 001000] t= 0.420 | Pos Err:    0.46 km | Vel Err:    0.01 m/s
[Solver Step 002000] t= 0.922 | Pos Err:    0.79 km | Vel Err:    0.01 m/s
[Solver Step 003000] t= 1.418 | Pos Err:    4.77 km | Vel Err:    0.12 m/s
[Solver Step 004000] t= 1.759 | Pos Err:   57.69 km | Vel Err:    1.07 m/s
[Solver Step 005000] t= 2.214 | Pos Err:   22.30 km | Vel Err:    0.49 m/s
[Solver Step 006000] t= 2.674 | Pos Err:    2.11 km | Vel Err:    0.04 m/s
[Solver Step 007000] t= 3.087 | Pos Err:   11.26 km | Vel Err:    0.25 m/s
Completed [HALO_L1] Trajectory 375/600 | Saved 596 samples | Total: 518282
[Solver Step 001000] t= 0.414 | Pos Err:    1.17 km | Vel Err:    0.03 m/s
[Solver Step 002000] t= 0.819 | Pos Err:    0.05 km | Vel Err:    0.00 m/s
[Solver Step 003000] t= 1.260 | Pos Err:    0.06 km | Vel Err:    0.01 m/s
[Solver Step 004000] t= 1.607 | Pos Err:    0.05 km | Vel Err:    0.00 m/s
[Solver Step 005000] t= 1.993 | Pos Err:    0.05 km | Vel Err:    0.00 m/s
[Solver Step 006000] t= 2.445 | Pos Err:    0.07 km | Vel Err:    0.02 m/s
[Solver Step 007000] t= 2.847 | Pos Err:    0.07 km | Vel Err:    0.00 m/s
[Solver Step 008000] t= 3.244 | Pos Err:    0.07 km | Vel Err:    0.00 m/s
[Solver Step 009000] t= 3.619 | Pos Err:    0.12 km | Vel Err:    0.08 m/s
[Solver Step 010000] t= 4.033 | Pos Err:    0.04 km | Vel Err:    0.00 m/s
[Solver Step 011000] t= 4.452 | Pos Err:    0.05 km | Vel Err:    0.00 m/s
[Solver Step 012000] t= 4.895 | Pos Err:    0.04 km | Vel Err:    0.04 m/s
[Solver Step 013000] t= 5.233 | Pos Err:    0.06 km | Vel Err:    0.00 m/s
[Solver Step 014000] t= 5.631 | Pos Err:    0.06 km | Vel Err:    0.00 m/s
[Solver Step 015000] t= 6.110 | Pos Err:    0.05 km | Vel Err:    0.02 m/s
[Solver Step 016000] t= 6.497 | Pos Err:    0.05 km | Vel Err:    0.00 m/s
[Solver Step 017000] t= 6.924 | Pos Err:    0.05 km | Vel Err:    0.00 m/s
[Solver Step 018000] t= 7.268 | Pos Err:    0.11 km | Vel Err:    0.10 m/s
[Solver Step 019000] t= 7.688 | Pos Err:    0.07 km | Vel Err:    0.00 m/s
[Solver Step 020000] t= 8.168 | Pos Err:    0.07 km | Vel Err:    0.00 m/s
[Solver Step 021000] t= 8.553 | Pos Err:    0.05 km | Vel Err:    0.03 m/s
[Solver Step 022000] t= 8.922 | Pos Err:    0.06 km | Vel Err:    0.00 m/s
[Solver Step 023000] t= 9.315 | Pos Err:    0.04 km | Vel Err:    0.00 m/s
[Solver Step 024000] t= 9.773 | Pos Err:    0.05 km | Vel Err:    0.03 m/s
[Solver Step 025000] t=10.174 | Pos Err:    0.07 km | Vel Err:    0.00 m/s
[Solver Step 026000] t=10.574 | Pos Err:    0.07 km | Vel Err:    0.00 m/s
[Solver Step 027000] t=10.933 | Pos Err:    0.14 km | Vel Err:    0.09 m/s
[Solver Step 028000] t=11.353 | Pos Err:    0.05 km | Vel Err:    0.00 m/s
[Solver Step 029000] t=11.809 | Pos Err:    0.04 km | Vel Err:    0.00 m/s
[Solver Step 030000] t=12.178 | Pos Err:    0.03 km | Vel Err:    0.03 m/s
Completed [EARTH_ORBIT] Trajectory 376/600 | Saved 2583 samples | Total: 520865
[Solver Step 001000] t= 0.215 | Pos Err:   11.77 km | Vel Err:    0.24 m/s
[Solver Step 002000] t= 0.468 | Pos Err:    1.41 km | Vel Err:    0.04 m/s
[Solver Step 003000] t= 0.711 | Pos Err:    0.18 km | Vel Err:    0.05 m/s
[Solver Step 004000] t= 0.924 | Pos Err:    0.02 km | Vel Err:    0.00 m/s
[Solver Step 005000] t= 1.174 | Pos Err:    0.05 km | Vel Err:    0.00 m/s
[Solver Step 006000] t= 1.429 | Pos Err:    0.07 km | Vel Err:    0.05 m/s
[Solver Step 007000] t= 1.656 | Pos Err:    0.06 km | Vel Err:    0.00 m/s
[Solver Step 008000] t= 1.871 | Pos Err:    0.06 km | Vel Err:    0.00 m/s
[Solver Step 009000] t= 2.132 | Pos Err:    0.24 km | Vel Err:    0.19 m/s
[Solver Step 010000] t= 2.373 | Pos Err:    0.06 km | Vel Err:    0.00 m/s
[Solver Step 011000] t= 2.584 | Pos Err:    0.04 km | Vel Err:    0.00 m/s
[Solver Step 012000] t= 2.834 | Pos Err:    1.57 km | Vel Err:    1.23 m/s
[Solver Step 013000] t= 3.089 | Pos Err:    0.05 km | Vel Err:    0.00 m/s
[Solver Step 014000] t= 3.307 | Pos Err:    0.02 km | Vel Err:    0.00 m/s
[Solver Step 015000] t= 3.531 | Pos Err:    0.76 km | Vel Err:    0.58 m/s
[Solver Step 016000] t= 3.793 | Pos Err:    0.05 km | Vel Err:    0.01 m/s
[Solver Step 017000] t= 4.033 | Pos Err:    0.02 km | Vel Err:    0.00 m/s
[Solver Step 018000] t= 4.240 | Pos Err:    0.38 km | Vel Err:    0.23 m/s
[Solver Step 019000] t= 4.494 | Pos Err:    0.02 km | Vel Err:    0.02 m/s
[Solver Step 020000] t= 4.747 | Pos Err:    0.03 km | Vel Err:    0.00 m/s
[Solver Step 021000] t= 4.963 | Pos Err:    0.16 km | Vel Err:    0.11 m/s
[Solver Step 022000] t= 5.186 | Pos Err:    0.01 km | Vel Err:    0.01 m/s
[Solver Step 023000] t= 5.451 | Pos Err:    0.03 km | Vel Err:    0.00 m/s
[Solver Step 024000] t= 5.693 | Pos Err:    0.11 km | Vel Err:    0.11 m/s
[Solver Step 025000] t= 5.899 | Pos Err:    0.03 km | Vel Err:    0.00 m/s
[Solver Step 026000] t= 6.155 | Pos Err:    0.03 km | Vel Err:    0.00 m/s
[Solver Step 027000] t= 6.408 | Pos Err:    0.24 km | Vel Err:    0.24 m/s
[Solver Step 028000] t= 6.618 | Pos Err:    0.06 km | Vel Err:    0.00 m/s
[Solver Step 029000] t= 6.846 | Pos Err:    0.05 km | Vel Err:    0.00 m/s
Completed [TRANSFER] Trajectory 377/600 | Saved 2399 samples | Total: 523264
[Multiple Shooting] Converged in 3 iterations with residual 3.49e-15
[Solver Step 001000] t= 0.406 | Pos Err:    4.83 km | Vel Err:    0.11 m/s
[Solver Step 002000] t= 0.797 | Pos Err:    3.58 km | Vel Err:    0.07 m/s
[Solver Step 003000] t= 1.177 | Pos Err:    3.30 km | Vel Err:    0.04 m/s
[Solver Step 004000] t= 1.559 | Pos Err:    5.96 km | Vel Err:    0.12 m/s
[Solver Step 005000] t= 1.952 | Pos Err:    2.29 km | Vel Err:    0.05 m/s
[Solver Step 006000] t= 2.340 | Pos Err:    7.66 km | Vel Err:    0.17 m/s
Completed [DRO] Trajectory 378/600 | Saved 532 samples | Total: 523796
[Multiple Shooting] Converged in 2 iterations with residual 1.49e-15
[Solver Step 001000] t= 0.484 | Pos Err:    0.17 km | Vel Err:    0.00 m/s
[Solver Step 002000] t= 0.948 | Pos Err:    0.25 km | Vel Err:    0.00 m/s
[Solver Step 003000] t= 1.493 | Pos Err:    0.17 km | Vel Err:    0.01 m/s
[Solver Step 004000] t= 2.071 | Pos Err:    0.11 km | Vel Err:    0.00 m/s
[Solver Step 005000] t= 2.494 | Pos Err:    0.28 km | Vel Err:    0.01 m/s
[Solver Step 006000] t= 2.957 | Pos Err:    0.36 km | Vel Err:    0.02 m/s
Completed [HALO_L2] Trajectory 379/600 | Saved 529 samples | Total: 524325
[Solver Step 001000] t= 0.420 | Pos Err:    0.29 km | Vel Err:    0.01 m/s
[Solver Step 002000] t= 0.793 | Pos Err:    0.06 km | Vel Err:    0.00 m/s
[Solver Step 003000] t= 1.103 | Pos Err:    0.01 km | Vel Err:    0.04 m/s
[Solver Step 004000] t= 1.556 | Pos Err:    0.05 km | Vel Err:    0.00 m/s
[Solver Step 005000] t= 2.106 | Pos Err:    0.05 km | Vel Err:    0.00 m/s
[Solver Step 006000] t= 2.519 | Pos Err:    0.05 km | Vel Err:    0.01 m/s
[Solver Step 007000] t= 3.019 | Pos Err:    0.05 km | Vel Err:    0.00 m/s
[Solver Step 008000] t= 3.572 | Pos Err:    0.05 km | Vel Err:    0.00 m/s
[Solver Step 009000] t= 4.061 | Pos Err:    0.05 km | Vel Err:    0.01 m/s
[Solver Step 010000] t= 4.463 | Pos Err:    0.05 km | Vel Err:    0.00 m/s
[Solver Step 011000] t= 5.002 | Pos Err:    0.05 km | Vel Err:    0.00 m/s
[Solver Step 012000] t= 5.589 | Pos Err:    0.04 km | Vel Err:    0.05 m/s
[Solver Step 013000] t= 6.070 | Pos Err:    0.06 km | Vel Err:    0.00 m/s
[Solver Step 014000] t= 6.472 | Pos Err:    0.06 km | Vel Err:    0.00 m/s
[Solver Step 015000] t= 7.030 | Pos Err:    0.03 km | Vel Err:    0.08 m/s
Completed [MOON_ORBIT] Trajectory 380/600 | Saved 1313 samples | Total: 525638
[Solver Step 001000] t= 0.214 | Pos Err:   25.34 km | Vel Err:    0.64 m/s
[Solver Step 002000] t= 0.469 | Pos Err:    3.15 km | Vel Err:    0.10 m/s
[Solver Step 003000] t= 0.712 | Pos Err:    0.48 km | Vel Err:    0.03 m/s
[Solver Step 004000] t= 0.928 | Pos Err:    0.04 km | Vel Err:    0.01 m/s
[Solver Step 005000] t= 1.176 | Pos Err:    0.05 km | Vel Err:    0.00 m/s
[Solver Step 006000] t= 1.430 | Pos Err:    0.08 km | Vel Err:    0.04 m/s
[Solver Step 007000] t= 1.659 | Pos Err:    0.07 km | Vel Err:    0.00 m/s
[Solver Step 008000] t= 1.875 | Pos Err:    0.07 km | Vel Err:    0.00 m/s
[Solver Step 009000] t= 2.135 | Pos Err:    0.16 km | Vel Err:    0.09 m/s
[Solver Step 010000] t= 2.380 | Pos Err:    0.09 km | Vel Err:    0.00 m/s
[Solver Step 011000] t= 2.594 | Pos Err:    0.09 km | Vel Err:    0.00 m/s
[Solver Step 012000] t= 2.839 | Pos Err:    0.92 km | Vel Err:    0.82 m/s
[Solver Step 013000] t= 3.095 | Pos Err:    0.11 km | Vel Err:    0.00 m/s
[Solver Step 014000] t= 3.315 | Pos Err:    0.11 km | Vel Err:    0.00 m/s
[Solver Step 015000] t= 3.536 | Pos Err:    0.66 km | Vel Err:    0.53 m/s
[Solver Step 016000] t= 3.797 | Pos Err:    0.11 km | Vel Err:    0.00 m/s
[Solver Step 017000] t= 4.040 | Pos Err:    0.12 km | Vel Err:    0.00 m/s
[Solver Step 018000] t= 4.248 | Pos Err:    0.33 km | Vel Err:    0.21 m/s
[Solver Step 019000] t= 4.498 | Pos Err:    0.09 km | Vel Err:    0.02 m/s
[Solver Step 020000] t= 4.753 | Pos Err:    0.11 km | Vel Err:    0.00 m/s
[Solver Step 021000] t= 4.971 | Pos Err:    0.07 km | Vel Err:    0.11 m/s
[Solver Step 022000] t= 5.190 | Pos Err:    0.11 km | Vel Err:    0.01 m/s
[Solver Step 023000] t= 5.456 | Pos Err:    0.11 km | Vel Err:    0.00 m/s
[Solver Step 024000] t= 5.699 | Pos Err:    0.04 km | Vel Err:    0.12 m/s
[Solver Step 025000] t= 5.906 | Pos Err:    0.08 km | Vel Err:    0.00 m/s
[Solver Step 026000] t= 6.159 | Pos Err:    0.10 km | Vel Err:    0.00 m/s
[Solver Step 027000] t= 6.414 | Pos Err:    0.21 km | Vel Err:    0.24 m/s
[Solver Step 028000] t= 6.627 | Pos Err:    0.05 km | Vel Err:    0.00 m/s
[Solver Step 029000] t= 6.851 | Pos Err:    0.07 km | Vel Err:    0.00 m/s
Completed [TRANSFER] Trajectory 381/600 | Saved 2399 samples | Total: 528037
[Multiple Shooting] Converged in 2 iterations with residual 5.41e-12
[Solver Step 001000] t= 0.422 | Pos Err:    0.48 km | Vel Err:    0.01 m/s
[Solver Step 002000] t= 0.922 | Pos Err:    0.64 km | Vel Err:    0.01 m/s
[Solver Step 003000] t= 1.420 | Pos Err:    4.27 km | Vel Err:    0.10 m/s
[Solver Step 004000] t= 1.775 | Pos Err:   57.40 km | Vel Err:    1.14 m/s
[Solver Step 005000] t= 2.209 | Pos Err:   34.31 km | Vel Err:    0.73 m/s
[Solver Step 006000] t= 2.672 | Pos Err:    2.53 km | Vel Err:    0.05 m/s
[Solver Step 007000] t= 3.101 | Pos Err:   11.24 km | Vel Err:    0.26 m/s
Completed [HALO_L1] Trajectory 382/600 | Saved 594 samples | Total: 528631
[Solver Step 001000] t= 0.418 | Pos Err:    0.63 km | Vel Err:    0.01 m/s
[Solver Step 002000] t= 0.792 | Pos Err:    0.07 km | Vel Err:    0.00 m/s
[Solver Step 003000] t= 1.101 | Pos Err:    0.01 km | Vel Err:    0.04 m/s
[Solver Step 004000] t= 1.553 | Pos Err:    0.05 km | Vel Err:    0.00 m/s
[Solver Step 005000] t= 2.104 | Pos Err:    0.05 km | Vel Err:    0.00 m/s
[Solver Step 006000] t= 2.517 | Pos Err:    0.05 km | Vel Err:    0.01 m/s
[Solver Step 007000] t= 3.017 | Pos Err:    0.05 km | Vel Err:    0.00 m/s
[Solver Step 008000] t= 3.570 | Pos Err:    0.05 km | Vel Err:    0.00 m/s
[Solver Step 009000] t= 4.059 | Pos Err:    0.05 km | Vel Err:    0.01 m/s
[Solver Step 010000] t= 4.461 | Pos Err:    0.05 km | Vel Err:    0.00 m/s
[Solver Step 011000] t= 4.999 | Pos Err:    0.05 km | Vel Err:    0.00 m/s
[Solver Step 012000] t= 5.587 | Pos Err:    0.04 km | Vel Err:    0.05 m/s
[Solver Step 013000] t= 6.068 | Pos Err:    0.06 km | Vel Err:    0.00 m/s
[Solver Step 014000] t= 6.470 | Pos Err:    0.06 km | Vel Err:    0.00 m/s
[Solver Step 015000] t= 7.027 | Pos Err:    0.04 km | Vel Err:    0.08 m/s
Completed [MOON_ORBIT] Trajectory 383/600 | Saved 1314 samples | Total: 529945
[Solver Step 001000] t= 0.418 | Pos Err:    2.46 km | Vel Err:    0.06 m/s
[Solver Step 002000] t= 0.822 | Pos Err:    0.08 km | Vel Err:    0.00 m/s
[Solver Step 003000] t= 1.262 | Pos Err:    0.07 km | Vel Err:    0.01 m/s
[Solver Step 004000] t= 1.610 | Pos Err:    0.08 km | Vel Err:    0.00 m/s
[Solver Step 005000] t= 1.996 | Pos Err:    0.08 km | Vel Err:    0.00 m/s
[Solver Step 006000] t= 2.448 | Pos Err:    0.05 km | Vel Err:    0.02 m/s
[Solver Step 007000] t= 2.850 | Pos Err:    0.03 km | Vel Err:    0.00 m/s
[Solver Step 008000] t= 3.246 | Pos Err:    0.02 km | Vel Err:    0.00 m/s
[Solver Step 009000] t= 3.621 | Pos Err:    0.08 km | Vel Err:    0.08 m/s
[Solver Step 010000] t= 4.036 | Pos Err:    0.09 km | Vel Err:    0.00 m/s
[Solver Step 011000] t= 4.455 | Pos Err:    0.09 km | Vel Err:    0.00 m/s
[Solver Step 012000] t= 4.898 | Pos Err:    0.07 km | Vel Err:    0.04 m/s
[Solver Step 013000] t= 5.236 | Pos Err:    0.06 km | Vel Err:    0.00 m/s
[Solver Step 014000] t= 5.634 | Pos Err:    0.03 km | Vel Err:    0.00 m/s
[Solver Step 015000] t= 6.113 | Pos Err:    0.07 km | Vel Err:    0.02 m/s
[Solver Step 016000] t= 6.500 | Pos Err:    0.09 km | Vel Err:    0.00 m/s
[Solver Step 017000] t= 6.927 | Pos Err:    0.09 km | Vel Err:    0.00 m/s
[Solver Step 018000] t= 7.271 | Pos Err:    0.16 km | Vel Err:    0.10 m/s
[Solver Step 019000] t= 7.692 | Pos Err:    0.03 km | Vel Err:    0.00 m/s
[Solver Step 020000] t= 8.170 | Pos Err:    0.03 km | Vel Err:    0.00 m/s
[Solver Step 021000] t= 8.556 | Pos Err:    0.03 km | Vel Err:    0.03 m/s
[Solver Step 022000] t= 8.923 | Pos Err:    0.07 km | Vel Err:    0.00 m/s
[Solver Step 023000] t= 9.318 | Pos Err:    0.09 km | Vel Err:    0.00 m/s
[Solver Step 024000] t= 9.777 | Pos Err:    0.07 km | Vel Err:    0.03 m/s
[Solver Step 025000] t=10.177 | Pos Err:    0.06 km | Vel Err:    0.00 m/s
[Solver Step 026000] t=10.577 | Pos Err:    0.04 km | Vel Err:    0.00 m/s
[Solver Step 027000] t=10.936 | Pos Err:    0.09 km | Vel Err:    0.09 m/s
[Solver Step 028000] t=11.355 | Pos Err:    0.09 km | Vel Err:    0.00 m/s
[Solver Step 029000] t=11.812 | Pos Err:    0.09 km | Vel Err:    0.00 m/s
[Solver Step 030000] t=12.180 | Pos Err:    0.08 km | Vel Err:    0.03 m/s
Completed [EARTH_ORBIT] Trajectory 384/600 | Saved 2583 samples | Total: 532528
[Multiple Shooting] Converged in 2 iterations with residual 1.91e-11
[Solver Step 001000] t= 0.413 | Pos Err:    0.47 km | Vel Err:    0.01 m/s
[Solver Step 002000] t= 0.917 | Pos Err:    4.91 km | Vel Err:    0.09 m/s
[Solver Step 003000] t= 1.352 | Pos Err:   74.37 km | Vel Err:    1.59 m/s
[Solver Step 004000] t= 1.746 | Pos Err:   84.37 km | Vel Err:    1.80 m/s
[Solver Step 005000] t= 2.240 | Pos Err:    1.28 km | Vel Err:    0.03 m/s
[Solver Step 006000] t= 2.635 | Pos Err:    0.09 km | Vel Err:    0.01 m/s
[Solver Step 007000] t= 3.089 | Pos Err:    7.78 km | Vel Err:    0.18 m/s
Completed [HALO_L1] Trajectory 385/600 | Saved 593 samples | Total: 533121
[Multiple Shooting] Converged in 15 iterations with residual 1.48e-15
[Solver Step 001000] t= 0.405 | Pos Err:    1.79 km | Vel Err:    0.04 m/s
[Solver Step 002000] t= 0.899 | Pos Err:    0.09 km | Vel Err:    0.00 m/s
[Solver Step 003000] t= 1.301 | Pos Err:    0.18 km | Vel Err:    0.01 m/s
[Solver Step 004000] t= 1.811 | Pos Err:    0.58 km | Vel Err:    0.01 m/s
[Solver Step 005000] t= 2.210 | Pos Err:    0.41 km | Vel Err:    0.01 m/s
Completed [DRO] Trajectory 386/600 | Saved 465 samples | Total: 533586
[Solver Step 001000] t= 0.217 | Pos Err:    7.25 km | Vel Err:    0.19 m/s
[Solver Step 002000] t= 0.470 | Pos Err:    0.84 km | Vel Err:    0.03 m/s
[Solver Step 003000] t= 0.713 | Pos Err:    0.10 km | Vel Err:    0.03 m/s
[Solver Step 004000] t= 0.930 | Pos Err:    0.02 km | Vel Err:    0.00 m/s
[Solver Step 005000] t= 1.177 | Pos Err:    0.05 km | Vel Err:    0.00 m/s
[Solver Step 006000] t= 1.431 | Pos Err:    0.06 km | Vel Err:    0.04 m/s
[Solver Step 007000] t= 1.663 | Pos Err:    0.04 km | Vel Err:    0.00 m/s
[Solver Step 008000] t= 1.877 | Pos Err:    0.04 km | Vel Err:    0.00 m/s
[Solver Step 009000] t= 2.135 | Pos Err:    0.12 km | Vel Err:    0.09 m/s
[Solver Step 010000] t= 2.378 | Pos Err:    0.04 km | Vel Err:    0.00 m/s
[Solver Step 011000] t= 2.592 | Pos Err:    0.02 km | Vel Err:    0.00 m/s
[Solver Step 012000] t= 2.838 | Pos Err:    1.00 km | Vel Err:    0.80 m/s
[Solver Step 013000] t= 3.094 | Pos Err:    0.04 km | Vel Err:    0.00 m/s
[Solver Step 014000] t= 3.315 | Pos Err:    0.02 km | Vel Err:    0.00 m/s
[Solver Step 015000] t= 3.536 | Pos Err:    0.71 km | Vel Err:    0.53 m/s
[Solver Step 016000] t= 3.797 | Pos Err:    0.03 km | Vel Err:    0.00 m/s
[Solver Step 017000] t= 4.040 | Pos Err:    0.03 km | Vel Err:    0.00 m/s
[Solver Step 018000] t= 4.248 | Pos Err:    0.36 km | Vel Err:    0.21 m/s
[Solver Step 019000] t= 4.498 | Pos Err:    0.02 km | Vel Err:    0.02 m/s
[Solver Step 020000] t= 4.753 | Pos Err:    0.04 km | Vel Err:    0.00 m/s
[Solver Step 021000] t= 4.971 | Pos Err:    0.14 km | Vel Err:    0.11 m/s
[Solver Step 022000] t= 5.190 | Pos Err:    0.02 km | Vel Err:    0.01 m/s
[Solver Step 023000] t= 5.456 | Pos Err:    0.04 km | Vel Err:    0.00 m/s
[Solver Step 024000] t= 5.699 | Pos Err:    0.10 km | Vel Err:    0.12 m/s
[Solver Step 025000] t= 5.906 | Pos Err:    0.03 km | Vel Err:    0.00 m/s
[Solver Step 026000] t= 6.159 | Pos Err:    0.03 km | Vel Err:    0.00 m/s
[Solver Step 027000] t= 6.414 | Pos Err:    0.23 km | Vel Err:    0.24 m/s
[Solver Step 028000] t= 6.627 | Pos Err:    0.04 km | Vel Err:    0.00 m/s
[Solver Step 029000] t= 6.851 | Pos Err:    0.05 km | Vel Err:    0.00 m/s
Completed [TRANSFER] Trajectory 387/600 | Saved 2399 samples | Total: 535985
[Multiple Shooting] Converged in 2 iterations with residual 3.55e-14
[Solver Step 001000] t= 0.461 | Pos Err:    0.32 km | Vel Err:    0.01 m/s
[Solver Step 002000] t= 0.921 | Pos Err:    0.27 km | Vel Err:    0.00 m/s
[Solver Step 003000] t= 1.349 | Pos Err:    0.36 km | Vel Err:    0.01 m/s
[Solver Step 004000] t= 1.794 | Pos Err:    0.92 km | Vel Err:    0.02 m/s
[Solver Step 005000] t= 2.260 | Pos Err:    0.25 km | Vel Err:    0.01 m/s
[Solver Step 006000] t= 2.663 | Pos Err:    0.37 km | Vel Err:    0.01 m/s
Completed [HALO_L2] Trajectory 388/600 | Saved 576 samples | Total: 536561
[Multiple Shooting] Converged in 3 iterations with residual 3.24e-15
[Solver Step 001000] t= 0.402 | Pos Err:    6.08 km | Vel Err:    0.14 m/s
[Solver Step 002000] t= 0.793 | Pos Err:    3.25 km | Vel Err:    0.06 m/s
[Solver Step 003000] t= 1.173 | Pos Err:    3.09 km | Vel Err:    0.05 m/s
[Solver Step 004000] t= 1.555 | Pos Err:    5.67 km | Vel Err:    0.11 m/s
[Solver Step 005000] t= 1.947 | Pos Err:    2.25 km | Vel Err:    0.05 m/s
[Solver Step 006000] t= 2.336 | Pos Err:    7.95 km | Vel Err:    0.17 m/s
Completed [DRO] Trajectory 389/600 | Saved 533 samples | Total: 537094
[Solver Step 001000] t= 0.414 | Pos Err:    1.37 km | Vel Err:    0.03 m/s
[Solver Step 002000] t= 0.818 | Pos Err:    0.05 km | Vel Err:    0.00 m/s
[Solver Step 003000] t= 1.259 | Pos Err:    0.05 km | Vel Err:    0.01 m/s
[Solver Step 004000] t= 1.606 | Pos Err:    0.04 km | Vel Err:    0.00 m/s
[Solver Step 005000] t= 1.992 | Pos Err:    0.05 km | Vel Err:    0.00 m/s
[Solver Step 006000] t= 2.445 | Pos Err:    0.08 km | Vel Err:    0.02 m/s
[Solver Step 007000] t= 2.846 | Pos Err:    0.08 km | Vel Err:    0.00 m/s
[Solver Step 008000] t= 3.243 | Pos Err:    0.08 km | Vel Err:    0.00 m/s
[Solver Step 009000] t= 3.618 | Pos Err:    0.12 km | Vel Err:    0.08 m/s
[Solver Step 010000] t= 4.032 | Pos Err:    0.03 km | Vel Err:    0.00 m/s
[Solver Step 011000] t= 4.452 | Pos Err:    0.05 km | Vel Err:    0.00 m/s
[Solver Step 012000] t= 4.894 | Pos Err:    0.04 km | Vel Err:    0.04 m/s
[Solver Step 013000] t= 5.232 | Pos Err:    0.07 km | Vel Err:    0.00 m/s
[Solver Step 014000] t= 5.630 | Pos Err:    0.07 km | Vel Err:    0.00 m/s
[Solver Step 015000] t= 6.109 | Pos Err:    0.05 km | Vel Err:    0.02 m/s
[Solver Step 016000] t= 6.496 | Pos Err:    0.04 km | Vel Err:    0.00 m/s
[Solver Step 017000] t= 6.923 | Pos Err:    0.04 km | Vel Err:    0.00 m/s
[Solver Step 018000] t= 7.267 | Pos Err:    0.10 km | Vel Err:    0.10 m/s
[Solver Step 019000] t= 7.687 | Pos Err:    0.08 km | Vel Err:    0.00 m/s
[Solver Step 020000] t= 8.167 | Pos Err:    0.08 km | Vel Err:    0.00 m/s
[Solver Step 021000] t= 8.552 | Pos Err:    0.06 km | Vel Err:    0.03 m/s
[Solver Step 022000] t= 8.922 | Pos Err:    0.06 km | Vel Err:    0.00 m/s
[Solver Step 023000] t= 9.314 | Pos Err:    0.03 km | Vel Err:    0.00 m/s
[Solver Step 024000] t= 9.772 | Pos Err:    0.06 km | Vel Err:    0.03 m/s
[Solver Step 025000] t=10.173 | Pos Err:    0.07 km | Vel Err:    0.00 m/s
[Solver Step 026000] t=10.573 | Pos Err:    0.08 km | Vel Err:    0.00 m/s
[Solver Step 027000] t=10.932 | Pos Err:    0.14 km | Vel Err:    0.09 m/s
[Solver Step 028000] t=11.352 | Pos Err:    0.04 km | Vel Err:    0.00 m/s
[Solver Step 029000] t=11.808 | Pos Err:    0.03 km | Vel Err:    0.00 m/s
[Solver Step 030000] t=12.177 | Pos Err:    0.03 km | Vel Err:    0.03 m/s
Completed [EARTH_ORBIT] Trajectory 390/600 | Saved 2583 samples | Total: 539677
[Solver Step 001000] t= 0.216 | Pos Err:   23.56 km | Vel Err:    0.62 m/s
[Solver Step 002000] t= 0.468 | Pos Err:    3.04 km | Vel Err:    0.09 m/s
[Solver Step 003000] t= 0.712 | Pos Err:    0.43 km | Vel Err:    0.03 m/s
[Solver Step 004000] t= 0.926 | Pos Err:    0.04 km | Vel Err:    0.01 m/s
[Solver Step 005000] t= 1.175 | Pos Err:    0.04 km | Vel Err:    0.00 m/s
[Solver Step 006000] t= 1.429 | Pos Err:    0.08 km | Vel Err:    0.03 m/s
[Solver Step 007000] t= 1.658 | Pos Err:    0.08 km | Vel Err:    0.00 m/s
[Solver Step 008000] t= 1.873 | Pos Err:    0.06 km | Vel Err:    0.00 m/s
[Solver Step 009000] t= 2.133 | Pos Err:    0.24 km | Vel Err:    0.15 m/s
[Solver Step 010000] t= 2.374 | Pos Err:    0.09 km | Vel Err:    0.00 m/s
[Solver Step 011000] t= 2.586 | Pos Err:    0.09 km | Vel Err:    0.00 m/s
[Solver Step 012000] t= 2.835 | Pos Err:    1.25 km | Vel Err:    1.06 m/s
[Solver Step 013000] t= 3.090 | Pos Err:    0.11 km | Vel Err:    0.00 m/s
[Solver Step 014000] t= 3.309 | Pos Err:    0.10 km | Vel Err:    0.00 m/s
[Solver Step 015000] t= 3.532 | Pos Err:    0.68 km | Vel Err:    0.57 m/s
[Solver Step 016000] t= 3.794 | Pos Err:    0.11 km | Vel Err:    0.00 m/s
[Solver Step 017000] t= 4.035 | Pos Err:    0.11 km | Vel Err:    0.00 m/s
[Solver Step 018000] t= 4.242 | Pos Err:    0.33 km | Vel Err:    0.23 m/s
[Solver Step 019000] t= 4.495 | Pos Err:    0.08 km | Vel Err:    0.02 m/s
[Solver Step 020000] t= 4.748 | Pos Err:    0.10 km | Vel Err:    0.00 m/s
[Solver Step 021000] t= 4.965 | Pos Err:    0.09 km | Vel Err:    0.11 m/s
[Solver Step 022000] t= 5.187 | Pos Err:    0.10 km | Vel Err:    0.01 m/s
[Solver Step 023000] t= 5.453 | Pos Err:    0.09 km | Vel Err:    0.00 m/s
[Solver Step 024000] t= 5.694 | Pos Err:    0.05 km | Vel Err:    0.12 m/s
[Solver Step 025000] t= 5.901 | Pos Err:    0.07 km | Vel Err:    0.00 m/s
[Solver Step 026000] t= 6.156 | Pos Err:    0.09 km | Vel Err:    0.00 m/s
[Solver Step 027000] t= 6.409 | Pos Err:    0.21 km | Vel Err:    0.24 m/s
[Solver Step 028000] t= 6.620 | Pos Err:    0.05 km | Vel Err:    0.00 m/s
[Solver Step 029000] t= 6.848 | Pos Err:    0.07 km | Vel Err:    0.00 m/s
Completed [TRANSFER] Trajectory 391/600 | Saved 2399 samples | Total: 542076
[Solver Step 001000] t= 0.417 | Pos Err:    0.28 km | Vel Err:    0.01 m/s
[Solver Step 002000] t= 0.791 | Pos Err:    0.06 km | Vel Err:    0.00 m/s
[Solver Step 003000] t= 1.101 | Pos Err:    0.01 km | Vel Err:    0.04 m/s
[Solver Step 004000] t= 1.553 | Pos Err:    0.06 km | Vel Err:    0.00 m/s
[Solver Step 005000] t= 2.104 | Pos Err:    0.06 km | Vel Err:    0.00 m/s
[Solver Step 006000] t= 2.517 | Pos Err:    0.06 km | Vel Err:    0.01 m/s
[Solver Step 007000] t= 3.017 | Pos Err:    0.05 km | Vel Err:    0.00 m/s
[Solver Step 008000] t= 3.569 | Pos Err:    0.05 km | Vel Err:    0.00 m/s
[Solver Step 009000] t= 4.059 | Pos Err:    0.05 km | Vel Err:    0.01 m/s
[Solver Step 010000] t= 4.461 | Pos Err:    0.05 km | Vel Err:    0.00 m/s
[Solver Step 011000] t= 4.999 | Pos Err:    0.05 km | Vel Err:    0.00 m/s
[Solver Step 012000] t= 5.586 | Pos Err:    0.04 km | Vel Err:    0.05 m/s
[Solver Step 013000] t= 6.068 | Pos Err:    0.05 km | Vel Err:    0.00 m/s
[Solver Step 014000] t= 6.469 | Pos Err:    0.05 km | Vel Err:    0.00 m/s
[Solver Step 015000] t= 7.027 | Pos Err:    0.03 km | Vel Err:    0.08 m/s
Completed [MOON_ORBIT] Trajectory 392/600 | Saved 1314 samples | Total: 543390
[Multiple Shooting] Converged in 2 iterations with residual 1.92e-12
[Solver Step 001000] t= 0.421 | Pos Err:    0.45 km | Vel Err:    0.01 m/s
[Solver Step 002000] t= 0.926 | Pos Err:    1.83 km | Vel Err:    0.04 m/s
[Solver Step 003000] t= 1.398 | Pos Err:   25.00 km | Vel Err:    0.48 m/s
[Solver Step 004000] t= 1.741 | Pos Err:  103.03 km | Vel Err:    2.05 m/s
[Solver Step 005000] t= 2.240 | Pos Err:    1.93 km | Vel Err:    0.04 m/s
[Solver Step 006000] t= 2.679 | Pos Err:    1.14 km | Vel Err:    0.02 m/s
[Solver Step 007000] t= 3.079 | Pos Err:    7.12 km | Vel Err:    0.16 m/s
Completed [HALO_L1] Trajectory 393/600 | Saved 595 samples | Total: 543985
[Solver Step 001000] t= 0.216 | Pos Err:   30.87 km | Vel Err:    0.63 m/s
[Solver Step 002000] t= 0.469 | Pos Err:    3.79 km | Vel Err:    0.04 m/s
[Solver Step 003000] t= 0.713 | Pos Err:    0.47 km | Vel Err:    0.02 m/s
[Solver Step 004000] t= 0.928 | Pos Err:    0.03 km | Vel Err:    0.01 m/s
[Solver Step 005000] t= 1.177 | Pos Err:    0.06 km | Vel Err:    0.00 m/s
[Solver Step 006000] t= 1.430 | Pos Err:    0.12 km | Vel Err:    0.03 m/s
[Solver Step 007000] t= 1.660 | Pos Err:    0.12 km | Vel Err:    0.00 m/s
[Solver Step 008000] t= 1.874 | Pos Err:    0.09 km | Vel Err:    0.00 m/s
[Solver Step 009000] t= 2.133 | Pos Err:    0.21 km | Vel Err:    0.11 m/s
[Solver Step 010000] t= 2.376 | Pos Err:    0.12 km | Vel Err:    0.00 m/s
[Solver Step 011000] t= 2.588 | Pos Err:    0.10 km | Vel Err:    0.00 m/s
[Solver Step 012000] t= 2.836 | Pos Err:    1.04 km | Vel Err:    0.84 m/s
[Solver Step 013000] t= 3.091 | Pos Err:    0.13 km | Vel Err:    0.00 m/s
[Solver Step 014000] t= 3.311 | Pos Err:    0.09 km | Vel Err:    0.00 m/s
[Solver Step 015000] t= 3.533 | Pos Err:    0.64 km | Vel Err:    0.56 m/s
[Solver Step 016000] t= 3.795 | Pos Err:    0.12 km | Vel Err:    0.00 m/s
[Solver Step 017000] t= 4.037 | Pos Err:    0.08 km | Vel Err:    0.00 m/s
[Solver Step 018000] t= 4.244 | Pos Err:    0.29 km | Vel Err:    0.22 m/s
[Solver Step 019000] t= 4.496 | Pos Err:    0.09 km | Vel Err:    0.02 m/s
[Solver Step 020000] t= 4.751 | Pos Err:    0.06 km | Vel Err:    0.00 m/s
[Solver Step 021000] t= 4.967 | Pos Err:    0.10 km | Vel Err:    0.11 m/s
[Solver Step 022000] t= 5.188 | Pos Err:    0.08 km | Vel Err:    0.01 m/s
[Solver Step 023000] t= 5.454 | Pos Err:    0.05 km | Vel Err:    0.00 m/s
[Solver Step 024000] t= 5.696 | Pos Err:    0.13 km | Vel Err:    0.12 m/s
[Solver Step 025000] t= 5.905 | Pos Err:    0.07 km | Vel Err:    0.00 m/s
[Solver Step 026000] t= 6.158 | Pos Err:    0.04 km | Vel Err:    0.00 m/s
[Solver Step 027000] t= 6.412 | Pos Err:    0.29 km | Vel Err:    0.24 m/s
[Solver Step 028000] t= 6.625 | Pos Err:    0.09 km | Vel Err:    0.00 m/s
[Solver Step 029000] t= 6.850 | Pos Err:    0.05 km | Vel Err:    0.00 m/s
Completed [TRANSFER] Trajectory 394/600 | Saved 2399 samples | Total: 546384
[Multiple Shooting] Converged in 2 iterations with residual 1.65e-15
[Solver Step 001000] t= 0.489 | Pos Err:    0.27 km | Vel Err:    0.01 m/s
[Solver Step 002000] t= 0.973 | Pos Err:    0.05 km | Vel Err:    0.00 m/s
[Solver Step 003000] t= 1.436 | Pos Err:    0.15 km | Vel Err:    0.01 m/s
[Solver Step 004000] t= 1.964 | Pos Err:    0.25 km | Vel Err:    0.01 m/s
[Solver Step 005000] t= 2.521 | Pos Err:    0.33 km | Vel Err:    0.01 m/s
[Solver Step 006000] t= 2.937 | Pos Err:    1.40 km | Vel Err:    0.03 m/s
Completed [HALO_L2] Trajectory 395/600 | Saved 540 samples | Total: 546924
[Solver Step 001000] t= 0.216 | Pos Err:   27.47 km | Vel Err:    0.66 m/s
[Solver Step 002000] t= 0.470 | Pos Err:    3.36 km | Vel Err:    0.10 m/s
[Solver Step 003000] t= 0.713 | Pos Err:    0.46 km | Vel Err:    0.03 m/s
[Solver Step 004000] t= 0.930 | Pos Err:    0.04 km | Vel Err:    0.00 m/s
[Solver Step 005000] t= 1.178 | Pos Err:    0.09 km | Vel Err:    0.00 m/s
[Solver Step 006000] t= 1.431 | Pos Err:    0.10 km | Vel Err:    0.04 m/s
[Solver Step 007000] t= 1.661 | Pos Err:    0.09 km | Vel Err:    0.00 m/s
[Solver Step 008000] t= 1.876 | Pos Err:    0.11 km | Vel Err:    0.00 m/s
[Solver Step 009000] t= 2.134 | Pos Err:    0.15 km | Vel Err:    0.11 m/s
[Solver Step 010000] t= 2.377 | Pos Err:    0.08 km | Vel Err:    0.00 m/s
[Solver Step 011000] t= 2.590 | Pos Err:    0.08 km | Vel Err:    0.00 m/s
[Solver Step 012000] t= 2.837 | Pos Err:    1.04 km | Vel Err:    0.77 m/s
[Solver Step 013000] t= 3.092 | Pos Err:    0.06 km | Vel Err:    0.00 m/s
[Solver Step 014000] t= 3.313 | Pos Err:    0.05 km | Vel Err:    0.00 m/s
[Solver Step 015000] t= 3.535 | Pos Err:    0.75 km | Vel Err:    0.55 m/s
[Solver Step 016000] t= 3.796 | Pos Err:    0.06 km | Vel Err:    0.00 m/s
[Solver Step 017000] t= 4.038 | Pos Err:    0.04 km | Vel Err:    0.00 m/s
[Solver Step 018000] t= 4.246 | Pos Err:    0.39 km | Vel Err:    0.22 m/s
[Solver Step 019000] t= 4.496 | Pos Err:    0.05 km | Vel Err:    0.02 m/s
[Solver Step 020000] t= 4.750 | Pos Err:    0.05 km | Vel Err:    0.00 m/s
[Solver Step 021000] t= 4.967 | Pos Err:    0.20 km | Vel Err:    0.11 m/s
[Solver Step 022000] t= 5.188 | Pos Err:    0.05 km | Vel Err:    0.01 m/s
[Solver Step 023000] t= 5.454 | Pos Err:    0.06 km | Vel Err:    0.00 m/s
[Solver Step 024000] t= 5.696 | Pos Err:    0.15 km | Vel Err:    0.12 m/s
[Solver Step 025000] t= 5.905 | Pos Err:    0.09 km | Vel Err:    0.00 m/s
[Solver Step 026000] t= 6.158 | Pos Err:    0.08 km | Vel Err:    0.00 m/s
[Solver Step 027000] t= 6.412 | Pos Err:    0.26 km | Vel Err:    0.24 m/s
[Solver Step 028000] t= 6.625 | Pos Err:    0.10 km | Vel Err:    0.00 m/s
[Solver Step 029000] t= 6.850 | Pos Err:    0.11 km | Vel Err:    0.00 m/s
Completed [TRANSFER] Trajectory 396/600 | Saved 2399 samples | Total: 549323
[Solver Step 001000] t= 0.411 | Pos Err:    3.68 km | Vel Err:    0.09 m/s
[Solver Step 002000] t= 0.815 | Pos Err:    0.08 km | Vel Err:    0.00 m/s
[Solver Step 003000] t= 1.257 | Pos Err:    0.06 km | Vel Err:    0.01 m/s
[Solver Step 004000] t= 1.604 | Pos Err:    0.03 km | Vel Err:    0.00 m/s
[Solver Step 005000] t= 1.989 | Pos Err:    0.07 km | Vel Err:    0.00 m/s
[Solver Step 006000] t= 2.442 | Pos Err:    0.11 km | Vel Err:    0.02 m/s
[Solver Step 007000] t= 2.843 | Pos Err:    0.11 km | Vel Err:    0.00 m/s
[Solver Step 008000] t= 3.242 | Pos Err:    0.11 km | Vel Err:    0.00 m/s
[Solver Step 009000] t= 3.616 | Pos Err:    0.14 km | Vel Err:    0.08 m/s
[Solver Step 010000] t= 4.029 | Pos Err:    0.03 km | Vel Err:    0.00 m/s
[Solver Step 011000] t= 4.449 | Pos Err:    0.07 km | Vel Err:    0.00 m/s
[Solver Step 012000] t= 4.891 | Pos Err:    0.07 km | Vel Err:    0.04 m/s
[Solver Step 013000] t= 5.230 | Pos Err:    0.10 km | Vel Err:    0.00 m/s
[Solver Step 014000] t= 5.627 | Pos Err:    0.09 km | Vel Err:    0.00 m/s
[Solver Step 015000] t= 6.106 | Pos Err:    0.04 km | Vel Err:    0.02 m/s
[Solver Step 016000] t= 6.493 | Pos Err:    0.02 km | Vel Err:    0.00 m/s
[Solver Step 017000] t= 6.921 | Pos Err:    0.02 km | Vel Err:    0.00 m/s
[Solver Step 018000] t= 7.264 | Pos Err:    0.08 km | Vel Err:    0.11 m/s
[Solver Step 019000] t= 7.684 | Pos Err:    0.11 km | Vel Err:    0.00 m/s
[Solver Step 020000] t= 8.165 | Pos Err:    0.10 km | Vel Err:    0.00 m/s
[Solver Step 021000] t= 8.550 | Pos Err:    0.08 km | Vel Err:    0.03 m/s
[Solver Step 022000] t= 8.921 | Pos Err:    0.06 km | Vel Err:    0.00 m/s
[Solver Step 023000] t= 9.311 | Pos Err:    0.05 km | Vel Err:    0.00 m/s
[Solver Step 024000] t= 9.769 | Pos Err:    0.09 km | Vel Err:    0.03 m/s
[Solver Step 025000] t=10.171 | Pos Err:    0.11 km | Vel Err:    0.00 m/s
[Solver Step 026000] t=10.570 | Pos Err:    0.11 km | Vel Err:    0.00 m/s
[Solver Step 027000] t=10.930 | Pos Err:    0.17 km | Vel Err:    0.09 m/s
[Solver Step 028000] t=11.351 | Pos Err:    0.02 km | Vel Err:    0.00 m/s
[Solver Step 029000] t=11.805 | Pos Err:    0.02 km | Vel Err:    0.00 m/s
[Solver Step 030000] t=12.174 | Pos Err:    0.04 km | Vel Err:    0.03 m/s
[Solver Step 031000] t=12.565 | Pos Err:    0.08 km | Vel Err:    0.00 m/s
Completed [EARTH_ORBIT] Trajectory 397/600 | Saved 2584 samples | Total: 551907
[Solver Step 001000] t= 0.217 | Pos Err:   30.61 km | Vel Err:    0.72 m/s
[Solver Step 002000] t= 0.471 | Pos Err:    3.76 km | Vel Err:    0.06 m/s
[Solver Step 003000] t= 0.713 | Pos Err:    0.50 km | Vel Err:    0.03 m/s
[Solver Step 004000] t= 0.932 | Pos Err:    0.05 km | Vel Err:    0.00 m/s
[Solver Step 005000] t= 1.178 | Pos Err:    0.09 km | Vel Err:    0.00 m/s
[Solver Step 006000] t= 1.431 | Pos Err:    0.02 km | Vel Err:    0.05 m/s
[Solver Step 007000] t= 1.664 | Pos Err:    0.05 km | Vel Err:    0.00 m/s
[Solver Step 008000] t= 1.879 | Pos Err:    0.08 km | Vel Err:    0.00 m/s
[Solver Step 009000] t= 2.135 | Pos Err:    0.11 km | Vel Err:    0.14 m/s
[Solver Step 010000] t= 2.380 | Pos Err:    0.04 km | Vel Err:    0.00 m/s
[Solver Step 011000] t= 2.594 | Pos Err:    0.06 km | Vel Err:    0.00 m/s
[Solver Step 012000] t= 2.839 | Pos Err:    1.05 km | Vel Err:    0.81 m/s
[Solver Step 013000] t= 3.095 | Pos Err:    0.03 km | Vel Err:    0.00 m/s
[Solver Step 014000] t= 3.317 | Pos Err:    0.07 km | Vel Err:    0.00 m/s
[Solver Step 015000] t= 3.538 | Pos Err:    0.77 km | Vel Err:    0.51 m/s
[Solver Step 016000] t= 3.798 | Pos Err:    0.04 km | Vel Err:    0.00 m/s
[Solver Step 017000] t= 4.041 | Pos Err:    0.09 km | Vel Err:    0.00 m/s
[Solver Step 018000] t= 4.250 | Pos Err:    0.43 km | Vel Err:    0.20 m/s
[Solver Step 019000] t= 4.499 | Pos Err:    0.09 km | Vel Err:    0.02 m/s
[Solver Step 020000] t= 4.754 | Pos Err:    0.10 km | Vel Err:    0.00 m/s
[Solver Step 021000] t= 4.973 | Pos Err:    0.19 km | Vel Err:    0.11 m/s
[Solver Step 022000] t= 5.192 | Pos Err:    0.10 km | Vel Err:    0.01 m/s
[Solver Step 023000] t= 5.458 | Pos Err:    0.11 km | Vel Err:    0.00 m/s
[Solver Step 024000] t= 5.701 | Pos Err:    0.11 km | Vel Err:    0.12 m/s
[Solver Step 025000] t= 5.908 | Pos Err:    0.09 km | Vel Err:    0.00 m/s
[Solver Step 026000] t= 6.160 | Pos Err:    0.10 km | Vel Err:    0.00 m/s
[Solver Step 027000] t= 6.416 | Pos Err:    0.18 km | Vel Err:    0.24 m/s
[Solver Step 028000] t= 6.629 | Pos Err:    0.09 km | Vel Err:    0.00 m/s
[Solver Step 029000] t= 6.852 | Pos Err:    0.11 km | Vel Err:    0.00 m/s
Completed [TRANSFER] Trajectory 398/600 | Saved 2399 samples | Total: 554306
[Multiple Shooting] Converged in 2 iterations with residual 1.40e-15
[Solver Step 001000] t= 0.468 | Pos Err:    0.48 km | Vel Err:    0.01 m/s
[Solver Step 002000] t= 0.956 | Pos Err:    0.19 km | Vel Err:    0.00 m/s
[Solver Step 003000] t= 1.517 | Pos Err:    0.05 km | Vel Err:    0.01 m/s
[Solver Step 004000] t= 2.086 | Pos Err:    0.10 km | Vel Err:    0.00 m/s
[Solver Step 005000] t= 2.489 | Pos Err:    0.24 km | Vel Err:    0.00 m/s
[Solver Step 006000] t= 2.975 | Pos Err:    0.70 km | Vel Err:    0.03 m/s
Completed [HALO_L2] Trajectory 399/600 | Saved 526 samples | Total: 554832
[Solver Step 001000] t= 0.415 | Pos Err:    3.38 km | Vel Err:    0.08 m/s
[Solver Step 002000] t= 0.819 | Pos Err:    0.11 km | Vel Err:    0.00 m/s
[Solver Step 003000] t= 1.260 | Pos Err:    0.05 km | Vel Err:    0.01 m/s
[Solver Step 004000] t= 1.607 | Pos Err:    0.08 km | Vel Err:    0.00 m/s
[Solver Step 005000] t= 1.993 | Pos Err:    0.10 km | Vel Err:    0.00 m/s
[Solver Step 006000] t= 2.446 | Pos Err:    0.08 km | Vel Err:    0.02 m/s
[Solver Step 007000] t= 2.847 | Pos Err:    0.06 km | Vel Err:    0.00 m/s
[Solver Step 008000] t= 3.244 | Pos Err:    0.03 km | Vel Err:    0.00 m/s
[Solver Step 009000] t= 3.619 | Pos Err:    0.06 km | Vel Err:    0.08 m/s
[Solver Step 010000] t= 4.033 | Pos Err:    0.10 km | Vel Err:    0.00 m/s
[Solver Step 011000] t= 4.452 | Pos Err:    0.11 km | Vel Err:    0.00 m/s
[Solver Step 012000] t= 4.895 | Pos Err:    0.09 km | Vel Err:    0.04 m/s
[Solver Step 013000] t= 5.233 | Pos Err:    0.09 km | Vel Err:    0.00 m/s
[Solver Step 014000] t= 5.631 | Pos Err:    0.02 km | Vel Err:    0.00 m/s
[Solver Step 015000] t= 6.110 | Pos Err:    0.06 km | Vel Err:    0.02 m/s
[Solver Step 016000] t= 6.497 | Pos Err:    0.08 km | Vel Err:    0.00 m/s
[Solver Step 017000] t= 6.924 | Pos Err:    0.10 km | Vel Err:    0.00 m/s
[Solver Step 018000] t= 7.268 | Pos Err:    0.17 km | Vel Err:    0.10 m/s
[Solver Step 019000] t= 7.688 | Pos Err:    0.05 km | Vel Err:    0.00 m/s
[Solver Step 020000] t= 8.168 | Pos Err:    0.02 km | Vel Err:    0.00 m/s
[Solver Step 021000] t= 8.553 | Pos Err:    0.02 km | Vel Err:    0.03 m/s
[Solver Step 022000] t= 8.922 | Pos Err:    0.05 km | Vel Err:    0.00 m/s
[Solver Step 023000] t= 9.315 | Pos Err:    0.10 km | Vel Err:    0.00 m/s
[Solver Step 024000] t= 9.773 | Pos Err:    0.09 km | Vel Err:    0.03 m/s
[Solver Step 025000] t=10.174 | Pos Err:    0.09 km | Vel Err:    0.00 m/s
[Solver Step 026000] t=10.574 | Pos Err:    0.07 km | Vel Err:    0.00 m/s
[Solver Step 027000] t=10.933 | Pos Err:    0.08 km | Vel Err:    0.09 m/s
[Solver Step 028000] t=11.353 | Pos Err:    0.09 km | Vel Err:    0.00 m/s
[Solver Step 029000] t=11.809 | Pos Err:    0.10 km | Vel Err:    0.00 m/s
[Solver Step 030000] t=12.178 | Pos Err:    0.09 km | Vel Err:    0.03 m/s
Completed [EARTH_ORBIT] Trajectory 400/600 | Saved 2583 samples | Total: 557415
[Solver Step 001000] t= 0.416 | Pos Err:    3.07 km | Vel Err:    0.07 m/s
[Solver Step 002000] t= 0.820 | Pos Err:    0.08 km | Vel Err:    0.00 m/s
[Solver Step 003000] t= 1.261 | Pos Err:    0.08 km | Vel Err:    0.01 m/s
[Solver Step 004000] t= 1.609 | Pos Err:    0.10 km | Vel Err:    0.00 m/s
[Solver Step 005000] t= 1.994 | Pos Err:    0.08 km | Vel Err:    0.00 m/s
[Solver Step 006000] t= 2.447 | Pos Err:    0.04 km | Vel Err:    0.02 m/s
[Solver Step 007000] t= 2.849 | Pos Err:    0.03 km | Vel Err:    0.00 m/s
[Solver Step 008000] t= 3.245 | Pos Err:    0.03 km | Vel Err:    0.00 m/s
[Solver Step 009000] t= 3.620 | Pos Err:    0.09 km | Vel Err:    0.08 m/s
[Solver Step 010000] t= 4.035 | Pos Err:    0.10 km | Vel Err:    0.00 m/s
[Solver Step 011000] t= 4.454 | Pos Err:    0.09 km | Vel Err:    0.00 m/s
[Solver Step 012000] t= 4.896 | Pos Err:    0.07 km | Vel Err:    0.04 m/s
[Solver Step 013000] t= 5.234 | Pos Err:    0.05 km | Vel Err:    0.00 m/s
[Solver Step 014000] t= 5.633 | Pos Err:    0.04 km | Vel Err:    0.00 m/s
[Solver Step 015000] t= 6.112 | Pos Err:    0.08 km | Vel Err:    0.02 m/s
[Solver Step 016000] t= 6.498 | Pos Err:    0.10 km | Vel Err:    0.00 m/s
[Solver Step 017000] t= 6.925 | Pos Err:    0.10 km | Vel Err:    0.00 m/s
[Solver Step 018000] t= 7.269 | Pos Err:    0.16 km | Vel Err:    0.10 m/s
[Solver Step 019000] t= 7.690 | Pos Err:    0.03 km | Vel Err:    0.00 m/s
[Solver Step 020000] t= 8.169 | Pos Err:    0.04 km | Vel Err:    0.00 m/s
[Solver Step 021000] t= 8.555 | Pos Err:    0.04 km | Vel Err:    0.03 m/s
[Solver Step 022000] t= 8.923 | Pos Err:    0.08 km | Vel Err:    0.00 m/s
[Solver Step 023000] t= 9.316 | Pos Err:    0.09 km | Vel Err:    0.00 m/s
[Solver Step 024000] t= 9.775 | Pos Err:    0.07 km | Vel Err:    0.03 m/s
[Solver Step 025000] t=10.175 | Pos Err:    0.06 km | Vel Err:    0.00 m/s
[Solver Step 026000] t=10.575 | Pos Err:    0.04 km | Vel Err:    0.00 m/s
[Solver Step 027000] t=10.935 | Pos Err:    0.09 km | Vel Err:    0.09 m/s
[Solver Step 028000] t=11.354 | Pos Err:    0.10 km | Vel Err:    0.00 m/s
[Solver Step 029000] t=11.810 | Pos Err:    0.10 km | Vel Err:    0.00 m/s
[Solver Step 030000] t=12.179 | Pos Err:    0.09 km | Vel Err:    0.03 m/s
Completed [EARTH_ORBIT] Trajectory 401/600 | Saved 2583 samples | Total: 559998
[Multiple Shooting] Converged in 4 iterations with residual 1.39e-11
[Solver Step 001000] t= 0.340 | Pos Err:    9.13 km | Vel Err:    0.20 m/s
[Solver Step 002000] t= 0.688 | Pos Err:   63.88 km | Vel Err:    1.39 m/s
[Solver Step 003000] t= 1.038 | Pos Err:   28.34 km | Vel Err:    0.55 m/s
[Solver Step 004000] t= 1.396 | Pos Err:    1.71 km | Vel Err:    0.05 m/s
[Solver Step 005000] t= 1.757 | Pos Err:   25.02 km | Vel Err:    0.50 m/s
[Solver Step 006000] t= 2.090 | Pos Err:   56.10 km | Vel Err:    1.18 m/s
[Solver Step 007000] t= 2.457 | Pos Err:  142.77 km | Vel Err:    3.15 m/s
Completed [DRO] Trajectory 402/600 | Saved 596 samples | Total: 560594
[Multiple Shooting] Converged in 2 iterations with residual 8.49e-12
[Solver Step 001000] t= 0.412 | Pos Err:    0.66 km | Vel Err:    0.01 m/s
[Solver Step 002000] t= 0.915 | Pos Err:    5.11 km | Vel Err:    0.10 m/s
[Solver Step 003000] t= 1.347 | Pos Err:   82.32 km | Vel Err:    1.79 m/s
[Solver Step 004000] t= 1.745 | Pos Err:   83.20 km | Vel Err:    1.77 m/s
[Solver Step 005000] t= 2.238 | Pos Err:    1.39 km | Vel Err:    0.03 m/s
[Solver Step 006000] t= 2.632 | Pos Err:    0.14 km | Vel Err:    0.01 m/s
[Solver Step 007000] t= 3.088 | Pos Err:    8.32 km | Vel Err:    0.19 m/s
Completed [HALO_L1] Trajectory 403/600 | Saved 592 samples | Total: 561186
[Solver Step 001000] t= 0.411 | Pos Err:    4.16 km | Vel Err:    0.10 m/s
[Solver Step 002000] t= 0.816 | Pos Err:    0.06 km | Vel Err:    0.00 m/s
[Solver Step 003000] t= 1.258 | Pos Err:    0.08 km | Vel Err:    0.01 m/s
[Solver Step 004000] t= 1.604 | Pos Err:    0.06 km | Vel Err:    0.00 m/s
[Solver Step 005000] t= 1.990 | Pos Err:    0.06 km | Vel Err:    0.00 m/s
[Solver Step 006000] t= 2.443 | Pos Err:    0.11 km | Vel Err:    0.02 m/s
[Solver Step 007000] t= 2.844 | Pos Err:    0.12 km | Vel Err:    0.00 m/s
[Solver Step 008000] t= 3.242 | Pos Err:    0.12 km | Vel Err:    0.00 m/s
[Solver Step 009000] t= 3.616 | Pos Err:    0.16 km | Vel Err:    0.08 m/s
[Solver Step 010000] t= 4.030 | Pos Err:    0.03 km | Vel Err:    0.00 m/s
[Solver Step 011000] t= 4.450 | Pos Err:    0.05 km | Vel Err:    0.00 m/s
[Solver Step 012000] t= 4.892 | Pos Err:    0.06 km | Vel Err:    0.04 m/s
[Solver Step 013000] t= 5.231 | Pos Err:    0.09 km | Vel Err:    0.00 m/s
[Solver Step 014000] t= 5.628 | Pos Err:    0.11 km | Vel Err:    0.00 m/s
[Solver Step 015000] t= 6.107 | Pos Err:    0.07 km | Vel Err:    0.02 m/s
[Solver Step 016000] t= 6.494 | Pos Err:    0.05 km | Vel Err:    0.00 m/s
[Solver Step 017000] t= 6.921 | Pos Err:    0.03 km | Vel Err:    0.00 m/s
[Solver Step 018000] t= 7.265 | Pos Err:    0.06 km | Vel Err:    0.10 m/s
[Solver Step 019000] t= 7.685 | Pos Err:    0.12 km | Vel Err:    0.00 m/s
[Solver Step 020000] t= 8.165 | Pos Err:    0.12 km | Vel Err:    0.00 m/s
[Solver Step 021000] t= 8.550 | Pos Err:    0.10 km | Vel Err:    0.03 m/s
[Solver Step 022000] t= 8.921 | Pos Err:    0.09 km | Vel Err:    0.00 m/s
[Solver Step 023000] t= 9.312 | Pos Err:    0.03 km | Vel Err:    0.00 m/s
[Solver Step 024000] t= 9.770 | Pos Err:    0.08 km | Vel Err:    0.03 m/s
[Solver Step 025000] t=10.172 | Pos Err:    0.10 km | Vel Err:    0.00 m/s
[Solver Step 026000] t=10.571 | Pos Err:    0.11 km | Vel Err:    0.00 m/s
[Solver Step 027000] t=10.930 | Pos Err:    0.18 km | Vel Err:    0.09 m/s
[Solver Step 028000] t=11.351 | Pos Err:    0.04 km | Vel Err:    0.00 m/s
[Solver Step 029000] t=11.806 | Pos Err:    0.02 km | Vel Err:    0.00 m/s
[Solver Step 030000] t=12.175 | Pos Err:    0.03 km | Vel Err:    0.03 m/s
[Solver Step 031000] t=12.566 | Pos Err:    0.07 km | Vel Err:    0.00 m/s
Completed [EARTH_ORBIT] Trajectory 404/600 | Saved 2584 samples | Total: 563770
[Solver Step 001000] t= 0.419 | Pos Err:    0.50 km | Vel Err:    0.01 m/s
[Solver Step 002000] t= 0.793 | Pos Err:    0.06 km | Vel Err:    0.00 m/s
[Solver Step 003000] t= 1.102 | Pos Err:    0.01 km | Vel Err:    0.04 m/s
[Solver Step 004000] t= 1.555 | Pos Err:    0.05 km | Vel Err:    0.00 m/s
[Solver Step 005000] t= 2.105 | Pos Err:    0.06 km | Vel Err:    0.00 m/s
[Solver Step 006000] t= 2.518 | Pos Err:    0.05 km | Vel Err:    0.01 m/s
[Solver Step 007000] t= 3.018 | Pos Err:    0.05 km | Vel Err:    0.00 m/s
[Solver Step 008000] t= 3.571 | Pos Err:    0.05 km | Vel Err:    0.00 m/s
[Solver Step 009000] t= 4.060 | Pos Err:    0.05 km | Vel Err:    0.01 m/s
[Solver Step 010000] t= 4.462 | Pos Err:    0.05 km | Vel Err:    0.00 m/s
[Solver Step 011000] t= 5.001 | Pos Err:    0.05 km | Vel Err:    0.00 m/s
[Solver Step 012000] t= 5.588 | Pos Err:    0.03 km | Vel Err:    0.05 m/s
[Solver Step 013000] t= 6.069 | Pos Err:    0.05 km | Vel Err:    0.00 m/s
[Solver Step 014000] t= 6.471 | Pos Err:    0.05 km | Vel Err:    0.00 m/s
[Solver Step 015000] t= 7.029 | Pos Err:    0.03 km | Vel Err:    0.08 m/s
Completed [MOON_ORBIT] Trajectory 405/600 | Saved 1314 samples | Total: 565084
[Multiple Shooting] Converged in 3 iterations with residual 1.04e-11
[Solver Step 001000] t= 0.391 | Pos Err:    3.99 km | Vel Err:    0.09 m/s
[Solver Step 002000] t= 0.777 | Pos Err:    4.95 km | Vel Err:    0.08 m/s
[Solver Step 003000] t= 1.154 | Pos Err:    1.57 km | Vel Err:    0.06 m/s
[Solver Step 004000] t= 1.529 | Pos Err:    8.28 km | Vel Err:    0.16 m/s
[Solver Step 005000] t= 1.917 | Pos Err:    0.44 km | Vel Err:    0.01 m/s
[Solver Step 006000] t= 2.305 | Pos Err:   23.63 km | Vel Err:    0.47 m/s
Completed [DRO] Trajectory 406/600 | Saved 548 samples | Total: 565632
[Multiple Shooting] Converged in 2 iterations with residual 1.83e-15
[Solver Step 001000] t= 0.473 | Pos Err:    0.25 km | Vel Err:    0.01 m/s
[Solver Step 002000] t= 0.987 | Pos Err:    0.12 km | Vel Err:    0.00 m/s
[Solver Step 003000] t= 1.415 | Pos Err:    0.29 km | Vel Err:    0.01 m/s
[Solver Step 004000] t= 1.901 | Pos Err:    0.26 km | Vel Err:    0.01 m/s
[Solver Step 005000] t= 2.436 | Pos Err:    0.28 km | Vel Err:    0.01 m/s
[Solver Step 006000] t= 2.955 | Pos Err:    0.60 km | Vel Err:    0.02 m/s
Completed [HALO_L2] Trajectory 407/600 | Saved 544 samples | Total: 566176
[Multiple Shooting] Converged in 2 iterations with residual 1.72e-15
[Solver Step 001000] t= 0.462 | Pos Err:    0.37 km | Vel Err:    0.01 m/s
[Solver Step 002000] t= 1.016 | Pos Err:    0.14 km | Vel Err:    0.00 m/s
[Solver Step 003000] t= 1.615 | Pos Err:    0.08 km | Vel Err:    0.01 m/s
[Solver Step 004000] t= 2.060 | Pos Err:    0.21 km | Vel Err:    0.00 m/s
[Solver Step 005000] t= 2.507 | Pos Err:    0.33 km | Vel Err:    0.01 m/s
[Solver Step 006000] t= 3.055 | Pos Err:    5.26 km | Vel Err:    0.14 m/s
Completed [HALO_L2] Trajectory 408/600 | Saved 513 samples | Total: 566689
[Multiple Shooting] Converged in 2 iterations with residual 3.37e-11
[Solver Step 001000] t= 0.426 | Pos Err:    0.31 km | Vel Err:    0.01 m/s
[Solver Step 002000] t= 0.894 | Pos Err:    0.21 km | Vel Err:    0.00 m/s
[Solver Step 003000] t= 1.389 | Pos Err:    1.35 km | Vel Err:    0.02 m/s
[Solver Step 004000] t= 1.806 | Pos Err:    7.71 km | Vel Err:    0.14 m/s
[Solver Step 005000] t= 2.157 | Pos Err:  168.60 km | Vel Err:    3.32 m/s
[Solver Step 006000] t= 2.619 | Pos Err:    3.29 km | Vel Err:    0.07 m/s
[Solver Step 007000] t= 3.093 | Pos Err:   31.23 km | Vel Err:    0.70 m/s
Completed [HALO_L1] Trajectory 409/600 | Saved 592 samples | Total: 567281
[Solver Step 001000] t= 0.414 | Pos Err:    0.71 km | Vel Err:    0.02 m/s
[Solver Step 002000] t= 0.789 | Pos Err:    0.07 km | Vel Err:    0.00 m/s
[Solver Step 003000] t= 1.098 | Pos Err:    0.01 km | Vel Err:    0.04 m/s
[Solver Step 004000] t= 1.549 | Pos Err:    0.05 km | Vel Err:    0.00 m/s
[Solver Step 005000] t= 2.100 | Pos Err:    0.05 km | Vel Err:    0.00 m/s
[Solver Step 006000] t= 2.514 | Pos Err:    0.05 km | Vel Err:    0.01 m/s
[Solver Step 007000] t= 3.013 | Pos Err:    0.04 km | Vel Err:    0.00 m/s
[Solver Step 008000] t= 3.565 | Pos Err:    0.05 km | Vel Err:    0.00 m/s
[Solver Step 009000] t= 4.056 | Pos Err:    0.05 km | Vel Err:    0.01 m/s
[Solver Step 010000] t= 4.457 | Pos Err:    0.05 km | Vel Err:    0.00 m/s
[Solver Step 011000] t= 4.995 | Pos Err:    0.05 km | Vel Err:    0.00 m/s
[Solver Step 012000] t= 5.582 | Pos Err:    0.04 km | Vel Err:    0.05 m/s
[Solver Step 013000] t= 6.065 | Pos Err:    0.06 km | Vel Err:    0.00 m/s
[Solver Step 014000] t= 6.466 | Pos Err:    0.07 km | Vel Err:    0.00 m/s
[Solver Step 015000] t= 7.023 | Pos Err:    0.04 km | Vel Err:    0.08 m/s
Completed [MOON_ORBIT] Trajectory 410/600 | Saved 1314 samples | Total: 568595
[Solver Step 001000] t= 0.217 | Pos Err:   25.17 km | Vel Err:    0.55 m/s
[Solver Step 002000] t= 0.469 | Pos Err:    3.14 km | Vel Err:    0.04 m/s
[Solver Step 003000] t= 0.712 | Pos Err:    0.38 km | Vel Err:    0.03 m/s
[Solver Step 004000] t= 0.927 | Pos Err:    0.03 km | Vel Err:    0.01 m/s
[Solver Step 005000] t= 1.176 | Pos Err:    0.04 km | Vel Err:    0.00 m/s
[Solver Step 006000] t= 1.429 | Pos Err:    0.10 km | Vel Err:    0.03 m/s
[Solver Step 007000] t= 1.658 | Pos Err:    0.10 km | Vel Err:    0.00 m/s
[Solver Step 008000] t= 1.873 | Pos Err:    0.08 km | Vel Err:    0.00 m/s
[Solver Step 009000] t= 2.133 | Pos Err:    0.25 km | Vel Err:    0.15 m/s
[Solver Step 010000] t= 2.374 | Pos Err:    0.11 km | Vel Err:    0.00 m/s
[Solver Step 011000] t= 2.586 | Pos Err:    0.08 km | Vel Err:    0.00 m/s
[Solver Step 012000] t= 2.835 | Pos Err:    1.32 km | Vel Err:    1.06 m/s
[Solver Step 013000] t= 3.090 | Pos Err:    0.11 km | Vel Err:    0.00 m/s
[Solver Step 014000] t= 3.309 | Pos Err:    0.08 km | Vel Err:    0.00 m/s
[Solver Step 015000] t= 3.532 | Pos Err:    0.67 km | Vel Err:    0.57 m/s
[Solver Step 016000] t= 3.794 | Pos Err:    0.11 km | Vel Err:    0.00 m/s
[Solver Step 017000] t= 4.035 | Pos Err:    0.07 km | Vel Err:    0.00 m/s
[Solver Step 018000] t= 4.242 | Pos Err:    0.30 km | Vel Err:    0.23 m/s
[Solver Step 019000] t= 4.494 | Pos Err:    0.08 km | Vel Err:    0.02 m/s
[Solver Step 020000] t= 4.747 | Pos Err:    0.05 km | Vel Err:    0.00 m/s
[Solver Step 021000] t= 4.963 | Pos Err:    0.11 km | Vel Err:    0.11 m/s
[Solver Step 022000] t= 5.186 | Pos Err:    0.07 km | Vel Err:    0.01 m/s
[Solver Step 023000] t= 5.451 | Pos Err:    0.04 km | Vel Err:    0.00 m/s
[Solver Step 024000] t= 5.693 | Pos Err:    0.11 km | Vel Err:    0.11 m/s
[Solver Step 025000] t= 5.901 | Pos Err:    0.06 km | Vel Err:    0.00 m/s
[Solver Step 026000] t= 6.156 | Pos Err:    0.03 km | Vel Err:    0.00 m/s
[Solver Step 027000] t= 6.409 | Pos Err:    0.27 km | Vel Err:    0.24 m/s
[Solver Step 028000] t= 6.620 | Pos Err:    0.07 km | Vel Err:    0.00 m/s
[Solver Step 029000] t= 6.848 | Pos Err:    0.04 km | Vel Err:    0.00 m/s
Completed [TRANSFER] Trajectory 411/600 | Saved 2399 samples | Total: 570994
[Solver Step 001000] t= 0.414 | Pos Err:    0.54 km | Vel Err:    0.01 m/s
[Solver Step 002000] t= 0.788 | Pos Err:    0.05 km | Vel Err:    0.00 m/s
[Solver Step 003000] t= 1.098 | Pos Err:    0.01 km | Vel Err:    0.04 m/s
[Solver Step 004000] t= 1.548 | Pos Err:    0.06 km | Vel Err:    0.00 m/s
[Solver Step 005000] t= 2.100 | Pos Err:    0.06 km | Vel Err:    0.00 m/s
[Solver Step 006000] t= 2.513 | Pos Err:    0.06 km | Vel Err:    0.01 m/s
[Solver Step 007000] t= 3.012 | Pos Err:    0.06 km | Vel Err:    0.00 m/s
[Solver Step 008000] t= 3.565 | Pos Err:    0.06 km | Vel Err:    0.00 m/s
[Solver Step 009000] t= 4.056 | Pos Err:    0.06 km | Vel Err:    0.01 m/s
[Solver Step 010000] t= 4.457 | Pos Err:    0.06 km | Vel Err:    0.00 m/s
[Solver Step 011000] t= 4.994 | Pos Err:    0.06 km | Vel Err:    0.00 m/s
[Solver Step 012000] t= 5.582 | Pos Err:    0.05 km | Vel Err:    0.05 m/s
[Solver Step 013000] t= 6.065 | Pos Err:    0.06 km | Vel Err:    0.00 m/s
[Solver Step 014000] t= 6.465 | Pos Err:    0.06 km | Vel Err:    0.00 m/s
[Solver Step 015000] t= 7.022 | Pos Err:    0.03 km | Vel Err:    0.08 m/s
Completed [MOON_ORBIT] Trajectory 412/600 | Saved 1315 samples | Total: 572309
[Multiple Shooting] Converged in 5 iterations with residual 3.58e-12
[Solver Step 001000] t= 0.334 | Pos Err:   17.60 km | Vel Err:    0.37 m/s
[Solver Step 002000] t= 0.682 | Pos Err:   66.43 km | Vel Err:    1.41 m/s
[Solver Step 003000] t= 1.020 | Pos Err:   33.15 km | Vel Err:    0.71 m/s
[Solver Step 004000] t= 1.388 | Pos Err:   14.27 km | Vel Err:    0.27 m/s
[Solver Step 005000] t= 1.719 | Pos Err:   20.36 km | Vel Err:    0.36 m/s
[Solver Step 006000] t= 2.072 | Pos Err:   29.66 km | Vel Err:    0.59 m/s
[Solver Step 007000] t= 2.420 | Pos Err:  171.05 km | Vel Err:    3.47 m/s
Completed [DRO] Trajectory 413/600 | Saved 607 samples | Total: 572916
[Multiple Shooting] Converged in 3 iterations with residual 8.51e-14
[Solver Step 001000] t= 0.397 | Pos Err:    3.41 km | Vel Err:    0.08 m/s
[Solver Step 002000] t= 0.787 | Pos Err:    3.44 km | Vel Err:    0.05 m/s
[Solver Step 003000] t= 1.166 | Pos Err:    1.67 km | Vel Err:    0.05 m/s
[Solver Step 004000] t= 1.547 | Pos Err:    6.63 km | Vel Err:    0.12 m/s
[Solver Step 005000] t= 1.939 | Pos Err:    1.40 km | Vel Err:    0.03 m/s
[Solver Step 006000] t= 2.327 | Pos Err:   15.51 km | Vel Err:    0.33 m/s
Completed [DRO] Trajectory 414/600 | Saved 538 samples | Total: 573454
[Multiple Shooting] Converged in 2 iterations with residual 3.10e-12
[Solver Step 001000] t= 0.430 | Pos Err:    0.43 km | Vel Err:    0.01 m/s
[Solver Step 002000] t= 0.921 | Pos Err:    0.32 km | Vel Err:    0.01 m/s
[Solver Step 003000] t= 1.421 | Pos Err:    2.28 km | Vel Err:    0.04 m/s
[Solver Step 004000] t= 1.815 | Pos Err:   33.09 km | Vel Err:    0.71 m/s
[Solver Step 005000] t= 2.194 | Pos Err:   94.54 km | Vel Err:    1.84 m/s
[Solver Step 006000] t= 2.661 | Pos Err:    4.49 km | Vel Err:    0.09 m/s
[Solver Step 007000] t= 3.120 | Pos Err:    9.72 km | Vel Err:    0.24 m/s
Completed [HALO_L1] Trajectory 415/600 | Saved 588 samples | Total: 574042
[Solver Step 001000] t= 0.416 | Pos Err:    3.94 km | Vel Err:    0.09 m/s
[Solver Step 002000] t= 0.820 | Pos Err:    0.09 km | Vel Err:    0.00 m/s
[Solver Step 003000] t= 1.261 | Pos Err:    0.10 km | Vel Err:    0.01 m/s
[Solver Step 004000] t= 1.608 | Pos Err:    0.11 km | Vel Err:    0.00 m/s
[Solver Step 005000] t= 1.994 | Pos Err:    0.09 km | Vel Err:    0.00 m/s
[Solver Step 006000] t= 2.447 | Pos Err:    0.03 km | Vel Err:    0.02 m/s
[Solver Step 007000] t= 2.848 | Pos Err:    0.02 km | Vel Err:    0.00 m/s
[Solver Step 008000] t= 3.245 | Pos Err:    0.03 km | Vel Err:    0.00 m/s
[Solver Step 009000] t= 3.620 | Pos Err:    0.09 km | Vel Err:    0.08 m/s
[Solver Step 010000] t= 4.035 | Pos Err:    0.11 km | Vel Err:    0.00 m/s
[Solver Step 011000] t= 4.453 | Pos Err:    0.10 km | Vel Err:    0.00 m/s
[Solver Step 012000] t= 4.896 | Pos Err:    0.08 km | Vel Err:    0.04 m/s
[Solver Step 013000] t= 5.234 | Pos Err:    0.05 km | Vel Err:    0.00 m/s
[Solver Step 014000] t= 5.633 | Pos Err:    0.06 km | Vel Err:    0.00 m/s
[Solver Step 015000] t= 6.112 | Pos Err:    0.10 km | Vel Err:    0.02 m/s
[Solver Step 016000] t= 6.498 | Pos Err:    0.11 km | Vel Err:    0.00 m/s
[Solver Step 017000] t= 6.925 | Pos Err:    0.12 km | Vel Err:    0.00 m/s
[Solver Step 018000] t= 7.269 | Pos Err:    0.17 km | Vel Err:    0.10 m/s
[Solver Step 019000] t= 7.690 | Pos Err:    0.02 km | Vel Err:    0.00 m/s
[Solver Step 020000] t= 8.169 | Pos Err:    0.04 km | Vel Err:    0.00 m/s
[Solver Step 021000] t= 8.555 | Pos Err:    0.05 km | Vel Err:    0.03 m/s
[Solver Step 022000] t= 8.923 | Pos Err:    0.10 km | Vel Err:    0.00 m/s
[Solver Step 023000] t= 9.316 | Pos Err:    0.10 km | Vel Err:    0.00 m/s
[Solver Step 024000] t= 9.775 | Pos Err:    0.07 km | Vel Err:    0.03 m/s
[Solver Step 025000] t=10.175 | Pos Err:    0.05 km | Vel Err:    0.00 m/s
[Solver Step 026000] t=10.575 | Pos Err:    0.03 km | Vel Err:    0.00 m/s
[Solver Step 027000] t=10.935 | Pos Err:    0.09 km | Vel Err:    0.09 m/s
[Solver Step 028000] t=11.354 | Pos Err:    0.11 km | Vel Err:    0.00 m/s
[Solver Step 029000] t=11.810 | Pos Err:    0.11 km | Vel Err:    0.00 m/s
[Solver Step 030000] t=12.179 | Pos Err:    0.10 km | Vel Err:    0.03 m/s
Completed [EARTH_ORBIT] Trajectory 416/600 | Saved 2583 samples | Total: 576625
[Multiple Shooting] Converged in 2 iterations with residual 2.20e-15
[Solver Step 001000] t= 0.467 | Pos Err:    0.42 km | Vel Err:    0.01 m/s
[Solver Step 002000] t= 0.978 | Pos Err:    0.04 km | Vel Err:    0.00 m/s
[Solver Step 003000] t= 1.390 | Pos Err:    0.21 km | Vel Err:    0.01 m/s
[Solver Step 004000] t= 1.797 | Pos Err:    0.17 km | Vel Err:    0.00 m/s
[Solver Step 005000] t= 2.264 | Pos Err:    0.35 km | Vel Err:    0.01 m/s
[Solver Step 006000] t= 2.803 | Pos Err:    0.52 km | Vel Err:    0.03 m/s
Completed [HALO_L2] Trajectory 417/600 | Saved 556 samples | Total: 577181
[Solver Step 001000] t= 0.419 | Pos Err:    0.27 km | Vel Err:    0.01 m/s
[Solver Step 002000] t= 0.793 | Pos Err:    0.06 km | Vel Err:    0.00 m/s
[Solver Step 003000] t= 1.102 | Pos Err:    0.00 km | Vel Err:    0.04 m/s
[Solver Step 004000] t= 1.555 | Pos Err:    0.06 km | Vel Err:    0.00 m/s
[Solver Step 005000] t= 2.106 | Pos Err:    0.06 km | Vel Err:    0.00 m/s
[Solver Step 006000] t= 2.519 | Pos Err:    0.05 km | Vel Err:    0.01 m/s
[Solver Step 007000] t= 3.019 | Pos Err:    0.05 km | Vel Err:    0.00 m/s
[Solver Step 008000] t= 3.572 | Pos Err:    0.05 km | Vel Err:    0.00 m/s
[Solver Step 009000] t= 4.060 | Pos Err:    0.05 km | Vel Err:    0.01 m/s
[Solver Step 010000] t= 4.463 | Pos Err:    0.05 km | Vel Err:    0.00 m/s
[Solver Step 011000] t= 5.001 | Pos Err:    0.05 km | Vel Err:    0.00 m/s
[Solver Step 012000] t= 5.589 | Pos Err:    0.04 km | Vel Err:    0.05 m/s
[Solver Step 013000] t= 6.069 | Pos Err:    0.05 km | Vel Err:    0.00 m/s
[Solver Step 014000] t= 6.472 | Pos Err:    0.05 km | Vel Err:    0.00 m/s
[Solver Step 015000] t= 7.030 | Pos Err:    0.03 km | Vel Err:    0.08 m/s
Completed [MOON_ORBIT] Trajectory 418/600 | Saved 1314 samples | Total: 578495
[Solver Step 001000] t= 0.323 | Pos Err:  719.58 km | Vel Err:   15.51 m/s
[Solver Step 002000] t= 0.660 | Pos Err: 1019.54 km | Vel Err:   19.02 m/s
Completed [DRO] Trajectory 419/600 | Saved 238 samples | Total: 578733
[Solver Step 001000] t= 0.217 | Pos Err:   27.25 km | Vel Err:    0.51 m/s
[Solver Step 002000] t= 0.470 | Pos Err:    3.28 km | Vel Err:    0.03 m/s
[Solver Step 003000] t= 0.713 | Pos Err:    0.49 km | Vel Err:    0.04 m/s
[Solver Step 004000] t= 0.930 | Pos Err:    0.05 km | Vel Err:    0.00 m/s
[Solver Step 005000] t= 1.177 | Pos Err:    0.08 km | Vel Err:    0.00 m/s
[Solver Step 006000] t= 1.430 | Pos Err:    0.03 km | Vel Err:    0.03 m/s
[Solver Step 007000] t= 1.660 | Pos Err:    0.04 km | Vel Err:    0.00 m/s
[Solver Step 008000] t= 1.877 | Pos Err:    0.07 km | Vel Err:    0.00 m/s
[Solver Step 009000] t= 2.134 | Pos Err:    0.05 km | Vel Err:    0.07 m/s
[Solver Step 010000] t= 2.379 | Pos Err:    0.03 km | Vel Err:    0.00 m/s
[Solver Step 011000] t= 2.596 | Pos Err:    0.06 km | Vel Err:    0.00 m/s
[Solver Step 012000] t= 2.840 | Pos Err:    1.03 km | Vel Err:    0.83 m/s
[Solver Step 013000] t= 3.096 | Pos Err:    0.04 km | Vel Err:    0.00 m/s
[Solver Step 014000] t= 3.319 | Pos Err:    0.08 km | Vel Err:    0.00 m/s
[Solver Step 015000] t= 3.539 | Pos Err:    0.73 km | Vel Err:    0.49 m/s
[Solver Step 016000] t= 3.799 | Pos Err:    0.05 km | Vel Err:    0.00 m/s
[Solver Step 017000] t= 4.043 | Pos Err:    0.10 km | Vel Err:    0.00 m/s
[Solver Step 018000] t= 4.252 | Pos Err:    0.41 km | Vel Err:    0.20 m/s
[Solver Step 019000] t= 4.500 | Pos Err:    0.09 km | Vel Err:    0.01 m/s
[Solver Step 020000] t= 4.757 | Pos Err:    0.11 km | Vel Err:    0.00 m/s
[Solver Step 021000] t= 4.975 | Pos Err:    0.16 km | Vel Err:    0.10 m/s
[Solver Step 022000] t= 5.193 | Pos Err:    0.11 km | Vel Err:    0.01 m/s
[Solver Step 023000] t= 5.459 | Pos Err:    0.11 km | Vel Err:    0.00 m/s
[Solver Step 024000] t= 5.703 | Pos Err:    0.08 km | Vel Err:    0.12 m/s
[Solver Step 025000] t= 5.912 | Pos Err:    0.08 km | Vel Err:    0.00 m/s
[Solver Step 026000] t= 6.162 | Pos Err:    0.10 km | Vel Err:    0.00 m/s
[Solver Step 027000] t= 6.419 | Pos Err:    0.17 km | Vel Err:    0.24 m/s
[Solver Step 028000] t= 6.633 | Pos Err:    0.07 km | Vel Err:    0.00 m/s
[Solver Step 029000] t= 6.855 | Pos Err:    0.10 km | Vel Err:    0.00 m/s
Completed [TRANSFER] Trajectory 420/600 | Saved 2399 samples | Total: 581132
[Multiple Shooting] Converged in 14 iterations with residual 2.15e-15
[Solver Step 001000] t= 0.670 | Pos Err:    0.16 km | Vel Err:    0.00 m/s
[Solver Step 002000] t= 1.307 | Pos Err:    0.10 km | Vel Err:    0.00 m/s
[Solver Step 003000] t= 1.784 | Pos Err:    0.10 km | Vel Err:    0.00 m/s
[Solver Step 004000] t= 2.225 | Pos Err:    0.28 km | Vel Err:    0.01 m/s
Completed [DRO] Trajectory 421/600 | Saved 380 samples | Total: 581512
[Multiple Shooting] Converged in 2 iterations with residual 2.23e-11
[Solver Step 001000] t= 0.416 | Pos Err:    0.47 km | Vel Err:    0.01 m/s
[Solver Step 002000] t= 0.919 | Pos Err:    4.84 km | Vel Err:    0.09 m/s
[Solver Step 003000] t= 1.356 | Pos Err:   70.01 km | Vel Err:    1.47 m/s
[Solver Step 004000] t= 1.749 | Pos Err:   83.89 km | Vel Err:    1.80 m/s
[Solver Step 005000] t= 2.243 | Pos Err:    1.10 km | Vel Err:    0.03 m/s
[Solver Step 006000] t= 2.638 | Pos Err:    0.07 km | Vel Err:    0.01 m/s
[Solver Step 007000] t= 3.091 | Pos Err:    7.33 km | Vel Err:    0.17 m/s
Completed [HALO_L1] Trajectory 422/600 | Saved 592 samples | Total: 582104
[Multiple Shooting] Converged in 2 iterations with residual 3.01e-11
[Solver Step 001000] t= 0.432 | Pos Err:    0.23 km | Vel Err:    0.00 m/s
[Solver Step 002000] t= 0.905 | Pos Err:    0.17 km | Vel Err:    0.00 m/s
[Solver Step 003000] t= 1.400 | Pos Err:    1.63 km | Vel Err:    0.03 m/s
[Solver Step 004000] t= 1.814 | Pos Err:   11.40 km | Vel Err:    0.22 m/s
[Solver Step 005000] t= 2.167 | Pos Err:  164.87 km | Vel Err:    3.10 m/s
[Solver Step 006000] t= 2.630 | Pos Err:    0.84 km | Vel Err:    0.03 m/s
[Solver Step 007000] t= 3.104 | Pos Err:   25.61 km | Vel Err:    0.58 m/s
Completed [HALO_L1] Trajectory 423/600 | Saved 590 samples | Total: 582694
[Solver Step 001000] t= 0.414 | Pos Err:    3.31 km | Vel Err:    0.08 m/s
[Solver Step 002000] t= 0.818 | Pos Err:    0.11 km | Vel Err:    0.00 m/s
[Solver Step 003000] t= 1.259 | Pos Err:    0.04 km | Vel Err:    0.01 m/s
[Solver Step 004000] t= 1.606 | Pos Err:    0.07 km | Vel Err:    0.00 m/s
[Solver Step 005000] t= 1.992 | Pos Err:    0.10 km | Vel Err:    0.00 m/s
[Solver Step 006000] t= 2.445 | Pos Err:    0.08 km | Vel Err:    0.02 m/s
[Solver Step 007000] t= 2.846 | Pos Err:    0.06 km | Vel Err:    0.00 m/s
[Solver Step 008000] t= 3.243 | Pos Err:    0.04 km | Vel Err:    0.00 m/s
[Solver Step 009000] t= 3.618 | Pos Err:    0.06 km | Vel Err:    0.08 m/s
[Solver Step 010000] t= 4.032 | Pos Err:    0.10 km | Vel Err:    0.00 m/s
[Solver Step 011000] t= 4.452 | Pos Err:    0.11 km | Vel Err:    0.00 m/s
[Solver Step 012000] t= 4.894 | Pos Err:    0.09 km | Vel Err:    0.04 m/s
[Solver Step 013000] t= 5.232 | Pos Err:    0.09 km | Vel Err:    0.00 m/s
[Solver Step 014000] t= 5.630 | Pos Err:    0.02 km | Vel Err:    0.00 m/s
[Solver Step 015000] t= 6.109 | Pos Err:    0.05 km | Vel Err:    0.02 m/s
[Solver Step 016000] t= 6.496 | Pos Err:    0.07 km | Vel Err:    0.00 m/s
[Solver Step 017000] t= 6.923 | Pos Err:    0.09 km | Vel Err:    0.00 m/s
[Solver Step 018000] t= 7.267 | Pos Err:    0.16 km | Vel Err:    0.10 m/s
[Solver Step 019000] t= 7.687 | Pos Err:    0.06 km | Vel Err:    0.00 m/s
[Solver Step 020000] t= 8.167 | Pos Err:    0.03 km | Vel Err:    0.00 m/s
[Solver Step 021000] t= 8.552 | Pos Err:    0.02 km | Vel Err:    0.03 m/s
[Solver Step 022000] t= 8.922 | Pos Err:    0.04 km | Vel Err:    0.00 m/s
[Solver Step 023000] t= 9.314 | Pos Err:    0.10 km | Vel Err:    0.00 m/s
[Solver Step 024000] t= 9.772 | Pos Err:    0.10 km | Vel Err:    0.03 m/s
[Solver Step 025000] t=10.173 | Pos Err:    0.09 km | Vel Err:    0.00 m/s
[Solver Step 026000] t=10.573 | Pos Err:    0.07 km | Vel Err:    0.00 m/s
[Solver Step 027000] t=10.932 | Pos Err:    0.09 km | Vel Err:    0.09 m/s
[Solver Step 028000] t=11.352 | Pos Err:    0.08 km | Vel Err:    0.00 m/s
[Solver Step 029000] t=11.808 | Pos Err:    0.10 km | Vel Err:    0.00 m/s
[Solver Step 030000] t=12.177 | Pos Err:    0.09 km | Vel Err:    0.03 m/s
Completed [EARTH_ORBIT] Trajectory 424/600 | Saved 2583 samples | Total: 585277
[Multiple Shooting] Converged in 2 iterations with residual 1.55e-15
[Solver Step 001000] t= 0.464 | Pos Err:    0.47 km | Vel Err:    0.01 m/s
[Solver Step 002000] t= 1.001 | Pos Err:    0.12 km | Vel Err:    0.00 m/s
[Solver Step 003000] t= 1.599 | Pos Err:    0.11 km | Vel Err:    0.02 m/s
[Solver Step 004000] t= 2.092 | Pos Err:    0.15 km | Vel Err:    0.00 m/s
[Solver Step 005000] t= 2.506 | Pos Err:    0.33 km | Vel Err:    0.01 m/s
[Solver Step 006000] t= 3.039 | Pos Err:    4.61 km | Vel Err:    0.12 m/s
Completed [HALO_L2] Trajectory 425/600 | Saved 515 samples | Total: 585792
[Solver Step 001000] t= 0.418 | Pos Err:    0.64 km | Vel Err:    0.01 m/s
[Solver Step 002000] t= 0.792 | Pos Err:    0.07 km | Vel Err:    0.00 m/s
[Solver Step 003000] t= 1.101 | Pos Err:    0.01 km | Vel Err:    0.04 m/s
[Solver Step 004000] t= 1.554 | Pos Err:    0.05 km | Vel Err:    0.00 m/s
[Solver Step 005000] t= 2.104 | Pos Err:    0.05 km | Vel Err:    0.00 m/s
[Solver Step 006000] t= 2.517 | Pos Err:    0.05 km | Vel Err:    0.01 m/s
[Solver Step 007000] t= 3.017 | Pos Err:    0.04 km | Vel Err:    0.00 m/s
[Solver Step 008000] t= 3.570 | Pos Err:    0.04 km | Vel Err:    0.00 m/s
[Solver Step 009000] t= 4.059 | Pos Err:    0.04 km | Vel Err:    0.01 m/s
[Solver Step 010000] t= 4.462 | Pos Err:    0.04 km | Vel Err:    0.00 m/s
[Solver Step 011000] t= 5.000 | Pos Err:    0.04 km | Vel Err:    0.00 m/s
[Solver Step 012000] t= 5.587 | Pos Err:    0.03 km | Vel Err:    0.05 m/s
[Solver Step 013000] t= 6.068 | Pos Err:    0.05 km | Vel Err:    0.00 m/s
[Solver Step 014000] t= 6.470 | Pos Err:    0.06 km | Vel Err:    0.00 m/s
[Solver Step 015000] t= 7.028 | Pos Err:    0.04 km | Vel Err:    0.08 m/s
Completed [MOON_ORBIT] Trajectory 426/600 | Saved 1314 samples | Total: 587106
[Solver Step 001000] t= 0.412 | Pos Err:    1.97 km | Vel Err:    0.05 m/s
[Solver Step 002000] t= 0.816 | Pos Err:    0.06 km | Vel Err:    0.00 m/s
[Solver Step 003000] t= 1.258 | Pos Err:    0.05 km | Vel Err:    0.01 m/s
[Solver Step 004000] t= 1.605 | Pos Err:    0.04 km | Vel Err:    0.00 m/s
[Solver Step 005000] t= 1.990 | Pos Err:    0.06 km | Vel Err:    0.00 m/s
[Solver Step 006000] t= 2.443 | Pos Err:    0.08 km | Vel Err:    0.02 m/s
[Solver Step 007000] t= 2.844 | Pos Err:    0.08 km | Vel Err:    0.00 m/s
[Solver Step 008000] t= 3.243 | Pos Err:    0.08 km | Vel Err:    0.00 m/s
[Solver Step 009000] t= 3.617 | Pos Err:    0.12 km | Vel Err:    0.08 m/s
[Solver Step 010000] t= 4.031 | Pos Err:    0.04 km | Vel Err:    0.00 m/s
[Solver Step 011000] t= 4.450 | Pos Err:    0.06 km | Vel Err:    0.00 m/s
[Solver Step 012000] t= 4.893 | Pos Err:    0.05 km | Vel Err:    0.04 m/s
[Solver Step 013000] t= 5.231 | Pos Err:    0.08 km | Vel Err:    0.00 m/s
[Solver Step 014000] t= 5.629 | Pos Err:    0.07 km | Vel Err:    0.00 m/s
[Solver Step 015000] t= 6.108 | Pos Err:    0.04 km | Vel Err:    0.02 m/s
[Solver Step 016000] t= 6.494 | Pos Err:    0.04 km | Vel Err:    0.00 m/s
[Solver Step 017000] t= 6.922 | Pos Err:    0.04 km | Vel Err:    0.00 m/s
[Solver Step 018000] t= 7.266 | Pos Err:    0.11 km | Vel Err:    0.10 m/s
[Solver Step 019000] t= 7.686 | Pos Err:    0.08 km | Vel Err:    0.00 m/s
[Solver Step 020000] t= 8.166 | Pos Err:    0.08 km | Vel Err:    0.00 m/s
[Solver Step 021000] t= 8.551 | Pos Err:    0.06 km | Vel Err:    0.03 m/s
[Solver Step 022000] t= 8.921 | Pos Err:    0.06 km | Vel Err:    0.00 m/s
[Solver Step 023000] t= 9.312 | Pos Err:    0.04 km | Vel Err:    0.00 m/s
[Solver Step 024000] t= 9.771 | Pos Err:    0.07 km | Vel Err:    0.03 m/s
[Solver Step 025000] t=10.172 | Pos Err:    0.08 km | Vel Err:    0.00 m/s
[Solver Step 026000] t=10.572 | Pos Err:    0.08 km | Vel Err:    0.00 m/s
[Solver Step 027000] t=10.931 | Pos Err:    0.14 km | Vel Err:    0.09 m/s
[Solver Step 028000] t=11.351 | Pos Err:    0.04 km | Vel Err:    0.00 m/s
[Solver Step 029000] t=11.806 | Pos Err:    0.04 km | Vel Err:    0.00 m/s
[Solver Step 030000] t=12.176 | Pos Err:    0.04 km | Vel Err:    0.03 m/s
[Solver Step 031000] t=12.566 | Pos Err:    0.06 km | Vel Err:    0.00 m/s
Completed [EARTH_ORBIT] Trajectory 427/600 | Saved 2584 samples | Total: 589690
[Solver Step 001000] t= 0.417 | Pos Err:    0.61 km | Vel Err:    0.01 m/s
[Solver Step 002000] t= 0.791 | Pos Err:    0.07 km | Vel Err:    0.00 m/s
[Solver Step 003000] t= 1.101 | Pos Err:    0.01 km | Vel Err:    0.04 m/s
[Solver Step 004000] t= 1.553 | Pos Err:    0.05 km | Vel Err:    0.00 m/s
[Solver Step 005000] t= 2.104 | Pos Err:    0.05 km | Vel Err:    0.00 m/s
[Solver Step 006000] t= 2.517 | Pos Err:    0.04 km | Vel Err:    0.01 m/s
[Solver Step 007000] t= 3.017 | Pos Err:    0.04 km | Vel Err:    0.00 m/s
[Solver Step 008000] t= 3.569 | Pos Err:    0.04 km | Vel Err:    0.00 m/s
[Solver Step 009000] t= 4.059 | Pos Err:    0.04 km | Vel Err:    0.01 m/s
[Solver Step 010000] t= 4.461 | Pos Err:    0.04 km | Vel Err:    0.00 m/s
[Solver Step 011000] t= 4.999 | Pos Err:    0.05 km | Vel Err:    0.00 m/s
[Solver Step 012000] t= 5.586 | Pos Err:    0.04 km | Vel Err:    0.05 m/s
[Solver Step 013000] t= 6.068 | Pos Err:    0.05 km | Vel Err:    0.00 m/s
[Solver Step 014000] t= 6.469 | Pos Err:    0.06 km | Vel Err:    0.00 m/s
[Solver Step 015000] t= 7.027 | Pos Err:    0.04 km | Vel Err:    0.08 m/s
Completed [MOON_ORBIT] Trajectory 428/600 | Saved 1314 samples | Total: 591004
[Solver Step 001000] t= 0.415 | Pos Err:    0.73 km | Vel Err:    0.02 m/s
[Solver Step 002000] t= 0.819 | Pos Err:    0.05 km | Vel Err:    0.00 m/s
[Solver Step 003000] t= 1.260 | Pos Err:    0.06 km | Vel Err:    0.01 m/s
[Solver Step 004000] t= 1.608 | Pos Err:    0.06 km | Vel Err:    0.00 m/s
[Solver Step 005000] t= 1.993 | Pos Err:    0.04 km | Vel Err:    0.00 m/s
[Solver Step 006000] t= 2.446 | Pos Err:    0.06 km | Vel Err:    0.02 m/s
[Solver Step 007000] t= 2.848 | Pos Err:    0.06 km | Vel Err:    0.00 m/s
[Solver Step 008000] t= 3.244 | Pos Err:    0.07 km | Vel Err:    0.00 m/s
[Solver Step 009000] t= 3.620 | Pos Err:    0.12 km | Vel Err:    0.08 m/s
[Solver Step 010000] t= 4.034 | Pos Err:    0.04 km | Vel Err:    0.00 m/s
[Solver Step 011000] t= 4.453 | Pos Err:    0.05 km | Vel Err:    0.00 m/s
[Solver Step 012000] t= 4.896 | Pos Err:    0.03 km | Vel Err:    0.04 m/s
[Solver Step 013000] t= 5.234 | Pos Err:    0.05 km | Vel Err:    0.00 m/s
[Solver Step 014000] t= 5.632 | Pos Err:    0.06 km | Vel Err:    0.00 m/s
[Solver Step 015000] t= 6.111 | Pos Err:    0.06 km | Vel Err:    0.02 m/s
[Solver Step 016000] t= 6.497 | Pos Err:    0.06 km | Vel Err:    0.00 m/s
[Solver Step 017000] t= 6.925 | Pos Err:    0.05 km | Vel Err:    0.00 m/s
[Solver Step 018000] t= 7.269 | Pos Err:    0.11 km | Vel Err:    0.10 m/s
[Solver Step 019000] t= 7.689 | Pos Err:    0.06 km | Vel Err:    0.00 m/s
[Solver Step 020000] t= 8.168 | Pos Err:    0.07 km | Vel Err:    0.00 m/s
[Solver Step 021000] t= 8.554 | Pos Err:    0.05 km | Vel Err:    0.03 m/s
[Solver Step 022000] t= 8.922 | Pos Err:    0.06 km | Vel Err:    0.00 m/s
[Solver Step 023000] t= 9.315 | Pos Err:    0.04 km | Vel Err:    0.00 m/s
[Solver Step 024000] t= 9.774 | Pos Err:    0.05 km | Vel Err:    0.03 m/s
[Solver Step 025000] t=10.175 | Pos Err:    0.06 km | Vel Err:    0.00 m/s
[Solver Step 026000] t=10.575 | Pos Err:    0.06 km | Vel Err:    0.00 m/s
[Solver Step 027000] t=10.934 | Pos Err:    0.13 km | Vel Err:    0.09 m/s
[Solver Step 028000] t=11.354 | Pos Err:    0.05 km | Vel Err:    0.00 m/s
[Solver Step 029000] t=11.810 | Pos Err:    0.05 km | Vel Err:    0.00 m/s
[Solver Step 030000] t=12.178 | Pos Err:    0.03 km | Vel Err:    0.03 m/s
Completed [EARTH_ORBIT] Trajectory 429/600 | Saved 2583 samples | Total: 593587
[Solver Step 001000] t= 0.412 | Pos Err:    2.79 km | Vel Err:    0.07 m/s
[Solver Step 002000] t= 0.816 | Pos Err:    0.06 km | Vel Err:    0.00 m/s
[Solver Step 003000] t= 1.258 | Pos Err:    0.06 km | Vel Err:    0.01 m/s
[Solver Step 004000] t= 1.605 | Pos Err:    0.04 km | Vel Err:    0.00 m/s
[Solver Step 005000] t= 1.990 | Pos Err:    0.06 km | Vel Err:    0.00 m/s
[Solver Step 006000] t= 2.443 | Pos Err:    0.09 km | Vel Err:    0.02 m/s
[Solver Step 007000] t= 2.844 | Pos Err:    0.10 km | Vel Err:    0.00 m/s
[Solver Step 008000] t= 3.242 | Pos Err:    0.10 km | Vel Err:    0.00 m/s
[Solver Step 009000] t= 3.617 | Pos Err:    0.14 km | Vel Err:    0.08 m/s
[Solver Step 010000] t= 4.030 | Pos Err:    0.03 km | Vel Err:    0.00 m/s
[Solver Step 011000] t= 4.450 | Pos Err:    0.05 km | Vel Err:    0.00 m/s
[Solver Step 012000] t= 4.892 | Pos Err:    0.05 km | Vel Err:    0.04 m/s
[Solver Step 013000] t= 5.231 | Pos Err:    0.08 km | Vel Err:    0.00 m/s
[Solver Step 014000] t= 5.629 | Pos Err:    0.09 km | Vel Err:    0.00 m/s
[Solver Step 015000] t= 6.108 | Pos Err:    0.05 km | Vel Err:    0.02 m/s
[Solver Step 016000] t= 6.494 | Pos Err:    0.04 km | Vel Err:    0.00 m/s
[Solver Step 017000] t= 6.922 | Pos Err:    0.03 km | Vel Err:    0.00 m/s
[Solver Step 018000] t= 7.266 | Pos Err:    0.09 km | Vel Err:    0.10 m/s
[Solver Step 019000] t= 7.686 | Pos Err:    0.10 km | Vel Err:    0.00 m/s
[Solver Step 020000] t= 8.166 | Pos Err:    0.09 km | Vel Err:    0.00 m/s
[Solver Step 021000] t= 8.551 | Pos Err:    0.08 km | Vel Err:    0.03 m/s
[Solver Step 022000] t= 8.921 | Pos Err:    0.07 km | Vel Err:    0.00 m/s
[Solver Step 023000] t= 9.312 | Pos Err:    0.03 km | Vel Err:    0.00 m/s
[Solver Step 024000] t= 9.770 | Pos Err:    0.07 km | Vel Err:    0.03 m/s
[Solver Step 025000] t=10.172 | Pos Err:    0.09 km | Vel Err:    0.00 m/s
[Solver Step 026000] t=10.572 | Pos Err:    0.09 km | Vel Err:    0.00 m/s
[Solver Step 027000] t=10.931 | Pos Err:    0.16 km | Vel Err:    0.09 m/s
[Solver Step 028000] t=11.351 | Pos Err:    0.03 km | Vel Err:    0.00 m/s
[Solver Step 029000] t=11.806 | Pos Err:    0.03 km | Vel Err:    0.00 m/s
[Solver Step 030000] t=12.176 | Pos Err:    0.03 km | Vel Err:    0.03 m/s
[Solver Step 031000] t=12.566 | Pos Err:    0.06 km | Vel Err:    0.00 m/s
Completed [EARTH_ORBIT] Trajectory 430/600 | Saved 2584 samples | Total: 596171
[Multiple Shooting] Converged in 2 iterations with residual 1.50e-15
[Solver Step 001000] t= 0.463 | Pos Err:    0.43 km | Vel Err:    0.01 m/s
[Solver Step 002000] t= 1.020 | Pos Err:    0.14 km | Vel Err:    0.00 m/s
[Solver Step 003000] t= 1.617 | Pos Err:    0.10 km | Vel Err:    0.01 m/s
[Solver Step 004000] t= 2.055 | Pos Err:    0.26 km | Vel Err:    0.01 m/s
[Solver Step 005000] t= 2.508 | Pos Err:    0.33 km | Vel Err:    0.01 m/s
[Solver Step 006000] t= 3.059 | Pos Err:    5.36 km | Vel Err:    0.14 m/s
Completed [HALO_L2] Trajectory 431/600 | Saved 512 samples | Total: 596683
[Solver Step 001000] t= 0.216 | Pos Err:   19.02 km | Vel Err:    0.34 m/s
[Solver Step 002000] t= 0.469 | Pos Err:    2.25 km | Vel Err:    0.06 m/s
[Solver Step 003000] t= 0.710 | Pos Err:    0.32 km | Vel Err:    0.05 m/s
[Solver Step 004000] t= 0.927 | Pos Err:    0.02 km | Vel Err:    0.00 m/s
[Solver Step 005000] t= 1.177 | Pos Err:    0.07 km | Vel Err:    0.00 m/s
[Solver Step 006000] t= 1.430 | Pos Err:    0.09 km | Vel Err:    0.04 m/s
[Solver Step 007000] t= 1.661 | Pos Err:    0.08 km | Vel Err:    0.00 m/s
[Solver Step 008000] t= 1.875 | Pos Err:    0.08 km | Vel Err:    0.00 m/s
[Solver Step 009000] t= 2.134 | Pos Err:    0.14 km | Vel Err:    0.08 m/s
[Solver Step 010000] t= 2.378 | Pos Err:    0.08 km | Vel Err:    0.00 m/s
[Solver Step 011000] t= 2.590 | Pos Err:    0.06 km | Vel Err:    0.00 m/s
[Solver Step 012000] t= 2.837 | Pos Err:    1.00 km | Vel Err:    0.76 m/s
[Solver Step 013000] t= 3.092 | Pos Err:    0.07 km | Vel Err:    0.00 m/s
[Solver Step 014000] t= 3.313 | Pos Err:    0.04 km | Vel Err:    0.00 m/s
[Solver Step 015000] t= 3.535 | Pos Err:    0.71 km | Vel Err:    0.55 m/s
[Solver Step 016000] t= 3.796 | Pos Err:    0.06 km | Vel Err:    0.00 m/s
[Solver Step 017000] t= 4.036 | Pos Err:    0.02 km | Vel Err:    0.00 m/s
[Solver Step 018000] t= 4.246 | Pos Err:    0.35 km | Vel Err:    0.22 m/s
[Solver Step 019000] t= 4.497 | Pos Err:    0.03 km | Vel Err:    0.02 m/s
[Solver Step 020000] t= 4.751 | Pos Err:    0.02 km | Vel Err:    0.00 m/s
[Solver Step 021000] t= 4.969 | Pos Err:    0.15 km | Vel Err:    0.11 m/s
[Solver Step 022000] t= 5.189 | Pos Err:    0.03 km | Vel Err:    0.01 m/s
[Solver Step 023000] t= 5.455 | Pos Err:    0.03 km | Vel Err:    0.00 m/s
[Solver Step 024000] t= 5.698 | Pos Err:    0.13 km | Vel Err:    0.12 m/s
[Solver Step 025000] t= 5.906 | Pos Err:    0.06 km | Vel Err:    0.00 m/s
[Solver Step 026000] t= 6.159 | Pos Err:    0.04 km | Vel Err:    0.00 m/s
[Solver Step 027000] t= 6.414 | Pos Err:    0.27 km | Vel Err:    0.24 m/s
[Solver Step 028000] t= 6.627 | Pos Err:    0.08 km | Vel Err:    0.00 m/s
[Solver Step 029000] t= 6.851 | Pos Err:    0.07 km | Vel Err:    0.00 m/s
Completed [TRANSFER] Trajectory 432/600 | Saved 2399 samples | Total: 599082
[Multiple Shooting] Converged in 2 iterations with residual 1.10e-11
[Solver Step 001000] t= 0.416 | Pos Err:    0.25 km | Vel Err:    0.01 m/s
[Solver Step 002000] t= 0.921 | Pos Err:    2.75 km | Vel Err:    0.05 m/s
[Solver Step 003000] t= 1.379 | Pos Err:   42.12 km | Vel Err:    0.82 m/s
[Solver Step 004000] t= 1.744 | Pos Err:  102.87 km | Vel Err:    2.11 m/s
[Solver Step 005000] t= 2.242 | Pos Err:    1.90 km | Vel Err:    0.04 m/s
[Solver Step 006000] t= 2.664 | Pos Err:    0.78 km | Vel Err:    0.01 m/s
[Solver Step 007000] t= 3.083 | Pos Err:    6.88 km | Vel Err:    0.15 m/s
Completed [HALO_L1] Trajectory 433/600 | Saved 594 samples | Total: 599676
[Solver Step 001000] t= 0.217 | Pos Err:   20.49 km | Vel Err:    0.55 m/s
[Solver Step 002000] t= 0.471 | Pos Err:    2.55 km | Vel Err:    0.06 m/s
[Solver Step 003000] t= 0.713 | Pos Err:    0.33 km | Vel Err:    0.03 m/s
[Solver Step 004000] t= 0.930 | Pos Err:    0.03 km | Vel Err:    0.00 m/s
[Solver Step 005000] t= 1.177 | Pos Err:    0.07 km | Vel Err:    0.00 m/s
[Solver Step 006000] t= 1.431 | Pos Err:    0.05 km | Vel Err:    0.04 m/s
[Solver Step 007000] t= 1.663 | Pos Err:    0.04 km | Vel Err:    0.00 m/s
[Solver Step 008000] t= 1.877 | Pos Err:    0.06 km | Vel Err:    0.00 m/s
[Solver Step 009000] t= 2.135 | Pos Err:    0.08 km | Vel Err:    0.09 m/s
[Solver Step 010000] t= 2.378 | Pos Err:    0.03 km | Vel Err:    0.00 m/s
[Solver Step 011000] t= 2.590 | Pos Err:    0.04 km | Vel Err:    0.00 m/s
[Solver Step 012000] t= 2.837 | Pos Err:    0.99 km | Vel Err:    0.76 m/s
[Solver Step 013000] t= 3.092 | Pos Err:    0.01 km | Vel Err:    0.00 m/s
[Solver Step 014000] t= 3.313 | Pos Err:    0.04 km | Vel Err:    0.00 m/s
[Solver Step 015000] t= 3.535 | Pos Err:    0.77 km | Vel Err:    0.55 m/s
[Solver Step 016000] t= 3.796 | Pos Err:    0.01 km | Vel Err:    0.00 m/s
[Solver Step 017000] t= 4.036 | Pos Err:    0.05 km | Vel Err:    0.00 m/s
[Solver Step 018000] t= 4.246 | Pos Err:    0.41 km | Vel Err:    0.22 m/s
[Solver Step 019000] t= 4.497 | Pos Err:    0.05 km | Vel Err:    0.02 m/s
[Solver Step 020000] t= 4.751 | Pos Err:    0.07 km | Vel Err:    0.00 m/s
[Solver Step 021000] t= 4.969 | Pos Err:    0.18 km | Vel Err:    0.11 m/s
[Solver Step 022000] t= 5.189 | Pos Err:    0.06 km | Vel Err:    0.01 m/s
[Solver Step 023000] t= 5.455 | Pos Err:    0.08 km | Vel Err:    0.00 m/s
[Solver Step 024000] t= 5.698 | Pos Err:    0.11 km | Vel Err:    0.12 m/s
[Solver Step 025000] t= 5.904 | Pos Err:    0.06 km | Vel Err:    0.00 m/s
[Solver Step 026000] t= 6.158 | Pos Err:    0.07 km | Vel Err:    0.00 m/s
[Solver Step 027000] t= 6.412 | Pos Err:    0.21 km | Vel Err:    0.24 m/s
[Solver Step 028000] t= 6.624 | Pos Err:    0.07 km | Vel Err:    0.00 m/s
[Solver Step 029000] t= 6.850 | Pos Err:    0.09 km | Vel Err:    0.00 m/s
Completed [TRANSFER] Trajectory 434/600 | Saved 2399 samples | Total: 602075
[Solver Step 001000] t= 0.418 | Pos Err:    0.50 km | Vel Err:    0.01 m/s
[Solver Step 002000] t= 0.792 | Pos Err:    0.06 km | Vel Err:    0.00 m/s
[Solver Step 003000] t= 1.101 | Pos Err:    0.01 km | Vel Err:    0.04 m/s
[Solver Step 004000] t= 1.554 | Pos Err:    0.05 km | Vel Err:    0.00 m/s
[Solver Step 005000] t= 2.105 | Pos Err:    0.06 km | Vel Err:    0.00 m/s
[Solver Step 006000] t= 2.518 | Pos Err:    0.05 km | Vel Err:    0.01 m/s
[Solver Step 007000] t= 3.018 | Pos Err:    0.05 km | Vel Err:    0.00 m/s
[Solver Step 008000] t= 3.570 | Pos Err:    0.05 km | Vel Err:    0.00 m/s
[Solver Step 009000] t= 4.059 | Pos Err:    0.05 km | Vel Err:    0.01 m/s
[Solver Step 010000] t= 4.462 | Pos Err:    0.05 km | Vel Err:    0.00 m/s
[Solver Step 011000] t= 5.000 | Pos Err:    0.05 km | Vel Err:    0.00 m/s
[Solver Step 012000] t= 5.587 | Pos Err:    0.03 km | Vel Err:    0.05 m/s
[Solver Step 013000] t= 6.069 | Pos Err:    0.05 km | Vel Err:    0.00 m/s
[Solver Step 014000] t= 6.470 | Pos Err:    0.05 km | Vel Err:    0.00 m/s
[Solver Step 015000] t= 7.028 | Pos Err:    0.03 km | Vel Err:    0.08 m/s
Completed [MOON_ORBIT] Trajectory 435/600 | Saved 1314 samples | Total: 603389
[Solver Step 001000] t= 0.418 | Pos Err:    0.63 km | Vel Err:    0.01 m/s
[Solver Step 002000] t= 0.792 | Pos Err:    0.07 km | Vel Err:    0.00 m/s
[Solver Step 003000] t= 1.101 | Pos Err:    0.01 km | Vel Err:    0.04 m/s
[Solver Step 004000] t= 1.554 | Pos Err:    0.05 km | Vel Err:    0.00 m/s
[Solver Step 005000] t= 2.104 | Pos Err:    0.05 km | Vel Err:    0.00 m/s
[Solver Step 006000] t= 2.517 | Pos Err:    0.05 km | Vel Err:    0.01 m/s
[Solver Step 007000] t= 3.017 | Pos Err:    0.05 km | Vel Err:    0.00 m/s
[Solver Step 008000] t= 3.570 | Pos Err:    0.04 km | Vel Err:    0.00 m/s
[Solver Step 009000] t= 4.059 | Pos Err:    0.04 km | Vel Err:    0.01 m/s
[Solver Step 010000] t= 4.462 | Pos Err:    0.04 km | Vel Err:    0.00 m/s
[Solver Step 011000] t= 5.000 | Pos Err:    0.04 km | Vel Err:    0.00 m/s
[Solver Step 012000] t= 5.587 | Pos Err:    0.03 km | Vel Err:    0.05 m/s
[Solver Step 013000] t= 6.068 | Pos Err:    0.05 km | Vel Err:    0.00 m/s
[Solver Step 014000] t= 6.470 | Pos Err:    0.06 km | Vel Err:    0.00 m/s
[Solver Step 015000] t= 7.028 | Pos Err:    0.03 km | Vel Err:    0.08 m/s
Completed [MOON_ORBIT] Trajectory 436/600 | Saved 1314 samples | Total: 604703
[Multiple Shooting] Converged in 3 iterations with residual 3.19e-15
[Solver Step 001000] t= 0.407 | Pos Err:    2.51 km | Vel Err:    0.06 m/s
[Solver Step 002000] t= 0.798 | Pos Err:    3.38 km | Vel Err:    0.06 m/s
[Solver Step 003000] t= 1.177 | Pos Err:    3.39 km | Vel Err:    0.05 m/s
[Solver Step 004000] t= 1.560 | Pos Err:    5.78 km | Vel Err:    0.12 m/s
[Solver Step 005000] t= 1.952 | Pos Err:    2.43 km | Vel Err:    0.05 m/s
[Solver Step 006000] t= 2.341 | Pos Err:    7.33 km | Vel Err:    0.16 m/s
Completed [DRO] Trajectory 437/600 | Saved 532 samples | Total: 605235
[Multiple Shooting] Converged in 2 iterations with residual 2.87e-12
[Solver Step 001000] t= 0.418 | Pos Err:    0.66 km | Vel Err:    0.01 m/s
[Solver Step 002000] t= 0.923 | Pos Err:    2.21 km | Vel Err:    0.04 m/s
[Solver Step 003000] t= 1.388 | Pos Err:   34.16 km | Vel Err:    0.66 m/s
[Solver Step 004000] t= 1.741 | Pos Err:  106.30 km | Vel Err:    2.14 m/s
[Solver Step 005000] t= 2.241 | Pos Err:    2.07 km | Vel Err:    0.05 m/s
[Solver Step 006000] t= 2.673 | Pos Err:    1.01 km | Vel Err:    0.02 m/s
[Solver Step 007000] t= 3.080 | Pos Err:    6.93 km | Vel Err:    0.15 m/s
Completed [HALO_L1] Trajectory 438/600 | Saved 594 samples | Total: 605829
[Multiple Shooting] Converged in 2 iterations with residual 7.64e-12
[Solver Step 001000] t= 0.416 | Pos Err:    0.47 km | Vel Err:    0.01 m/s
[Solver Step 002000] t= 0.921 | Pos Err:    2.53 km | Vel Err:    0.05 m/s
[Solver Step 003000] t= 1.381 | Pos Err:   39.23 km | Vel Err:    0.76 m/s
[Solver Step 004000] t= 1.742 | Pos Err:  105.34 km | Vel Err:    2.14 m/s
[Solver Step 005000] t= 2.240 | Pos Err:    2.06 km | Vel Err:    0.05 m/s
[Solver Step 006000] t= 2.666 | Pos Err:    0.84 km | Vel Err:    0.01 m/s
[Solver Step 007000] t= 3.081 | Pos Err:    6.92 km | Vel Err:    0.16 m/s
Completed [HALO_L1] Trajectory 439/600 | Saved 594 samples | Total: 606423
[Multiple Shooting] Converged in 4 iterations with residual 3.00e-13
[Solver Step 001000] t= 0.344 | Pos Err:    8.00 km | Vel Err:    0.17 m/s
[Solver Step 002000] t= 0.692 | Pos Err:   57.39 km | Vel Err:    1.26 m/s
[Solver Step 003000] t= 1.048 | Pos Err:   27.42 km | Vel Err:    0.53 m/s
[Solver Step 004000] t= 1.403 | Pos Err:    1.94 km | Vel Err:    0.04 m/s
[Solver Step 005000] t= 1.764 | Pos Err:   26.35 km | Vel Err:    0.54 m/s
[Solver Step 006000] t= 2.112 | Pos Err:   50.13 km | Vel Err:    0.86 m/s
[Solver Step 007000] t= 2.463 | Pos Err:  154.39 km | Vel Err:    3.43 m/s
Completed [DRO] Trajectory 440/600 | Saved 594 samples | Total: 607017
[Solver Step 001000] t= 0.216 | Pos Err:   16.85 km | Vel Err:    0.38 m/s
[Solver Step 002000] t= 0.469 | Pos Err:    2.09 km | Vel Err:    0.03 m/s
[Solver Step 003000] t= 0.710 | Pos Err:    0.23 km | Vel Err:    0.04 m/s
[Solver Step 004000] t= 0.927 | Pos Err:    0.02 km | Vel Err:    0.00 m/s
[Solver Step 005000] t= 1.177 | Pos Err:    0.03 km | Vel Err:    0.00 m/s
[Solver Step 006000] t= 1.430 | Pos Err:    0.09 km | Vel Err:    0.03 m/s
[Solver Step 007000] t= 1.661 | Pos Err:    0.08 km | Vel Err:    0.00 m/s
[Solver Step 008000] t= 1.877 | Pos Err:    0.05 km | Vel Err:    0.00 m/s
[Solver Step 009000] t= 2.135 | Pos Err:    0.22 km | Vel Err:    0.14 m/s
[Solver Step 010000] t= 2.381 | Pos Err:    0.09 km | Vel Err:    0.00 m/s
[Solver Step 011000] t= 2.597 | Pos Err:    0.06 km | Vel Err:    0.00 m/s
[Solver Step 012000] t= 2.841 | Pos Err:    0.99 km | Vel Err:    0.83 m/s
[Solver Step 013000] t= 3.096 | Pos Err:    0.09 km | Vel Err:    0.00 m/s
[Solver Step 014000] t= 3.317 | Pos Err:    0.06 km | Vel Err:    0.00 m/s
[Solver Step 015000] t= 3.538 | Pos Err:    0.63 km | Vel Err:    0.51 m/s
[Solver Step 016000] t= 3.798 | Pos Err:    0.09 km | Vel Err:    0.00 m/s
[Solver Step 017000] t= 4.041 | Pos Err:    0.06 km | Vel Err:    0.00 m/s
[Solver Step 018000] t= 4.250 | Pos Err:    0.30 km | Vel Err:    0.20 m/s
[Solver Step 019000] t= 4.499 | Pos Err:    0.06 km | Vel Err:    0.02 m/s
[Solver Step 020000] t= 4.754 | Pos Err:    0.05 km | Vel Err:    0.00 m/s
[Solver Step 021000] t= 4.973 | Pos Err:    0.08 km | Vel Err:    0.11 m/s
[Solver Step 022000] t= 5.192 | Pos Err:    0.05 km | Vel Err:    0.01 m/s
[Solver Step 023000] t= 5.458 | Pos Err:    0.04 km | Vel Err:    0.00 m/s
[Solver Step 024000] t= 5.701 | Pos Err:    0.10 km | Vel Err:    0.12 m/s
[Solver Step 025000] t= 5.908 | Pos Err:    0.03 km | Vel Err:    0.00 m/s
[Solver Step 026000] t= 6.160 | Pos Err:    0.03 km | Vel Err:    0.00 m/s
[Solver Step 027000] t= 6.416 | Pos Err:    0.25 km | Vel Err:    0.24 m/s
[Solver Step 028000] t= 6.629 | Pos Err:    0.05 km | Vel Err:    0.00 m/s
[Solver Step 029000] t= 6.852 | Pos Err:    0.02 km | Vel Err:    0.00 m/s
Completed [TRANSFER] Trajectory 441/600 | Saved 2399 samples | Total: 609416
[Multiple Shooting] Converged in 6 iterations with residual 1.13e-12
[Solver Step 001000] t= 0.317 | Pos Err:  122.49 km | Vel Err:    2.53 m/s
[Solver Step 002000] t= 0.642 | Pos Err:  411.70 km | Vel Err:    7.46 m/s
[Solver Step 003000] t= 0.995 | Pos Err:   35.56 km | Vel Err:    0.55 m/s
[Solver Step 004000] t= 1.317 | Pos Err:  618.96 km | Vel Err:   13.92 m/s
[Solver Step 005000] t= 1.672 | Pos Err:   66.33 km | Vel Err:    1.43 m/s
[Solver Step 006000] t= 1.997 | Pos Err:  175.18 km | Vel Err:    3.11 m/s
[Solver Step 007000] t= 2.325 | Pos Err:  558.04 km | Vel Err:   12.07 m/s
Completed [DRO] Trajectory 442/600 | Saved 628 samples | Total: 610044
[Multiple Shooting] Converged in 2 iterations with residual 1.79e-15
[Solver Step 001000] t= 0.497 | Pos Err:    0.38 km | Vel Err:    0.01 m/s
[Solver Step 002000] t= 0.948 | Pos Err:    0.26 km | Vel Err:    0.01 m/s
[Solver Step 003000] t= 1.460 | Pos Err:    0.09 km | Vel Err:    0.01 m/s
[Solver Step 004000] t= 2.029 | Pos Err:    0.33 km | Vel Err:    0.01 m/s
[Solver Step 005000] t= 2.533 | Pos Err:    0.18 km | Vel Err:    0.00 m/s
[Solver Step 006000] t= 2.935 | Pos Err:    1.35 km | Vel Err:    0.03 m/s
Completed [HALO_L2] Trajectory 443/600 | Saved 535 samples | Total: 610579
[Multiple Shooting] Converged in 2 iterations with residual 2.39e-11
[Solver Step 001000] t= 0.422 | Pos Err:    0.18 km | Vel Err:    0.00 m/s
[Solver Step 002000] t= 0.927 | Pos Err:    3.68 km | Vel Err:    0.07 m/s
[Solver Step 003000] t= 1.374 | Pos Err:   54.34 km | Vel Err:    1.07 m/s
[Solver Step 004000] t= 1.753 | Pos Err:   89.08 km | Vel Err:    1.88 m/s
[Solver Step 005000] t= 2.249 | Pos Err:    1.22 km | Vel Err:    0.03 m/s
[Solver Step 006000] t= 2.655 | Pos Err:    0.51 km | Vel Err:    0.01 m/s
[Solver Step 007000] t= 3.093 | Pos Err:    6.33 km | Vel Err:    0.15 m/s
Completed [HALO_L1] Trajectory 444/600 | Saved 592 samples | Total: 611171
[Solver Step 001000] t= 0.216 | Pos Err:   11.58 km | Vel Err:    0.16 m/s
[Solver Step 002000] t= 0.469 | Pos Err:    1.39 km | Vel Err:    0.02 m/s
[Solver Step 003000] t= 0.710 | Pos Err:    0.17 km | Vel Err:    0.05 m/s
[Solver Step 004000] t= 0.927 | Pos Err:    0.01 km | Vel Err:    0.00 m/s
[Solver Step 005000] t= 1.177 | Pos Err:    0.04 km | Vel Err:    0.00 m/s
[Solver Step 006000] t= 1.430 | Pos Err:    0.08 km | Vel Err:    0.03 m/s
[Solver Step 007000] t= 1.661 | Pos Err:    0.07 km | Vel Err:    0.00 m/s
[Solver Step 008000] t= 1.877 | Pos Err:    0.05 km | Vel Err:    0.00 m/s
[Solver Step 009000] t= 2.135 | Pos Err:    0.20 km | Vel Err:    0.14 m/s
[Solver Step 010000] t= 2.381 | Pos Err:    0.07 km | Vel Err:    0.00 m/s
[Solver Step 011000] t= 2.597 | Pos Err:    0.05 km | Vel Err:    0.00 m/s
[Solver Step 012000] t= 2.841 | Pos Err:    1.03 km | Vel Err:    0.83 m/s
[Solver Step 013000] t= 3.096 | Pos Err:    0.07 km | Vel Err:    0.00 m/s
[Solver Step 014000] t= 3.317 | Pos Err:    0.03 km | Vel Err:    0.00 m/s
[Solver Step 015000] t= 3.538 | Pos Err:    0.66 km | Vel Err:    0.51 m/s
[Solver Step 016000] t= 3.798 | Pos Err:    0.06 km | Vel Err:    0.00 m/s
[Solver Step 017000] t= 4.041 | Pos Err:    0.03 km | Vel Err:    0.00 m/s
[Solver Step 018000] t= 4.250 | Pos Err:    0.33 km | Vel Err:    0.20 m/s
[Solver Step 019000] t= 4.499 | Pos Err:    0.03 km | Vel Err:    0.02 m/s
[Solver Step 020000] t= 4.754 | Pos Err:    0.02 km | Vel Err:    0.00 m/s
[Solver Step 021000] t= 4.973 | Pos Err:    0.12 km | Vel Err:    0.11 m/s
[Solver Step 022000] t= 5.192 | Pos Err:    0.02 km | Vel Err:    0.01 m/s
[Solver Step 023000] t= 5.458 | Pos Err:    0.02 km | Vel Err:    0.00 m/s
[Solver Step 024000] t= 5.701 | Pos Err:    0.11 km | Vel Err:    0.12 m/s
[Solver Step 025000] t= 5.908 | Pos Err:    0.03 km | Vel Err:    0.00 m/s
[Solver Step 026000] t= 6.160 | Pos Err:    0.01 km | Vel Err:    0.00 m/s
[Solver Step 027000] t= 6.416 | Pos Err:    0.25 km | Vel Err:    0.24 m/s
[Solver Step 028000] t= 6.629 | Pos Err:    0.05 km | Vel Err:    0.00 m/s
[Solver Step 029000] t= 6.852 | Pos Err:    0.03 km | Vel Err:    0.00 m/s
Completed [TRANSFER] Trajectory 445/600 | Saved 2399 samples | Total: 613570
[Solver Step 001000] t= 0.418 | Pos Err:    0.75 km | Vel Err:    0.02 m/s
[Solver Step 002000] t= 0.792 | Pos Err:    0.07 km | Vel Err:    0.00 m/s
[Solver Step 003000] t= 1.101 | Pos Err:    0.01 km | Vel Err:    0.04 m/s
[Solver Step 004000] t= 1.553 | Pos Err:    0.05 km | Vel Err:    0.00 m/s
[Solver Step 005000] t= 2.104 | Pos Err:    0.05 km | Vel Err:    0.00 m/s
[Solver Step 006000] t= 2.517 | Pos Err:    0.05 km | Vel Err:    0.01 m/s
[Solver Step 007000] t= 3.017 | Pos Err:    0.04 km | Vel Err:    0.00 m/s
[Solver Step 008000] t= 3.570 | Pos Err:    0.05 km | Vel Err:    0.00 m/s
[Solver Step 009000] t= 4.059 | Pos Err:    0.05 km | Vel Err:    0.01 m/s
[Solver Step 010000] t= 4.461 | Pos Err:    0.05 km | Vel Err:    0.00 m/s
[Solver Step 011000] t= 4.999 | Pos Err:    0.05 km | Vel Err:    0.00 m/s
[Solver Step 012000] t= 5.586 | Pos Err:    0.05 km | Vel Err:    0.05 m/s
[Solver Step 013000] t= 6.068 | Pos Err:    0.06 km | Vel Err:    0.00 m/s
[Solver Step 014000] t= 6.470 | Pos Err:    0.07 km | Vel Err:    0.00 m/s
[Solver Step 015000] t= 7.027 | Pos Err:    0.04 km | Vel Err:    0.08 m/s
Completed [MOON_ORBIT] Trajectory 446/600 | Saved 1314 samples | Total: 614884
[Solver Step 001000] t= 0.412 | Pos Err:    4.05 km | Vel Err:    0.09 m/s
[Solver Step 002000] t= 0.816 | Pos Err:    0.12 km | Vel Err:    0.00 m/s
[Solver Step 003000] t= 1.258 | Pos Err:    0.03 km | Vel Err:    0.01 m/s
[Solver Step 004000] t= 1.605 | Pos Err:    0.06 km | Vel Err:    0.00 m/s
[Solver Step 005000] t= 1.990 | Pos Err:    0.11 km | Vel Err:    0.00 m/s
[Solver Step 006000] t= 2.443 | Pos Err:    0.11 km | Vel Err:    0.02 m/s
[Solver Step 007000] t= 2.844 | Pos Err:    0.09 km | Vel Err:    0.00 m/s
[Solver Step 008000] t= 3.243 | Pos Err:    0.07 km | Vel Err:    0.00 m/s
[Solver Step 009000] t= 3.617 | Pos Err:    0.07 km | Vel Err:    0.08 m/s
[Solver Step 010000] t= 4.031 | Pos Err:    0.10 km | Vel Err:    0.00 m/s
[Solver Step 011000] t= 4.450 | Pos Err:    0.12 km | Vel Err:    0.00 m/s
[Solver Step 012000] t= 4.893 | Pos Err:    0.10 km | Vel Err:    0.04 m/s
[Solver Step 013000] t= 5.231 | Pos Err:    0.11 km | Vel Err:    0.00 m/s
[Solver Step 014000] t= 5.629 | Pos Err:    0.04 km | Vel Err:    0.00 m/s
[Solver Step 015000] t= 6.108 | Pos Err:    0.04 km | Vel Err:    0.02 m/s
[Solver Step 016000] t= 6.494 | Pos Err:    0.06 km | Vel Err:    0.00 m/s
[Solver Step 017000] t= 6.922 | Pos Err:    0.09 km | Vel Err:    0.00 m/s
[Solver Step 018000] t= 7.266 | Pos Err:    0.16 km | Vel Err:    0.10 m/s
[Solver Step 019000] t= 7.686 | Pos Err:    0.09 km | Vel Err:    0.00 m/s
[Solver Step 020000] t= 8.166 | Pos Err:    0.06 km | Vel Err:    0.00 m/s
[Solver Step 021000] t= 8.551 | Pos Err:    0.04 km | Vel Err:    0.03 m/s
[Solver Step 022000] t= 8.921 | Pos Err:    0.03 km | Vel Err:    0.00 m/s
[Solver Step 023000] t= 9.312 | Pos Err:    0.10 km | Vel Err:    0.00 m/s
[Solver Step 024000] t= 9.771 | Pos Err:    0.11 km | Vel Err:    0.03 m/s
[Solver Step 025000] t=10.172 | Pos Err:    0.11 km | Vel Err:    0.00 m/s
[Solver Step 026000] t=10.572 | Pos Err:    0.10 km | Vel Err:    0.00 m/s
[Solver Step 027000] t=10.931 | Pos Err:    0.10 km | Vel Err:    0.09 m/s
[Solver Step 028000] t=11.351 | Pos Err:    0.07 km | Vel Err:    0.00 m/s
[Solver Step 029000] t=11.806 | Pos Err:    0.09 km | Vel Err:    0.00 m/s
[Solver Step 030000] t=12.176 | Pos Err:    0.10 km | Vel Err:    0.03 m/s
[Solver Step 031000] t=12.566 | Pos Err:    0.11 km | Vel Err:    0.00 m/s
Completed [EARTH_ORBIT] Trajectory 447/600 | Saved 2584 samples | Total: 617468
[Multiple Shooting] Converged in 2 iterations with residual 9.61e-12
[Solver Step 001000] t= 0.420 | Pos Err:    0.53 km | Vel Err:    0.01 m/s
[Solver Step 002000] t= 0.925 | Pos Err:    2.72 km | Vel Err:    0.06 m/s
[Solver Step 003000] t= 1.383 | Pos Err:   42.42 km | Vel Err:    0.82 m/s
[Solver Step 004000] t= 1.747 | Pos Err:  100.52 km | Vel Err:    2.07 m/s
[Solver Step 005000] t= 2.245 | Pos Err:    1.77 km | Vel Err:    0.04 m/s
[Solver Step 006000] t= 2.668 | Pos Err:    0.87 km | Vel Err:    0.01 m/s
[Solver Step 007000] t= 3.085 | Pos Err:    6.69 km | Vel Err:    0.15 m/s
Completed [HALO_L1] Trajectory 448/600 | Saved 593 samples | Total: 618061
[Multiple Shooting] Converged in 2 iterations with residual 2.30e-11
[Solver Step 001000] t= 0.460 | Pos Err:    0.59 km | Vel Err:    0.01 m/s
[Solver Step 002000] t= 0.876 | Pos Err:    0.39 km | Vel Err:    0.01 m/s
[Solver Step 003000] t= 1.345 | Pos Err:    0.47 km | Vel Err:    0.02 m/s
[Solver Step 004000] t= 1.780 | Pos Err:   14.51 km | Vel Err:    0.32 m/s
[Solver Step 005000] t= 2.161 | Pos Err:  331.96 km | Vel Err:    6.53 m/s
[Solver Step 006000] t= 2.564 | Pos Err:  163.89 km | Vel Err:    3.78 m/s
[Solver Step 007000] t= 3.059 | Pos Err:   68.85 km | Vel Err:    1.53 m/s
Completed [HALO_L1] Trajectory 449/600 | Saved 597 samples | Total: 618658
[Multiple Shooting] Converged in 2 iterations with residual 9.90e-12
[Solver Step 001000] t= 0.425 | Pos Err:    0.41 km | Vel Err:    0.01 m/s
[Solver Step 002000] t= 0.930 | Pos Err:    1.39 km | Vel Err:    0.03 m/s
[Solver Step 003000] t= 1.412 | Pos Err:   10.72 km | Vel Err:    0.22 m/s
[Solver Step 004000] t= 1.743 | Pos Err:   84.14 km | Vel Err:    1.66 m/s
[Solver Step 005000] t= 2.237 | Pos Err:    1.83 km | Vel Err:    0.05 m/s
[Solver Step 006000] t= 2.684 | Pos Err:    1.36 km | Vel Err:    0.03 m/s
[Solver Step 007000] t= 3.079 | Pos Err:    8.08 km | Vel Err:    0.18 m/s
Completed [HALO_L1] Trajectory 450/600 | Saved 595 samples | Total: 619253
[Solver Step 001000] t= 0.416 | Pos Err:    3.11 km | Vel Err:    0.07 m/s
[Solver Step 002000] t= 0.821 | Pos Err:    0.10 km | Vel Err:    0.00 m/s
[Solver Step 003000] t= 1.261 | Pos Err:    0.06 km | Vel Err:    0.01 m/s
[Solver Step 004000] t= 1.609 | Pos Err:    0.08 km | Vel Err:    0.00 m/s
[Solver Step 005000] t= 1.994 | Pos Err:    0.09 km | Vel Err:    0.00 m/s
[Solver Step 006000] t= 2.447 | Pos Err:    0.06 km | Vel Err:    0.02 m/s
[Solver Step 007000] t= 2.849 | Pos Err:    0.04 km | Vel Err:    0.00 m/s
[Solver Step 008000] t= 3.245 | Pos Err:    0.02 km | Vel Err:    0.00 m/s
[Solver Step 009000] t= 3.620 | Pos Err:    0.06 km | Vel Err:    0.08 m/s
[Solver Step 010000] t= 4.035 | Pos Err:    0.10 km | Vel Err:    0.00 m/s
[Solver Step 011000] t= 4.454 | Pos Err:    0.10 km | Vel Err:    0.00 m/s
[Solver Step 012000] t= 4.897 | Pos Err:    0.08 km | Vel Err:    0.04 m/s
[Solver Step 013000] t= 5.235 | Pos Err:    0.07 km | Vel Err:    0.00 m/s
[Solver Step 014000] t= 5.633 | Pos Err:    0.02 km | Vel Err:    0.00 m/s
[Solver Step 015000] t= 6.112 | Pos Err:    0.07 km | Vel Err:    0.02 m/s
[Solver Step 016000] t= 6.498 | Pos Err:    0.09 km | Vel Err:    0.00 m/s
[Solver Step 017000] t= 6.925 | Pos Err:    0.10 km | Vel Err:    0.00 m/s
[Solver Step 018000] t= 7.269 | Pos Err:    0.17 km | Vel Err:    0.10 m/s
[Solver Step 019000] t= 7.690 | Pos Err:    0.04 km | Vel Err:    0.00 m/s
[Solver Step 020000] t= 8.169 | Pos Err:    0.01 km | Vel Err:    0.00 m/s
[Solver Step 021000] t= 8.555 | Pos Err:    0.02 km | Vel Err:    0.03 m/s
[Solver Step 022000] t= 8.923 | Pos Err:    0.06 km | Vel Err:    0.00 m/s
[Solver Step 023000] t= 9.316 | Pos Err:    0.10 km | Vel Err:    0.00 m/s
[Solver Step 024000] t= 9.775 | Pos Err:    0.08 km | Vel Err:    0.03 m/s
[Solver Step 025000] t=10.176 | Pos Err:    0.08 km | Vel Err:    0.00 m/s
[Solver Step 026000] t=10.575 | Pos Err:    0.05 km | Vel Err:    0.00 m/s
[Solver Step 027000] t=10.935 | Pos Err:    0.08 km | Vel Err:    0.09 m/s
[Solver Step 028000] t=11.354 | Pos Err:    0.09 km | Vel Err:    0.00 m/s
[Solver Step 029000] t=11.811 | Pos Err:    0.10 km | Vel Err:    0.00 m/s
[Solver Step 030000] t=12.179 | Pos Err:    0.09 km | Vel Err:    0.03 m/s
Completed [EARTH_ORBIT] Trajectory 451/600 | Saved 2583 samples | Total: 621836
[Solver Step 001000] t= 0.419 | Pos Err:    0.52 km | Vel Err:    0.01 m/s
[Solver Step 002000] t= 0.792 | Pos Err:    0.06 km | Vel Err:    0.00 m/s
[Solver Step 003000] t= 1.102 | Pos Err:    0.01 km | Vel Err:    0.04 m/s
[Solver Step 004000] t= 1.554 | Pos Err:    0.05 km | Vel Err:    0.00 m/s
[Solver Step 005000] t= 2.105 | Pos Err:    0.05 km | Vel Err:    0.00 m/s
[Solver Step 006000] t= 2.518 | Pos Err:    0.05 km | Vel Err:    0.01 m/s
[Solver Step 007000] t= 3.018 | Pos Err:    0.05 km | Vel Err:    0.00 m/s
[Solver Step 008000] t= 3.571 | Pos Err:    0.05 km | Vel Err:    0.00 m/s
[Solver Step 009000] t= 4.060 | Pos Err:    0.04 km | Vel Err:    0.01 m/s
[Solver Step 010000] t= 4.462 | Pos Err:    0.05 km | Vel Err:    0.00 m/s
[Solver Step 011000] t= 5.001 | Pos Err:    0.05 km | Vel Err:    0.00 m/s
[Solver Step 012000] t= 5.588 | Pos Err:    0.03 km | Vel Err:    0.05 m/s
[Solver Step 013000] t= 6.069 | Pos Err:    0.05 km | Vel Err:    0.00 m/s
[Solver Step 014000] t= 6.471 | Pos Err:    0.05 km | Vel Err:    0.00 m/s
[Solver Step 015000] t= 7.029 | Pos Err:    0.03 km | Vel Err:    0.08 m/s
Completed [MOON_ORBIT] Trajectory 452/600 | Saved 1314 samples | Total: 623150
[Multiple Shooting] Converged in 4 iterations with residual 4.13e-15
[Solver Step 001000] t= 0.371 | Pos Err:    3.06 km | Vel Err:    0.08 m/s
[Solver Step 002000] t= 0.743 | Pos Err:   13.71 km | Vel Err:    0.24 m/s
[Solver Step 003000] t= 1.103 | Pos Err:    1.77 km | Vel Err:    0.03 m/s
[Solver Step 004000] t= 1.469 | Pos Err:    9.40 km | Vel Err:    0.19 m/s
[Solver Step 005000] t= 1.849 | Pos Err:    0.81 km | Vel Err:    0.01 m/s
[Solver Step 006000] t= 2.228 | Pos Err:    7.68 km | Vel Err:    0.15 m/s
Completed [DRO] Trajectory 453/600 | Saved 564 samples | Total: 623714
Completed [DRO] Trajectory 454/600 | Saved 13 samples | Total: 623727
[Multiple Shooting] Converged in 2 iterations with residual 1.44e-15
[Solver Step 001000] t= 0.463 | Pos Err:    0.46 km | Vel Err:    0.01 m/s
[Solver Step 002000] t= 0.994 | Pos Err:    0.10 km | Vel Err:    0.00 m/s
[Solver Step 003000] t= 1.589 | Pos Err:    0.19 km | Vel Err:    0.02 m/s
[Solver Step 004000] t= 2.096 | Pos Err:    0.17 km | Vel Err:    0.00 m/s
[Solver Step 005000] t= 2.503 | Pos Err:    0.32 km | Vel Err:    0.01 m/s
[Solver Step 006000] t= 3.030 | Pos Err:    4.19 km | Vel Err:    0.11 m/s
Completed [HALO_L2] Trajectory 455/600 | Saved 517 samples | Total: 624244
[Multiple Shooting] Converged in 2 iterations with residual 1.57e-11
[Solver Step 001000] t= 0.426 | Pos Err:    0.47 km | Vel Err:    0.01 m/s
[Solver Step 002000] t= 0.921 | Pos Err:    0.40 km | Vel Err:    0.01 m/s
[Solver Step 003000] t= 1.421 | Pos Err:    3.16 km | Vel Err:    0.06 m/s
[Solver Step 004000] t= 1.804 | Pos Err:   44.02 km | Vel Err:    0.96 m/s
[Solver Step 005000] t= 2.198 | Pos Err:   68.25 km | Vel Err:    1.36 m/s
[Solver Step 006000] t= 2.664 | Pos Err:    3.67 km | Vel Err:    0.07 m/s
[Solver Step 007000] t= 3.115 | Pos Err:   10.33 km | Vel Err:    0.24 m/s
Completed [HALO_L1] Trajectory 456/600 | Saved 589 samples | Total: 624833
[Solver Step 001000] t= 0.418 | Pos Err:    3.58 km | Vel Err:    0.08 m/s
[Solver Step 002000] t= 0.822 | Pos Err:    0.10 km | Vel Err:    0.00 m/s
[Solver Step 003000] t= 1.262 | Pos Err:    0.08 km | Vel Err:    0.01 m/s
[Solver Step 004000] t= 1.610 | Pos Err:    0.10 km | Vel Err:    0.00 m/s
[Solver Step 005000] t= 1.996 | Pos Err:    0.09 km | Vel Err:    0.00 m/s
[Solver Step 006000] t= 2.448 | Pos Err:    0.05 km | Vel Err:    0.02 m/s
[Solver Step 007000] t= 2.850 | Pos Err:    0.02 km | Vel Err:    0.00 m/s
[Solver Step 008000] t= 3.246 | Pos Err:    0.01 km | Vel Err:    0.00 m/s
[Solver Step 009000] t= 3.621 | Pos Err:    0.07 km | Vel Err:    0.08 m/s
[Solver Step 010000] t= 4.036 | Pos Err:    0.11 km | Vel Err:    0.00 m/s
[Solver Step 011000] t= 4.455 | Pos Err:    0.11 km | Vel Err:    0.00 m/s
[Solver Step 012000] t= 4.898 | Pos Err:    0.08 km | Vel Err:    0.04 m/s
[Solver Step 013000] t= 5.236 | Pos Err:    0.06 km | Vel Err:    0.00 m/s
[Solver Step 014000] t= 5.634 | Pos Err:    0.03 km | Vel Err:    0.00 m/s
[Solver Step 015000] t= 6.113 | Pos Err:    0.09 km | Vel Err:    0.02 m/s
[Solver Step 016000] t= 6.500 | Pos Err:    0.10 km | Vel Err:    0.00 m/s
[Solver Step 017000] t= 6.926 | Pos Err:    0.11 km | Vel Err:    0.00 m/s
[Solver Step 018000] t= 7.271 | Pos Err:    0.18 km | Vel Err:    0.10 m/s
[Solver Step 019000] t= 7.692 | Pos Err:    0.02 km | Vel Err:    0.00 m/s
[Solver Step 020000] t= 8.170 | Pos Err:    0.02 km | Vel Err:    0.00 m/s
[Solver Step 021000] t= 8.556 | Pos Err:    0.03 km | Vel Err:    0.03 m/s
[Solver Step 022000] t= 8.923 | Pos Err:    0.08 km | Vel Err:    0.00 m/s
[Solver Step 023000] t= 9.318 | Pos Err:    0.10 km | Vel Err:    0.00 m/s
[Solver Step 024000] t= 9.777 | Pos Err:    0.08 km | Vel Err:    0.03 m/s
[Solver Step 025000] t=10.176 | Pos Err:    0.07 km | Vel Err:    0.00 m/s
[Solver Step 026000] t=10.577 | Pos Err:    0.04 km | Vel Err:    0.00 m/s
[Solver Step 027000] t=10.936 | Pos Err:    0.07 km | Vel Err:    0.09 m/s
[Solver Step 028000] t=11.355 | Pos Err:    0.10 km | Vel Err:    0.00 m/s
[Solver Step 029000] t=11.812 | Pos Err:    0.11 km | Vel Err:    0.00 m/s
[Solver Step 030000] t=12.180 | Pos Err:    0.10 km | Vel Err:    0.03 m/s
Completed [EARTH_ORBIT] Trajectory 457/600 | Saved 2583 samples | Total: 627416
[Multiple Shooting] Converged in 4 iterations with residual 3.11e-15
[Solver Step 001000] t= 0.383 | Pos Err:    3.95 km | Vel Err:    0.09 m/s
[Solver Step 002000] t= 0.764 | Pos Err:    9.05 km | Vel Err:    0.17 m/s
[Solver Step 003000] t= 1.136 | Pos Err:    3.14 km | Vel Err:    0.09 m/s
[Solver Step 004000] t= 1.502 | Pos Err:   13.03 km | Vel Err:    0.24 m/s
[Solver Step 005000] t= 1.880 | Pos Err:    2.04 km | Vel Err:    0.05 m/s
[Solver Step 006000] t= 2.261 | Pos Err:   10.30 km | Vel Err:    0.20 m/s
Completed [DRO] Trajectory 458/600 | Saved 551 samples | Total: 627967
[Multiple Shooting] Converged in 2 iterations with residual 1.51e-15
[Solver Step 001000] t= 0.461 | Pos Err:    0.56 km | Vel Err:    0.01 m/s
[Solver Step 002000] t= 0.991 | Pos Err:    0.09 km | Vel Err:    0.00 m/s
[Solver Step 003000] t= 1.585 | Pos Err:    0.22 km | Vel Err:    0.02 m/s
[Solver Step 004000] t= 2.095 | Pos Err:    0.17 km | Vel Err:    0.00 m/s
[Solver Step 005000] t= 2.501 | Pos Err:    0.32 km | Vel Err:    0.01 m/s
[Solver Step 006000] t= 3.027 | Pos Err:    4.02 km | Vel Err:    0.10 m/s
Completed [HALO_L2] Trajectory 459/600 | Saved 517 samples | Total: 628484
[Multiple Shooting] Converged in 2 iterations with residual 3.73e-11
[Solver Step 001000] t= 0.428 | Pos Err:    0.25 km | Vel Err:    0.01 m/s
[Solver Step 002000] t= 0.905 | Pos Err:    0.19 km | Vel Err:    0.00 m/s
[Solver Step 003000] t= 1.402 | Pos Err:    1.87 km | Vel Err:    0.03 m/s
[Solver Step 004000] t= 1.813 | Pos Err:   15.23 km | Vel Err:    0.31 m/s
[Solver Step 005000] t= 2.169 | Pos Err:  145.66 km | Vel Err:    2.74 m/s
[Solver Step 006000] t= 2.634 | Pos Err:    1.01 km | Vel Err:    0.01 m/s
[Solver Step 007000] t= 3.105 | Pos Err:   22.81 km | Vel Err:    0.52 m/s
Completed [HALO_L1] Trajectory 460/600 | Saved 590 samples | Total: 629074
[Multiple Shooting] Converged in 2 iterations with residual 2.64e-12
[Solver Step 001000] t= 0.414 | Pos Err:    0.46 km | Vel Err:    0.01 m/s
[Solver Step 002000] t= 0.917 | Pos Err:    5.82 km | Vel Err:    0.11 m/s
[Solver Step 003000] t= 1.342 | Pos Err:   95.41 km | Vel Err:    2.09 m/s
[Solver Step 004000] t= 1.747 | Pos Err:   77.31 km | Vel Err:    1.66 m/s
[Solver Step 005000] t= 2.239 | Pos Err:    1.12 km | Vel Err:    0.03 m/s
[Solver Step 006000] t= 2.631 | Pos Err:    0.15 km | Vel Err:    0.01 m/s
[Solver Step 007000] t= 3.090 | Pos Err:    8.66 km | Vel Err:    0.20 m/s
Completed [HALO_L1] Trajectory 461/600 | Saved 593 samples | Total: 629667
[Multiple Shooting] Converged in 7 iterations with residual 2.97e-14
[Solver Step 001000] t= 0.309 | Pos Err:  551.37 km | Vel Err:   11.63 m/s
[Solver Step 002000] t= 0.643 | Pos Err:  319.66 km | Vel Err:    6.14 m/s
[Solver Step 003000] t= 0.972 | Pos Err:  522.45 km | Vel Err:   10.15 m/s
[Solver Step 004000] t= 1.324 | Pos Err:  643.14 km | Vel Err:   13.57 m/s
[Solver Step 005000] t= 1.658 | Pos Err:  697.30 km | Vel Err:   11.02 m/s
[Solver Step 006000] t= 2.000 | Pos Err:  496.00 km | Vel Err:    7.61 m/s
[Solver Step 007000] t= 2.321 | Pos Err:  557.34 km | Vel Err:   12.20 m/s
Completed [DRO] Trajectory 462/600 | Saved 629 samples | Total: 630296
[Solver Step 001000] t= 0.416 | Pos Err:    2.85 km | Vel Err:    0.07 m/s
[Solver Step 002000] t= 0.820 | Pos Err:    0.02 km | Vel Err:    0.00 m/s
[Solver Step 003000] t= 1.261 | Pos Err:    0.09 km | Vel Err:    0.01 m/s
[Solver Step 004000] t= 1.609 | Pos Err:    0.08 km | Vel Err:    0.00 m/s
[Solver Step 005000] t= 1.994 | Pos Err:    0.02 km | Vel Err:    0.00 m/s
[Solver Step 006000] t= 2.447 | Pos Err:    0.07 km | Vel Err:    0.02 m/s
[Solver Step 007000] t= 2.849 | Pos Err:    0.08 km | Vel Err:    0.00 m/s
[Solver Step 008000] t= 3.245 | Pos Err:    0.09 km | Vel Err:    0.00 m/s
[Solver Step 009000] t= 3.620 | Pos Err:    0.15 km | Vel Err:    0.08 m/s
[Solver Step 010000] t= 4.035 | Pos Err:    0.04 km | Vel Err:    0.00 m/s
[Solver Step 011000] t= 4.454 | Pos Err:    0.02 km | Vel Err:    0.00 m/s
[Solver Step 012000] t= 4.897 | Pos Err:    0.02 km | Vel Err:    0.04 m/s
[Solver Step 013000] t= 5.235 | Pos Err:    0.05 km | Vel Err:    0.00 m/s
[Solver Step 014000] t= 5.633 | Pos Err:    0.10 km | Vel Err:    0.00 m/s
[Solver Step 015000] t= 6.112 | Pos Err:    0.08 km | Vel Err:    0.02 m/s
[Solver Step 016000] t= 6.498 | Pos Err:    0.08 km | Vel Err:    0.00 m/s
[Solver Step 017000] t= 6.925 | Pos Err:    0.06 km | Vel Err:    0.00 m/s
[Solver Step 018000] t= 7.269 | Pos Err:    0.09 km | Vel Err:    0.10 m/s
[Solver Step 019000] t= 7.690 | Pos Err:    0.08 km | Vel Err:    0.00 m/s
[Solver Step 020000] t= 8.169 | Pos Err:    0.10 km | Vel Err:    0.00 m/s
[Solver Step 021000] t= 8.555 | Pos Err:    0.08 km | Vel Err:    0.03 m/s
[Solver Step 022000] t= 8.923 | Pos Err:    0.10 km | Vel Err:    0.00 m/s
[Solver Step 023000] t= 9.316 | Pos Err:    0.03 km | Vel Err:    0.00 m/s
[Solver Step 024000] t= 9.775 | Pos Err:    0.04 km | Vel Err:    0.03 m/s
[Solver Step 025000] t=10.175 | Pos Err:    0.06 km | Vel Err:    0.00 m/s
[Solver Step 026000] t=10.575 | Pos Err:    0.07 km | Vel Err:    0.00 m/s
[Solver Step 027000] t=10.935 | Pos Err:    0.16 km | Vel Err:    0.09 m/s
[Solver Step 028000] t=11.354 | Pos Err:    0.07 km | Vel Err:    0.00 m/s
[Solver Step 029000] t=11.811 | Pos Err:    0.05 km | Vel Err:    0.00 m/s
[Solver Step 030000] t=12.179 | Pos Err:    0.03 km | Vel Err:    0.03 m/s
Completed [EARTH_ORBIT] Trajectory 463/600 | Saved 2583 samples | Total: 632879
[Multiple Shooting] Converged in 6 iterations with residual 2.98e-14
[Solver Step 001000] t= 0.316 | Pos Err:   50.80 km | Vel Err:    1.02 m/s
[Solver Step 002000] t= 0.644 | Pos Err:  246.35 km | Vel Err:    4.57 m/s
[Solver Step 003000] t= 1.001 | Pos Err:   13.00 km | Vel Err:    0.26 m/s
[Solver Step 004000] t= 1.319 | Pos Err:  254.14 km | Vel Err:    5.43 m/s
[Solver Step 005000] t= 1.653 | Pos Err:  132.78 km | Vel Err:    2.72 m/s
[Solver Step 006000] t= 2.016 | Pos Err:    8.28 km | Vel Err:    0.07 m/s
[Solver Step 007000] t= 2.328 | Pos Err:  615.88 km | Vel Err:   13.82 m/s
Completed [DRO] Trajectory 464/600 | Saved 629 samples | Total: 633508
[Solver Step 001000] t= 0.214 | Pos Err:   10.21 km | Vel Err:    0.20 m/s
[Solver Step 002000] t= 0.468 | Pos Err:    1.19 km | Vel Err:    0.03 m/s
[Solver Step 003000] t= 0.710 | Pos Err:    0.15 km | Vel Err:    0.05 m/s
[Solver Step 004000] t= 0.927 | Pos Err:    0.01 km | Vel Err:    0.00 m/s
[Solver Step 005000] t= 1.177 | Pos Err:    0.05 km | Vel Err:    0.00 m/s
[Solver Step 006000] t= 1.430 | Pos Err:    0.07 km | Vel Err:    0.03 m/s
[Solver Step 007000] t= 1.661 | Pos Err:    0.06 km | Vel Err:    0.00 m/s
[Solver Step 008000] t= 1.877 | Pos Err:    0.05 km | Vel Err:    0.00 m/s
[Solver Step 009000] t= 2.135 | Pos Err:    0.19 km | Vel Err:    0.14 m/s
[Solver Step 010000] t= 2.380 | Pos Err:    0.06 km | Vel Err:    0.00 m/s
[Solver Step 011000] t= 2.592 | Pos Err:    0.04 km | Vel Err:    0.00 m/s
[Solver Step 012000] t= 2.838 | Pos Err:    1.01 km | Vel Err:    0.80 m/s
[Solver Step 013000] t= 3.094 | Pos Err:    0.06 km | Vel Err:    0.00 m/s
[Solver Step 014000] t= 3.315 | Pos Err:    0.02 km | Vel Err:    0.00 m/s
[Solver Step 015000] t= 3.536 | Pos Err:    0.70 km | Vel Err:    0.53 m/s
[Solver Step 016000] t= 3.797 | Pos Err:    0.05 km | Vel Err:    0.00 m/s
[Solver Step 017000] t= 4.038 | Pos Err:    0.03 km | Vel Err:    0.00 m/s
[Solver Step 018000] t= 4.248 | Pos Err:    0.35 km | Vel Err:    0.21 m/s
[Solver Step 019000] t= 4.498 | Pos Err:    0.02 km | Vel Err:    0.02 m/s
[Solver Step 020000] t= 4.753 | Pos Err:    0.03 km | Vel Err:    0.00 m/s
[Solver Step 021000] t= 4.971 | Pos Err:    0.13 km | Vel Err:    0.11 m/s
[Solver Step 022000] t= 5.190 | Pos Err:    0.01 km | Vel Err:    0.01 m/s
[Solver Step 023000] t= 5.456 | Pos Err:    0.03 km | Vel Err:    0.00 m/s
[Solver Step 024000] t= 5.699 | Pos Err:    0.11 km | Vel Err:    0.12 m/s
[Solver Step 025000] t= 5.906 | Pos Err:    0.03 km | Vel Err:    0.00 m/s
[Solver Step 026000] t= 6.159 | Pos Err:    0.03 km | Vel Err:    0.00 m/s
[Solver Step 027000] t= 6.414 | Pos Err:    0.24 km | Vel Err:    0.24 m/s
[Solver Step 028000] t= 6.627 | Pos Err:    0.05 km | Vel Err:    0.00 m/s
[Solver Step 029000] t= 6.851 | Pos Err:    0.04 km | Vel Err:    0.00 m/s
Completed [TRANSFER] Trajectory 465/600 | Saved 2399 samples | Total: 635907
[Solver Step 001000] t= 0.218 | Pos Err:   33.00 km | Vel Err:    0.70 m/s
[Solver Step 002000] t= 0.470 | Pos Err:    4.04 km | Vel Err:    0.05 m/s
[Solver Step 003000] t= 0.713 | Pos Err:    0.56 km | Vel Err:    0.03 m/s
[Solver Step 004000] t= 0.931 | Pos Err:    0.05 km | Vel Err:    0.00 m/s
[Solver Step 005000] t= 1.178 | Pos Err:    0.10 km | Vel Err:    0.00 m/s
[Solver Step 006000] t= 1.431 | Pos Err:    0.03 km | Vel Err:    0.04 m/s
[Solver Step 007000] t= 1.661 | Pos Err:    0.06 km | Vel Err:    0.00 m/s
[Solver Step 008000] t= 1.876 | Pos Err:    0.08 km | Vel Err:    0.00 m/s
[Solver Step 009000] t= 2.134 | Pos Err:    0.07 km | Vel Err:    0.11 m/s
[Solver Step 010000] t= 2.377 | Pos Err:    0.04 km | Vel Err:    0.00 m/s
[Solver Step 011000] t= 2.590 | Pos Err:    0.07 km | Vel Err:    0.00 m/s
[Solver Step 012000] t= 2.837 | Pos Err:    0.97 km | Vel Err:    0.76 m/s
[Solver Step 013000] t= 3.092 | Pos Err:    0.05 km | Vel Err:    0.00 m/s
[Solver Step 014000] t= 3.313 | Pos Err:    0.08 km | Vel Err:    0.00 m/s
[Solver Step 015000] t= 3.535 | Pos Err:    0.80 km | Vel Err:    0.54 m/s
[Solver Step 016000] t= 3.796 | Pos Err:    0.05 km | Vel Err:    0.01 m/s
[Solver Step 017000] t= 4.038 | Pos Err:    0.10 km | Vel Err:    0.00 m/s
[Solver Step 018000] t= 4.246 | Pos Err:    0.45 km | Vel Err:    0.22 m/s
[Solver Step 019000] t= 4.496 | Pos Err:    0.11 km | Vel Err:    0.02 m/s
[Solver Step 020000] t= 4.750 | Pos Err:    0.12 km | Vel Err:    0.00 m/s
[Solver Step 021000] t= 4.967 | Pos Err:    0.21 km | Vel Err:    0.11 m/s
[Solver Step 022000] t= 5.188 | Pos Err:    0.12 km | Vel Err:    0.01 m/s
[Solver Step 023000] t= 5.454 | Pos Err:    0.12 km | Vel Err:    0.00 m/s
[Solver Step 024000] t= 5.696 | Pos Err:    0.10 km | Vel Err:    0.12 m/s
[Solver Step 025000] t= 5.905 | Pos Err:    0.10 km | Vel Err:    0.00 m/s
[Solver Step 026000] t= 6.158 | Pos Err:    0.11 km | Vel Err:    0.00 m/s
[Solver Step 027000] t= 6.412 | Pos Err:    0.16 km | Vel Err:    0.24 m/s
[Solver Step 028000] t= 6.625 | Pos Err:    0.09 km | Vel Err:    0.00 m/s
[Solver Step 029000] t= 6.850 | Pos Err:    0.12 km | Vel Err:    0.00 m/s
Completed [TRANSFER] Trajectory 466/600 | Saved 2399 samples | Total: 638306
[Solver Step 001000] t= 0.416 | Pos Err:    0.24 km | Vel Err:    0.01 m/s
[Solver Step 002000] t= 0.790 | Pos Err:    0.05 km | Vel Err:    0.00 m/s
[Solver Step 003000] t= 1.099 | Pos Err:    0.01 km | Vel Err:    0.04 m/s
[Solver Step 004000] t= 1.551 | Pos Err:    0.06 km | Vel Err:    0.00 m/s
[Solver Step 005000] t= 2.102 | Pos Err:    0.06 km | Vel Err:    0.00 m/s
[Solver Step 006000] t= 2.515 | Pos Err:    0.06 km | Vel Err:    0.01 m/s
[Solver Step 007000] t= 3.014 | Pos Err:    0.06 km | Vel Err:    0.00 m/s
[Solver Step 008000] t= 3.567 | Pos Err:    0.06 km | Vel Err:    0.00 m/s
[Solver Step 009000] t= 4.057 | Pos Err:    0.05 km | Vel Err:    0.01 m/s
[Solver Step 010000] t= 4.459 | Pos Err:    0.06 km | Vel Err:    0.00 m/s
[Solver Step 011000] t= 4.997 | Pos Err:    0.05 km | Vel Err:    0.00 m/s
[Solver Step 012000] t= 5.584 | Pos Err:    0.04 km | Vel Err:    0.05 m/s
[Solver Step 013000] t= 6.066 | Pos Err:    0.05 km | Vel Err:    0.00 m/s
[Solver Step 014000] t= 6.467 | Pos Err:    0.05 km | Vel Err:    0.00 m/s
[Solver Step 015000] t= 7.025 | Pos Err:    0.03 km | Vel Err:    0.08 m/s
Completed [MOON_ORBIT] Trajectory 467/600 | Saved 1314 samples | Total: 639620
[Solver Step 001000] t= 0.413 | Pos Err:    0.38 km | Vel Err:    0.01 m/s
[Solver Step 002000] t= 0.788 | Pos Err:    0.05 km | Vel Err:    0.00 m/s
[Solver Step 003000] t= 1.097 | Pos Err:    0.01 km | Vel Err:    0.04 m/s
[Solver Step 004000] t= 1.548 | Pos Err:    0.06 km | Vel Err:    0.00 m/s
[Solver Step 005000] t= 2.099 | Pos Err:    0.06 km | Vel Err:    0.00 m/s
[Solver Step 006000] t= 2.513 | Pos Err:    0.06 km | Vel Err:    0.01 m/s
[Solver Step 007000] t= 3.012 | Pos Err:    0.06 km | Vel Err:    0.00 m/s
[Solver Step 008000] t= 3.564 | Pos Err:    0.06 km | Vel Err:    0.00 m/s
[Solver Step 009000] t= 4.055 | Pos Err:    0.06 km | Vel Err:    0.01 m/s
[Solver Step 010000] t= 4.456 | Pos Err:    0.06 km | Vel Err:    0.00 m/s
[Solver Step 011000] t= 4.994 | Pos Err:    0.06 km | Vel Err:    0.00 m/s
[Solver Step 012000] t= 5.581 | Pos Err:    0.04 km | Vel Err:    0.05 m/s
[Solver Step 013000] t= 6.065 | Pos Err:    0.06 km | Vel Err:    0.00 m/s
[Solver Step 014000] t= 6.465 | Pos Err:    0.06 km | Vel Err:    0.00 m/s
[Solver Step 015000] t= 7.022 | Pos Err:    0.03 km | Vel Err:    0.08 m/s
Completed [MOON_ORBIT] Trajectory 468/600 | Saved 1315 samples | Total: 640935
[Solver Step 001000] t= 0.414 | Pos Err:    0.74 km | Vel Err:    0.02 m/s
[Solver Step 002000] t= 0.789 | Pos Err:    0.07 km | Vel Err:    0.00 m/s
[Solver Step 003000] t= 1.098 | Pos Err:    0.02 km | Vel Err:    0.04 m/s
[Solver Step 004000] t= 1.549 | Pos Err:    0.05 km | Vel Err:    0.00 m/s
[Solver Step 005000] t= 2.101 | Pos Err:    0.05 km | Vel Err:    0.00 m/s
[Solver Step 006000] t= 2.514 | Pos Err:    0.05 km | Vel Err:    0.01 m/s
[Solver Step 007000] t= 3.013 | Pos Err:    0.04 km | Vel Err:    0.00 m/s
[Solver Step 008000] t= 3.566 | Pos Err:    0.04 km | Vel Err:    0.00 m/s
[Solver Step 009000] t= 4.056 | Pos Err:    0.04 km | Vel Err:    0.01 m/s
[Solver Step 010000] t= 4.458 | Pos Err:    0.04 km | Vel Err:    0.00 m/s
[Solver Step 011000] t= 4.995 | Pos Err:    0.04 km | Vel Err:    0.00 m/s
[Solver Step 012000] t= 5.583 | Pos Err:    0.03 km | Vel Err:    0.05 m/s
[Solver Step 013000] t= 6.066 | Pos Err:    0.05 km | Vel Err:    0.00 m/s
[Solver Step 014000] t= 6.466 | Pos Err:    0.06 km | Vel Err:    0.00 m/s
[Solver Step 015000] t= 7.023 | Pos Err:    0.03 km | Vel Err:    0.08 m/s
Completed [MOON_ORBIT] Trajectory 469/600 | Saved 1314 samples | Total: 642249
[Multiple Shooting] Converged in 3 iterations with residual 5.02e-15
[Solver Step 001000] t= 0.405 | Pos Err:    0.59 km | Vel Err:    0.02 m/s
[Solver Step 002000] t= 0.796 | Pos Err:    3.61 km | Vel Err:    0.06 m/s
[Solver Step 003000] t= 1.176 | Pos Err:    2.91 km | Vel Err:    0.04 m/s
[Solver Step 004000] t= 1.558 | Pos Err:    6.11 km | Vel Err:    0.12 m/s
[Solver Step 005000] t= 1.951 | Pos Err:    2.24 km | Vel Err:    0.05 m/s
[Solver Step 006000] t= 2.339 | Pos Err:    8.65 km | Vel Err:    0.19 m/s
Completed [DRO] Trajectory 470/600 | Saved 533 samples | Total: 642782
[Solver Step 001000] t= 0.419 | Pos Err:    1.73 km | Vel Err:    0.04 m/s
[Solver Step 002000] t= 0.823 | Pos Err:    0.07 km | Vel Err:    0.00 m/s
[Solver Step 003000] t= 1.263 | Pos Err:    0.06 km | Vel Err:    0.01 m/s
[Solver Step 004000] t= 1.611 | Pos Err:    0.08 km | Vel Err:    0.00 m/s
[Solver Step 005000] t= 1.997 | Pos Err:    0.07 km | Vel Err:    0.00 m/s
[Solver Step 006000] t= 2.449 | Pos Err:    0.05 km | Vel Err:    0.01 m/s
[Solver Step 007000] t= 2.851 | Pos Err:    0.03 km | Vel Err:    0.00 m/s
[Solver Step 008000] t= 3.246 | Pos Err:    0.03 km | Vel Err:    0.00 m/s
[Solver Step 009000] t= 3.622 | Pos Err:    0.09 km | Vel Err:    0.08 m/s
[Solver Step 010000] t= 4.038 | Pos Err:    0.08 km | Vel Err:    0.00 m/s
[Solver Step 011000] t= 4.455 | Pos Err:    0.08 km | Vel Err:    0.00 m/s
[Solver Step 012000] t= 4.899 | Pos Err:    0.06 km | Vel Err:    0.04 m/s
[Solver Step 013000] t= 5.237 | Pos Err:    0.05 km | Vel Err:    0.00 m/s
[Solver Step 014000] t= 5.635 | Pos Err:    0.03 km | Vel Err:    0.00 m/s
[Solver Step 015000] t= 6.114 | Pos Err:    0.06 km | Vel Err:    0.02 m/s
[Solver Step 016000] t= 6.501 | Pos Err:    0.08 km | Vel Err:    0.00 m/s
[Solver Step 017000] t= 6.927 | Pos Err:    0.08 km | Vel Err:    0.00 m/s
[Solver Step 018000] t= 7.272 | Pos Err:    0.15 km | Vel Err:    0.10 m/s
[Solver Step 019000] t= 7.693 | Pos Err:    0.03 km | Vel Err:    0.00 m/s
[Solver Step 020000] t= 8.171 | Pos Err:    0.03 km | Vel Err:    0.00 m/s
[Solver Step 021000] t= 8.557 | Pos Err:    0.02 km | Vel Err:    0.03 m/s
[Solver Step 022000] t= 8.924 | Pos Err:    0.06 km | Vel Err:    0.00 m/s
[Solver Step 023000] t= 9.319 | Pos Err:    0.07 km | Vel Err:    0.00 m/s
[Solver Step 024000] t= 9.778 | Pos Err:    0.06 km | Vel Err:    0.03 m/s
[Solver Step 025000] t=10.177 | Pos Err:    0.06 km | Vel Err:    0.00 m/s
[Solver Step 026000] t=10.578 | Pos Err:    0.04 km | Vel Err:    0.00 m/s
[Solver Step 027000] t=10.937 | Pos Err:    0.10 km | Vel Err:    0.09 m/s
[Solver Step 028000] t=11.356 | Pos Err:    0.08 km | Vel Err:    0.00 m/s
[Solver Step 029000] t=11.813 | Pos Err:    0.08 km | Vel Err:    0.00 m/s
[Solver Step 030000] t=12.181 | Pos Err:    0.07 km | Vel Err:    0.03 m/s
Completed [EARTH_ORBIT] Trajectory 471/600 | Saved 2582 samples | Total: 645364
[Multiple Shooting] Converged in 2 iterations with residual 1.57e-15
[Solver Step 001000] t= 0.462 | Pos Err:    0.16 km | Vel Err:    0.00 m/s
[Solver Step 002000] t= 1.019 | Pos Err:    0.14 km | Vel Err:    0.00 m/s
[Solver Step 003000] t= 1.616 | Pos Err:    0.10 km | Vel Err:    0.01 m/s
[Solver Step 004000] t= 2.054 | Pos Err:    0.26 km | Vel Err:    0.01 m/s
[Solver Step 005000] t= 2.507 | Pos Err:    0.32 km | Vel Err:    0.01 m/s
[Solver Step 006000] t= 3.058 | Pos Err:    5.34 km | Vel Err:    0.14 m/s
Completed [HALO_L2] Trajectory 472/600 | Saved 512 samples | Total: 645876
[Multiple Shooting] Converged in 2 iterations with residual 2.98e-14
[Solver Step 001000] t= 0.465 | Pos Err:    0.41 km | Vel Err:    0.01 m/s
[Solver Step 002000] t= 0.956 | Pos Err:    0.21 km | Vel Err:    0.01 m/s
[Solver Step 003000] t= 1.348 | Pos Err:    0.25 km | Vel Err:    0.01 m/s
[Solver Step 004000] t= 1.818 | Pos Err:    0.14 km | Vel Err:    0.00 m/s
[Solver Step 005000] t= 2.210 | Pos Err:    0.42 km | Vel Err:    0.01 m/s
[Solver Step 006000] t= 2.711 | Pos Err:    0.30 km | Vel Err:    0.03 m/s
Completed [HALO_L2] Trajectory 473/600 | Saved 565 samples | Total: 646441
[Solver Step 001000] t= 0.413 | Pos Err:    0.74 km | Vel Err:    0.02 m/s
[Solver Step 002000] t= 0.788 | Pos Err:    0.05 km | Vel Err:    0.00 m/s
[Solver Step 003000] t= 1.097 | Pos Err:    0.01 km | Vel Err:    0.04 m/s
[Solver Step 004000] t= 1.548 | Pos Err:    0.06 km | Vel Err:    0.00 m/s
[Solver Step 005000] t= 2.099 | Pos Err:    0.06 km | Vel Err:    0.00 m/s
[Solver Step 006000] t= 2.513 | Pos Err:    0.06 km | Vel Err:    0.01 m/s
[Solver Step 007000] t= 3.012 | Pos Err:    0.06 km | Vel Err:    0.00 m/s
[Solver Step 008000] t= 3.564 | Pos Err:    0.06 km | Vel Err:    0.00 m/s
[Solver Step 009000] t= 4.055 | Pos Err:    0.06 km | Vel Err:    0.01 m/s
[Solver Step 010000] t= 4.456 | Pos Err:    0.07 km | Vel Err:    0.00 m/s
[Solver Step 011000] t= 4.994 | Pos Err:    0.07 km | Vel Err:    0.00 m/s
[Solver Step 012000] t= 5.581 | Pos Err:    0.05 km | Vel Err:    0.05 m/s
[Solver Step 013000] t= 6.065 | Pos Err:    0.06 km | Vel Err:    0.00 m/s
[Solver Step 014000] t= 6.465 | Pos Err:    0.06 km | Vel Err:    0.00 m/s
[Solver Step 015000] t= 7.022 | Pos Err:    0.03 km | Vel Err:    0.08 m/s
Completed [MOON_ORBIT] Trajectory 474/600 | Saved 1315 samples | Total: 647756
[Multiple Shooting] Converged in 2 iterations with residual 1.54e-15
[Solver Step 001000] t= 0.469 | Pos Err:    0.21 km | Vel Err:    0.00 m/s
[Solver Step 002000] t= 0.960 | Pos Err:    0.17 km | Vel Err:    0.00 m/s
[Solver Step 003000] t= 1.524 | Pos Err:    0.04 km | Vel Err:    0.01 m/s
[Solver Step 004000] t= 2.090 | Pos Err:    0.15 km | Vel Err:    0.00 m/s
[Solver Step 005000] t= 2.491 | Pos Err:    0.24 km | Vel Err:    0.00 m/s
[Solver Step 006000] t= 2.981 | Pos Err:    1.04 km | Vel Err:    0.04 m/s
Completed [HALO_L2] Trajectory 475/600 | Saved 525 samples | Total: 648281
[Solver Step 001000] t= 0.216 | Pos Err:   11.58 km | Vel Err:    0.32 m/s
[Solver Step 002000] t= 0.470 | Pos Err:    1.47 km | Vel Err:    0.04 m/s
[Solver Step 003000] t= 0.713 | Pos Err:    0.19 km | Vel Err:    0.03 m/s
[Solver Step 004000] t= 0.930 | Pos Err:    0.02 km | Vel Err:    0.00 m/s
[Solver Step 005000] t= 1.177 | Pos Err:    0.01 km | Vel Err:    0.00 m/s
[Solver Step 006000] t= 1.430 | Pos Err:    0.07 km | Vel Err:    0.04 m/s
[Solver Step 007000] t= 1.659 | Pos Err:    0.06 km | Vel Err:    0.00 m/s
[Solver Step 008000] t= 1.875 | Pos Err:    0.03 km | Vel Err:    0.00 m/s
[Solver Step 009000] t= 2.134 | Pos Err:    0.19 km | Vel Err:    0.12 m/s
[Solver Step 010000] t= 2.377 | Pos Err:    0.07 km | Vel Err:    0.00 m/s
[Solver Step 011000] t= 2.590 | Pos Err:    0.05 km | Vel Err:    0.00 m/s
[Solver Step 012000] t= 2.837 | Pos Err:    0.91 km | Vel Err:    0.76 m/s
[Solver Step 013000] t= 3.092 | Pos Err:    0.08 km | Vel Err:    0.00 m/s
[Solver Step 014000] t= 3.313 | Pos Err:    0.06 km | Vel Err:    0.00 m/s
[Solver Step 015000] t= 3.535 | Pos Err:    0.68 km | Vel Err:    0.55 m/s
[Solver Step 016000] t= 3.796 | Pos Err:    0.08 km | Vel Err:    0.00 m/s
[Solver Step 017000] t= 4.036 | Pos Err:    0.07 km | Vel Err:    0.00 m/s
[Solver Step 018000] t= 4.246 | Pos Err:    0.33 km | Vel Err:    0.22 m/s
[Solver Step 019000] t= 4.497 | Pos Err:    0.05 km | Vel Err:    0.02 m/s
[Solver Step 020000] t= 4.751 | Pos Err:    0.06 km | Vel Err:    0.00 m/s
[Solver Step 021000] t= 4.969 | Pos Err:    0.10 km | Vel Err:    0.11 m/s
[Solver Step 022000] t= 5.189 | Pos Err:    0.06 km | Vel Err:    0.01 m/s
[Solver Step 023000] t= 5.455 | Pos Err:    0.06 km | Vel Err:    0.00 m/s
[Solver Step 024000] t= 5.698 | Pos Err:    0.07 km | Vel Err:    0.12 m/s
[Solver Step 025000] t= 5.906 | Pos Err:    0.03 km | Vel Err:    0.00 m/s
[Solver Step 026000] t= 6.159 | Pos Err:    0.05 km | Vel Err:    0.00 m/s
[Solver Step 027000] t= 6.414 | Pos Err:    0.23 km | Vel Err:    0.24 m/s
[Solver Step 028000] t= 6.627 | Pos Err:    0.02 km | Vel Err:    0.00 m/s
[Solver Step 029000] t= 6.851 | Pos Err:    0.02 km | Vel Err:    0.00 m/s
Completed [TRANSFER] Trajectory 476/600 | Saved 2399 samples | Total: 650680
[Solver Step 001000] t= 0.417 | Pos Err:    4.45 km | Vel Err:    0.10 m/s
[Solver Step 002000] t= 0.821 | Pos Err:    0.11 km | Vel Err:    0.00 m/s
[Solver Step 003000] t= 1.261 | Pos Err:    0.09 km | Vel Err:    0.01 m/s
[Solver Step 004000] t= 1.609 | Pos Err:    0.12 km | Vel Err:    0.00 m/s
[Solver Step 005000] t= 1.995 | Pos Err:    0.10 km | Vel Err:    0.00 m/s
[Solver Step 006000] t= 2.447 | Pos Err:    0.05 km | Vel Err:    0.02 m/s
[Solver Step 007000] t= 2.849 | Pos Err:    0.03 km | Vel Err:    0.00 m/s
[Solver Step 008000] t= 3.245 | Pos Err:    0.02 km | Vel Err:    0.00 m/s
[Solver Step 009000] t= 3.621 | Pos Err:    0.07 km | Vel Err:    0.08 m/s
[Solver Step 010000] t= 4.035 | Pos Err:    0.12 km | Vel Err:    0.00 m/s
[Solver Step 011000] t= 4.454 | Pos Err:    0.12 km | Vel Err:    0.00 m/s
[Solver Step 012000] t= 4.897 | Pos Err:    0.09 km | Vel Err:    0.04 m/s
[Solver Step 013000] t= 5.235 | Pos Err:    0.07 km | Vel Err:    0.00 m/s
[Solver Step 014000] t= 5.633 | Pos Err:    0.05 km | Vel Err:    0.00 m/s
[Solver Step 015000] t= 6.112 | Pos Err:    0.10 km | Vel Err:    0.02 m/s
[Solver Step 016000] t= 6.499 | Pos Err:    0.12 km | Vel Err:    0.00 m/s
[Solver Step 017000] t= 6.926 | Pos Err:    0.13 km | Vel Err:    0.00 m/s
[Solver Step 018000] t= 7.270 | Pos Err:    0.19 km | Vel Err:    0.10 m/s
[Solver Step 019000] t= 7.691 | Pos Err:    0.03 km | Vel Err:    0.00 m/s
[Solver Step 020000] t= 8.169 | Pos Err:    0.03 km | Vel Err:    0.00 m/s
[Solver Step 021000] t= 8.555 | Pos Err:    0.05 km | Vel Err:    0.03 m/s
[Solver Step 022000] t= 8.923 | Pos Err:    0.09 km | Vel Err:    0.00 m/s
[Solver Step 023000] t= 9.317 | Pos Err:    0.12 km | Vel Err:    0.00 m/s
[Solver Step 024000] t= 9.776 | Pos Err:    0.09 km | Vel Err:    0.03 m/s
[Solver Step 025000] t=10.176 | Pos Err:    0.07 km | Vel Err:    0.00 m/s
[Solver Step 026000] t=10.576 | Pos Err:    0.04 km | Vel Err:    0.00 m/s
[Solver Step 027000] t=10.935 | Pos Err:    0.07 km | Vel Err:    0.09 m/s
[Solver Step 028000] t=11.354 | Pos Err:    0.12 km | Vel Err:    0.00 m/s
[Solver Step 029000] t=11.811 | Pos Err:    0.12 km | Vel Err:    0.00 m/s
[Solver Step 030000] t=12.180 | Pos Err:    0.11 km | Vel Err:    0.03 m/s
Completed [EARTH_ORBIT] Trajectory 477/600 | Saved 2583 samples | Total: 653263
[Multiple Shooting] Converged in 2 iterations with residual 2.87e-11
[Solver Step 001000] t= 0.430 | Pos Err:    0.39 km | Vel Err:    0.01 m/s
[Solver Step 002000] t= 0.893 | Pos Err:    0.22 km | Vel Err:    0.00 m/s
[Solver Step 003000] t= 1.386 | Pos Err:    1.15 km | Vel Err:    0.02 m/s
[Solver Step 004000] t= 1.806 | Pos Err:    4.31 km | Vel Err:    0.07 m/s
[Solver Step 005000] t= 2.157 | Pos Err:  186.84 km | Vel Err:    3.65 m/s
[Solver Step 006000] t= 2.615 | Pos Err:    6.69 km | Vel Err:    0.13 m/s
[Solver Step 007000] t= 3.092 | Pos Err:   34.60 km | Vel Err:    0.78 m/s
Completed [HALO_L1] Trajectory 478/600 | Saved 592 samples | Total: 653855
[Multiple Shooting] Converged in 2 iterations with residual 4.24e-12
[Solver Step 001000] t= 0.460 | Pos Err:    0.46 km | Vel Err:    0.01 m/s
[Solver Step 002000] t= 0.900 | Pos Err:    0.21 km | Vel Err:    0.00 m/s
[Solver Step 003000] t= 1.366 | Pos Err:    0.77 km | Vel Err:    0.02 m/s
[Solver Step 004000] t= 1.790 | Pos Err:    5.28 km | Vel Err:    0.11 m/s
[Solver Step 005000] t= 2.245 | Pos Err:    5.68 km | Vel Err:    0.12 m/s
[Solver Step 006000] t= 2.604 | Pos Err:  115.79 km | Vel Err:    2.56 m/s
[Solver Step 007000] t= 2.992 | Pos Err:  158.44 km | Vel Err:    2.94 m/s
Completed [HALO_L2] Trajectory 479/600 | Saved 611 samples | Total: 654466
[Multiple Shooting] Converged in 2 iterations with residual 1.22e-15
[Solver Step 001000] t= 0.482 | Pos Err:    0.36 km | Vel Err:    0.01 m/s
[Solver Step 002000] t= 0.943 | Pos Err:    0.26 km | Vel Err:    0.01 m/s
[Solver Step 003000] t= 1.486 | Pos Err:    0.18 km | Vel Err:    0.01 m/s
[Solver Step 004000] t= 2.064 | Pos Err:    0.16 km | Vel Err:    0.00 m/s
[Solver Step 005000] t= 2.492 | Pos Err:    0.27 km | Vel Err:    0.00 m/s
[Solver Step 006000] t= 2.951 | Pos Err:    0.65 km | Vel Err:    0.02 m/s
Completed [HALO_L2] Trajectory 480/600 | Saved 530 samples | Total: 654996
[Solver Step 001000] t= 0.415 | Pos Err:    0.62 km | Vel Err:    0.01 m/s
[Solver Step 002000] t= 0.789 | Pos Err:    0.07 km | Vel Err:    0.00 m/s
[Solver Step 003000] t= 1.099 | Pos Err:    0.01 km | Vel Err:    0.04 m/s
[Solver Step 004000] t= 1.550 | Pos Err:    0.05 km | Vel Err:    0.00 m/s
[Solver Step 005000] t= 2.101 | Pos Err:    0.05 km | Vel Err:    0.00 m/s
[Solver Step 006000] t= 2.514 | Pos Err:    0.05 km | Vel Err:    0.01 m/s
[Solver Step 007000] t= 3.014 | Pos Err:    0.04 km | Vel Err:    0.00 m/s
[Solver Step 008000] t= 3.566 | Pos Err:    0.04 km | Vel Err:    0.00 m/s
[Solver Step 009000] t= 4.057 | Pos Err:    0.04 km | Vel Err:    0.01 m/s
[Solver Step 010000] t= 4.458 | Pos Err:    0.04 km | Vel Err:    0.00 m/s
[Solver Step 011000] t= 4.996 | Pos Err:    0.05 km | Vel Err:    0.00 m/s
[Solver Step 012000] t= 5.583 | Pos Err:    0.03 km | Vel Err:    0.05 m/s
[Solver Step 013000] t= 6.066 | Pos Err:    0.05 km | Vel Err:    0.00 m/s
[Solver Step 014000] t= 6.467 | Pos Err:    0.06 km | Vel Err:    0.00 m/s
[Solver Step 015000] t= 7.024 | Pos Err:    0.03 km | Vel Err:    0.08 m/s
Completed [MOON_ORBIT] Trajectory 481/600 | Saved 1314 samples | Total: 656310
[Multiple Shooting] Converged in 2 iterations with residual 3.73e-11
[Solver Step 001000] t= 0.424 | Pos Err:    0.37 km | Vel Err:    0.01 m/s
[Solver Step 002000] t= 0.892 | Pos Err:    0.23 km | Vel Err:    0.01 m/s
[Solver Step 003000] t= 1.386 | Pos Err:    1.26 km | Vel Err:    0.02 m/s
[Solver Step 004000] t= 1.804 | Pos Err:    7.13 km | Vel Err:    0.13 m/s
[Solver Step 005000] t= 2.155 | Pos Err:  169.20 km | Vel Err:    3.37 m/s
[Solver Step 006000] t= 2.616 | Pos Err:    3.76 km | Vel Err:    0.08 m/s
[Solver Step 007000] t= 3.091 | Pos Err:   32.24 km | Vel Err:    0.72 m/s
Completed [HALO_L1] Trajectory 482/600 | Saved 592 samples | Total: 656902
[Solver Step 001000] t= 0.416 | Pos Err:    2.70 km | Vel Err:    0.06 m/s
[Solver Step 002000] t= 0.820 | Pos Err:    0.09 km | Vel Err:    0.00 m/s
[Solver Step 003000] t= 1.261 | Pos Err:    0.06 km | Vel Err:    0.01 m/s
[Solver Step 004000] t= 1.609 | Pos Err:    0.08 km | Vel Err:    0.00 m/s
[Solver Step 005000] t= 1.994 | Pos Err:    0.08 km | Vel Err:    0.00 m/s
[Solver Step 006000] t= 2.447 | Pos Err:    0.06 km | Vel Err:    0.02 m/s
[Solver Step 007000] t= 2.849 | Pos Err:    0.04 km | Vel Err:    0.00 m/s
[Solver Step 008000] t= 3.245 | Pos Err:    0.03 km | Vel Err:    0.00 m/s
[Solver Step 009000] t= 3.620 | Pos Err:    0.08 km | Vel Err:    0.08 m/s
[Solver Step 010000] t= 4.035 | Pos Err:    0.09 km | Vel Err:    0.00 m/s
[Solver Step 011000] t= 4.454 | Pos Err:    0.09 km | Vel Err:    0.00 m/s
[Solver Step 012000] t= 4.897 | Pos Err:    0.07 km | Vel Err:    0.04 m/s
[Solver Step 013000] t= 5.234 | Pos Err:    0.07 km | Vel Err:    0.00 m/s
[Solver Step 014000] t= 5.633 | Pos Err:    0.03 km | Vel Err:    0.00 m/s
[Solver Step 015000] t= 6.112 | Pos Err:    0.07 km | Vel Err:    0.02 m/s
[Solver Step 016000] t= 6.498 | Pos Err:    0.08 km | Vel Err:    0.00 m/s
[Solver Step 017000] t= 6.925 | Pos Err:    0.09 km | Vel Err:    0.00 m/s
[Solver Step 018000] t= 7.269 | Pos Err:    0.16 km | Vel Err:    0.10 m/s
[Solver Step 019000] t= 7.690 | Pos Err:    0.04 km | Vel Err:    0.00 m/s
[Solver Step 020000] t= 8.169 | Pos Err:    0.03 km | Vel Err:    0.00 m/s
[Solver Step 021000] t= 8.555 | Pos Err:    0.03 km | Vel Err:    0.03 m/s
[Solver Step 022000] t= 8.923 | Pos Err:    0.06 km | Vel Err:    0.00 m/s
[Solver Step 023000] t= 9.316 | Pos Err:    0.09 km | Vel Err:    0.00 m/s
[Solver Step 024000] t= 9.775 | Pos Err:    0.08 km | Vel Err:    0.03 m/s
[Solver Step 025000] t=10.175 | Pos Err:    0.07 km | Vel Err:    0.00 m/s
[Solver Step 026000] t=10.575 | Pos Err:    0.05 km | Vel Err:    0.00 m/s
[Solver Step 027000] t=10.935 | Pos Err:    0.09 km | Vel Err:    0.09 m/s
[Solver Step 028000] t=11.354 | Pos Err:    0.09 km | Vel Err:    0.00 m/s
[Solver Step 029000] t=11.810 | Pos Err:    0.09 km | Vel Err:    0.00 m/s
[Solver Step 030000] t=12.179 | Pos Err:    0.08 km | Vel Err:    0.03 m/s
Completed [EARTH_ORBIT] Trajectory 483/600 | Saved 2583 samples | Total: 659485
[Multiple Shooting] Converged in 8 iterations with residual 9.16e-13
[Solver Step 001000] t= 0.305 | Pos Err: 1097.91 km | Vel Err:   24.08 m/s
[Solver Step 002000] t= 0.682 | Pos Err:   93.56 km | Vel Err:    1.83 m/s
[Solver Step 003000] t= 1.056 | Pos Err: 3230.30 km | Vel Err:  154.52 m/s
[Solver Step 004000] t= 1.507 | Pos Err: 1870.67 km | Vel Err:   34.87 m/s
[Solver Step 005000] t= 1.877 | Pos Err: 20496.45 km | Vel Err: 1137.35 m/s
Completed [DRO] Trajectory 484/600 | Saved 431 samples | Total: 659916
[Multiple Shooting] Converged in 4 iterations with residual 3.54e-14
[Solver Step 001000] t= 0.348 | Pos Err:    7.63 km | Vel Err:    0.17 m/s
[Solver Step 002000] t= 0.691 | Pos Err:   43.65 km | Vel Err:    0.96 m/s
[Solver Step 003000] t= 1.058 | Pos Err:   25.68 km | Vel Err:    0.50 m/s
[Solver Step 004000] t= 1.428 | Pos Err:    1.90 km | Vel Err:    0.04 m/s
[Solver Step 005000] t= 1.776 | Pos Err:   18.53 km | Vel Err:    0.34 m/s
[Solver Step 006000] t= 2.134 | Pos Err:   33.18 km | Vel Err:    0.64 m/s
[Solver Step 007000] t= 2.500 | Pos Err:  149.75 km | Vel Err:    3.16 m/s
Completed [DRO] Trajectory 485/600 | Saved 587 samples | Total: 660503
[Multiple Shooting] Converged in 2 iterations with residual 1.83e-15
[Solver Step 001000] t= 0.463 | Pos Err:    0.50 km | Vel Err:    0.01 m/s
[Solver Step 002000] t= 0.951 | Pos Err:    0.23 km | Vel Err:    0.00 m/s
[Solver Step 003000] t= 1.513 | Pos Err:    0.06 km | Vel Err:    0.01 m/s
[Solver Step 004000] t= 2.081 | Pos Err:    0.09 km | Vel Err:    0.00 m/s
[Solver Step 005000] t= 2.485 | Pos Err:    0.20 km | Vel Err:    0.00 m/s
[Solver Step 006000] t= 2.971 | Pos Err:    0.45 km | Vel Err:    0.03 m/s
Completed [HALO_L2] Trajectory 486/600 | Saved 527 samples | Total: 661030
[Multiple Shooting] Converged in 2 iterations with residual 1.02e-11
[Solver Step 001000] t= 0.418 | Pos Err:    0.74 km | Vel Err:    0.02 m/s
[Solver Step 002000] t= 0.923 | Pos Err:    1.38 km | Vel Err:    0.03 m/s
[Solver Step 003000] t= 1.405 | Pos Err:   12.39 km | Vel Err:    0.25 m/s
[Solver Step 004000] t= 1.737 | Pos Err:   89.98 km | Vel Err:    1.77 m/s
[Solver Step 005000] t= 2.231 | Pos Err:    3.02 km | Vel Err:    0.08 m/s
[Solver Step 006000] t= 2.678 | Pos Err:    1.39 km | Vel Err:    0.03 m/s
[Solver Step 007000] t= 3.073 | Pos Err:    8.04 km | Vel Err:    0.18 m/s
Completed [HALO_L1] Trajectory 487/600 | Saved 596 samples | Total: 661626
[Solver Step 001000] t= 0.415 | Pos Err:    0.53 km | Vel Err:    0.01 m/s
[Solver Step 002000] t= 0.790 | Pos Err:    0.07 km | Vel Err:    0.00 m/s
[Solver Step 003000] t= 1.099 | Pos Err:    0.01 km | Vel Err:    0.04 m/s
[Solver Step 004000] t= 1.550 | Pos Err:    0.05 km | Vel Err:    0.00 m/s
[Solver Step 005000] t= 2.102 | Pos Err:    0.05 km | Vel Err:    0.00 m/s
[Solver Step 006000] t= 2.515 | Pos Err:    0.05 km | Vel Err:    0.01 m/s
[Solver Step 007000] t= 3.014 | Pos Err:    0.05 km | Vel Err:    0.00 m/s
[Solver Step 008000] t= 3.567 | Pos Err:    0.05 km | Vel Err:    0.00 m/s
[Solver Step 009000] t= 4.057 | Pos Err:    0.04 km | Vel Err:    0.01 m/s
[Solver Step 010000] t= 4.459 | Pos Err:    0.05 km | Vel Err:    0.00 m/s
[Solver Step 011000] t= 4.997 | Pos Err:    0.05 km | Vel Err:    0.00 m/s
[Solver Step 012000] t= 5.584 | Pos Err:    0.03 km | Vel Err:    0.05 m/s
[Solver Step 013000] t= 6.066 | Pos Err:    0.05 km | Vel Err:    0.00 m/s
[Solver Step 014000] t= 6.467 | Pos Err:    0.05 km | Vel Err:    0.00 m/s
[Solver Step 015000] t= 7.025 | Pos Err:    0.03 km | Vel Err:    0.08 m/s
Completed [MOON_ORBIT] Trajectory 488/600 | Saved 1314 samples | Total: 662940
[Solver Step 001000] t= 0.217 | Pos Err:   27.89 km | Vel Err:    0.70 m/s
[Solver Step 002000] t= 0.471 | Pos Err:    3.45 km | Vel Err:    0.07 m/s
[Solver Step 003000] t= 0.713 | Pos Err:    0.45 km | Vel Err:    0.03 m/s
[Solver Step 004000] t= 0.930 | Pos Err:    0.05 km | Vel Err:    0.00 m/s
[Solver Step 005000] t= 1.177 | Pos Err:    0.09 km | Vel Err:    0.00 m/s
[Solver Step 006000] t= 1.430 | Pos Err:    0.04 km | Vel Err:    0.04 m/s
[Solver Step 007000] t= 1.659 | Pos Err:    0.05 km | Vel Err:    0.00 m/s
[Solver Step 008000] t= 1.875 | Pos Err:    0.08 km | Vel Err:    0.00 m/s
[Solver Step 009000] t= 2.134 | Pos Err:    0.05 km | Vel Err:    0.08 m/s
[Solver Step 010000] t= 2.378 | Pos Err:    0.03 km | Vel Err:    0.00 m/s
[Solver Step 011000] t= 2.594 | Pos Err:    0.05 km | Vel Err:    0.00 m/s
[Solver Step 012000] t= 2.839 | Pos Err:    1.06 km | Vel Err:    0.82 m/s
[Solver Step 013000] t= 3.095 | Pos Err:    0.02 km | Vel Err:    0.00 m/s
[Solver Step 014000] t= 3.319 | Pos Err:    0.06 km | Vel Err:    0.00 m/s
[Solver Step 015000] t= 3.538 | Pos Err:    0.76 km | Vel Err:    0.51 m/s
[Solver Step 016000] t= 3.798 | Pos Err:    0.03 km | Vel Err:    0.00 m/s
[Solver Step 017000] t= 4.041 | Pos Err:    0.07 km | Vel Err:    0.00 m/s
[Solver Step 018000] t= 4.252 | Pos Err:    0.42 km | Vel Err:    0.20 m/s
[Solver Step 019000] t= 4.498 | Pos Err:    0.08 km | Vel Err:    0.02 m/s
[Solver Step 020000] t= 4.753 | Pos Err:    0.09 km | Vel Err:    0.00 m/s
[Solver Step 021000] t= 4.971 | Pos Err:    0.19 km | Vel Err:    0.11 m/s
[Solver Step 022000] t= 5.190 | Pos Err:    0.08 km | Vel Err:    0.01 m/s
[Solver Step 023000] t= 5.456 | Pos Err:    0.10 km | Vel Err:    0.00 m/s
[Solver Step 024000] t= 5.699 | Pos Err:    0.11 km | Vel Err:    0.12 m/s
[Solver Step 025000] t= 5.908 | Pos Err:    0.08 km | Vel Err:    0.00 m/s
[Solver Step 026000] t= 6.160 | Pos Err:    0.09 km | Vel Err:    0.00 m/s
[Solver Step 027000] t= 6.416 | Pos Err:    0.19 km | Vel Err:    0.24 m/s
[Solver Step 028000] t= 6.629 | Pos Err:    0.08 km | Vel Err:    0.00 m/s
[Solver Step 029000] t= 6.852 | Pos Err:    0.11 km | Vel Err:    0.00 m/s
Completed [TRANSFER] Trajectory 489/600 | Saved 2399 samples | Total: 665339
[Solver Step 001000] t= 0.416 | Pos Err:    0.25 km | Vel Err:    0.01 m/s
[Solver Step 002000] t= 0.790 | Pos Err:    0.05 km | Vel Err:    0.00 m/s
[Solver Step 003000] t= 1.100 | Pos Err:    0.01 km | Vel Err:    0.04 m/s
[Solver Step 004000] t= 1.551 | Pos Err:    0.06 km | Vel Err:    0.00 m/s
[Solver Step 005000] t= 2.102 | Pos Err:    0.06 km | Vel Err:    0.00 m/s
[Solver Step 006000] t= 2.515 | Pos Err:    0.06 km | Vel Err:    0.01 m/s
[Solver Step 007000] t= 3.015 | Pos Err:    0.06 km | Vel Err:    0.00 m/s
[Solver Step 008000] t= 3.568 | Pos Err:    0.06 km | Vel Err:    0.00 m/s
[Solver Step 009000] t= 4.058 | Pos Err:    0.05 km | Vel Err:    0.01 m/s
[Solver Step 010000] t= 4.459 | Pos Err:    0.06 km | Vel Err:    0.00 m/s
[Solver Step 011000] t= 4.997 | Pos Err:    0.05 km | Vel Err:    0.00 m/s
[Solver Step 012000] t= 5.585 | Pos Err:    0.04 km | Vel Err:    0.05 m/s
[Solver Step 013000] t= 6.067 | Pos Err:    0.05 km | Vel Err:    0.00 m/s
[Solver Step 014000] t= 6.468 | Pos Err:    0.05 km | Vel Err:    0.00 m/s
[Solver Step 015000] t= 7.025 | Pos Err:    0.03 km | Vel Err:    0.08 m/s
Completed [MOON_ORBIT] Trajectory 490/600 | Saved 1314 samples | Total: 666653
[Multiple Shooting] Converged in 2 iterations with residual 1.21e-15
[Solver Step 001000] t= 0.493 | Pos Err:    0.25 km | Vel Err:    0.00 m/s
[Solver Step 002000] t= 0.944 | Pos Err:    0.28 km | Vel Err:    0.01 m/s
[Solver Step 003000] t= 1.456 | Pos Err:    0.07 km | Vel Err:    0.01 m/s
[Solver Step 004000] t= 2.027 | Pos Err:    0.32 km | Vel Err:    0.01 m/s
[Solver Step 005000] t= 2.529 | Pos Err:    0.23 km | Vel Err:    0.00 m/s
[Solver Step 006000] t= 2.932 | Pos Err:    1.44 km | Vel Err:    0.03 m/s
Completed [HALO_L2] Trajectory 491/600 | Saved 535 samples | Total: 667188
[Multiple Shooting] Converged in 2 iterations with residual 3.78e-15
[Solver Step 001000] t= 0.465 | Pos Err:    0.44 km | Vel Err:    0.01 m/s
[Solver Step 002000] t= 0.966 | Pos Err:    0.10 km | Vel Err:    0.00 m/s
[Solver Step 003000] t= 1.364 | Pos Err:    0.09 km | Vel Err:    0.00 m/s
[Solver Step 004000] t= 1.811 | Pos Err:    0.09 km | Vel Err:    0.00 m/s
[Solver Step 005000] t= 2.225 | Pos Err:    0.16 km | Vel Err:    0.00 m/s
[Solver Step 006000] t= 2.745 | Pos Err:    0.21 km | Vel Err:    0.03 m/s
Completed [HALO_L2] Trajectory 492/600 | Saved 562 samples | Total: 667750
[Multiple Shooting] Converged in 2 iterations with residual 9.27e-12
[Solver Step 001000] t= 0.412 | Pos Err:    0.51 km | Vel Err:    0.01 m/s
[Solver Step 002000] t= 0.915 | Pos Err:    5.08 km | Vel Err:    0.09 m/s
[Solver Step 003000] t= 1.347 | Pos Err:   81.35 km | Vel Err:    1.77 m/s
[Solver Step 004000] t= 1.745 | Pos Err:   83.47 km | Vel Err:    1.78 m/s
[Solver Step 005000] t= 2.238 | Pos Err:    1.38 km | Vel Err:    0.03 m/s
[Solver Step 006000] t= 2.632 | Pos Err:    0.15 km | Vel Err:    0.01 m/s
[Solver Step 007000] t= 3.088 | Pos Err:    8.25 km | Vel Err:    0.19 m/s
Completed [HALO_L1] Trajectory 493/600 | Saved 593 samples | Total: 668343
[Solver Step 001000] t= 0.409 | Pos Err:   28.14 km | Vel Err:    0.63 m/s
[Solver Step 002000] t= 0.916 | Pos Err:    0.24 km | Vel Err:    0.01 m/s
[Solver Step 003000] t= 1.365 | Pos Err:    0.35 km | Vel Err:    0.01 m/s
[Solver Step 004000] t= 1.889 | Pos Err:    0.35 km | Vel Err:    0.00 m/s
[Solver Step 005000] t= 2.312 | Pos Err:    0.25 km | Vel Err:    0.00 m/s
Completed [DRO] Trajectory 494/600 | Saved 450 samples | Total: 668793
[Solver Step 001000] t= 0.416 | Pos Err:    0.19 km | Vel Err:    0.01 m/s
[Solver Step 002000] t= 0.790 | Pos Err:    0.05 km | Vel Err:    0.00 m/s
[Solver Step 003000] t= 1.100 | Pos Err:    0.01 km | Vel Err:    0.04 m/s
[Solver Step 004000] t= 1.551 | Pos Err:    0.06 km | Vel Err:    0.00 m/s
[Solver Step 005000] t= 2.102 | Pos Err:    0.06 km | Vel Err:    0.00 m/s
[Solver Step 006000] t= 2.515 | Pos Err:    0.06 km | Vel Err:    0.01 m/s
[Solver Step 007000] t= 3.015 | Pos Err:    0.05 km | Vel Err:    0.00 m/s
[Solver Step 008000] t= 3.568 | Pos Err:    0.05 km | Vel Err:    0.00 m/s
[Solver Step 009000] t= 4.058 | Pos Err:    0.05 km | Vel Err:    0.01 m/s
[Solver Step 010000] t= 4.459 | Pos Err:    0.05 km | Vel Err:    0.00 m/s
[Solver Step 011000] t= 4.997 | Pos Err:    0.05 km | Vel Err:    0.00 m/s
[Solver Step 012000] t= 5.585 | Pos Err:    0.04 km | Vel Err:    0.05 m/s
[Solver Step 013000] t= 6.067 | Pos Err:    0.05 km | Vel Err:    0.00 m/s
[Solver Step 014000] t= 6.468 | Pos Err:    0.05 km | Vel Err:    0.00 m/s
[Solver Step 015000] t= 7.025 | Pos Err:    0.03 km | Vel Err:    0.08 m/s
Completed [MOON_ORBIT] Trajectory 495/600 | Saved 1314 samples | Total: 670107
[Solver Step 001000] t= 0.216 | Pos Err:   24.76 km | Vel Err:    0.47 m/s
[Solver Step 002000] t= 0.470 | Pos Err:    2.96 km | Vel Err:    0.03 m/s
[Solver Step 003000] t= 0.713 | Pos Err:    0.43 km | Vel Err:    0.02 m/s
[Solver Step 004000] t= 0.931 | Pos Err:    0.04 km | Vel Err:    0.00 m/s
[Solver Step 005000] t= 1.178 | Pos Err:    0.08 km | Vel Err:    0.00 m/s
[Solver Step 006000] t= 1.431 | Pos Err:    0.01 km | Vel Err:    0.04 m/s
[Solver Step 007000] t= 1.661 | Pos Err:    0.03 km | Vel Err:    0.00 m/s
[Solver Step 008000] t= 1.876 | Pos Err:    0.06 km | Vel Err:    0.00 m/s
[Solver Step 009000] t= 2.134 | Pos Err:    0.09 km | Vel Err:    0.11 m/s
[Solver Step 010000] t= 2.377 | Pos Err:    0.03 km | Vel Err:    0.00 m/s
[Solver Step 011000] t= 2.590 | Pos Err:    0.05 km | Vel Err:    0.00 m/s
[Solver Step 012000] t= 2.837 | Pos Err:    0.95 km | Vel Err:    0.76 m/s
[Solver Step 013000] t= 3.092 | Pos Err:    0.04 km | Vel Err:    0.00 m/s
[Solver Step 014000] t= 3.313 | Pos Err:    0.07 km | Vel Err:    0.00 m/s
[Solver Step 015000] t= 3.535 | Pos Err:    0.77 km | Vel Err:    0.54 m/s
[Solver Step 016000] t= 3.796 | Pos Err:    0.04 km | Vel Err:    0.00 m/s
[Solver Step 017000] t= 4.038 | Pos Err:    0.09 km | Vel Err:    0.00 m/s
[Solver Step 018000] t= 4.246 | Pos Err:    0.42 km | Vel Err:    0.22 m/s
[Solver Step 019000] t= 4.496 | Pos Err:    0.08 km | Vel Err:    0.02 m/s
[Solver Step 020000] t= 4.750 | Pos Err:    0.10 km | Vel Err:    0.00 m/s
[Solver Step 021000] t= 4.967 | Pos Err:    0.18 km | Vel Err:    0.11 m/s
[Solver Step 022000] t= 5.188 | Pos Err:    0.10 km | Vel Err:    0.01 m/s
[Solver Step 023000] t= 5.454 | Pos Err:    0.11 km | Vel Err:    0.00 m/s
[Solver Step 024000] t= 5.696 | Pos Err:    0.08 km | Vel Err:    0.12 m/s
[Solver Step 025000] t= 5.905 | Pos Err:    0.08 km | Vel Err:    0.00 m/s
[Solver Step 026000] t= 6.158 | Pos Err:    0.09 km | Vel Err:    0.00 m/s
[Solver Step 027000] t= 6.412 | Pos Err:    0.17 km | Vel Err:    0.24 m/s
[Solver Step 028000] t= 6.625 | Pos Err:    0.06 km | Vel Err:    0.00 m/s
[Solver Step 029000] t= 6.850 | Pos Err:    0.09 km | Vel Err:    0.00 m/s
Completed [TRANSFER] Trajectory 496/600 | Saved 2399 samples | Total: 672506
[Solver Step 001000] t= 0.413 | Pos Err:    2.75 km | Vel Err:    0.06 m/s
[Solver Step 002000] t= 0.817 | Pos Err:    0.10 km | Vel Err:    0.00 m/s
[Solver Step 003000] t= 1.259 | Pos Err:    0.03 km | Vel Err:    0.01 m/s
[Solver Step 004000] t= 1.606 | Pos Err:    0.05 km | Vel Err:    0.00 m/s
[Solver Step 005000] t= 1.991 | Pos Err:    0.09 km | Vel Err:    0.00 m/s
[Solver Step 006000] t= 2.444 | Pos Err:    0.09 km | Vel Err:    0.02 m/s
[Solver Step 007000] t= 2.846 | Pos Err:    0.07 km | Vel Err:    0.00 m/s
[Solver Step 008000] t= 3.243 | Pos Err:    0.05 km | Vel Err:    0.00 m/s
[Solver Step 009000] t= 3.618 | Pos Err:    0.07 km | Vel Err:    0.08 m/s
[Solver Step 010000] t= 4.032 | Pos Err:    0.08 km | Vel Err:    0.00 m/s
[Solver Step 011000] t= 4.451 | Pos Err:    0.10 km | Vel Err:    0.00 m/s
[Solver Step 012000] t= 4.894 | Pos Err:    0.08 km | Vel Err:    0.04 m/s
[Solver Step 013000] t= 5.232 | Pos Err:    0.09 km | Vel Err:    0.00 m/s
[Solver Step 014000] t= 5.630 | Pos Err:    0.03 km | Vel Err:    0.00 m/s
[Solver Step 015000] t= 6.109 | Pos Err:    0.04 km | Vel Err:    0.02 m/s
[Solver Step 016000] t= 6.496 | Pos Err:    0.06 km | Vel Err:    0.00 m/s
[Solver Step 017000] t= 6.923 | Pos Err:    0.08 km | Vel Err:    0.00 m/s
[Solver Step 018000] t= 7.267 | Pos Err:    0.15 km | Vel Err:    0.10 m/s
[Solver Step 019000] t= 7.687 | Pos Err:    0.07 km | Vel Err:    0.00 m/s
[Solver Step 020000] t= 8.167 | Pos Err:    0.05 km | Vel Err:    0.00 m/s
[Solver Step 021000] t= 8.552 | Pos Err:    0.03 km | Vel Err:    0.03 m/s
[Solver Step 022000] t= 8.922 | Pos Err:    0.03 km | Vel Err:    0.00 m/s
[Solver Step 023000] t= 9.314 | Pos Err:    0.08 km | Vel Err:    0.00 m/s
[Solver Step 024000] t= 9.772 | Pos Err:    0.09 km | Vel Err:    0.03 m/s
[Solver Step 025000] t=10.173 | Pos Err:    0.09 km | Vel Err:    0.00 m/s
[Solver Step 026000] t=10.573 | Pos Err:    0.08 km | Vel Err:    0.00 m/s
[Solver Step 027000] t=10.932 | Pos Err:    0.10 km | Vel Err:    0.09 m/s
[Solver Step 028000] t=11.352 | Pos Err:    0.06 km | Vel Err:    0.00 m/s
[Solver Step 029000] t=11.808 | Pos Err:    0.08 km | Vel Err:    0.00 m/s
[Solver Step 030000] t=12.177 | Pos Err:    0.08 km | Vel Err:    0.03 m/s
Completed [EARTH_ORBIT] Trajectory 497/600 | Saved 2583 samples | Total: 675089
[Solver Step 001000] t= 0.416 | Pos Err:    0.42 km | Vel Err:    0.01 m/s
[Solver Step 002000] t= 0.790 | Pos Err:    0.05 km | Vel Err:    0.00 m/s
[Solver Step 003000] t= 1.099 | Pos Err:    0.01 km | Vel Err:    0.04 m/s
[Solver Step 004000] t= 1.551 | Pos Err:    0.06 km | Vel Err:    0.00 m/s
[Solver Step 005000] t= 2.102 | Pos Err:    0.06 km | Vel Err:    0.00 m/s
[Solver Step 006000] t= 2.515 | Pos Err:    0.06 km | Vel Err:    0.01 m/s
[Solver Step 007000] t= 3.015 | Pos Err:    0.06 km | Vel Err:    0.00 m/s
[Solver Step 008000] t= 3.568 | Pos Err:    0.06 km | Vel Err:    0.00 m/s
[Solver Step 009000] t= 4.057 | Pos Err:    0.05 km | Vel Err:    0.01 m/s
[Solver Step 010000] t= 4.459 | Pos Err:    0.06 km | Vel Err:    0.00 m/s
[Solver Step 011000] t= 4.997 | Pos Err:    0.05 km | Vel Err:    0.00 m/s
[Solver Step 012000] t= 5.584 | Pos Err:    0.04 km | Vel Err:    0.05 m/s
[Solver Step 013000] t= 6.067 | Pos Err:    0.05 km | Vel Err:    0.00 m/s
[Solver Step 014000] t= 6.468 | Pos Err:    0.05 km | Vel Err:    0.00 m/s
[Solver Step 015000] t= 7.025 | Pos Err:    0.02 km | Vel Err:    0.08 m/s
Completed [MOON_ORBIT] Trajectory 498/600 | Saved 1314 samples | Total: 676403
[Solver Step 001000] t= 0.215 | Pos Err:   17.93 km | Vel Err:    0.40 m/s
[Solver Step 002000] t= 0.469 | Pos Err:    2.18 km | Vel Err:    0.07 m/s
[Solver Step 003000] t= 0.712 | Pos Err:    0.30 km | Vel Err:    0.04 m/s
[Solver Step 004000] t= 0.926 | Pos Err:    0.02 km | Vel Err:    0.00 m/s
[Solver Step 005000] t= 1.176 | Pos Err:    0.07 km | Vel Err:    0.00 m/s
[Solver Step 006000] t= 1.429 | Pos Err:    0.08 km | Vel Err:    0.03 m/s
[Solver Step 007000] t= 1.658 | Pos Err:    0.07 km | Vel Err:    0.00 m/s
[Solver Step 008000] t= 1.873 | Pos Err:    0.08 km | Vel Err:    0.00 m/s
[Solver Step 009000] t= 2.133 | Pos Err:    0.19 km | Vel Err:    0.15 m/s
[Solver Step 010000] t= 2.374 | Pos Err:    0.06 km | Vel Err:    0.00 m/s
[Solver Step 011000] t= 2.586 | Pos Err:    0.05 km | Vel Err:    0.00 m/s
[Solver Step 012000] t= 2.835 | Pos Err:    1.38 km | Vel Err:    1.06 m/s
[Solver Step 013000] t= 3.090 | Pos Err:    0.05 km | Vel Err:    0.00 m/s
[Solver Step 014000] t= 3.309 | Pos Err:    0.03 km | Vel Err:    0.00 m/s
[Solver Step 015000] t= 3.532 | Pos Err:    0.76 km | Vel Err:    0.57 m/s
[Solver Step 016000] t= 3.794 | Pos Err:    0.04 km | Vel Err:    0.01 m/s
[Solver Step 017000] t= 4.035 | Pos Err:    0.01 km | Vel Err:    0.00 m/s
[Solver Step 018000] t= 4.242 | Pos Err:    0.38 km | Vel Err:    0.23 m/s
[Solver Step 019000] t= 4.494 | Pos Err:    0.03 km | Vel Err:    0.02 m/s
[Solver Step 020000] t= 4.747 | Pos Err:    0.03 km | Vel Err:    0.00 m/s
[Solver Step 021000] t= 4.963 | Pos Err:    0.18 km | Vel Err:    0.12 m/s
[Solver Step 022000] t= 5.186 | Pos Err:    0.02 km | Vel Err:    0.01 m/s
[Solver Step 023000] t= 5.451 | Pos Err:    0.04 km | Vel Err:    0.00 m/s
[Solver Step 024000] t= 5.693 | Pos Err:    0.12 km | Vel Err:    0.11 m/s
[Solver Step 025000] t= 5.901 | Pos Err:    0.05 km | Vel Err:    0.00 m/s
[Solver Step 026000] t= 6.156 | Pos Err:    0.05 km | Vel Err:    0.00 m/s
[Solver Step 027000] t= 6.409 | Pos Err:    0.25 km | Vel Err:    0.24 m/s
[Solver Step 028000] t= 6.620 | Pos Err:    0.08 km | Vel Err:    0.00 m/s
[Solver Step 029000] t= 6.848 | Pos Err:    0.08 km | Vel Err:    0.00 m/s
Completed [TRANSFER] Trajectory 499/600 | Saved 2399 samples | Total: 678802
[Solver Step 001000] t= 0.413 | Pos Err:    3.54 km | Vel Err:    0.08 m/s
[Solver Step 002000] t= 0.817 | Pos Err:    0.05 km | Vel Err:    0.00 m/s
[Solver Step 003000] t= 1.258 | Pos Err:    0.08 km | Vel Err:    0.01 m/s
[Solver Step 004000] t= 1.605 | Pos Err:    0.06 km | Vel Err:    0.00 m/s
[Solver Step 005000] t= 1.991 | Pos Err:    0.05 km | Vel Err:    0.00 m/s
[Solver Step 006000] t= 2.444 | Pos Err:    0.10 km | Vel Err:    0.02 m/s
[Solver Step 007000] t= 2.845 | Pos Err:    0.10 km | Vel Err:    0.00 m/s
[Solver Step 008000] t= 3.243 | Pos Err:    0.11 km | Vel Err:    0.00 m/s
[Solver Step 009000] t= 3.617 | Pos Err:    0.16 km | Vel Err:    0.08 m/s
[Solver Step 010000] t= 4.031 | Pos Err:    0.02 km | Vel Err:    0.00 m/s
[Solver Step 011000] t= 4.451 | Pos Err:    0.04 km | Vel Err:    0.00 m/s
[Solver Step 012000] t= 4.893 | Pos Err:    0.04 km | Vel Err:    0.04 m/s
[Solver Step 013000] t= 5.232 | Pos Err:    0.08 km | Vel Err:    0.00 m/s
[Solver Step 014000] t= 5.629 | Pos Err:    0.10 km | Vel Err:    0.00 m/s
[Solver Step 015000] t= 6.108 | Pos Err:    0.07 km | Vel Err:    0.02 m/s
[Solver Step 016000] t= 6.495 | Pos Err:    0.06 km | Vel Err:    0.00 m/s
[Solver Step 017000] t= 6.922 | Pos Err:    0.03 km | Vel Err:    0.00 m/s
[Solver Step 018000] t= 7.266 | Pos Err:    0.07 km | Vel Err:    0.10 m/s
[Solver Step 019000] t= 7.686 | Pos Err:    0.10 km | Vel Err:    0.00 m/s
[Solver Step 020000] t= 8.166 | Pos Err:    0.11 km | Vel Err:    0.00 m/s
[Solver Step 021000] t= 8.551 | Pos Err:    0.09 km | Vel Err:    0.03 m/s
[Solver Step 022000] t= 8.921 | Pos Err:    0.09 km | Vel Err:    0.00 m/s
[Solver Step 023000] t= 9.313 | Pos Err:    0.02 km | Vel Err:    0.00 m/s
[Solver Step 024000] t= 9.771 | Pos Err:    0.07 km | Vel Err:    0.03 m/s
[Solver Step 025000] t=10.172 | Pos Err:    0.09 km | Vel Err:    0.00 m/s
[Solver Step 026000] t=10.572 | Pos Err:    0.10 km | Vel Err:    0.00 m/s
[Solver Step 027000] t=10.932 | Pos Err:    0.17 km | Vel Err:    0.09 m/s
[Solver Step 028000] t=11.352 | Pos Err:    0.05 km | Vel Err:    0.00 m/s
[Solver Step 029000] t=11.807 | Pos Err:    0.02 km | Vel Err:    0.00 m/s
[Solver Step 030000] t=12.176 | Pos Err:    0.02 km | Vel Err:    0.03 m/s
[Solver Step 031000] t=12.566 | Pos Err:    0.06 km | Vel Err:    0.00 m/s
Completed [EARTH_ORBIT] Trajectory 500/600 | Saved 2584 samples | Total: 681386
[Multiple Shooting] Converged in 2 iterations with residual 1.49e-15
[Solver Step 001000] t= 0.493 | Pos Err:    0.42 km | Vel Err:    0.01 m/s
[Solver Step 002000] t= 0.948 | Pos Err:    0.27 km | Vel Err:    0.01 m/s
[Solver Step 003000] t= 1.449 | Pos Err:    0.05 km | Vel Err:    0.01 m/s
[Solver Step 004000] t= 2.011 | Pos Err:    0.19 km | Vel Err:    0.00 m/s
[Solver Step 005000] t= 2.535 | Pos Err:    0.17 km | Vel Err:    0.00 m/s
[Solver Step 006000] t= 2.928 | Pos Err:    1.57 km | Vel Err:    0.03 m/s
Completed [HALO_L2] Trajectory 501/600 | Saved 537 samples | Total: 681923
[Multiple Shooting] Converged in 19 iterations with residual 1.39e-15
[Solver Step 001000] t= 0.407 | Pos Err:    2.86 km | Vel Err:    0.07 m/s
[Solver Step 002000] t= 0.895 | Pos Err:    0.14 km | Vel Err:    0.00 m/s
[Solver Step 003000] t= 1.404 | Pos Err:    0.09 km | Vel Err:    0.01 m/s
[Solver Step 004000] t= 1.822 | Pos Err:    0.04 km | Vel Err:    0.00 m/s
[Solver Step 005000] t= 2.337 | Pos Err:    0.31 km | Vel Err:    0.01 m/s
Completed [DRO] Trajectory 502/600 | Saved 456 samples | Total: 682379
[Solver Step 001000] t= 0.217 | Pos Err:   16.06 km | Vel Err:    0.42 m/s
[Solver Step 002000] t= 0.470 | Pos Err:    2.07 km | Vel Err:    0.04 m/s
[Solver Step 003000] t= 0.711 | Pos Err:    0.24 km | Vel Err:    0.04 m/s
[Solver Step 004000] t= 0.930 | Pos Err:    0.02 km | Vel Err:    0.00 m/s
[Solver Step 005000] t= 1.177 | Pos Err:    0.01 km | Vel Err:    0.00 m/s
[Solver Step 006000] t= 1.431 | Pos Err:    0.09 km | Vel Err:    0.05 m/s
[Solver Step 007000] t= 1.662 | Pos Err:    0.07 km | Vel Err:    0.00 m/s
[Solver Step 008000] t= 1.878 | Pos Err:    0.05 km | Vel Err:    0.00 m/s
[Solver Step 009000] t= 2.136 | Pos Err:    0.28 km | Vel Err:    0.18 m/s
[Solver Step 010000] t= 2.382 | Pos Err:    0.09 km | Vel Err:    0.00 m/s
[Solver Step 011000] t= 2.599 | Pos Err:    0.07 km | Vel Err:    0.00 m/s
[Solver Step 012000] t= 2.842 | Pos Err:    0.98 km | Vel Err:    0.84 m/s
[Solver Step 013000] t= 3.097 | Pos Err:    0.09 km | Vel Err:    0.00 m/s
[Solver Step 014000] t= 3.319 | Pos Err:    0.07 km | Vel Err:    0.00 m/s
[Solver Step 015000] t= 3.539 | Pos Err:    0.61 km | Vel Err:    0.49 m/s
[Solver Step 016000] t= 3.799 | Pos Err:    0.09 km | Vel Err:    0.00 m/s
[Solver Step 017000] t= 4.043 | Pos Err:    0.07 km | Vel Err:    0.00 m/s
[Solver Step 018000] t= 4.252 | Pos Err:    0.30 km | Vel Err:    0.20 m/s
[Solver Step 019000] t= 4.500 | Pos Err:    0.07 km | Vel Err:    0.01 m/s
[Solver Step 020000] t= 4.755 | Pos Err:    0.06 km | Vel Err:    0.00 m/s
[Solver Step 021000] t= 4.975 | Pos Err:    0.07 km | Vel Err:    0.10 m/s
[Solver Step 022000] t= 5.193 | Pos Err:    0.06 km | Vel Err:    0.01 m/s
[Solver Step 023000] t= 5.459 | Pos Err:    0.05 km | Vel Err:    0.00 m/s
[Solver Step 024000] t= 5.703 | Pos Err:    0.08 km | Vel Err:    0.12 m/s
[Solver Step 025000] t= 5.912 | Pos Err:    0.03 km | Vel Err:    0.00 m/s
[Solver Step 026000] t= 6.162 | Pos Err:    0.04 km | Vel Err:    0.00 m/s
[Solver Step 027000] t= 6.419 | Pos Err:    0.24 km | Vel Err:    0.24 m/s
[Solver Step 028000] t= 6.633 | Pos Err:    0.04 km | Vel Err:    0.00 m/s
[Solver Step 029000] t= 6.855 | Pos Err:    0.02 km | Vel Err:    0.00 m/s
Completed [TRANSFER] Trajectory 503/600 | Saved 2398 samples | Total: 684777
[Solver Step 001000] t= 0.417 | Pos Err:    2.62 km | Vel Err:    0.06 m/s
[Solver Step 002000] t= 0.821 | Pos Err:    0.04 km | Vel Err:    0.00 m/s
[Solver Step 003000] t= 1.261 | Pos Err:    0.09 km | Vel Err:    0.01 m/s
[Solver Step 004000] t= 1.609 | Pos Err:    0.10 km | Vel Err:    0.00 m/s
[Solver Step 005000] t= 1.995 | Pos Err:    0.04 km | Vel Err:    0.00 m/s
[Solver Step 006000] t= 2.448 | Pos Err:    0.02 km | Vel Err:    0.02 m/s
[Solver Step 007000] t= 2.850 | Pos Err:    0.04 km | Vel Err:    0.00 m/s
[Solver Step 008000] t= 3.245 | Pos Err:    0.06 km | Vel Err:    0.00 m/s
[Solver Step 009000] t= 3.621 | Pos Err:    0.13 km | Vel Err:    0.08 m/s
[Solver Step 010000] t= 4.036 | Pos Err:    0.08 km | Vel Err:    0.00 m/s
[Solver Step 011000] t= 4.454 | Pos Err:    0.06 km | Vel Err:    0.00 m/s
[Solver Step 012000] t= 4.897 | Pos Err:    0.03 km | Vel Err:    0.04 m/s
[Solver Step 013000] t= 5.235 | Pos Err:    0.01 km | Vel Err:    0.00 m/s
[Solver Step 014000] t= 5.634 | Pos Err:    0.07 km | Vel Err:    0.00 m/s
[Solver Step 015000] t= 6.113 | Pos Err:    0.09 km | Vel Err:    0.02 m/s
[Solver Step 016000] t= 6.499 | Pos Err:    0.10 km | Vel Err:    0.00 m/s
[Solver Step 017000] t= 6.926 | Pos Err:    0.09 km | Vel Err:    0.00 m/s
[Solver Step 018000] t= 7.270 | Pos Err:    0.13 km | Vel Err:    0.10 m/s
[Solver Step 019000] t= 7.691 | Pos Err:    0.04 km | Vel Err:    0.00 m/s
[Solver Step 020000] t= 8.170 | Pos Err:    0.07 km | Vel Err:    0.00 m/s
[Solver Step 021000] t= 8.556 | Pos Err:    0.07 km | Vel Err:    0.03 m/s
[Solver Step 022000] t= 8.923 | Pos Err:    0.10 km | Vel Err:    0.00 m/s
[Solver Step 023000] t= 9.317 | Pos Err:    0.06 km | Vel Err:    0.00 m/s
[Solver Step 024000] t= 9.776 | Pos Err:    0.02 km | Vel Err:    0.03 m/s
[Solver Step 025000] t=10.176 | Pos Err:    0.02 km | Vel Err:    0.00 m/s
[Solver Step 026000] t=10.576 | Pos Err:    0.03 km | Vel Err:    0.00 m/s
[Solver Step 027000] t=10.936 | Pos Err:    0.13 km | Vel Err:    0.09 m/s
[Solver Step 028000] t=11.355 | Pos Err:    0.09 km | Vel Err:    0.00 m/s
[Solver Step 029000] t=11.811 | Pos Err:    0.08 km | Vel Err:    0.00 m/s
[Solver Step 030000] t=12.180 | Pos Err:    0.06 km | Vel Err:    0.03 m/s
Completed [EARTH_ORBIT] Trajectory 504/600 | Saved 2583 samples | Total: 687360
[Multiple Shooting] Converged in 2 iterations with residual 1.70e-15
[Solver Step 001000] t= 0.475 | Pos Err:    0.56 km | Vel Err:    0.01 m/s
[Solver Step 002000] t= 0.989 | Pos Err:    0.15 km | Vel Err:    0.00 m/s
[Solver Step 003000] t= 1.407 | Pos Err:    0.29 km | Vel Err:    0.01 m/s
[Solver Step 004000] t= 1.849 | Pos Err:    0.21 km | Vel Err:    0.00 m/s
[Solver Step 005000] t= 2.352 | Pos Err:    0.51 km | Vel Err:    0.01 m/s
[Solver Step 006000] t= 2.898 | Pos Err:    2.34 km | Vel Err:    0.04 m/s
Completed [HALO_L2] Trajectory 505/600 | Saved 545 samples | Total: 687905
[Multiple Shooting] Converged in 2 iterations with residual 2.68e-11
[Solver Step 001000] t= 0.414 | Pos Err:    0.42 km | Vel Err:    0.01 m/s
[Solver Step 002000] t= 0.918 | Pos Err:    3.90 km | Vel Err:    0.07 m/s
[Solver Step 003000] t= 1.363 | Pos Err:   56.44 km | Vel Err:    1.15 m/s
[Solver Step 004000] t= 1.746 | Pos Err:   92.71 km | Vel Err:    1.95 m/s
[Solver Step 005000] t= 2.241 | Pos Err:    1.51 km | Vel Err:    0.04 m/s
[Solver Step 006000] t= 2.643 | Pos Err:    0.16 km | Vel Err:    0.00 m/s
[Solver Step 007000] t= 3.087 | Pos Err:    7.20 km | Vel Err:    0.16 m/s
Completed [HALO_L1] Trajectory 506/600 | Saved 593 samples | Total: 688498
[Solver Step 001000] t= 0.417 | Pos Err:    0.29 km | Vel Err:    0.01 m/s
[Solver Step 002000] t= 0.791 | Pos Err:    0.05 km | Vel Err:    0.00 m/s
[Solver Step 003000] t= 1.100 | Pos Err:    0.01 km | Vel Err:    0.04 m/s
[Solver Step 004000] t= 1.552 | Pos Err:    0.06 km | Vel Err:    0.00 m/s
[Solver Step 005000] t= 2.103 | Pos Err:    0.06 km | Vel Err:    0.00 m/s
[Solver Step 006000] t= 2.516 | Pos Err:    0.06 km | Vel Err:    0.01 m/s
[Solver Step 007000] t= 3.016 | Pos Err:    0.06 km | Vel Err:    0.00 m/s
[Solver Step 008000] t= 3.568 | Pos Err:    0.06 km | Vel Err:    0.00 m/s
[Solver Step 009000] t= 4.058 | Pos Err:    0.06 km | Vel Err:    0.01 m/s
[Solver Step 010000] t= 4.460 | Pos Err:    0.06 km | Vel Err:    0.00 m/s
[Solver Step 011000] t= 4.998 | Pos Err:    0.06 km | Vel Err:    0.00 m/s
[Solver Step 012000] t= 5.585 | Pos Err:    0.04 km | Vel Err:    0.05 m/s
[Solver Step 013000] t= 6.067 | Pos Err:    0.06 km | Vel Err:    0.00 m/s
[Solver Step 014000] t= 6.468 | Pos Err:    0.06 km | Vel Err:    0.00 m/s
[Solver Step 015000] t= 7.026 | Pos Err:    0.03 km | Vel Err:    0.08 m/s
Completed [MOON_ORBIT] Trajectory 507/600 | Saved 1314 samples | Total: 689812
[Multiple Shooting] Converged in 2 iterations with residual 1.39e-11
[Solver Step 001000] t= 0.429 | Pos Err:    0.21 km | Vel Err:    0.00 m/s
[Solver Step 002000] t= 0.925 | Pos Err:    0.43 km | Vel Err:    0.01 m/s
[Solver Step 003000] t= 1.424 | Pos Err:    2.84 km | Vel Err:    0.06 m/s
[Solver Step 004000] t= 1.804 | Pos Err:   46.19 km | Vel Err:    1.00 m/s
[Solver Step 005000] t= 2.203 | Pos Err:   62.55 km | Vel Err:    1.28 m/s
[Solver Step 006000] t= 2.669 | Pos Err:    3.71 km | Vel Err:    0.08 m/s
[Solver Step 007000] t= 3.118 | Pos Err:    9.14 km | Vel Err:    0.22 m/s
Completed [HALO_L1] Trajectory 508/600 | Saved 589 samples | Total: 690401
[Solver Step 001000] t= 0.418 | Pos Err:    0.24 km | Vel Err:    0.01 m/s
[Solver Step 002000] t= 0.792 | Pos Err:    0.06 km | Vel Err:    0.00 m/s
[Solver Step 003000] t= 1.101 | Pos Err:    0.01 km | Vel Err:    0.04 m/s
[Solver Step 004000] t= 1.554 | Pos Err:    0.05 km | Vel Err:    0.00 m/s
[Solver Step 005000] t= 2.104 | Pos Err:    0.05 km | Vel Err:    0.00 m/s
[Solver Step 006000] t= 2.518 | Pos Err:    0.05 km | Vel Err:    0.01 m/s
[Solver Step 007000] t= 3.017 | Pos Err:    0.05 km | Vel Err:    0.00 m/s
[Solver Step 008000] t= 3.570 | Pos Err:    0.05 km | Vel Err:    0.00 m/s
[Solver Step 009000] t= 4.059 | Pos Err:    0.05 km | Vel Err:    0.01 m/s
[Solver Step 010000] t= 4.462 | Pos Err:    0.05 km | Vel Err:    0.00 m/s
[Solver Step 011000] t= 5.000 | Pos Err:    0.05 km | Vel Err:    0.00 m/s
[Solver Step 012000] t= 5.587 | Pos Err:    0.04 km | Vel Err:    0.05 m/s
[Solver Step 013000] t= 6.069 | Pos Err:    0.05 km | Vel Err:    0.00 m/s
[Solver Step 014000] t= 6.470 | Pos Err:    0.05 km | Vel Err:    0.00 m/s
[Solver Step 015000] t= 7.028 | Pos Err:    0.03 km | Vel Err:    0.08 m/s
Completed [MOON_ORBIT] Trajectory 509/600 | Saved 1313 samples | Total: 691714
[Multiple Shooting] Converged in 2 iterations with residual 2.24e-11
[Solver Step 001000] t= 0.424 | Pos Err:    0.29 km | Vel Err:    0.01 m/s
[Solver Step 002000] t= 0.889 | Pos Err:    0.25 km | Vel Err:    0.01 m/s
[Solver Step 003000] t= 1.382 | Pos Err:    1.04 km | Vel Err:    0.02 m/s
[Solver Step 004000] t= 1.802 | Pos Err:    4.69 km | Vel Err:    0.08 m/s
[Solver Step 005000] t= 2.153 | Pos Err:  178.77 km | Vel Err:    3.60 m/s
[Solver Step 006000] t= 2.612 | Pos Err:    5.87 km | Vel Err:    0.12 m/s
[Solver Step 007000] t= 3.087 | Pos Err:   34.89 km | Vel Err:    0.78 m/s
Completed [HALO_L1] Trajectory 510/600 | Saved 593 samples | Total: 692307
[Multiple Shooting] Converged in 2 iterations with residual 4.28e-15
[Solver Step 001000] t= 0.472 | Pos Err:    0.21 km | Vel Err:    0.00 m/s
[Solver Step 002000] t= 0.973 | Pos Err:    0.04 km | Vel Err:    0.00 m/s
[Solver Step 003000] t= 1.372 | Pos Err:    0.04 km | Vel Err:    0.00 m/s
[Solver Step 004000] t= 1.813 | Pos Err:    0.08 km | Vel Err:    0.00 m/s
[Solver Step 005000] t= 2.234 | Pos Err:    0.08 km | Vel Err:    0.00 m/s
[Solver Step 006000] t= 2.756 | Pos Err:    0.26 km | Vel Err:    0.03 m/s
Completed [HALO_L2] Trajectory 511/600 | Saved 561 samples | Total: 692868
[Multiple Shooting] Converged in 2 iterations with residual 5.28e-12
[Solver Step 001000] t= 0.425 | Pos Err:    0.39 km | Vel Err:    0.01 m/s
[Solver Step 002000] t= 0.927 | Pos Err:    0.75 km | Vel Err:    0.01 m/s
[Solver Step 003000] t= 1.422 | Pos Err:    3.85 km | Vel Err:    0.10 m/s
[Solver Step 004000] t= 1.766 | Pos Err:   58.80 km | Vel Err:    1.12 m/s
[Solver Step 005000] t= 2.217 | Pos Err:   23.93 km | Vel Err:    0.53 m/s
[Solver Step 006000] t= 2.677 | Pos Err:    2.24 km | Vel Err:    0.05 m/s
[Solver Step 007000] t= 3.094 | Pos Err:   11.12 km | Vel Err:    0.25 m/s
Completed [HALO_L1] Trajectory 512/600 | Saved 594 samples | Total: 693462
[Multiple Shooting] Converged in 2 iterations with residual 5.79e-12
[Solver Step 001000] t= 0.422 | Pos Err:    0.63 km | Vel Err:    0.01 m/s
[Solver Step 002000] t= 0.927 | Pos Err:    1.68 km | Vel Err:    0.03 m/s
[Solver Step 003000] t= 1.402 | Pos Err:   20.49 km | Vel Err:    0.40 m/s
[Solver Step 004000] t= 1.741 | Pos Err:   99.14 km | Vel Err:    1.97 m/s
[Solver Step 005000] t= 2.240 | Pos Err:    1.73 km | Vel Err:    0.04 m/s
[Solver Step 006000] t= 2.681 | Pos Err:    1.21 km | Vel Err:    0.02 m/s
[Solver Step 007000] t= 3.078 | Pos Err:    7.32 km | Vel Err:    0.16 m/s
Completed [HALO_L1] Trajectory 513/600 | Saved 594 samples | Total: 694056
[Solver Step 001000] t= 0.416 | Pos Err:    0.72 km | Vel Err:    0.02 m/s
[Solver Step 002000] t= 0.790 | Pos Err:    0.07 km | Vel Err:    0.00 m/s
[Solver Step 003000] t= 1.099 | Pos Err:    0.02 km | Vel Err:    0.04 m/s
[Solver Step 004000] t= 1.551 | Pos Err:    0.05 km | Vel Err:    0.00 m/s
[Solver Step 005000] t= 2.102 | Pos Err:    0.05 km | Vel Err:    0.00 m/s
[Solver Step 006000] t= 2.515 | Pos Err:    0.05 km | Vel Err:    0.01 m/s
[Solver Step 007000] t= 3.014 | Pos Err:    0.05 km | Vel Err:    0.00 m/s
[Solver Step 008000] t= 3.567 | Pos Err:    0.05 km | Vel Err:    0.00 m/s
[Solver Step 009000] t= 4.057 | Pos Err:    0.04 km | Vel Err:    0.01 m/s
[Solver Step 010000] t= 4.459 | Pos Err:    0.04 km | Vel Err:    0.00 m/s
[Solver Step 011000] t= 4.997 | Pos Err:    0.04 km | Vel Err:    0.00 m/s
[Solver Step 012000] t= 5.584 | Pos Err:    0.03 km | Vel Err:    0.05 m/s
[Solver Step 013000] t= 6.066 | Pos Err:    0.05 km | Vel Err:    0.00 m/s
[Solver Step 014000] t= 6.467 | Pos Err:    0.05 km | Vel Err:    0.00 m/s
[Solver Step 015000] t= 7.025 | Pos Err:    0.03 km | Vel Err:    0.08 m/s
Completed [MOON_ORBIT] Trajectory 514/600 | Saved 1314 samples | Total: 695370
[Solver Step 001000] t= 0.414 | Pos Err:    1.03 km | Vel Err:    0.02 m/s
[Solver Step 002000] t= 0.818 | Pos Err:    0.05 km | Vel Err:    0.00 m/s
[Solver Step 003000] t= 1.259 | Pos Err:    0.05 km | Vel Err:    0.01 m/s
[Solver Step 004000] t= 1.606 | Pos Err:    0.04 km | Vel Err:    0.00 m/s
[Solver Step 005000] t= 1.992 | Pos Err:    0.05 km | Vel Err:    0.00 m/s
[Solver Step 006000] t= 2.445 | Pos Err:    0.07 km | Vel Err:    0.02 m/s
[Solver Step 007000] t= 2.846 | Pos Err:    0.07 km | Vel Err:    0.00 m/s
[Solver Step 008000] t= 3.243 | Pos Err:    0.07 km | Vel Err:    0.00 m/s
[Solver Step 009000] t= 3.618 | Pos Err:    0.12 km | Vel Err:    0.08 m/s
[Solver Step 010000] t= 4.032 | Pos Err:    0.04 km | Vel Err:    0.00 m/s
[Solver Step 011000] t= 4.452 | Pos Err:    0.05 km | Vel Err:    0.00 m/s
[Solver Step 012000] t= 4.894 | Pos Err:    0.04 km | Vel Err:    0.04 m/s
[Solver Step 013000] t= 5.232 | Pos Err:    0.06 km | Vel Err:    0.00 m/s
[Solver Step 014000] t= 5.630 | Pos Err:    0.06 km | Vel Err:    0.00 m/s
[Solver Step 015000] t= 6.109 | Pos Err:    0.05 km | Vel Err:    0.02 m/s
[Solver Step 016000] t= 6.496 | Pos Err:    0.04 km | Vel Err:    0.00 m/s
[Solver Step 017000] t= 6.923 | Pos Err:    0.04 km | Vel Err:    0.00 m/s
[Solver Step 018000] t= 7.267 | Pos Err:    0.10 km | Vel Err:    0.10 m/s
[Solver Step 019000] t= 7.687 | Pos Err:    0.07 km | Vel Err:    0.00 m/s
[Solver Step 020000] t= 8.167 | Pos Err:    0.07 km | Vel Err:    0.00 m/s
[Solver Step 021000] t= 8.552 | Pos Err:    0.05 km | Vel Err:    0.03 m/s
[Solver Step 022000] t= 8.922 | Pos Err:    0.06 km | Vel Err:    0.00 m/s
[Solver Step 023000] t= 9.314 | Pos Err:    0.04 km | Vel Err:    0.00 m/s
[Solver Step 024000] t= 9.772 | Pos Err:    0.06 km | Vel Err:    0.03 m/s
[Solver Step 025000] t=10.173 | Pos Err:    0.07 km | Vel Err:    0.00 m/s
[Solver Step 026000] t=10.573 | Pos Err:    0.07 km | Vel Err:    0.00 m/s
[Solver Step 027000] t=10.932 | Pos Err:    0.14 km | Vel Err:    0.09 m/s
[Solver Step 028000] t=11.352 | Pos Err:    0.04 km | Vel Err:    0.00 m/s
[Solver Step 029000] t=11.808 | Pos Err:    0.04 km | Vel Err:    0.00 m/s
[Solver Step 030000] t=12.177 | Pos Err:    0.03 km | Vel Err:    0.03 m/s
Completed [EARTH_ORBIT] Trajectory 515/600 | Saved 2583 samples | Total: 697953
[Multiple Shooting] Converged in 2 iterations with residual 2.26e-11
[Solver Step 001000] t= 0.414 | Pos Err:    0.37 km | Vel Err:    0.01 m/s
[Solver Step 002000] t= 0.918 | Pos Err:    3.28 km | Vel Err:    0.06 m/s
[Solver Step 003000] t= 1.370 | Pos Err:   48.46 km | Vel Err:    0.96 m/s
[Solver Step 004000] t= 1.745 | Pos Err:   98.76 km | Vel Err:    2.05 m/s
[Solver Step 005000] t= 2.241 | Pos Err:    1.78 km | Vel Err:    0.04 m/s
[Solver Step 006000] t= 2.651 | Pos Err:    0.40 km | Vel Err:    0.00 m/s
[Solver Step 007000] t= 3.084 | Pos Err:    7.06 km | Vel Err:    0.16 m/s
Completed [HALO_L1] Trajectory 516/600 | Saved 593 samples | Total: 698546
[Multiple Shooting] Converged in 3 iterations with residual 3.16e-12
[Solver Step 001000] t= 0.395 | Pos Err:    7.07 km | Vel Err:    0.16 m/s
[Solver Step 002000] t= 0.783 | Pos Err:    4.73 km | Vel Err:    0.07 m/s
[Solver Step 003000] t= 1.161 | Pos Err:    0.68 km | Vel Err:    0.05 m/s
[Solver Step 004000] t= 1.538 | Pos Err:    7.35 km | Vel Err:    0.13 m/s
[Solver Step 005000] t= 1.929 | Pos Err:    0.61 km | Vel Err:    0.01 m/s
[Solver Step 006000] t= 2.317 | Pos Err:   24.18 km | Vel Err:    0.50 m/s
Completed [DRO] Trajectory 517/600 | Saved 548 samples | Total: 699094
[Solver Step 001000] t= 0.218 | Pos Err:   34.47 km | Vel Err:    0.76 m/s
[Solver Step 002000] t= 0.471 | Pos Err:    4.22 km | Vel Err:    0.05 m/s
[Solver Step 003000] t= 0.714 | Pos Err:    0.57 km | Vel Err:    0.03 m/s
[Solver Step 004000] t= 0.932 | Pos Err:    0.05 km | Vel Err:    0.00 m/s
[Solver Step 005000] t= 1.179 | Pos Err:    0.10 km | Vel Err:    0.00 m/s
[Solver Step 006000] t= 1.432 | Pos Err:    0.02 km | Vel Err:    0.06 m/s
[Solver Step 007000] t= 1.663 | Pos Err:    0.06 km | Vel Err:    0.00 m/s
[Solver Step 008000] t= 1.877 | Pos Err:    0.09 km | Vel Err:    0.00 m/s
[Solver Step 009000] t= 2.135 | Pos Err:    0.05 km | Vel Err:    0.09 m/s
[Solver Step 010000] t= 2.378 | Pos Err:    0.05 km | Vel Err:    0.00 m/s
[Solver Step 011000] t= 2.592 | Pos Err:    0.07 km | Vel Err:    0.00 m/s
[Solver Step 012000] t= 2.838 | Pos Err:    1.02 km | Vel Err:    0.80 m/s
[Solver Step 013000] t= 3.094 | Pos Err:    0.05 km | Vel Err:    0.00 m/s
[Solver Step 014000] t= 3.315 | Pos Err:    0.08 km | Vel Err:    0.00 m/s
[Solver Step 015000] t= 3.536 | Pos Err:    0.79 km | Vel Err:    0.53 m/s
[Solver Step 016000] t= 3.797 | Pos Err:    0.06 km | Vel Err:    0.00 m/s
[Solver Step 017000] t= 4.040 | Pos Err:    0.10 km | Vel Err:    0.00 m/s
[Solver Step 018000] t= 4.248 | Pos Err:    0.45 km | Vel Err:    0.21 m/s
[Solver Step 019000] t= 4.498 | Pos Err:    0.11 km | Vel Err:    0.02 m/s
[Solver Step 020000] t= 4.754 | Pos Err:    0.12 km | Vel Err:    0.00 m/s
[Solver Step 021000] t= 4.971 | Pos Err:    0.20 km | Vel Err:    0.11 m/s
[Solver Step 022000] t= 5.190 | Pos Err:    0.11 km | Vel Err:    0.01 m/s
[Solver Step 023000] t= 5.456 | Pos Err:    0.13 km | Vel Err:    0.00 m/s
[Solver Step 024000] t= 5.699 | Pos Err:    0.11 km | Vel Err:    0.12 m/s
[Solver Step 025000] t= 5.908 | Pos Err:    0.10 km | Vel Err:    0.00 m/s
[Solver Step 026000] t= 6.160 | Pos Err:    0.11 km | Vel Err:    0.00 m/s
[Solver Step 027000] t= 6.416 | Pos Err:    0.17 km | Vel Err:    0.24 m/s
[Solver Step 028000] t= 6.629 | Pos Err:    0.09 km | Vel Err:    0.00 m/s
[Solver Step 029000] t= 6.852 | Pos Err:    0.12 km | Vel Err:    0.00 m/s
Completed [TRANSFER] Trajectory 518/600 | Saved 2399 samples | Total: 701493
[Multiple Shooting] Converged in 2 iterations with residual 3.13e-11
[Solver Step 001000] t= 0.424 | Pos Err:    0.70 km | Vel Err:    0.02 m/s
[Solver Step 002000] t= 0.892 | Pos Err:    0.23 km | Vel Err:    0.01 m/s
[Solver Step 003000] t= 1.387 | Pos Err:    1.27 km | Vel Err:    0.02 m/s
[Solver Step 004000] t= 1.804 | Pos Err:    7.46 km | Vel Err:    0.14 m/s
[Solver Step 005000] t= 2.155 | Pos Err:  167.97 km | Vel Err:    3.34 m/s
[Solver Step 006000] t= 2.617 | Pos Err:    3.51 km | Vel Err:    0.07 m/s
[Solver Step 007000] t= 3.091 | Pos Err:   31.90 km | Vel Err:    0.72 m/s
Completed [HALO_L1] Trajectory 519/600 | Saved 592 samples | Total: 702085
[Solver Step 001000] t= 0.412 | Pos Err:    0.51 km | Vel Err:    0.01 m/s
[Solver Step 002000] t= 0.787 | Pos Err:    0.04 km | Vel Err:    0.00 m/s
[Solver Step 003000] t= 1.097 | Pos Err:    0.01 km | Vel Err:    0.04 m/s
[Solver Step 004000] t= 1.547 | Pos Err:    0.06 km | Vel Err:    0.00 m/s
[Solver Step 005000] t= 2.098 | Pos Err:    0.06 km | Vel Err:    0.00 m/s
[Solver Step 006000] t= 2.512 | Pos Err:    0.06 km | Vel Err:    0.01 m/s
[Solver Step 007000] t= 3.011 | Pos Err:    0.06 km | Vel Err:    0.00 m/s
[Solver Step 008000] t= 3.563 | Pos Err:    0.06 km | Vel Err:    0.00 m/s
[Solver Step 009000] t= 4.054 | Pos Err:    0.06 km | Vel Err:    0.01 m/s
[Solver Step 010000] t= 4.455 | Pos Err:    0.06 km | Vel Err:    0.00 m/s
[Solver Step 011000] t= 4.993 | Pos Err:    0.06 km | Vel Err:    0.00 m/s
[Solver Step 012000] t= 5.580 | Pos Err:    0.04 km | Vel Err:    0.05 m/s
[Solver Step 013000] t= 6.064 | Pos Err:    0.06 km | Vel Err:    0.00 m/s
[Solver Step 014000] t= 6.464 | Pos Err:    0.05 km | Vel Err:    0.00 m/s
[Solver Step 015000] t= 7.021 | Pos Err:    0.03 km | Vel Err:    0.08 m/s
Completed [MOON_ORBIT] Trajectory 520/600 | Saved 1315 samples | Total: 703400
[Solver Step 001000] t= 0.420 | Pos Err:    0.55 km | Vel Err:    0.01 m/s
[Solver Step 002000] t= 0.794 | Pos Err:    0.06 km | Vel Err:    0.00 m/s
[Solver Step 003000] t= 1.103 | Pos Err:    0.01 km | Vel Err:    0.04 m/s
[Solver Step 004000] t= 1.556 | Pos Err:    0.05 km | Vel Err:    0.00 m/s
[Solver Step 005000] t= 2.107 | Pos Err:    0.05 km | Vel Err:    0.00 m/s
[Solver Step 006000] t= 2.520 | Pos Err:    0.05 km | Vel Err:    0.01 m/s
[Solver Step 007000] t= 3.020 | Pos Err:    0.05 km | Vel Err:    0.00 m/s
[Solver Step 008000] t= 3.573 | Pos Err:    0.05 km | Vel Err:    0.00 m/s
[Solver Step 009000] t= 4.061 | Pos Err:    0.05 km | Vel Err:    0.01 m/s
[Solver Step 010000] t= 4.464 | Pos Err:    0.05 km | Vel Err:    0.00 m/s
[Solver Step 011000] t= 5.003 | Pos Err:    0.05 km | Vel Err:    0.00 m/s
[Solver Step 012000] t= 5.590 | Pos Err:    0.03 km | Vel Err:    0.05 m/s
[Solver Step 013000] t= 6.070 | Pos Err:    0.05 km | Vel Err:    0.00 m/s
[Solver Step 014000] t= 6.472 | Pos Err:    0.05 km | Vel Err:    0.00 m/s
[Solver Step 015000] t= 7.031 | Pos Err:    0.03 km | Vel Err:    0.08 m/s
Completed [MOON_ORBIT] Trajectory 521/600 | Saved 1313 samples | Total: 704713
[Multiple Shooting] Converged in 2 iterations with residual 1.24e-15
[Solver Step 001000] t= 0.464 | Pos Err:    0.33 km | Vel Err:    0.01 m/s
[Solver Step 002000] t= 0.958 | Pos Err:    0.18 km | Vel Err:    0.00 m/s
[Solver Step 003000] t= 1.524 | Pos Err:    0.04 km | Vel Err:    0.01 m/s
[Solver Step 004000] t= 2.088 | Pos Err:    0.14 km | Vel Err:    0.00 m/s
[Solver Step 005000] t= 2.488 | Pos Err:    0.22 km | Vel Err:    0.00 m/s
[Solver Step 006000] t= 2.980 | Pos Err:    0.98 km | Vel Err:    0.04 m/s
Completed [HALO_L2] Trajectory 522/600 | Saved 525 samples | Total: 705238
[Solver Step 001000] t= 0.412 | Pos Err:    3.37 km | Vel Err:    0.08 m/s
[Solver Step 002000] t= 0.816 | Pos Err:    0.11 km | Vel Err:    0.00 m/s
[Solver Step 003000] t= 1.258 | Pos Err:    0.02 km | Vel Err:    0.01 m/s
[Solver Step 004000] t= 1.605 | Pos Err:    0.06 km | Vel Err:    0.00 m/s
[Solver Step 005000] t= 1.991 | Pos Err:    0.11 km | Vel Err:    0.00 m/s
[Solver Step 006000] t= 2.444 | Pos Err:    0.10 km | Vel Err:    0.02 m/s
[Solver Step 007000] t= 2.845 | Pos Err:    0.08 km | Vel Err:    0.00 m/s
[Solver Step 008000] t= 3.243 | Pos Err:    0.06 km | Vel Err:    0.00 m/s
[Solver Step 009000] t= 3.617 | Pos Err:    0.06 km | Vel Err:    0.08 m/s
[Solver Step 010000] t= 4.031 | Pos Err:    0.09 km | Vel Err:    0.00 m/s
[Solver Step 011000] t= 4.451 | Pos Err:    0.11 km | Vel Err:    0.00 m/s
[Solver Step 012000] t= 4.893 | Pos Err:    0.09 km | Vel Err:    0.04 m/s
[Solver Step 013000] t= 5.231 | Pos Err:    0.10 km | Vel Err:    0.00 m/s
[Solver Step 014000] t= 5.629 | Pos Err:    0.03 km | Vel Err:    0.00 m/s
[Solver Step 015000] t= 6.108 | Pos Err:    0.04 km | Vel Err:    0.02 m/s
[Solver Step 016000] t= 6.495 | Pos Err:    0.06 km | Vel Err:    0.00 m/s
[Solver Step 017000] t= 6.922 | Pos Err:    0.08 km | Vel Err:    0.00 m/s
[Solver Step 018000] t= 7.266 | Pos Err:    0.16 km | Vel Err:    0.10 m/s
[Solver Step 019000] t= 7.686 | Pos Err:    0.08 km | Vel Err:    0.00 m/s
[Solver Step 020000] t= 8.166 | Pos Err:    0.05 km | Vel Err:    0.00 m/s
[Solver Step 021000] t= 8.551 | Pos Err:    0.03 km | Vel Err:    0.03 m/s
[Solver Step 022000] t= 8.921 | Pos Err:    0.02 km | Vel Err:    0.00 m/s
[Solver Step 023000] t= 9.313 | Pos Err:    0.10 km | Vel Err:    0.00 m/s
[Solver Step 024000] t= 9.771 | Pos Err:    0.10 km | Vel Err:    0.03 m/s
[Solver Step 025000] t=10.172 | Pos Err:    0.10 km | Vel Err:    0.00 m/s
[Solver Step 026000] t=10.572 | Pos Err:    0.09 km | Vel Err:    0.00 m/s
[Solver Step 027000] t=10.931 | Pos Err:    0.10 km | Vel Err:    0.09 m/s
[Solver Step 028000] t=11.352 | Pos Err:    0.07 km | Vel Err:    0.00 m/s
[Solver Step 029000] t=11.807 | Pos Err:    0.09 km | Vel Err:    0.00 m/s
[Solver Step 030000] t=12.176 | Pos Err:    0.09 km | Vel Err:    0.03 m/s
[Solver Step 031000] t=12.566 | Pos Err:    0.10 km | Vel Err:    0.00 m/s
Completed [EARTH_ORBIT] Trajectory 523/600 | Saved 2584 samples | Total: 707822
[Solver Step 001000] t= 0.215 | Pos Err:   23.03 km | Vel Err:    0.39 m/s
[Solver Step 002000] t= 0.468 | Pos Err:    2.75 km | Vel Err:    0.07 m/s
[Solver Step 003000] t= 0.711 | Pos Err:    0.40 km | Vel Err:    0.05 m/s
[Solver Step 004000] t= 0.924 | Pos Err:    0.03 km | Vel Err:    0.00 m/s
[Solver Step 005000] t= 1.174 | Pos Err:    0.08 km | Vel Err:    0.00 m/s
[Solver Step 006000] t= 1.428 | Pos Err:    0.11 km | Vel Err:    0.07 m/s
[Solver Step 007000] t= 1.655 | Pos Err:    0.09 km | Vel Err:    0.00 m/s
[Solver Step 008000] t= 1.872 | Pos Err:    0.09 km | Vel Err:    0.00 m/s
[Solver Step 009000] t= 2.133 | Pos Err:    0.17 km | Vel Err:    0.11 m/s
[Solver Step 010000] t= 2.376 | Pos Err:    0.09 km | Vel Err:    0.00 m/s
[Solver Step 011000] t= 2.586 | Pos Err:    0.07 km | Vel Err:    0.00 m/s
[Solver Step 012000] t= 2.835 | Pos Err:    1.41 km | Vel Err:    1.08 m/s
[Solver Step 013000] t= 3.090 | Pos Err:    0.08 km | Vel Err:    0.00 m/s
[Solver Step 014000] t= 3.309 | Pos Err:    0.05 km | Vel Err:    0.00 m/s
[Solver Step 015000] t= 3.532 | Pos Err:    0.74 km | Vel Err:    0.57 m/s
[Solver Step 016000] t= 3.794 | Pos Err:    0.07 km | Vel Err:    0.01 m/s
[Solver Step 017000] t= 4.033 | Pos Err:    0.03 km | Vel Err:    0.00 m/s
[Solver Step 018000] t= 4.242 | Pos Err:    0.36 km | Vel Err:    0.23 m/s
[Solver Step 019000] t= 4.495 | Pos Err:    0.05 km | Vel Err:    0.02 m/s
[Solver Step 020000] t= 4.748 | Pos Err:    0.03 km | Vel Err:    0.00 m/s
[Solver Step 021000] t= 4.965 | Pos Err:    0.17 km | Vel Err:    0.11 m/s
[Solver Step 022000] t= 5.187 | Pos Err:    0.04 km | Vel Err:    0.01 m/s
[Solver Step 023000] t= 5.453 | Pos Err:    0.04 km | Vel Err:    0.00 m/s
[Solver Step 024000] t= 5.694 | Pos Err:    0.14 km | Vel Err:    0.12 m/s
[Solver Step 025000] t= 5.901 | Pos Err:    0.07 km | Vel Err:    0.00 m/s
[Solver Step 026000] t= 6.156 | Pos Err:    0.05 km | Vel Err:    0.00 m/s
[Solver Step 027000] t= 6.409 | Pos Err:    0.27 km | Vel Err:    0.24 m/s
[Solver Step 028000] t= 6.620 | Pos Err:    0.09 km | Vel Err:    0.00 m/s
[Solver Step 029000] t= 6.848 | Pos Err:    0.08 km | Vel Err:    0.00 m/s
Completed [TRANSFER] Trajectory 524/600 | Saved 2399 samples | Total: 710221
[Solver Step 001000] t= 0.411 | Pos Err:    4.67 km | Vel Err:    0.11 m/s
[Solver Step 002000] t= 0.815 | Pos Err:    0.13 km | Vel Err:    0.00 m/s
[Solver Step 003000] t= 1.257 | Pos Err:    0.02 km | Vel Err:    0.01 m/s
[Solver Step 004000] t= 1.604 | Pos Err:    0.05 km | Vel Err:    0.00 m/s
[Solver Step 005000] t= 1.989 | Pos Err:    0.12 km | Vel Err:    0.00 m/s
[Solver Step 006000] t= 2.442 | Pos Err:    0.12 km | Vel Err:    0.02 m/s
[Solver Step 007000] t= 2.843 | Pos Err:    0.11 km | Vel Err:    0.00 m/s
[Solver Step 008000] t= 3.242 | Pos Err:    0.09 km | Vel Err:    0.00 m/s
[Solver Step 009000] t= 3.616 | Pos Err:    0.08 km | Vel Err:    0.08 m/s
[Solver Step 010000] t= 4.029 | Pos Err:    0.10 km | Vel Err:    0.00 m/s
[Solver Step 011000] t= 4.449 | Pos Err:    0.12 km | Vel Err:    0.00 m/s
[Solver Step 012000] t= 4.891 | Pos Err:    0.11 km | Vel Err:    0.04 m/s
[Solver Step 013000] t= 5.230 | Pos Err:    0.13 km | Vel Err:    0.00 m/s
[Solver Step 014000] t= 5.627 | Pos Err:    0.06 km | Vel Err:    0.00 m/s
[Solver Step 015000] t= 6.106 | Pos Err:    0.03 km | Vel Err:    0.02 m/s
[Solver Step 016000] t= 6.493 | Pos Err:    0.05 km | Vel Err:    0.00 m/s
[Solver Step 017000] t= 6.921 | Pos Err:    0.08 km | Vel Err:    0.00 m/s
[Solver Step 018000] t= 7.264 | Pos Err:    0.15 km | Vel Err:    0.11 m/s
[Solver Step 019000] t= 7.684 | Pos Err:    0.10 km | Vel Err:    0.00 m/s
[Solver Step 020000] t= 8.164 | Pos Err:    0.07 km | Vel Err:    0.00 m/s
[Solver Step 021000] t= 8.550 | Pos Err:    0.06 km | Vel Err:    0.03 m/s
[Solver Step 022000] t= 8.920 | Pos Err:    0.02 km | Vel Err:    0.00 m/s
[Solver Step 023000] t= 9.311 | Pos Err:    0.11 km | Vel Err:    0.00 m/s
[Solver Step 024000] t= 9.769 | Pos Err:    0.12 km | Vel Err:    0.03 m/s
[Solver Step 025000] t=10.171 | Pos Err:    0.13 km | Vel Err:    0.00 m/s
[Solver Step 026000] t=10.570 | Pos Err:    0.11 km | Vel Err:    0.00 m/s
[Solver Step 027000] t=10.930 | Pos Err:    0.12 km | Vel Err:    0.09 m/s
[Solver Step 028000] t=11.350 | Pos Err:    0.06 km | Vel Err:    0.00 m/s
[Solver Step 029000] t=11.805 | Pos Err:    0.09 km | Vel Err:    0.00 m/s
[Solver Step 030000] t=12.174 | Pos Err:    0.10 km | Vel Err:    0.03 m/s
[Solver Step 031000] t=12.565 | Pos Err:    0.12 km | Vel Err:    0.00 m/s
Completed [EARTH_ORBIT] Trajectory 525/600 | Saved 2584 samples | Total: 712805
[Multiple Shooting] Converged in 7 iterations with residual 2.83e-14
[Solver Step 001000] t= 0.313 | Pos Err: 1446.15 km | Vel Err:   34.48 m/s
[Solver Step 002000] t= 0.713 | Pos Err:  379.22 km | Vel Err:    8.34 m/s
[Solver Step 003000] t= 1.120 | Pos Err: 2936.61 km | Vel Err:  128.71 m/s
[Solver Step 004000] t= 1.476 | Pos Err:  647.64 km | Vel Err:   12.06 m/s
[Solver Step 005000] t= 1.835 | Pos Err: 16768.30 km | Vel Err:  344.59 m/s
Completed [DRO] Trajectory 526/600 | Saved 417 samples | Total: 713222
[Multiple Shooting] Converged in 2 iterations with residual 8.66e-12
[Solver Step 001000] t= 0.421 | Pos Err:    0.75 km | Vel Err:    0.02 m/s
[Solver Step 002000] t= 0.924 | Pos Err:    0.89 km | Vel Err:    0.02 m/s
[Solver Step 003000] t= 1.418 | Pos Err:    4.78 km | Vel Err:    0.12 m/s
[Solver Step 004000] t= 1.753 | Pos Err:   59.86 km | Vel Err:    1.11 m/s
[Solver Step 005000] t= 2.218 | Pos Err:   16.69 km | Vel Err:    0.38 m/s
[Solver Step 006000] t= 2.676 | Pos Err:    1.94 km | Vel Err:    0.04 m/s
[Solver Step 007000] t= 3.083 | Pos Err:   10.70 km | Vel Err:    0.24 m/s
Completed [HALO_L1] Trajectory 527/600 | Saved 596 samples | Total: 713818
[Multiple Shooting] Converged in 8 iterations with residual 1.57e-11
[Solver Step 001000] t= 0.315 | Pos Err: 1233.46 km | Vel Err:   29.12 m/s
[Solver Step 002000] t= 0.666 | Pos Err:   94.46 km | Vel Err:    1.67 m/s
[Solver Step 003000] t= 0.985 | Pos Err: 1530.92 km | Vel Err:   19.98 m/s
[Solver Step 004000] t= 1.326 | Pos Err:  163.01 km | Vel Err:    3.14 m/s
[Solver Step 005000] t= 1.664 | Pos Err: 2095.28 km | Vel Err:   25.65 m/s
[Solver Step 006000] t= 1.984 | Pos Err:  403.56 km | Vel Err:    7.31 m/s
[Solver Step 007000] t= 2.321 | Pos Err: 1478.01 km | Vel Err:   32.72 m/s
Completed [DRO] Trajectory 528/600 | Saved 623 samples | Total: 714441
[Solver Step 001000] t= 0.417 | Pos Err:    0.44 km | Vel Err:    0.01 m/s
[Solver Step 002000] t= 0.791 | Pos Err:    0.06 km | Vel Err:    0.00 m/s
[Solver Step 003000] t= 1.100 | Pos Err:    0.01 km | Vel Err:    0.04 m/s
[Solver Step 004000] t= 1.552 | Pos Err:    0.05 km | Vel Err:    0.00 m/s
[Solver Step 005000] t= 2.103 | Pos Err:    0.05 km | Vel Err:    0.00 m/s
[Solver Step 006000] t= 2.516 | Pos Err:    0.05 km | Vel Err:    0.01 m/s
[Solver Step 007000] t= 3.016 | Pos Err:    0.05 km | Vel Err:    0.00 m/s
[Solver Step 008000] t= 3.568 | Pos Err:    0.05 km | Vel Err:    0.00 m/s
[Solver Step 009000] t= 4.058 | Pos Err:    0.05 km | Vel Err:    0.01 m/s
[Solver Step 010000] t= 4.460 | Pos Err:    0.05 km | Vel Err:    0.00 m/s
[Solver Step 011000] t= 4.998 | Pos Err:    0.05 km | Vel Err:    0.00 m/s
[Solver Step 012000] t= 5.585 | Pos Err:    0.03 km | Vel Err:    0.05 m/s
[Solver Step 013000] t= 6.067 | Pos Err:    0.05 km | Vel Err:    0.00 m/s
[Solver Step 014000] t= 6.468 | Pos Err:    0.05 km | Vel Err:    0.00 m/s
[Solver Step 015000] t= 7.026 | Pos Err:    0.03 km | Vel Err:    0.08 m/s
Completed [MOON_ORBIT] Trajectory 529/600 | Saved 1314 samples | Total: 715755
[Multiple Shooting] Converged in 2 iterations with residual 1.33e-15
[Solver Step 001000] t= 0.458 | Pos Err:    0.17 km | Vel Err:    0.00 m/s
[Solver Step 002000] t= 1.025 | Pos Err:    0.13 km | Vel Err:    0.00 m/s
[Solver Step 003000] t= 1.610 | Pos Err:    0.09 km | Vel Err:    0.01 m/s
[Solver Step 004000] t= 2.021 | Pos Err:    0.25 km | Vel Err:    0.00 m/s
[Solver Step 005000] t= 2.497 | Pos Err:    0.29 km | Vel Err:    0.01 m/s
[Solver Step 006000] t= 3.061 | Pos Err:    5.65 km | Vel Err:    0.15 m/s
Completed [HALO_L2] Trajectory 530/600 | Saved 512 samples | Total: 716267
[Multiple Shooting] Converged in 7 iterations with residual 1.36e-14
[Solver Step 001000] t= 0.311 | Pos Err:  157.72 km | Vel Err:    3.23 m/s
[Solver Step 002000] t= 0.630 | Pos Err:  157.35 km | Vel Err:    2.86 m/s
[Solver Step 003000] t= 0.958 | Pos Err:   69.93 km | Vel Err:    1.36 m/s
[Solver Step 004000] t= 1.276 | Pos Err:  387.11 km | Vel Err:    6.86 m/s
[Solver Step 005000] t= 1.608 | Pos Err:   29.65 km | Vel Err:    0.52 m/s
[Solver Step 006000] t= 1.922 | Pos Err:  345.13 km | Vel Err:    6.78 m/s
[Solver Step 007000] t= 2.248 | Pos Err:   60.71 km | Vel Err:    0.93 m/s
Completed [DRO] Trajectory 531/600 | Saved 650 samples | Total: 716917
[Solver Step 001000] t= 0.216 | Pos Err:   19.59 km | Vel Err:    0.41 m/s
[Solver Step 002000] t= 0.470 | Pos Err:    2.35 km | Vel Err:    0.03 m/s
[Solver Step 003000] t= 0.713 | Pos Err:    0.33 km | Vel Err:    0.02 m/s
[Solver Step 004000] t= 0.930 | Pos Err:    0.04 km | Vel Err:    0.00 m/s
[Solver Step 005000] t= 1.178 | Pos Err:    0.07 km | Vel Err:    0.00 m/s
[Solver Step 006000] t= 1.431 | Pos Err:    0.02 km | Vel Err:    0.04 m/s
[Solver Step 007000] t= 1.661 | Pos Err:    0.02 km | Vel Err:    0.00 m/s
[Solver Step 008000] t= 1.876 | Pos Err:    0.05 km | Vel Err:    0.00 m/s
[Solver Step 009000] t= 2.134 | Pos Err:    0.10 km | Vel Err:    0.11 m/s
[Solver Step 010000] t= 2.377 | Pos Err:    0.01 km | Vel Err:    0.00 m/s
[Solver Step 011000] t= 2.590 | Pos Err:    0.04 km | Vel Err:    0.00 m/s
[Solver Step 012000] t= 2.837 | Pos Err:    0.96 km | Vel Err:    0.76 m/s
[Solver Step 013000] t= 3.092 | Pos Err:    0.02 km | Vel Err:    0.00 m/s
[Solver Step 014000] t= 3.313 | Pos Err:    0.05 km | Vel Err:    0.00 m/s
[Solver Step 015000] t= 3.535 | Pos Err:    0.76 km | Vel Err:    0.54 m/s
[Solver Step 016000] t= 3.796 | Pos Err:    0.03 km | Vel Err:    0.00 m/s
[Solver Step 017000] t= 4.038 | Pos Err:    0.07 km | Vel Err:    0.00 m/s
[Solver Step 018000] t= 4.246 | Pos Err:    0.41 km | Vel Err:    0.22 m/s
[Solver Step 019000] t= 4.497 | Pos Err:    0.07 km | Vel Err:    0.02 m/s
[Solver Step 020000] t= 4.753 | Pos Err:    0.08 km | Vel Err:    0.00 m/s
[Solver Step 021000] t= 4.969 | Pos Err:    0.17 km | Vel Err:    0.11 m/s
[Solver Step 022000] t= 5.189 | Pos Err:    0.08 km | Vel Err:    0.01 m/s
[Solver Step 023000] t= 5.455 | Pos Err:    0.09 km | Vel Err:    0.00 m/s
[Solver Step 024000] t= 5.698 | Pos Err:    0.08 km | Vel Err:    0.12 m/s
[Solver Step 025000] t= 5.906 | Pos Err:    0.06 km | Vel Err:    0.00 m/s
[Solver Step 026000] t= 6.159 | Pos Err:    0.08 km | Vel Err:    0.00 m/s
[Solver Step 027000] t= 6.414 | Pos Err:    0.19 km | Vel Err:    0.24 m/s
[Solver Step 028000] t= 6.627 | Pos Err:    0.05 km | Vel Err:    0.00 m/s
[Solver Step 029000] t= 6.851 | Pos Err:    0.08 km | Vel Err:    0.00 m/s
Completed [TRANSFER] Trajectory 532/600 | Saved 2399 samples | Total: 719316
[Multiple Shooting] Converged in 5 iterations with residual 5.42e-12
[Solver Step 001000] t= 0.333 | Pos Err:   16.60 km | Vel Err:    0.35 m/s
[Solver Step 002000] t= 0.682 | Pos Err:   64.03 km | Vel Err:    1.35 m/s
[Solver Step 003000] t= 1.019 | Pos Err:   32.40 km | Vel Err:    0.70 m/s
[Solver Step 004000] t= 1.386 | Pos Err:   19.15 km | Vel Err:    0.36 m/s
[Solver Step 005000] t= 1.713 | Pos Err:   26.01 km | Vel Err:    0.53 m/s
[Solver Step 006000] t= 2.070 | Pos Err:   23.21 km | Vel Err:    0.45 m/s
[Solver Step 007000] t= 2.411 | Pos Err:  154.25 km | Vel Err:    3.03 m/s
Completed [DRO] Trajectory 533/600 | Saved 607 samples | Total: 719923
[Solver Step 001000] t= 0.416 | Pos Err:    3.14 km | Vel Err:    0.07 m/s
[Solver Step 002000] t= 0.820 | Pos Err:    0.06 km | Vel Err:    0.00 m/s
[Solver Step 003000] t= 1.261 | Pos Err:    0.10 km | Vel Err:    0.01 m/s
[Solver Step 004000] t= 1.609 | Pos Err:    0.10 km | Vel Err:    0.00 m/s
[Solver Step 005000] t= 1.994 | Pos Err:    0.06 km | Vel Err:    0.00 m/s
[Solver Step 006000] t= 2.447 | Pos Err:    0.03 km | Vel Err:    0.02 m/s
[Solver Step 007000] t= 2.849 | Pos Err:    0.03 km | Vel Err:    0.00 m/s
[Solver Step 008000] t= 3.245 | Pos Err:    0.05 km | Vel Err:    0.00 m/s
[Solver Step 009000] t= 3.620 | Pos Err:    0.12 km | Vel Err:    0.08 m/s
[Solver Step 010000] t= 4.035 | Pos Err:    0.09 km | Vel Err:    0.00 m/s
[Solver Step 011000] t= 4.454 | Pos Err:    0.07 km | Vel Err:    0.00 m/s
[Solver Step 012000] t= 4.897 | Pos Err:    0.05 km | Vel Err:    0.04 m/s
[Solver Step 013000] t= 5.235 | Pos Err:    0.03 km | Vel Err:    0.00 m/s
[Solver Step 014000] t= 5.633 | Pos Err:    0.07 km | Vel Err:    0.00 m/s
[Solver Step 015000] t= 6.112 | Pos Err:    0.10 km | Vel Err:    0.02 m/s
[Solver Step 016000] t= 6.498 | Pos Err:    0.10 km | Vel Err:    0.00 m/s
[Solver Step 017000] t= 6.925 | Pos Err:    0.10 km | Vel Err:    0.00 m/s
[Solver Step 018000] t= 7.269 | Pos Err:    0.15 km | Vel Err:    0.10 m/s
[Solver Step 019000] t= 7.690 | Pos Err:    0.04 km | Vel Err:    0.00 m/s
[Solver Step 020000] t= 8.169 | Pos Err:    0.06 km | Vel Err:    0.00 m/s
[Solver Step 021000] t= 8.555 | Pos Err:    0.06 km | Vel Err:    0.03 m/s
[Solver Step 022000] t= 8.923 | Pos Err:    0.10 km | Vel Err:    0.00 m/s
[Solver Step 023000] t= 9.316 | Pos Err:    0.08 km | Vel Err:    0.00 m/s
[Solver Step 024000] t= 9.775 | Pos Err:    0.04 km | Vel Err:    0.03 m/s
[Solver Step 025000] t=10.176 | Pos Err:    0.03 km | Vel Err:    0.00 m/s
[Solver Step 026000] t=10.575 | Pos Err:    0.03 km | Vel Err:    0.00 m/s
[Solver Step 027000] t=10.935 | Pos Err:    0.12 km | Vel Err:    0.09 m/s
[Solver Step 028000] t=11.354 | Pos Err:    0.10 km | Vel Err:    0.00 m/s
[Solver Step 029000] t=11.811 | Pos Err:    0.09 km | Vel Err:    0.00 m/s
[Solver Step 030000] t=12.179 | Pos Err:    0.07 km | Vel Err:    0.03 m/s
Completed [EARTH_ORBIT] Trajectory 534/600 | Saved 2583 samples | Total: 722506
[Multiple Shooting] Converged in 4 iterations with residual 3.09e-15
[Solver Step 001000] t= 0.381 | Pos Err:    5.34 km | Vel Err:    0.11 m/s
[Solver Step 002000] t= 0.761 | Pos Err:    9.61 km | Vel Err:    0.18 m/s
[Solver Step 003000] t= 1.132 | Pos Err:    3.32 km | Vel Err:    0.09 m/s
[Solver Step 004000] t= 1.497 | Pos Err:   12.31 km | Vel Err:    0.22 m/s
[Solver Step 005000] t= 1.875 | Pos Err:    1.97 km | Vel Err:    0.04 m/s
[Solver Step 006000] t= 2.256 | Pos Err:   10.79 km | Vel Err:    0.21 m/s
Completed [DRO] Trajectory 535/600 | Saved 552 samples | Total: 723058
[Solver Step 001000] t= 0.414 | Pos Err:    2.38 km | Vel Err:    0.06 m/s
[Solver Step 002000] t= 0.818 | Pos Err:    0.04 km | Vel Err:    0.00 m/s
[Solver Step 003000] t= 1.259 | Pos Err:    0.08 km | Vel Err:    0.01 m/s
[Solver Step 004000] t= 1.607 | Pos Err:    0.06 km | Vel Err:    0.00 m/s
[Solver Step 005000] t= 1.992 | Pos Err:    0.03 km | Vel Err:    0.00 m/s
[Solver Step 006000] t= 2.445 | Pos Err:    0.08 km | Vel Err:    0.02 m/s
[Solver Step 007000] t= 2.846 | Pos Err:    0.08 km | Vel Err:    0.00 m/s
[Solver Step 008000] t= 3.244 | Pos Err:    0.09 km | Vel Err:    0.00 m/s
[Solver Step 009000] t= 3.618 | Pos Err:    0.14 km | Vel Err:    0.08 m/s
[Solver Step 010000] t= 4.033 | Pos Err:    0.02 km | Vel Err:    0.00 m/s
[Solver Step 011000] t= 4.452 | Pos Err:    0.03 km | Vel Err:    0.00 m/s
[Solver Step 012000] t= 4.894 | Pos Err:    0.03 km | Vel Err:    0.04 m/s
[Solver Step 013000] t= 5.233 | Pos Err:    0.06 km | Vel Err:    0.00 m/s
[Solver Step 014000] t= 5.631 | Pos Err:    0.09 km | Vel Err:    0.00 m/s
[Solver Step 015000] t= 6.109 | Pos Err:    0.07 km | Vel Err:    0.02 m/s
[Solver Step 016000] t= 6.496 | Pos Err:    0.06 km | Vel Err:    0.00 m/s
[Solver Step 017000] t= 6.923 | Pos Err:    0.04 km | Vel Err:    0.00 m/s
[Solver Step 018000] t= 7.267 | Pos Err:    0.09 km | Vel Err:    0.10 m/s
[Solver Step 019000] t= 7.688 | Pos Err:    0.08 km | Vel Err:    0.00 m/s
[Solver Step 020000] t= 8.167 | Pos Err:    0.09 km | Vel Err:    0.00 m/s
[Solver Step 021000] t= 8.553 | Pos Err:    0.08 km | Vel Err:    0.03 m/s
[Solver Step 022000] t= 8.922 | Pos Err:    0.08 km | Vel Err:    0.00 m/s
[Solver Step 023000] t= 9.314 | Pos Err:    0.02 km | Vel Err:    0.00 m/s
[Solver Step 024000] t= 9.773 | Pos Err:    0.05 km | Vel Err:    0.03 m/s
[Solver Step 025000] t=10.174 | Pos Err:    0.07 km | Vel Err:    0.00 m/s
[Solver Step 026000] t=10.573 | Pos Err:    0.08 km | Vel Err:    0.00 m/s
[Solver Step 027000] t=10.933 | Pos Err:    0.16 km | Vel Err:    0.09 m/s
[Solver Step 028000] t=11.353 | Pos Err:    0.05 km | Vel Err:    0.00 m/s
[Solver Step 029000] t=11.808 | Pos Err:    0.03 km | Vel Err:    0.00 m/s
[Solver Step 030000] t=12.177 | Pos Err:    0.01 km | Vel Err:    0.03 m/s
Completed [EARTH_ORBIT] Trajectory 536/600 | Saved 2583 samples | Total: 725641
[Multiple Shooting] Converged in 2 iterations with residual 1.89e-11
[Solver Step 001000] t= 0.422 | Pos Err:    0.70 km | Vel Err:    0.02 m/s
[Solver Step 002000] t= 0.926 | Pos Err:    1.03 km | Vel Err:    0.02 m/s
[Solver Step 003000] t= 1.417 | Pos Err:    5.15 km | Vel Err:    0.13 m/s
[Solver Step 004000] t= 1.748 | Pos Err:   65.43 km | Vel Err:    1.24 m/s
[Solver Step 005000] t= 2.224 | Pos Err:   10.46 km | Vel Err:    0.24 m/s
[Solver Step 006000] t= 2.679 | Pos Err:    1.76 km | Vel Err:    0.04 m/s
[Solver Step 007000] t= 3.080 | Pos Err:    9.85 km | Vel Err:    0.22 m/s
Completed [HALO_L1] Trajectory 537/600 | Saved 596 samples | Total: 726237
[Multiple Shooting] Converged in 2 iterations with residual 1.50e-12
[Solver Step 001000] t= 0.419 | Pos Err:    0.29 km | Vel Err:    0.01 m/s
[Solver Step 002000] t= 0.924 | Pos Err:    1.96 km | Vel Err:    0.04 m/s
[Solver Step 003000] t= 1.393 | Pos Err:   28.77 km | Vel Err:    0.55 m/s
[Solver Step 004000] t= 1.740 | Pos Err:  105.79 km | Vel Err:    2.11 m/s
[Solver Step 005000] t= 2.240 | Pos Err:    2.06 km | Vel Err:    0.05 m/s
[Solver Step 006000] t= 2.676 | Pos Err:    1.09 km | Vel Err:    0.02 m/s
[Solver Step 007000] t= 3.078 | Pos Err:    7.03 km | Vel Err:    0.16 m/s
Completed [HALO_L1] Trajectory 538/600 | Saved 595 samples | Total: 726832
[Multiple Shooting] Converged in 19 iterations with residual 8.52e-12
[Solver Step 001000] t= 0.312 | Pos Err:  327.77 km | Vel Err:    7.02 m/s
[Solver Step 002000] t= 0.623 | Pos Err:  463.98 km | Vel Err:    7.85 m/s
[Solver Step 003000] t= 0.933 | Pos Err:  451.65 km | Vel Err:    9.58 m/s
[Solver Step 004000] t= 1.250 | Pos Err:  224.32 km | Vel Err:    3.67 m/s
[Solver Step 005000] t= 1.552 | Pos Err:  441.66 km | Vel Err:    8.80 m/s
[Solver Step 006000] t= 1.868 | Pos Err:   77.45 km | Vel Err:    1.12 m/s
[Solver Step 007000] t= 2.175 | Pos Err:  681.46 km | Vel Err:   13.78 m/s
[Solver Step 008000] t= 2.491 | Pos Err: 2082.60 km | Vel Err:   43.16 m/s
Completed [DRO] Trajectory 539/600 | Saved 671 samples | Total: 727503
[Solver Step 001000] t= 0.415 | Pos Err:    2.45 km | Vel Err:    0.06 m/s
[Solver Step 002000] t= 0.819 | Pos Err:    0.07 km | Vel Err:    0.00 m/s
[Solver Step 003000] t= 1.260 | Pos Err:    0.08 km | Vel Err:    0.01 m/s
[Solver Step 004000] t= 1.607 | Pos Err:    0.09 km | Vel Err:    0.00 m/s
[Solver Step 005000] t= 1.993 | Pos Err:    0.07 km | Vel Err:    0.00 m/s
[Solver Step 006000] t= 2.446 | Pos Err:    0.03 km | Vel Err:    0.02 m/s
[Solver Step 007000] t= 2.847 | Pos Err:    0.02 km | Vel Err:    0.00 m/s
[Solver Step 008000] t= 3.244 | Pos Err:    0.02 km | Vel Err:    0.00 m/s
[Solver Step 009000] t= 3.619 | Pos Err:    0.09 km | Vel Err:    0.08 m/s
[Solver Step 010000] t= 4.033 | Pos Err:    0.09 km | Vel Err:    0.00 m/s
[Solver Step 011000] t= 4.452 | Pos Err:    0.08 km | Vel Err:    0.00 m/s
[Solver Step 012000] t= 4.895 | Pos Err:    0.06 km | Vel Err:    0.04 m/s
[Solver Step 013000] t= 5.233 | Pos Err:    0.04 km | Vel Err:    0.00 m/s
[Solver Step 014000] t= 5.631 | Pos Err:    0.04 km | Vel Err:    0.00 m/s
[Solver Step 015000] t= 6.110 | Pos Err:    0.08 km | Vel Err:    0.02 m/s
[Solver Step 016000] t= 6.497 | Pos Err:    0.09 km | Vel Err:    0.00 m/s
[Solver Step 017000] t= 6.924 | Pos Err:    0.10 km | Vel Err:    0.00 m/s
[Solver Step 018000] t= 7.268 | Pos Err:    0.15 km | Vel Err:    0.10 m/s
[Solver Step 019000] t= 7.688 | Pos Err:    0.02 km | Vel Err:    0.00 m/s
[Solver Step 020000] t= 8.168 | Pos Err:    0.03 km | Vel Err:    0.00 m/s
[Solver Step 021000] t= 8.553 | Pos Err:    0.04 km | Vel Err:    0.03 m/s
[Solver Step 022000] t= 8.922 | Pos Err:    0.08 km | Vel Err:    0.00 m/s
[Solver Step 023000] t= 9.315 | Pos Err:    0.08 km | Vel Err:    0.00 m/s
[Solver Step 024000] t= 9.773 | Pos Err:    0.05 km | Vel Err:    0.03 m/s
[Solver Step 025000] t=10.174 | Pos Err:    0.04 km | Vel Err:    0.00 m/s
[Solver Step 026000] t=10.574 | Pos Err:    0.02 km | Vel Err:    0.00 m/s
[Solver Step 027000] t=10.933 | Pos Err:    0.09 km | Vel Err:    0.09 m/s
[Solver Step 028000] t=11.353 | Pos Err:    0.09 km | Vel Err:    0.00 m/s
[Solver Step 029000] t=11.809 | Pos Err:    0.09 km | Vel Err:    0.00 m/s
[Solver Step 030000] t=12.178 | Pos Err:    0.08 km | Vel Err:    0.03 m/s
Completed [EARTH_ORBIT] Trajectory 540/600 | Saved 2583 samples | Total: 730086
[Solver Step 001000] t= 0.217 | Pos Err:   27.27 km | Vel Err:    0.71 m/s
[Solver Step 002000] t= 0.469 | Pos Err:    3.49 km | Vel Err:    0.07 m/s
[Solver Step 003000] t= 0.712 | Pos Err:    0.42 km | Vel Err:    0.03 m/s
[Solver Step 004000] t= 0.926 | Pos Err:    0.04 km | Vel Err:    0.01 m/s
[Solver Step 005000] t= 1.176 | Pos Err:    0.03 km | Vel Err:    0.00 m/s
[Solver Step 006000] t= 1.429 | Pos Err:    0.10 km | Vel Err:    0.03 m/s
[Solver Step 007000] t= 1.658 | Pos Err:    0.10 km | Vel Err:    0.00 m/s
[Solver Step 008000] t= 1.873 | Pos Err:    0.07 km | Vel Err:    0.00 m/s
[Solver Step 009000] t= 2.133 | Pos Err:    0.26 km | Vel Err:    0.15 m/s
[Solver Step 010000] t= 2.374 | Pos Err:    0.11 km | Vel Err:    0.00 m/s
[Solver Step 011000] t= 2.586 | Pos Err:    0.09 km | Vel Err:    0.00 m/s
[Solver Step 012000] t= 2.835 | Pos Err:    1.28 km | Vel Err:    1.06 m/s
[Solver Step 013000] t= 3.090 | Pos Err:    0.12 km | Vel Err:    0.00 m/s
[Solver Step 014000] t= 3.309 | Pos Err:    0.09 km | Vel Err:    0.00 m/s
[Solver Step 015000] t= 3.532 | Pos Err:    0.65 km | Vel Err:    0.57 m/s
[Solver Step 016000] t= 3.794 | Pos Err:    0.12 km | Vel Err:    0.00 m/s
[Solver Step 017000] t= 4.035 | Pos Err:    0.09 km | Vel Err:    0.00 m/s
[Solver Step 018000] t= 4.242 | Pos Err:    0.29 km | Vel Err:    0.23 m/s
[Solver Step 019000] t= 4.494 | Pos Err:    0.09 km | Vel Err:    0.02 m/s
[Solver Step 020000] t= 4.747 | Pos Err:    0.07 km | Vel Err:    0.00 m/s
[Solver Step 021000] t= 4.963 | Pos Err:    0.08 km | Vel Err:    0.11 m/s
[Solver Step 022000] t= 5.186 | Pos Err:    0.09 km | Vel Err:    0.01 m/s
[Solver Step 023000] t= 5.451 | Pos Err:    0.06 km | Vel Err:    0.00 m/s
[Solver Step 024000] t= 5.693 | Pos Err:    0.09 km | Vel Err:    0.11 m/s
[Solver Step 025000] t= 5.901 | Pos Err:    0.06 km | Vel Err:    0.00 m/s
[Solver Step 026000] t= 6.156 | Pos Err:    0.06 km | Vel Err:    0.00 m/s
[Solver Step 027000] t= 6.409 | Pos Err:    0.26 km | Vel Err:    0.24 m/s
[Solver Step 028000] t= 6.620 | Pos Err:    0.06 km | Vel Err:    0.00 m/s
[Solver Step 029000] t= 6.848 | Pos Err:    0.05 km | Vel Err:    0.00 m/s
Completed [TRANSFER] Trajectory 541/600 | Saved 2399 samples | Total: 732485
[Solver Step 001000] t= 0.416 | Pos Err:    0.42 km | Vel Err:    0.01 m/s
[Solver Step 002000] t= 0.790 | Pos Err:    0.07 km | Vel Err:    0.00 m/s
[Solver Step 003000] t= 1.099 | Pos Err:    0.01 km | Vel Err:    0.04 m/s
[Solver Step 004000] t= 1.551 | Pos Err:    0.05 km | Vel Err:    0.00 m/s
[Solver Step 005000] t= 2.102 | Pos Err:    0.05 km | Vel Err:    0.00 m/s
[Solver Step 006000] t= 2.515 | Pos Err:    0.05 km | Vel Err:    0.01 m/s
[Solver Step 007000] t= 3.015 | Pos Err:    0.05 km | Vel Err:    0.00 m/s
[Solver Step 008000] t= 3.567 | Pos Err:    0.05 km | Vel Err:    0.00 m/s
[Solver Step 009000] t= 4.057 | Pos Err:    0.05 km | Vel Err:    0.01 m/s
[Solver Step 010000] t= 4.459 | Pos Err:    0.05 km | Vel Err:    0.00 m/s
[Solver Step 011000] t= 4.997 | Pos Err:    0.05 km | Vel Err:    0.00 m/s
[Solver Step 012000] t= 5.584 | Pos Err:    0.04 km | Vel Err:    0.05 m/s
[Solver Step 013000] t= 6.067 | Pos Err:    0.06 km | Vel Err:    0.00 m/s
[Solver Step 014000] t= 6.468 | Pos Err:    0.06 km | Vel Err:    0.00 m/s
[Solver Step 015000] t= 7.025 | Pos Err:    0.04 km | Vel Err:    0.08 m/s
Completed [MOON_ORBIT] Trajectory 542/600 | Saved 1314 samples | Total: 733799
[Solver Step 001000] t= 0.217 | Pos Err:   11.00 km | Vel Err:    0.18 m/s
[Solver Step 002000] t= 0.470 | Pos Err:    1.33 km | Vel Err:    0.01 m/s
[Solver Step 003000] t= 0.713 | Pos Err:    0.15 km | Vel Err:    0.03 m/s
[Solver Step 004000] t= 0.930 | Pos Err:    0.01 km | Vel Err:    0.00 m/s
[Solver Step 005000] t= 1.177 | Pos Err:    0.04 km | Vel Err:    0.00 m/s
[Solver Step 006000] t= 1.430 | Pos Err:    0.08 km | Vel Err:    0.03 m/s
[Solver Step 007000] t= 1.660 | Pos Err:    0.06 km | Vel Err:    0.00 m/s
[Solver Step 008000] t= 1.877 | Pos Err:    0.05 km | Vel Err:    0.00 m/s
[Solver Step 009000] t= 2.134 | Pos Err:    0.13 km | Vel Err:    0.07 m/s
[Solver Step 010000] t= 2.379 | Pos Err:    0.07 km | Vel Err:    0.00 m/s
[Solver Step 011000] t= 2.596 | Pos Err:    0.05 km | Vel Err:    0.00 m/s
[Solver Step 012000] t= 2.840 | Pos Err:    1.02 km | Vel Err:    0.83 m/s
[Solver Step 013000] t= 3.096 | Pos Err:    0.07 km | Vel Err:    0.00 m/s
[Solver Step 014000] t= 3.319 | Pos Err:    0.04 km | Vel Err:    0.00 m/s
[Solver Step 015000] t= 3.539 | Pos Err:    0.63 km | Vel Err:    0.49 m/s
[Solver Step 016000] t= 3.799 | Pos Err:    0.06 km | Vel Err:    0.00 m/s
[Solver Step 017000] t= 4.043 | Pos Err:    0.04 km | Vel Err:    0.00 m/s
[Solver Step 018000] t= 4.252 | Pos Err:    0.32 km | Vel Err:    0.20 m/s
[Solver Step 019000] t= 4.500 | Pos Err:    0.04 km | Vel Err:    0.01 m/s
[Solver Step 020000] t= 4.757 | Pos Err:    0.03 km | Vel Err:    0.00 m/s
[Solver Step 021000] t= 4.975 | Pos Err:    0.10 km | Vel Err:    0.10 m/s
[Solver Step 022000] t= 5.193 | Pos Err:    0.03 km | Vel Err:    0.01 m/s
[Solver Step 023000] t= 5.459 | Pos Err:    0.02 km | Vel Err:    0.00 m/s
[Solver Step 024000] t= 5.703 | Pos Err:    0.10 km | Vel Err:    0.12 m/s
[Solver Step 025000] t= 5.912 | Pos Err:    0.02 km | Vel Err:    0.00 m/s
[Solver Step 026000] t= 6.162 | Pos Err:    0.01 km | Vel Err:    0.00 m/s
[Solver Step 027000] t= 6.419 | Pos Err:    0.25 km | Vel Err:    0.24 m/s
[Solver Step 028000] t= 6.633 | Pos Err:    0.05 km | Vel Err:    0.00 m/s
[Solver Step 029000] t= 6.855 | Pos Err:    0.02 km | Vel Err:    0.00 m/s
Completed [TRANSFER] Trajectory 543/600 | Saved 2399 samples | Total: 736198
[Solver Step 001000] t= 0.410 | Pos Err:    3.60 km | Vel Err:    0.08 m/s
[Solver Step 002000] t= 0.814 | Pos Err:    0.10 km | Vel Err:    0.00 m/s
[Solver Step 003000] t= 1.257 | Pos Err:    0.03 km | Vel Err:    0.01 m/s
[Solver Step 004000] t= 1.603 | Pos Err:    0.03 km | Vel Err:    0.00 m/s
[Solver Step 005000] t= 1.989 | Pos Err:    0.09 km | Vel Err:    0.00 m/s
[Solver Step 006000] t= 2.442 | Pos Err:    0.11 km | Vel Err:    0.02 m/s
[Solver Step 007000] t= 2.843 | Pos Err:    0.10 km | Vel Err:    0.00 m/s
[Solver Step 008000] t= 3.242 | Pos Err:    0.09 km | Vel Err:    0.00 m/s
[Solver Step 009000] t= 3.615 | Pos Err:    0.11 km | Vel Err:    0.08 m/s
[Solver Step 010000] t= 4.029 | Pos Err:    0.06 km | Vel Err:    0.00 m/s
[Solver Step 011000] t= 4.449 | Pos Err:    0.09 km | Vel Err:    0.00 m/s
[Solver Step 012000] t= 4.891 | Pos Err:    0.08 km | Vel Err:    0.04 m/s
[Solver Step 013000] t= 5.230 | Pos Err:    0.11 km | Vel Err:    0.00 m/s
[Solver Step 014000] t= 5.627 | Pos Err:    0.07 km | Vel Err:    0.00 m/s
[Solver Step 015000] t= 6.106 | Pos Err:    0.03 km | Vel Err:    0.02 m/s
[Solver Step 016000] t= 6.493 | Pos Err:    0.03 km | Vel Err:    0.00 m/s
[Solver Step 017000] t= 6.920 | Pos Err:    0.05 km | Vel Err:    0.00 m/s
[Solver Step 018000] t= 7.264 | Pos Err:    0.12 km | Vel Err:    0.11 m/s
[Solver Step 019000] t= 7.684 | Pos Err:    0.10 km | Vel Err:    0.00 m/s
[Solver Step 020000] t= 8.164 | Pos Err:    0.09 km | Vel Err:    0.00 m/s
[Solver Step 021000] t= 8.549 | Pos Err:    0.06 km | Vel Err:    0.03 m/s
[Solver Step 022000] t= 8.920 | Pos Err:    0.04 km | Vel Err:    0.00 m/s
[Solver Step 023000] t= 9.311 | Pos Err:    0.07 km | Vel Err:    0.00 m/s
[Solver Step 024000] t= 9.769 | Pos Err:    0.10 km | Vel Err:    0.03 m/s
[Solver Step 025000] t=10.171 | Pos Err:    0.11 km | Vel Err:    0.00 m/s
[Solver Step 026000] t=10.570 | Pos Err:    0.11 km | Vel Err:    0.00 m/s
[Solver Step 027000] t=10.929 | Pos Err:    0.14 km | Vel Err:    0.09 m/s
[Solver Step 028000] t=11.350 | Pos Err:    0.03 km | Vel Err:    0.00 m/s
[Solver Step 029000] t=11.805 | Pos Err:    0.06 km | Vel Err:    0.00 m/s
[Solver Step 030000] t=12.174 | Pos Err:    0.07 km | Vel Err:    0.03 m/s
[Solver Step 031000] t=12.565 | Pos Err:    0.10 km | Vel Err:    0.00 m/s
Completed [EARTH_ORBIT] Trajectory 544/600 | Saved 2584 samples | Total: 738782
[Multiple Shooting] Converged in 2 iterations with residual 1.23e-15
[Solver Step 001000] t= 0.490 | Pos Err:    0.25 km | Vel Err:    0.00 m/s
[Solver Step 002000] t= 0.941 | Pos Err:    0.28 km | Vel Err:    0.01 m/s
[Solver Step 003000] t= 1.469 | Pos Err:    0.14 km | Vel Err:    0.01 m/s
[Solver Step 004000] t= 2.046 | Pos Err:    0.33 km | Vel Err:    0.01 m/s
[Solver Step 005000] t= 2.512 | Pos Err:    0.34 km | Vel Err:    0.01 m/s
[Solver Step 006000] t= 2.940 | Pos Err:    1.17 km | Vel Err:    0.02 m/s
Completed [HALO_L2] Trajectory 545/600 | Saved 533 samples | Total: 739315
[Multiple Shooting] Converged in 2 iterations with residual 1.52e-15
[Solver Step 001000] t= 0.453 | Pos Err:    0.40 km | Vel Err:    0.01 m/s
[Solver Step 002000] t= 1.016 | Pos Err:    0.15 km | Vel Err:    0.00 m/s
[Solver Step 003000] t= 1.607 | Pos Err:    0.07 km | Vel Err:    0.01 m/s
[Solver Step 004000] t= 2.025 | Pos Err:    0.28 km | Vel Err:    0.00 m/s
[Solver Step 005000] t= 2.494 | Pos Err:    0.28 km | Vel Err:    0.01 m/s
[Solver Step 006000] t= 3.054 | Pos Err:    5.44 km | Vel Err:    0.14 m/s
Completed [HALO_L2] Trajectory 546/600 | Saved 513 samples | Total: 739828
[Solver Step 001000] t= 0.418 | Pos Err:    0.56 km | Vel Err:    0.01 m/s
[Solver Step 002000] t= 0.792 | Pos Err:    0.06 km | Vel Err:    0.00 m/s
[Solver Step 003000] t= 1.101 | Pos Err:    0.01 km | Vel Err:    0.04 m/s
[Solver Step 004000] t= 1.554 | Pos Err:    0.05 km | Vel Err:    0.00 m/s
[Solver Step 005000] t= 2.105 | Pos Err:    0.06 km | Vel Err:    0.00 m/s
[Solver Step 006000] t= 2.518 | Pos Err:    0.05 km | Vel Err:    0.01 m/s
[Solver Step 007000] t= 3.018 | Pos Err:    0.05 km | Vel Err:    0.00 m/s
[Solver Step 008000] t= 3.570 | Pos Err:    0.05 km | Vel Err:    0.00 m/s
[Solver Step 009000] t= 4.059 | Pos Err:    0.05 km | Vel Err:    0.01 m/s
[Solver Step 010000] t= 4.462 | Pos Err:    0.06 km | Vel Err:    0.00 m/s
[Solver Step 011000] t= 5.000 | Pos Err:    0.06 km | Vel Err:    0.00 m/s
[Solver Step 012000] t= 5.587 | Pos Err:    0.05 km | Vel Err:    0.05 m/s
[Solver Step 013000] t= 6.069 | Pos Err:    0.06 km | Vel Err:    0.00 m/s
[Solver Step 014000] t= 6.470 | Pos Err:    0.06 km | Vel Err:    0.00 m/s
[Solver Step 015000] t= 7.028 | Pos Err:    0.04 km | Vel Err:    0.08 m/s
Completed [MOON_ORBIT] Trajectory 547/600 | Saved 1314 samples | Total: 741142
[Multiple Shooting] Converged in 4 iterations with residual 5.97e-13
[Solver Step 001000] t= 0.355 | Pos Err:    6.61 km | Vel Err:    0.14 m/s
[Solver Step 002000] t= 0.699 | Pos Err:   28.70 km | Vel Err:    0.63 m/s
[Solver Step 003000] t= 1.065 | Pos Err:   19.86 km | Vel Err:    0.40 m/s
[Solver Step 004000] t= 1.442 | Pos Err:    2.92 km | Vel Err:    0.06 m/s
[Solver Step 005000] t= 1.805 | Pos Err:   16.22 km | Vel Err:    0.32 m/s
[Solver Step 006000] t= 2.149 | Pos Err:    3.97 km | Vel Err:    0.09 m/s
[Solver Step 007000] t= 2.513 | Pos Err:  174.42 km | Vel Err:    2.34 m/s
Completed [DRO] Trajectory 548/600 | Saved 584 samples | Total: 741726
[Solver Step 001000] t= 0.216 | Pos Err:   16.93 km | Vel Err:    0.37 m/s
[Solver Step 002000] t= 0.469 | Pos Err:    2.11 km | Vel Err:    0.02 m/s
[Solver Step 003000] t= 0.713 | Pos Err:    0.25 km | Vel Err:    0.02 m/s
[Solver Step 004000] t= 0.928 | Pos Err:    0.01 km | Vel Err:    0.00 m/s
[Solver Step 005000] t= 1.177 | Pos Err:    0.03 km | Vel Err:    0.00 m/s
[Solver Step 006000] t= 1.430 | Pos Err:    0.09 km | Vel Err:    0.03 m/s
[Solver Step 007000] t= 1.660 | Pos Err:    0.08 km | Vel Err:    0.00 m/s
[Solver Step 008000] t= 1.874 | Pos Err:    0.05 km | Vel Err:    0.00 m/s
[Solver Step 009000] t= 2.133 | Pos Err:    0.18 km | Vel Err:    0.10 m/s
[Solver Step 010000] t= 2.376 | Pos Err:    0.09 km | Vel Err:    0.00 m/s
[Solver Step 011000] t= 2.588 | Pos Err:    0.06 km | Vel Err:    0.00 m/s
[Solver Step 012000] t= 2.836 | Pos Err:    1.03 km | Vel Err:    0.84 m/s
[Solver Step 013000] t= 3.091 | Pos Err:    0.09 km | Vel Err:    0.00 m/s
[Solver Step 014000] t= 3.311 | Pos Err:    0.06 km | Vel Err:    0.00 m/s
[Solver Step 015000] t= 3.533 | Pos Err:    0.67 km | Vel Err:    0.56 m/s
[Solver Step 016000] t= 3.795 | Pos Err:    0.09 km | Vel Err:    0.00 m/s
[Solver Step 017000] t= 4.037 | Pos Err:    0.06 km | Vel Err:    0.00 m/s
[Solver Step 018000] t= 4.244 | Pos Err:    0.32 km | Vel Err:    0.22 m/s
[Solver Step 019000] t= 4.496 | Pos Err:    0.05 km | Vel Err:    0.02 m/s
[Solver Step 020000] t= 4.752 | Pos Err:    0.04 km | Vel Err:    0.00 m/s
[Solver Step 021000] t= 4.967 | Pos Err:    0.10 km | Vel Err:    0.11 m/s
[Solver Step 022000] t= 5.188 | Pos Err:    0.05 km | Vel Err:    0.01 m/s
[Solver Step 023000] t= 5.454 | Pos Err:    0.03 km | Vel Err:    0.00 m/s
[Solver Step 024000] t= 5.696 | Pos Err:    0.10 km | Vel Err:    0.12 m/s
[Solver Step 025000] t= 5.905 | Pos Err:    0.03 km | Vel Err:    0.00 m/s
[Solver Step 026000] t= 6.158 | Pos Err:    0.02 km | Vel Err:    0.00 m/s
[Solver Step 027000] t= 6.412 | Pos Err:    0.25 km | Vel Err:    0.24 m/s
[Solver Step 028000] t= 6.625 | Pos Err:    0.05 km | Vel Err:    0.00 m/s
[Solver Step 029000] t= 6.850 | Pos Err:    0.02 km | Vel Err:    0.00 m/s
Completed [TRANSFER] Trajectory 549/600 | Saved 2399 samples | Total: 744125
[Multiple Shooting] Converged in 7 iterations with residual 1.11e-14
[Solver Step 001000] t= 0.317 | Pos Err:  141.42 km | Vel Err:    2.95 m/s
[Solver Step 002000] t= 0.641 | Pos Err:  488.06 km | Vel Err:    8.68 m/s
[Solver Step 003000] t= 0.988 | Pos Err:   37.11 km | Vel Err:    0.62 m/s
[Solver Step 004000] t= 1.311 | Pos Err:  673.52 km | Vel Err:   14.89 m/s
[Solver Step 005000] t= 1.656 | Pos Err:   67.99 km | Vel Err:    1.32 m/s
[Solver Step 006000] t= 1.984 | Pos Err:  218.89 km | Vel Err:    3.85 m/s
[Solver Step 007000] t= 2.307 | Pos Err:  317.65 km | Vel Err:    6.62 m/s
Completed [DRO] Trajectory 550/600 | Saved 633 samples | Total: 744758
[Multiple Shooting] Converged in 2 iterations with residual 1.32e-15
[Solver Step 001000] t= 0.494 | Pos Err:    0.16 km | Vel Err:    0.00 m/s
[Solver Step 002000] t= 0.945 | Pos Err:    0.27 km | Vel Err:    0.01 m/s
[Solver Step 003000] t= 1.470 | Pos Err:    0.14 km | Vel Err:    0.01 m/s
[Solver Step 004000] t= 2.047 | Pos Err:    0.33 km | Vel Err:    0.01 m/s
[Solver Step 005000] t= 2.517 | Pos Err:    0.32 km | Vel Err:    0.01 m/s
[Solver Step 006000] t= 2.941 | Pos Err:    1.10 km | Vel Err:    0.02 m/s
Completed [HALO_L2] Trajectory 551/600 | Saved 533 samples | Total: 745291
[Solver Step 001000] t= 0.419 | Pos Err:    0.07 km | Vel Err:    0.00 m/s
[Solver Step 002000] t= 0.793 | Pos Err:    0.06 km | Vel Err:    0.00 m/s
[Solver Step 003000] t= 1.102 | Pos Err:    0.01 km | Vel Err:    0.04 m/s
[Solver Step 004000] t= 1.555 | Pos Err:    0.05 km | Vel Err:    0.00 m/s
[Solver Step 005000] t= 2.105 | Pos Err:    0.06 km | Vel Err:    0.00 m/s
[Solver Step 006000] t= 2.518 | Pos Err:    0.05 km | Vel Err:    0.01 m/s
[Solver Step 007000] t= 3.019 | Pos Err:    0.05 km | Vel Err:    0.00 m/s
[Solver Step 008000] t= 3.571 | Pos Err:    0.05 km | Vel Err:    0.00 m/s
[Solver Step 009000] t= 4.060 | Pos Err:    0.05 km | Vel Err:    0.01 m/s
[Solver Step 010000] t= 4.463 | Pos Err:    0.05 km | Vel Err:    0.00 m/s
[Solver Step 011000] t= 5.001 | Pos Err:    0.05 km | Vel Err:    0.00 m/s
[Solver Step 012000] t= 5.588 | Pos Err:    0.04 km | Vel Err:    0.05 m/s
[Solver Step 013000] t= 6.069 | Pos Err:    0.06 km | Vel Err:    0.00 m/s
[Solver Step 014000] t= 6.471 | Pos Err:    0.06 km | Vel Err:    0.00 m/s
[Solver Step 015000] t= 7.029 | Pos Err:    0.03 km | Vel Err:    0.08 m/s
Completed [MOON_ORBIT] Trajectory 552/600 | Saved 1314 samples | Total: 746605
[Solver Step 001000] t= 0.418 | Pos Err:    3.27 km | Vel Err:    0.07 m/s
[Solver Step 002000] t= 0.822 | Pos Err:    0.10 km | Vel Err:    0.00 m/s
[Solver Step 003000] t= 1.262 | Pos Err:    0.06 km | Vel Err:    0.01 m/s
[Solver Step 004000] t= 1.610 | Pos Err:    0.09 km | Vel Err:    0.00 m/s
[Solver Step 005000] t= 1.996 | Pos Err:    0.10 km | Vel Err:    0.00 m/s
[Solver Step 006000] t= 2.448 | Pos Err:    0.07 km | Vel Err:    0.01 m/s
[Solver Step 007000] t= 2.850 | Pos Err:    0.04 km | Vel Err:    0.00 m/s
[Solver Step 008000] t= 3.246 | Pos Err:    0.02 km | Vel Err:    0.00 m/s
[Solver Step 009000] t= 3.622 | Pos Err:    0.06 km | Vel Err:    0.08 m/s
[Solver Step 010000] t= 4.037 | Pos Err:    0.10 km | Vel Err:    0.00 m/s
[Solver Step 011000] t= 4.455 | Pos Err:    0.11 km | Vel Err:    0.00 m/s
[Solver Step 012000] t= 4.898 | Pos Err:    0.09 km | Vel Err:    0.04 m/s
[Solver Step 013000] t= 5.236 | Pos Err:    0.08 km | Vel Err:    0.00 m/s
[Solver Step 014000] t= 5.634 | Pos Err:    0.01 km | Vel Err:    0.00 m/s
[Solver Step 015000] t= 6.113 | Pos Err:    0.07 km | Vel Err:    0.02 m/s
[Solver Step 016000] t= 6.500 | Pos Err:    0.09 km | Vel Err:    0.00 m/s
[Solver Step 017000] t= 6.927 | Pos Err:    0.10 km | Vel Err:    0.00 m/s
[Solver Step 018000] t= 7.271 | Pos Err:    0.17 km | Vel Err:    0.10 m/s
[Solver Step 019000] t= 7.692 | Pos Err:    0.04 km | Vel Err:    0.00 m/s
[Solver Step 020000] t= 8.170 | Pos Err:    0.01 km | Vel Err:    0.00 m/s
[Solver Step 021000] t= 8.556 | Pos Err:    0.02 km | Vel Err:    0.03 m/s
[Solver Step 022000] t= 8.923 | Pos Err:    0.06 km | Vel Err:    0.00 m/s
[Solver Step 023000] t= 9.318 | Pos Err:    0.10 km | Vel Err:    0.00 m/s
[Solver Step 024000] t= 9.777 | Pos Err:    0.09 km | Vel Err:    0.03 m/s
[Solver Step 025000] t=10.177 | Pos Err:    0.08 km | Vel Err:    0.00 m/s
[Solver Step 026000] t=10.577 | Pos Err:    0.05 km | Vel Err:    0.00 m/s
[Solver Step 027000] t=10.936 | Pos Err:    0.07 km | Vel Err:    0.09 m/s
[Solver Step 028000] t=11.355 | Pos Err:    0.09 km | Vel Err:    0.00 m/s
[Solver Step 029000] t=11.812 | Pos Err:    0.10 km | Vel Err:    0.00 m/s
[Solver Step 030000] t=12.180 | Pos Err:    0.09 km | Vel Err:    0.03 m/s
Completed [EARTH_ORBIT] Trajectory 553/600 | Saved 2583 samples | Total: 749188
[Solver Step 001000] t= 0.413 | Pos Err:    2.40 km | Vel Err:    0.06 m/s
[Solver Step 002000] t= 0.817 | Pos Err:    0.05 km | Vel Err:    0.00 m/s
[Solver Step 003000] t= 1.259 | Pos Err:    0.07 km | Vel Err:    0.01 m/s
[Solver Step 004000] t= 1.606 | Pos Err:    0.05 km | Vel Err:    0.00 m/s
[Solver Step 005000] t= 1.991 | Pos Err:    0.05 km | Vel Err:    0.00 m/s
[Solver Step 006000] t= 2.444 | Pos Err:    0.08 km | Vel Err:    0.02 m/s
[Solver Step 007000] t= 2.845 | Pos Err:    0.09 km | Vel Err:    0.00 m/s
[Solver Step 008000] t= 3.243 | Pos Err:    0.09 km | Vel Err:    0.00 m/s
[Solver Step 009000] t= 3.618 | Pos Err:    0.14 km | Vel Err:    0.08 m/s
[Solver Step 010000] t= 4.031 | Pos Err:    0.03 km | Vel Err:    0.00 m/s
[Solver Step 011000] t= 4.451 | Pos Err:    0.04 km | Vel Err:    0.00 m/s
[Solver Step 012000] t= 4.893 | Pos Err:    0.04 km | Vel Err:    0.04 m/s
[Solver Step 013000] t= 5.232 | Pos Err:    0.07 km | Vel Err:    0.00 m/s
[Solver Step 014000] t= 5.630 | Pos Err:    0.08 km | Vel Err:    0.00 m/s
[Solver Step 015000] t= 6.108 | Pos Err:    0.06 km | Vel Err:    0.02 m/s
[Solver Step 016000] t= 6.495 | Pos Err:    0.05 km | Vel Err:    0.00 m/s
[Solver Step 017000] t= 6.923 | Pos Err:    0.04 km | Vel Err:    0.00 m/s
[Solver Step 018000] t= 7.266 | Pos Err:    0.09 km | Vel Err:    0.10 m/s
[Solver Step 019000] t= 7.687 | Pos Err:    0.09 km | Vel Err:    0.00 m/s
[Solver Step 020000] t= 8.166 | Pos Err:    0.09 km | Vel Err:    0.00 m/s
[Solver Step 021000] t= 8.552 | Pos Err:    0.07 km | Vel Err:    0.03 m/s
[Solver Step 022000] t= 8.922 | Pos Err:    0.07 km | Vel Err:    0.00 m/s
[Solver Step 023000] t= 9.313 | Pos Err:    0.03 km | Vel Err:    0.00 m/s
[Solver Step 024000] t= 9.772 | Pos Err:    0.06 km | Vel Err:    0.03 m/s
[Solver Step 025000] t=10.173 | Pos Err:    0.08 km | Vel Err:    0.00 m/s
[Solver Step 026000] t=10.572 | Pos Err:    0.08 km | Vel Err:    0.00 m/s
[Solver Step 027000] t=10.932 | Pos Err:    0.15 km | Vel Err:    0.09 m/s
[Solver Step 028000] t=11.352 | Pos Err:    0.04 km | Vel Err:    0.00 m/s
[Solver Step 029000] t=11.807 | Pos Err:    0.03 km | Vel Err:    0.00 m/s
[Solver Step 030000] t=12.176 | Pos Err:    0.02 km | Vel Err:    0.03 m/s
Completed [EARTH_ORBIT] Trajectory 554/600 | Saved 2583 samples | Total: 751771
[Multiple Shooting] Converged in 2 iterations with residual 5.65e-12
[Solver Step 001000] t= 0.424 | Pos Err:    0.28 km | Vel Err:    0.01 m/s
[Solver Step 002000] t= 0.923 | Pos Err:    0.60 km | Vel Err:    0.01 m/s
[Solver Step 003000] t= 1.422 | Pos Err:    3.91 km | Vel Err:    0.09 m/s
[Solver Step 004000] t= 1.782 | Pos Err:   57.16 km | Vel Err:    1.17 m/s
[Solver Step 005000] t= 2.208 | Pos Err:   38.38 km | Vel Err:    0.81 m/s
[Solver Step 006000] t= 2.672 | Pos Err:    2.72 km | Vel Err:    0.06 m/s
[Solver Step 007000] t= 3.105 | Pos Err:   10.83 km | Vel Err:    0.25 m/s
Completed [HALO_L1] Trajectory 555/600 | Saved 593 samples | Total: 752364
[Multiple Shooting] Converged in 2 iterations with residual 6.34e-12
[Solver Step 001000] t= 0.422 | Pos Err:    0.86 km | Vel Err:    0.02 m/s
[Solver Step 002000] t= 0.925 | Pos Err:    0.82 km | Vel Err:    0.02 m/s
[Solver Step 003000] t= 1.419 | Pos Err:    4.44 km | Vel Err:    0.11 m/s
[Solver Step 004000] t= 1.759 | Pos Err:   58.58 km | Vel Err:    1.09 m/s
[Solver Step 005000] t= 2.217 | Pos Err:   20.25 km | Vel Err:    0.45 m/s
[Solver Step 006000] t= 2.676 | Pos Err:    2.08 km | Vel Err:    0.04 m/s
[Solver Step 007000] t= 3.088 | Pos Err:   11.06 km | Vel Err:    0.25 m/s
Completed [HALO_L1] Trajectory 556/600 | Saved 595 samples | Total: 752959
[Solver Step 001000] t= 0.416 | Pos Err:    3.90 km | Vel Err:    0.09 m/s
[Solver Step 002000] t= 0.820 | Pos Err:    0.03 km | Vel Err:    0.00 m/s
[Solver Step 003000] t= 1.261 | Pos Err:    0.11 km | Vel Err:    0.01 m/s
[Solver Step 004000] t= 1.608 | Pos Err:    0.11 km | Vel Err:    0.00 m/s
[Solver Step 005000] t= 1.994 | Pos Err:    0.03 km | Vel Err:    0.00 m/s
[Solver Step 006000] t= 2.447 | Pos Err:    0.05 km | Vel Err:    0.02 m/s
[Solver Step 007000] t= 2.848 | Pos Err:    0.07 km | Vel Err:    0.00 m/s
[Solver Step 008000] t= 3.245 | Pos Err:    0.09 km | Vel Err:    0.00 m/s
[Solver Step 009000] t= 3.620 | Pos Err:    0.16 km | Vel Err:    0.08 m/s
[Solver Step 010000] t= 4.035 | Pos Err:    0.07 km | Vel Err:    0.00 m/s
[Solver Step 011000] t= 4.453 | Pos Err:    0.05 km | Vel Err:    0.00 m/s
[Solver Step 012000] t= 4.896 | Pos Err:    0.04 km | Vel Err:    0.04 m/s
[Solver Step 013000] t= 5.234 | Pos Err:    0.04 km | Vel Err:    0.00 m/s
[Solver Step 014000] t= 5.633 | Pos Err:    0.10 km | Vel Err:    0.00 m/s
[Solver Step 015000] t= 6.112 | Pos Err:    0.11 km | Vel Err:    0.02 m/s
[Solver Step 016000] t= 6.498 | Pos Err:    0.11 km | Vel Err:    0.00 m/s
[Solver Step 017000] t= 6.925 | Pos Err:    0.09 km | Vel Err:    0.00 m/s
[Solver Step 018000] t= 7.269 | Pos Err:    0.12 km | Vel Err:    0.10 m/s
[Solver Step 019000] t= 7.690 | Pos Err:    0.07 km | Vel Err:    0.00 m/s
[Solver Step 020000] t= 8.169 | Pos Err:    0.10 km | Vel Err:    0.00 m/s
[Solver Step 021000] t= 8.555 | Pos Err:    0.10 km | Vel Err:    0.03 m/s
[Solver Step 022000] t= 8.923 | Pos Err:    0.12 km | Vel Err:    0.00 m/s
[Solver Step 023000] t= 9.316 | Pos Err:    0.06 km | Vel Err:    0.00 m/s
[Solver Step 024000] t= 9.775 | Pos Err:    0.02 km | Vel Err:    0.03 m/s
[Solver Step 025000] t=10.175 | Pos Err:    0.04 km | Vel Err:    0.00 m/s
[Solver Step 026000] t=10.575 | Pos Err:    0.06 km | Vel Err:    0.00 m/s
[Solver Step 027000] t=10.935 | Pos Err:    0.16 km | Vel Err:    0.09 m/s
[Solver Step 028000] t=11.354 | Pos Err:    0.10 km | Vel Err:    0.00 m/s
[Solver Step 029000] t=11.810 | Pos Err:    0.08 km | Vel Err:    0.00 m/s
[Solver Step 030000] t=12.179 | Pos Err:    0.06 km | Vel Err:    0.03 m/s
Completed [EARTH_ORBIT] Trajectory 557/600 | Saved 2583 samples | Total: 755542
[Solver Step 001000] t= 0.410 | Pos Err:    4.37 km | Vel Err:    0.10 m/s
[Solver Step 002000] t= 0.815 | Pos Err:    0.12 km | Vel Err:    0.00 m/s
[Solver Step 003000] t= 1.257 | Pos Err:    0.03 km | Vel Err:    0.01 m/s
[Solver Step 004000] t= 1.603 | Pos Err:    0.05 km | Vel Err:    0.00 m/s
[Solver Step 005000] t= 1.989 | Pos Err:    0.12 km | Vel Err:    0.00 m/s
[Solver Step 006000] t= 2.442 | Pos Err:    0.12 km | Vel Err:    0.02 m/s
[Solver Step 007000] t= 2.843 | Pos Err:    0.10 km | Vel Err:    0.00 m/s
[Solver Step 008000] t= 3.242 | Pos Err:    0.09 km | Vel Err:    0.00 m/s
[Solver Step 009000] t= 3.615 | Pos Err:    0.09 km | Vel Err:    0.08 m/s
[Solver Step 010000] t= 4.029 | Pos Err:    0.09 km | Vel Err:    0.00 m/s
[Solver Step 011000] t= 4.449 | Pos Err:    0.11 km | Vel Err:    0.00 m/s
[Solver Step 012000] t= 4.891 | Pos Err:    0.10 km | Vel Err:    0.04 m/s
[Solver Step 013000] t= 5.230 | Pos Err:    0.12 km | Vel Err:    0.00 m/s
[Solver Step 014000] t= 5.627 | Pos Err:    0.06 km | Vel Err:    0.00 m/s
[Solver Step 015000] t= 6.106 | Pos Err:    0.03 km | Vel Err:    0.02 m/s
[Solver Step 016000] t= 6.493 | Pos Err:    0.05 km | Vel Err:    0.00 m/s
[Solver Step 017000] t= 6.920 | Pos Err:    0.08 km | Vel Err:    0.00 m/s
[Solver Step 018000] t= 7.264 | Pos Err:    0.15 km | Vel Err:    0.11 m/s
[Solver Step 019000] t= 7.684 | Pos Err:    0.10 km | Vel Err:    0.00 m/s
[Solver Step 020000] t= 8.164 | Pos Err:    0.08 km | Vel Err:    0.00 m/s
[Solver Step 021000] t= 8.549 | Pos Err:    0.06 km | Vel Err:    0.03 m/s
[Solver Step 022000] t= 8.920 | Pos Err:    0.03 km | Vel Err:    0.00 m/s
[Solver Step 023000] t= 9.311 | Pos Err:    0.10 km | Vel Err:    0.00 m/s
[Solver Step 024000] t= 9.769 | Pos Err:    0.12 km | Vel Err:    0.03 m/s
[Solver Step 025000] t=10.171 | Pos Err:    0.12 km | Vel Err:    0.00 m/s
[Solver Step 026000] t=10.570 | Pos Err:    0.11 km | Vel Err:    0.00 m/s
[Solver Step 027000] t=10.930 | Pos Err:    0.12 km | Vel Err:    0.09 m/s
[Solver Step 028000] t=11.350 | Pos Err:    0.06 km | Vel Err:    0.00 m/s
[Solver Step 029000] t=11.805 | Pos Err:    0.09 km | Vel Err:    0.00 m/s
[Solver Step 030000] t=12.174 | Pos Err:    0.09 km | Vel Err:    0.03 m/s
[Solver Step 031000] t=12.565 | Pos Err:    0.12 km | Vel Err:    0.00 m/s
Completed [EARTH_ORBIT] Trajectory 558/600 | Saved 2584 samples | Total: 758126
[Solver Step 001000] t= 0.413 | Pos Err:    3.15 km | Vel Err:    0.07 m/s
[Solver Step 002000] t= 0.818 | Pos Err:    0.04 km | Vel Err:    0.00 m/s
[Solver Step 003000] t= 1.259 | Pos Err:    0.08 km | Vel Err:    0.01 m/s
[Solver Step 004000] t= 1.606 | Pos Err:    0.06 km | Vel Err:    0.00 m/s
[Solver Step 005000] t= 1.992 | Pos Err:    0.04 km | Vel Err:    0.00 m/s
[Solver Step 006000] t= 2.445 | Pos Err:    0.09 km | Vel Err:    0.02 m/s
[Solver Step 007000] t= 2.846 | Pos Err:    0.10 km | Vel Err:    0.00 m/s
[Solver Step 008000] t= 3.243 | Pos Err:    0.10 km | Vel Err:    0.00 m/s
[Solver Step 009000] t= 3.618 | Pos Err:    0.15 km | Vel Err:    0.08 m/s
[Solver Step 010000] t= 4.032 | Pos Err:    0.02 km | Vel Err:    0.00 m/s
[Solver Step 011000] t= 4.451 | Pos Err:    0.03 km | Vel Err:    0.00 m/s
[Solver Step 012000] t= 4.894 | Pos Err:    0.04 km | Vel Err:    0.04 m/s
[Solver Step 013000] t= 5.232 | Pos Err:    0.07 km | Vel Err:    0.00 m/s
[Solver Step 014000] t= 5.630 | Pos Err:    0.10 km | Vel Err:    0.00 m/s
[Solver Step 015000] t= 6.109 | Pos Err:    0.07 km | Vel Err:    0.02 m/s
[Solver Step 016000] t= 6.496 | Pos Err:    0.06 km | Vel Err:    0.00 m/s
[Solver Step 017000] t= 6.923 | Pos Err:    0.04 km | Vel Err:    0.00 m/s
[Solver Step 018000] t= 7.267 | Pos Err:    0.08 km | Vel Err:    0.10 m/s
[Solver Step 019000] t= 7.687 | Pos Err:    0.10 km | Vel Err:    0.00 m/s
[Solver Step 020000] t= 8.167 | Pos Err:    0.10 km | Vel Err:    0.00 m/s
[Solver Step 021000] t= 8.552 | Pos Err:    0.09 km | Vel Err:    0.03 m/s
[Solver Step 022000] t= 8.922 | Pos Err:    0.09 km | Vel Err:    0.00 m/s
[Solver Step 023000] t= 9.314 | Pos Err:    0.02 km | Vel Err:    0.00 m/s
[Solver Step 024000] t= 9.772 | Pos Err:    0.06 km | Vel Err:    0.03 m/s
[Solver Step 025000] t=10.173 | Pos Err:    0.08 km | Vel Err:    0.00 m/s
[Solver Step 026000] t=10.573 | Pos Err:    0.09 km | Vel Err:    0.00 m/s
[Solver Step 027000] t=10.932 | Pos Err:    0.17 km | Vel Err:    0.09 m/s
[Solver Step 028000] t=11.352 | Pos Err:    0.05 km | Vel Err:    0.00 m/s
[Solver Step 029000] t=11.808 | Pos Err:    0.03 km | Vel Err:    0.00 m/s
[Solver Step 030000] t=12.177 | Pos Err:    0.02 km | Vel Err:    0.03 m/s
Completed [EARTH_ORBIT] Trajectory 559/600 | Saved 2583 samples | Total: 760709
[Solver Step 001000] t= 0.218 | Pos Err:   21.93 km | Vel Err:    0.51 m/s
[Solver Step 002000] t= 0.471 | Pos Err:    2.75 km | Vel Err:    0.04 m/s
[Solver Step 003000] t= 0.714 | Pos Err:    0.34 km | Vel Err:    0.01 m/s
[Solver Step 004000] t= 0.932 | Pos Err:    0.02 km | Vel Err:    0.00 m/s
[Solver Step 005000] t= 1.179 | Pos Err:    0.03 km | Vel Err:    0.00 m/s
[Solver Step 006000] t= 1.432 | Pos Err:    0.11 km | Vel Err:    0.06 m/s
[Solver Step 007000] t= 1.663 | Pos Err:    0.09 km | Vel Err:    0.00 m/s
[Solver Step 008000] t= 1.877 | Pos Err:    0.07 km | Vel Err:    0.00 m/s
[Solver Step 009000] t= 2.135 | Pos Err:    0.18 km | Vel Err:    0.09 m/s
[Solver Step 010000] t= 2.378 | Pos Err:    0.10 km | Vel Err:    0.00 m/s
[Solver Step 011000] t= 2.592 | Pos Err:    0.08 km | Vel Err:    0.00 m/s
[Solver Step 012000] t= 2.838 | Pos Err:    0.96 km | Vel Err:    0.80 m/s
[Solver Step 013000] t= 3.094 | Pos Err:    0.11 km | Vel Err:    0.00 m/s
[Solver Step 014000] t= 3.315 | Pos Err:    0.07 km | Vel Err:    0.00 m/s
[Solver Step 015000] t= 3.536 | Pos Err:    0.63 km | Vel Err:    0.53 m/s
[Solver Step 016000] t= 3.797 | Pos Err:    0.10 km | Vel Err:    0.00 m/s
[Solver Step 017000] t= 4.040 | Pos Err:    0.07 km | Vel Err:    0.00 m/s
[Solver Step 018000] t= 4.248 | Pos Err:    0.29 km | Vel Err:    0.21 m/s
[Solver Step 019000] t= 4.498 | Pos Err:    0.07 km | Vel Err:    0.02 m/s
[Solver Step 020000] t= 4.753 | Pos Err:    0.05 km | Vel Err:    0.00 m/s
[Solver Step 021000] t= 4.971 | Pos Err:    0.08 km | Vel Err:    0.11 m/s
[Solver Step 022000] t= 5.190 | Pos Err:    0.07 km | Vel Err:    0.01 m/s
[Solver Step 023000] t= 5.456 | Pos Err:    0.04 km | Vel Err:    0.00 m/s
[Solver Step 024000] t= 5.699 | Pos Err:    0.10 km | Vel Err:    0.12 m/s
[Solver Step 025000] t= 5.906 | Pos Err:    0.05 km | Vel Err:    0.00 m/s
[Solver Step 026000] t= 6.159 | Pos Err:    0.03 km | Vel Err:    0.00 m/s
[Solver Step 027000] t= 6.414 | Pos Err:    0.27 km | Vel Err:    0.24 m/s
[Solver Step 028000] t= 6.627 | Pos Err:    0.06 km | Vel Err:    0.00 m/s
[Solver Step 029000] t= 6.851 | Pos Err:    0.03 km | Vel Err:    0.00 m/s
Completed [TRANSFER] Trajectory 560/600 | Saved 2398 samples | Total: 763107
[Multiple Shooting] Converged in 2 iterations with residual 1.52e-15
[Solver Step 001000] t= 0.463 | Pos Err:    0.28 km | Vel Err:    0.01 m/s
[Solver Step 002000] t= 0.992 | Pos Err:    0.08 km | Vel Err:    0.00 m/s
[Solver Step 003000] t= 1.585 | Pos Err:    0.24 km | Vel Err:    0.02 m/s
[Solver Step 004000] t= 2.098 | Pos Err:    0.18 km | Vel Err:    0.00 m/s
[Solver Step 005000] t= 2.502 | Pos Err:    0.32 km | Vel Err:    0.01 m/s
[Solver Step 006000] t= 3.027 | Pos Err:    3.99 km | Vel Err:    0.10 m/s
Completed [HALO_L2] Trajectory 561/600 | Saved 517 samples | Total: 763624
[Multiple Shooting] Converged in 2 iterations with residual 1.65e-15
[Solver Step 001000] t= 0.492 | Pos Err:    0.25 km | Vel Err:    0.01 m/s
[Solver Step 002000] t= 0.962 | Pos Err:    0.16 km | Vel Err:    0.00 m/s
[Solver Step 003000] t= 1.442 | Pos Err:    0.09 km | Vel Err:    0.01 m/s
[Solver Step 004000] t= 1.985 | Pos Err:    0.09 km | Vel Err:    0.00 m/s
[Solver Step 005000] t= 2.535 | Pos Err:    0.19 km | Vel Err:    0.00 m/s
[Solver Step 006000] t= 2.931 | Pos Err:    1.57 km | Vel Err:    0.03 m/s
Completed [HALO_L2] Trajectory 562/600 | Saved 539 samples | Total: 764163
[Multiple Shooting] Converged in 4 iterations with residual 5.82e-13
[Solver Step 001000] t= 0.359 | Pos Err:    0.76 km | Vel Err:    0.02 m/s
[Solver Step 002000] t= 0.704 | Pos Err:   26.92 km | Vel Err:    0.58 m/s
[Solver Step 003000] t= 1.071 | Pos Err:   18.40 km | Vel Err:    0.39 m/s
[Solver Step 004000] t= 1.448 | Pos Err:    3.33 km | Vel Err:    0.07 m/s
[Solver Step 005000] t= 1.811 | Pos Err:   16.47 km | Vel Err:    0.34 m/s
[Solver Step 006000] t= 2.156 | Pos Err:    8.79 km | Vel Err:    0.16 m/s
Completed [DRO] Trajectory 563/600 | Saved 583 samples | Total: 764746
[Multiple Shooting] Converged in 2 iterations with residual 1.61e-15
[Solver Step 001000] t= 0.467 | Pos Err:    0.37 km | Vel Err:    0.01 m/s
[Solver Step 002000] t= 0.982 | Pos Err:    0.08 km | Vel Err:    0.00 m/s
[Solver Step 003000] t= 1.396 | Pos Err:    0.26 km | Vel Err:    0.01 m/s
[Solver Step 004000] t= 1.807 | Pos Err:    0.16 km | Vel Err:    0.01 m/s
[Solver Step 005000] t= 2.293 | Pos Err:    0.22 km | Vel Err:    0.01 m/s
[Solver Step 006000] t= 2.839 | Pos Err:    0.37 km | Vel Err:    0.02 m/s
Completed [HALO_L2] Trajectory 564/600 | Saved 552 samples | Total: 765298
[Solver Step 001000] t= 0.419 | Pos Err:    0.56 km | Vel Err:    0.01 m/s
[Solver Step 002000] t= 0.793 | Pos Err:    0.07 km | Vel Err:    0.00 m/s
[Solver Step 003000] t= 1.102 | Pos Err:    0.01 km | Vel Err:    0.04 m/s
[Solver Step 004000] t= 1.555 | Pos Err:    0.05 km | Vel Err:    0.00 m/s
[Solver Step 005000] t= 2.106 | Pos Err:    0.05 km | Vel Err:    0.00 m/s
[Solver Step 006000] t= 2.519 | Pos Err:    0.05 km | Vel Err:    0.01 m/s
[Solver Step 007000] t= 3.019 | Pos Err:    0.05 km | Vel Err:    0.00 m/s
[Solver Step 008000] t= 3.572 | Pos Err:    0.05 km | Vel Err:    0.00 m/s
[Solver Step 009000] t= 4.060 | Pos Err:    0.05 km | Vel Err:    0.01 m/s
[Solver Step 010000] t= 4.463 | Pos Err:    0.05 km | Vel Err:    0.00 m/s
[Solver Step 011000] t= 5.001 | Pos Err:    0.05 km | Vel Err:    0.00 m/s
[Solver Step 012000] t= 5.588 | Pos Err:    0.04 km | Vel Err:    0.05 m/s
[Solver Step 013000] t= 6.069 | Pos Err:    0.06 km | Vel Err:    0.00 m/s
[Solver Step 014000] t= 6.471 | Pos Err:    0.06 km | Vel Err:    0.00 m/s
[Solver Step 015000] t= 7.029 | Pos Err:    0.04 km | Vel Err:    0.08 m/s
Completed [MOON_ORBIT] Trajectory 565/600 | Saved 1314 samples | Total: 766612
[Multiple Shooting] Converged in 2 iterations with residual 5.41e-11
[Solver Step 001000] t= 0.448 | Pos Err:    0.39 km | Vel Err:    0.01 m/s
[Solver Step 002000] t= 0.874 | Pos Err:    0.39 km | Vel Err:    0.01 m/s
[Solver Step 003000] t= 1.352 | Pos Err:    0.44 km | Vel Err:    0.03 m/s
[Solver Step 004000] t= 1.785 | Pos Err:   10.72 km | Vel Err:    0.25 m/s
[Solver Step 005000] t= 2.151 | Pos Err:  273.21 km | Vel Err:    5.51 m/s
[Solver Step 006000] t= 2.574 | Pos Err:   79.91 km | Vel Err:    1.87 m/s
[Solver Step 007000] t= 3.062 | Pos Err:   56.52 km | Vel Err:    1.25 m/s
Completed [HALO_L1] Trajectory 566/600 | Saved 597 samples | Total: 767209
[Multiple Shooting] Converged in 7 iterations with residual 2.20e-14
[Solver Step 001000] t= 0.299 | Pos Err:  477.94 km | Vel Err:    9.98 m/s
[Solver Step 002000] t= 0.625 | Pos Err:   72.62 km | Vel Err:    0.96 m/s
[Solver Step 003000] t= 0.948 | Pos Err:  215.90 km | Vel Err:    4.42 m/s
[Solver Step 004000] t= 1.270 | Pos Err:  337.24 km | Vel Err:    6.34 m/s
[Solver Step 005000] t= 1.600 | Pos Err:  132.47 km | Vel Err:    2.58 m/s
[Solver Step 006000] t= 1.925 | Pos Err:  699.86 km | Vel Err:   14.77 m/s
[Solver Step 007000] t= 2.263 | Pos Err:  126.41 km | Vel Err:    1.88 m/s
Completed [DRO] Trajectory 567/600 | Saved 649 samples | Total: 767858
[Multiple Shooting] Converged in 2 iterations with residual 1.17e-11
[Solver Step 001000] t= 0.425 | Pos Err:    0.37 km | Vel Err:    0.01 m/s
[Solver Step 002000] t= 0.922 | Pos Err:    0.47 km | Vel Err:    0.01 m/s
[Solver Step 003000] t= 1.421 | Pos Err:    3.51 km | Vel Err:    0.07 m/s
[Solver Step 004000] t= 1.797 | Pos Err:   50.14 km | Vel Err:    1.08 m/s
[Solver Step 005000] t= 2.202 | Pos Err:   55.49 km | Vel Err:    1.13 m/s
[Solver Step 006000] t= 2.668 | Pos Err:    3.29 km | Vel Err:    0.07 m/s
[Solver Step 007000] t= 3.113 | Pos Err:   10.41 km | Vel Err:    0.24 m/s
Completed [HALO_L1] Trajectory 568/600 | Saved 590 samples | Total: 768448
[Solver Step 001000] t= 0.218 | Pos Err:   21.32 km | Vel Err:    0.33 m/s
[Solver Step 002000] t= 0.470 | Pos Err:    2.57 km | Vel Err:    0.03 m/s
[Solver Step 003000] t= 0.713 | Pos Err:    0.34 km | Vel Err:    0.03 m/s
[Solver Step 004000] t= 0.928 | Pos Err:    0.02 km | Vel Err:    0.00 m/s
[Solver Step 005000] t= 1.176 | Pos Err:    0.06 km | Vel Err:    0.00 m/s
[Solver Step 006000] t= 1.430 | Pos Err:    0.10 km | Vel Err:    0.04 m/s
[Solver Step 007000] t= 1.661 | Pos Err:    0.09 km | Vel Err:    0.00 m/s
[Solver Step 008000] t= 1.876 | Pos Err:    0.08 km | Vel Err:    0.00 m/s
[Solver Step 009000] t= 2.134 | Pos Err:    0.19 km | Vel Err:    0.11 m/s
[Solver Step 010000] t= 2.377 | Pos Err:    0.10 km | Vel Err:    0.00 m/s
[Solver Step 011000] t= 2.590 | Pos Err:    0.07 km | Vel Err:    0.00 m/s
[Solver Step 012000] t= 2.837 | Pos Err:    0.97 km | Vel Err:    0.77 m/s
[Solver Step 013000] t= 3.092 | Pos Err:    0.09 km | Vel Err:    0.00 m/s
[Solver Step 014000] t= 3.313 | Pos Err:    0.06 km | Vel Err:    0.00 m/s
[Solver Step 015000] t= 3.535 | Pos Err:    0.67 km | Vel Err:    0.55 m/s
[Solver Step 016000] t= 3.796 | Pos Err:    0.09 km | Vel Err:    0.00 m/s
[Solver Step 017000] t= 4.038 | Pos Err:    0.04 km | Vel Err:    0.00 m/s
[Solver Step 018000] t= 4.246 | Pos Err:    0.32 km | Vel Err:    0.22 m/s
[Solver Step 019000] t= 4.497 | Pos Err:    0.05 km | Vel Err:    0.02 m/s
[Solver Step 020000] t= 4.751 | Pos Err:    0.02 km | Vel Err:    0.00 m/s
[Solver Step 021000] t= 4.969 | Pos Err:    0.12 km | Vel Err:    0.11 m/s
[Solver Step 022000] t= 5.189 | Pos Err:    0.05 km | Vel Err:    0.01 m/s
[Solver Step 023000] t= 5.455 | Pos Err:    0.01 km | Vel Err:    0.00 m/s
[Solver Step 024000] t= 5.698 | Pos Err:    0.13 km | Vel Err:    0.12 m/s
[Solver Step 025000] t= 5.904 | Pos Err:    0.05 km | Vel Err:    0.00 m/s
[Solver Step 026000] t= 6.158 | Pos Err:    0.03 km | Vel Err:    0.00 m/s
[Solver Step 027000] t= 6.412 | Pos Err:    0.27 km | Vel Err:    0.24 m/s
[Solver Step 028000] t= 6.624 | Pos Err:    0.08 km | Vel Err:    0.00 m/s
[Solver Step 029000] t= 6.850 | Pos Err:    0.05 km | Vel Err:    0.00 m/s
Completed [TRANSFER] Trajectory 569/600 | Saved 2399 samples | Total: 770847
[Multiple Shooting] Converged in 2 iterations with residual 5.53e-12
[Solver Step 001000] t= 0.424 | Pos Err:    0.50 km | Vel Err:    0.01 m/s
[Solver Step 002000] t= 0.926 | Pos Err:    0.78 km | Vel Err:    0.02 m/s
[Solver Step 003000] t= 1.421 | Pos Err:    4.04 km | Vel Err:    0.10 m/s
[Solver Step 004000] t= 1.763 | Pos Err:   58.69 km | Vel Err:    1.10 m/s
[Solver Step 005000] t= 2.217 | Pos Err:   22.44 km | Vel Err:    0.50 m/s
[Solver Step 006000] t= 2.677 | Pos Err:    2.18 km | Vel Err:    0.05 m/s
[Solver Step 007000] t= 3.092 | Pos Err:   11.13 km | Vel Err:    0.25 m/s
Completed [HALO_L1] Trajectory 570/600 | Saved 595 samples | Total: 771442
[Solver Step 001000] t= 0.219 | Pos Err:   24.24 km | Vel Err:    0.49 m/s
[Solver Step 002000] t= 0.472 | Pos Err:    2.97 km | Vel Err:    0.09 m/s
[Solver Step 003000] t= 0.714 | Pos Err:    0.50 km | Vel Err:    0.02 m/s
[Solver Step 004000] t= 0.932 | Pos Err:    0.04 km | Vel Err:    0.00 m/s
[Solver Step 005000] t= 1.180 | Pos Err:    0.06 km | Vel Err:    0.00 m/s
[Solver Step 006000] t= 1.432 | Pos Err:    0.10 km | Vel Err:    0.07 m/s
[Solver Step 007000] t= 1.664 | Pos Err:    0.06 km | Vel Err:    0.00 m/s
[Solver Step 008000] t= 1.879 | Pos Err:    0.07 km | Vel Err:    0.00 m/s
[Solver Step 009000] t= 2.135 | Pos Err:    0.20 km | Vel Err:    0.14 m/s
[Solver Step 010000] t= 2.380 | Pos Err:    0.08 km | Vel Err:    0.00 m/s
[Solver Step 011000] t= 2.594 | Pos Err:    0.09 km | Vel Err:    0.00 m/s
[Solver Step 012000] t= 2.839 | Pos Err:    0.93 km | Vel Err:    0.81 m/s
[Solver Step 013000] t= 3.095 | Pos Err:    0.10 km | Vel Err:    0.00 m/s
[Solver Step 014000] t= 3.317 | Pos Err:    0.11 km | Vel Err:    0.00 m/s
[Solver Step 015000] t= 3.538 | Pos Err:    0.67 km | Vel Err:    0.51 m/s
[Solver Step 016000] t= 3.798 | Pos Err:    0.10 km | Vel Err:    0.00 m/s
[Solver Step 017000] t= 4.041 | Pos Err:    0.12 km | Vel Err:    0.00 m/s
[Solver Step 018000] t= 4.250 | Pos Err:    0.34 km | Vel Err:    0.20 m/s
[Solver Step 019000] t= 4.499 | Pos Err:    0.10 km | Vel Err:    0.02 m/s
[Solver Step 020000] t= 4.754 | Pos Err:    0.12 km | Vel Err:    0.00 m/s
[Solver Step 021000] t= 4.973 | Pos Err:    0.09 km | Vel Err:    0.11 m/s
[Solver Step 022000] t= 5.192 | Pos Err:    0.12 km | Vel Err:    0.01 m/s
[Solver Step 023000] t= 5.458 | Pos Err:    0.11 km | Vel Err:    0.00 m/s
[Solver Step 024000] t= 5.701 | Pos Err:    0.02 km | Vel Err:    0.12 m/s
[Solver Step 025000] t= 5.908 | Pos Err:    0.08 km | Vel Err:    0.00 m/s
[Solver Step 026000] t= 6.160 | Pos Err:    0.11 km | Vel Err:    0.00 m/s
[Solver Step 027000] t= 6.416 | Pos Err:    0.19 km | Vel Err:    0.24 m/s
[Solver Step 028000] t= 6.629 | Pos Err:    0.05 km | Vel Err:    0.00 m/s
[Solver Step 029000] t= 6.852 | Pos Err:    0.08 km | Vel Err:    0.00 m/s
Completed [TRANSFER] Trajectory 571/600 | Saved 2398 samples | Total: 773840
[Solver Step 001000] t= 0.416 | Pos Err:    0.44 km | Vel Err:    0.01 m/s
[Solver Step 002000] t= 0.790 | Pos Err:    0.05 km | Vel Err:    0.00 m/s
[Solver Step 003000] t= 1.099 | Pos Err:    0.01 km | Vel Err:    0.04 m/s
[Solver Step 004000] t= 1.551 | Pos Err:    0.06 km | Vel Err:    0.00 m/s
[Solver Step 005000] t= 2.102 | Pos Err:    0.06 km | Vel Err:    0.00 m/s
[Solver Step 006000] t= 2.515 | Pos Err:    0.06 km | Vel Err:    0.01 m/s
[Solver Step 007000] t= 3.014 | Pos Err:    0.06 km | Vel Err:    0.00 m/s
[Solver Step 008000] t= 3.567 | Pos Err:    0.06 km | Vel Err:    0.00 m/s
[Solver Step 009000] t= 4.057 | Pos Err:    0.06 km | Vel Err:    0.01 m/s
[Solver Step 010000] t= 4.459 | Pos Err:    0.06 km | Vel Err:    0.00 m/s
[Solver Step 011000] t= 4.997 | Pos Err:    0.06 km | Vel Err:    0.00 m/s
[Solver Step 012000] t= 5.584 | Pos Err:    0.05 km | Vel Err:    0.05 m/s
[Solver Step 013000] t= 6.066 | Pos Err:    0.06 km | Vel Err:    0.00 m/s
[Solver Step 014000] t= 6.467 | Pos Err:    0.06 km | Vel Err:    0.00 m/s
[Solver Step 015000] t= 7.025 | Pos Err:    0.03 km | Vel Err:    0.08 m/s
Completed [MOON_ORBIT] Trajectory 572/600 | Saved 1314 samples | Total: 775154
[Solver Step 001000] t= 0.417 | Pos Err:    0.43 km | Vel Err:    0.01 m/s
[Solver Step 002000] t= 0.791 | Pos Err:    0.06 km | Vel Err:    0.00 m/s
[Solver Step 003000] t= 1.100 | Pos Err:    0.01 km | Vel Err:    0.04 m/s
[Solver Step 004000] t= 1.552 | Pos Err:    0.05 km | Vel Err:    0.00 m/s
[Solver Step 005000] t= 2.103 | Pos Err:    0.05 km | Vel Err:    0.00 m/s
[Solver Step 006000] t= 2.516 | Pos Err:    0.05 km | Vel Err:    0.01 m/s
[Solver Step 007000] t= 3.016 | Pos Err:    0.05 km | Vel Err:    0.00 m/s
[Solver Step 008000] t= 3.568 | Pos Err:    0.05 km | Vel Err:    0.00 m/s
[Solver Step 009000] t= 4.058 | Pos Err:    0.05 km | Vel Err:    0.01 m/s
[Solver Step 010000] t= 4.460 | Pos Err:    0.05 km | Vel Err:    0.00 m/s
[Solver Step 011000] t= 4.998 | Pos Err:    0.05 km | Vel Err:    0.00 m/s
[Solver Step 012000] t= 5.585 | Pos Err:    0.03 km | Vel Err:    0.05 m/s
[Solver Step 013000] t= 6.067 | Pos Err:    0.05 km | Vel Err:    0.00 m/s
[Solver Step 014000] t= 6.469 | Pos Err:    0.05 km | Vel Err:    0.00 m/s
[Solver Step 015000] t= 7.026 | Pos Err:    0.03 km | Vel Err:    0.08 m/s
Completed [MOON_ORBIT] Trajectory 573/600 | Saved 1314 samples | Total: 776468
[Solver Step 001000] t= 0.419 | Pos Err:    0.40 km | Vel Err:    0.01 m/s
[Solver Step 002000] t= 0.793 | Pos Err:    0.06 km | Vel Err:    0.00 m/s
[Solver Step 003000] t= 1.102 | Pos Err:    0.01 km | Vel Err:    0.04 m/s
[Solver Step 004000] t= 1.555 | Pos Err:    0.05 km | Vel Err:    0.00 m/s
[Solver Step 005000] t= 2.105 | Pos Err:    0.05 km | Vel Err:    0.00 m/s
[Solver Step 006000] t= 2.518 | Pos Err:    0.05 km | Vel Err:    0.01 m/s
[Solver Step 007000] t= 3.018 | Pos Err:    0.05 km | Vel Err:    0.00 m/s
[Solver Step 008000] t= 3.571 | Pos Err:    0.05 km | Vel Err:    0.00 m/s
[Solver Step 009000] t= 4.060 | Pos Err:    0.05 km | Vel Err:    0.01 m/s
[Solver Step 010000] t= 4.462 | Pos Err:    0.05 km | Vel Err:    0.00 m/s
[Solver Step 011000] t= 5.001 | Pos Err:    0.05 km | Vel Err:    0.00 m/s
[Solver Step 012000] t= 5.588 | Pos Err:    0.04 km | Vel Err:    0.05 m/s
[Solver Step 013000] t= 6.069 | Pos Err:    0.05 km | Vel Err:    0.00 m/s
[Solver Step 014000] t= 6.471 | Pos Err:    0.06 km | Vel Err:    0.00 m/s
[Solver Step 015000] t= 7.029 | Pos Err:    0.03 km | Vel Err:    0.08 m/s
Completed [MOON_ORBIT] Trajectory 574/600 | Saved 1314 samples | Total: 777782
[Multiple Shooting] Converged in 2 iterations with residual 1.37e-15
[Solver Step 001000] t= 0.486 | Pos Err:    0.36 km | Vel Err:    0.01 m/s
[Solver Step 002000] t= 0.940 | Pos Err:    0.27 km | Vel Err:    0.01 m/s
[Solver Step 003000] t= 1.473 | Pos Err:    0.16 km | Vel Err:    0.01 m/s
[Solver Step 004000] t= 2.053 | Pos Err:    0.29 km | Vel Err:    0.01 m/s
[Solver Step 005000] t= 2.501 | Pos Err:    0.33 km | Vel Err:    0.01 m/s
[Solver Step 006000] t= 2.943 | Pos Err:    1.03 km | Vel Err:    0.02 m/s
Completed [HALO_L2] Trajectory 575/600 | Saved 532 samples | Total: 778314
[Multiple Shooting] Converged in 2 iterations with residual 1.29e-15
[Solver Step 001000] t= 0.456 | Pos Err:    0.36 km | Vel Err:    0.01 m/s
[Solver Step 002000] t= 1.018 | Pos Err:    0.14 km | Vel Err:    0.00 m/s
[Solver Step 003000] t= 1.610 | Pos Err:    0.07 km | Vel Err:    0.01 m/s
[Solver Step 004000] t= 2.032 | Pos Err:    0.32 km | Vel Err:    0.01 m/s
[Solver Step 005000] t= 2.498 | Pos Err:    0.30 km | Vel Err:    0.01 m/s
[Solver Step 006000] t= 3.056 | Pos Err:    5.44 km | Vel Err:    0.14 m/s
Completed [HALO_L2] Trajectory 576/600 | Saved 513 samples | Total: 778827
[Solver Step 001000] t= 0.417 | Pos Err:    2.85 km | Vel Err:    0.07 m/s
[Solver Step 002000] t= 0.822 | Pos Err:    0.08 km | Vel Err:    0.00 m/s
[Solver Step 003000] t= 1.262 | Pos Err:    0.08 km | Vel Err:    0.01 m/s
[Solver Step 004000] t= 1.610 | Pos Err:    0.10 km | Vel Err:    0.00 m/s
[Solver Step 005000] t= 1.995 | Pos Err:    0.07 km | Vel Err:    0.00 m/s
[Solver Step 006000] t= 2.448 | Pos Err:    0.03 km | Vel Err:    0.02 m/s
[Solver Step 007000] t= 2.850 | Pos Err:    0.01 km | Vel Err:    0.00 m/s
[Solver Step 008000] t= 3.246 | Pos Err:    0.02 km | Vel Err:    0.00 m/s
[Solver Step 009000] t= 3.621 | Pos Err:    0.09 km | Vel Err:    0.08 m/s
[Solver Step 010000] t= 4.036 | Pos Err:    0.09 km | Vel Err:    0.00 m/s
[Solver Step 011000] t= 4.454 | Pos Err:    0.09 km | Vel Err:    0.00 m/s
[Solver Step 012000] t= 4.898 | Pos Err:    0.06 km | Vel Err:    0.04 m/s
[Solver Step 013000] t= 5.235 | Pos Err:    0.04 km | Vel Err:    0.00 m/s
[Solver Step 014000] t= 5.634 | Pos Err:    0.05 km | Vel Err:    0.00 m/s
[Solver Step 015000] t= 6.113 | Pos Err:    0.09 km | Vel Err:    0.02 m/s
[Solver Step 016000] t= 6.499 | Pos Err:    0.10 km | Vel Err:    0.00 m/s
[Solver Step 017000] t= 6.926 | Pos Err:    0.10 km | Vel Err:    0.00 m/s
[Solver Step 018000] t= 7.270 | Pos Err:    0.16 km | Vel Err:    0.10 m/s
[Solver Step 019000] t= 7.692 | Pos Err:    0.01 km | Vel Err:    0.00 m/s
[Solver Step 020000] t= 8.170 | Pos Err:    0.03 km | Vel Err:    0.00 m/s
[Solver Step 021000] t= 8.556 | Pos Err:    0.04 km | Vel Err:    0.03 m/s
[Solver Step 022000] t= 8.923 | Pos Err:    0.08 km | Vel Err:    0.00 m/s
[Solver Step 023000] t= 9.317 | Pos Err:    0.09 km | Vel Err:    0.00 m/s
[Solver Step 024000] t= 9.776 | Pos Err:    0.06 km | Vel Err:    0.03 m/s
[Solver Step 025000] t=10.176 | Pos Err:    0.05 km | Vel Err:    0.00 m/s
[Solver Step 026000] t=10.576 | Pos Err:    0.02 km | Vel Err:    0.00 m/s
[Solver Step 027000] t=10.936 | Pos Err:    0.09 km | Vel Err:    0.09 m/s
[Solver Step 028000] t=11.355 | Pos Err:    0.10 km | Vel Err:    0.00 m/s
[Solver Step 029000] t=11.812 | Pos Err:    0.10 km | Vel Err:    0.00 m/s
[Solver Step 030000] t=12.180 | Pos Err:    0.08 km | Vel Err:    0.03 m/s
Completed [EARTH_ORBIT] Trajectory 577/600 | Saved 2583 samples | Total: 781410
[Solver Step 001000] t= 0.412 | Pos Err:    3.62 km | Vel Err:    0.08 m/s
[Solver Step 002000] t= 0.816 | Pos Err:    0.11 km | Vel Err:    0.00 m/s
[Solver Step 003000] t= 1.258 | Pos Err:    0.02 km | Vel Err:    0.01 m/s
[Solver Step 004000] t= 1.605 | Pos Err:    0.05 km | Vel Err:    0.00 m/s
[Solver Step 005000] t= 1.990 | Pos Err:    0.11 km | Vel Err:    0.00 m/s
[Solver Step 006000] t= 2.443 | Pos Err:    0.10 km | Vel Err:    0.02 m/s
[Solver Step 007000] t= 2.844 | Pos Err:    0.08 km | Vel Err:    0.00 m/s
[Solver Step 008000] t= 3.242 | Pos Err:    0.06 km | Vel Err:    0.00 m/s
[Solver Step 009000] t= 3.617 | Pos Err:    0.07 km | Vel Err:    0.08 m/s
[Solver Step 010000] t= 4.030 | Pos Err:    0.09 km | Vel Err:    0.00 m/s
[Solver Step 011000] t= 4.450 | Pos Err:    0.11 km | Vel Err:    0.00 m/s
[Solver Step 012000] t= 4.892 | Pos Err:    0.10 km | Vel Err:    0.04 m/s
[Solver Step 013000] t= 5.231 | Pos Err:    0.11 km | Vel Err:    0.00 m/s
[Solver Step 014000] t= 5.629 | Pos Err:    0.04 km | Vel Err:    0.00 m/s
[Solver Step 015000] t= 6.107 | Pos Err:    0.03 km | Vel Err:    0.02 m/s
[Solver Step 016000] t= 6.494 | Pos Err:    0.06 km | Vel Err:    0.00 m/s
[Solver Step 017000] t= 6.922 | Pos Err:    0.08 km | Vel Err:    0.00 m/s
[Solver Step 018000] t= 7.265 | Pos Err:    0.16 km | Vel Err:    0.10 m/s
[Solver Step 019000] t= 7.686 | Pos Err:    0.08 km | Vel Err:    0.00 m/s
[Solver Step 020000] t= 8.166 | Pos Err:    0.05 km | Vel Err:    0.00 m/s
[Solver Step 021000] t= 8.551 | Pos Err:    0.03 km | Vel Err:    0.03 m/s
[Solver Step 022000] t= 8.921 | Pos Err:    0.02 km | Vel Err:    0.00 m/s
[Solver Step 023000] t= 9.312 | Pos Err:    0.10 km | Vel Err:    0.00 m/s
[Solver Step 024000] t= 9.770 | Pos Err:    0.11 km | Vel Err:    0.03 m/s
[Solver Step 025000] t=10.172 | Pos Err:    0.11 km | Vel Err:    0.00 m/s
[Solver Step 026000] t=10.571 | Pos Err:    0.09 km | Vel Err:    0.00 m/s
[Solver Step 027000] t=10.931 | Pos Err:    0.10 km | Vel Err:    0.09 m/s
[Solver Step 028000] t=11.351 | Pos Err:    0.06 km | Vel Err:    0.00 m/s
[Solver Step 029000] t=11.806 | Pos Err:    0.09 km | Vel Err:    0.00 m/s
[Solver Step 030000] t=12.176 | Pos Err:    0.09 km | Vel Err:    0.03 m/s
[Solver Step 031000] t=12.566 | Pos Err:    0.11 km | Vel Err:    0.00 m/s
Completed [EARTH_ORBIT] Trajectory 578/600 | Saved 2584 samples | Total: 783994
[Multiple Shooting] Converged in 2 iterations with residual 1.51e-15
[Solver Step 001000] t= 0.457 | Pos Err:    0.34 km | Vel Err:    0.01 m/s
[Solver Step 002000] t= 1.013 | Pos Err:    0.14 km | Vel Err:    0.00 m/s
[Solver Step 003000] t= 1.610 | Pos Err:    0.07 km | Vel Err:    0.01 m/s
[Solver Step 004000] t= 2.048 | Pos Err:    0.29 km | Vel Err:    0.01 m/s
[Solver Step 005000] t= 2.501 | Pos Err:    0.31 km | Vel Err:    0.01 m/s
[Solver Step 006000] t= 3.052 | Pos Err:    5.22 km | Vel Err:    0.14 m/s
Completed [HALO_L2] Trajectory 579/600 | Saved 513 samples | Total: 784507
[Multiple Shooting] Converged in 3 iterations with residual 3.76e-13
[Solver Step 001000] t= 0.397 | Pos Err:    4.56 km | Vel Err:    0.10 m/s
[Solver Step 002000] t= 0.787 | Pos Err:    4.23 km | Vel Err:    0.07 m/s
[Solver Step 003000] t= 1.166 | Pos Err:    0.82 km | Vel Err:    0.04 m/s
[Solver Step 004000] t= 1.545 | Pos Err:    7.28 km | Vel Err:    0.13 m/s
[Solver Step 005000] t= 1.937 | Pos Err:    1.05 km | Vel Err:    0.02 m/s
[Solver Step 006000] t= 2.326 | Pos Err:   20.11 km | Vel Err:    0.43 m/s
Completed [DRO] Trajectory 580/600 | Saved 544 samples | Total: 785051
[Solver Step 001000] t= 0.417 | Pos Err:    1.38 km | Vel Err:    0.03 m/s
[Solver Step 002000] t= 0.822 | Pos Err:    0.07 km | Vel Err:    0.00 m/s
[Solver Step 003000] t= 1.262 | Pos Err:    0.06 km | Vel Err:    0.01 m/s
[Solver Step 004000] t= 1.610 | Pos Err:    0.07 km | Vel Err:    0.00 m/s
[Solver Step 005000] t= 1.995 | Pos Err:    0.06 km | Vel Err:    0.00 m/s
[Solver Step 006000] t= 2.448 | Pos Err:    0.05 km | Vel Err:    0.02 m/s
[Solver Step 007000] t= 2.850 | Pos Err:    0.04 km | Vel Err:    0.00 m/s
[Solver Step 008000] t= 3.246 | Pos Err:    0.04 km | Vel Err:    0.00 m/s
[Solver Step 009000] t= 3.621 | Pos Err:    0.10 km | Vel Err:    0.08 m/s
[Solver Step 010000] t= 4.036 | Pos Err:    0.07 km | Vel Err:    0.00 m/s
[Solver Step 011000] t= 4.454 | Pos Err:    0.07 km | Vel Err:    0.00 m/s
[Solver Step 012000] t= 4.898 | Pos Err:    0.05 km | Vel Err:    0.04 m/s
[Solver Step 013000] t= 5.235 | Pos Err:    0.05 km | Vel Err:    0.00 m/s
[Solver Step 014000] t= 5.634 | Pos Err:    0.04 km | Vel Err:    0.00 m/s
[Solver Step 015000] t= 6.113 | Pos Err:    0.06 km | Vel Err:    0.02 m/s
[Solver Step 016000] t= 6.499 | Pos Err:    0.07 km | Vel Err:    0.00 m/s
[Solver Step 017000] t= 6.926 | Pos Err:    0.08 km | Vel Err:    0.00 m/s
[Solver Step 018000] t= 7.270 | Pos Err:    0.14 km | Vel Err:    0.10 m/s
[Solver Step 019000] t= 7.692 | Pos Err:    0.04 km | Vel Err:    0.00 m/s
[Solver Step 020000] t= 8.170 | Pos Err:    0.05 km | Vel Err:    0.00 m/s
[Solver Step 021000] t= 8.556 | Pos Err:    0.03 km | Vel Err:    0.03 m/s
[Solver Step 022000] t= 8.923 | Pos Err:    0.06 km | Vel Err:    0.00 m/s
[Solver Step 023000] t= 9.317 | Pos Err:    0.07 km | Vel Err:    0.00 m/s
[Solver Step 024000] t= 9.776 | Pos Err:    0.06 km | Vel Err:    0.03 m/s
[Solver Step 025000] t=10.176 | Pos Err:    0.06 km | Vel Err:    0.00 m/s
[Solver Step 026000] t=10.576 | Pos Err:    0.05 km | Vel Err:    0.00 m/s
[Solver Step 027000] t=10.936 | Pos Err:    0.11 km | Vel Err:    0.09 m/s
[Solver Step 028000] t=11.355 | Pos Err:    0.07 km | Vel Err:    0.00 m/s
[Solver Step 029000] t=11.812 | Pos Err:    0.07 km | Vel Err:    0.00 m/s
[Solver Step 030000] t=12.180 | Pos Err:    0.06 km | Vel Err:    0.03 m/s
Completed [EARTH_ORBIT] Trajectory 581/600 | Saved 2583 samples | Total: 787634
[Multiple Shooting] Converged in 2 iterations with residual 3.70e-12
[Solver Step 001000] t= 0.415 | Pos Err:    0.54 km | Vel Err:    0.01 m/s
[Solver Step 002000] t= 0.920 | Pos Err:    2.24 km | Vel Err:    0.04 m/s
[Solver Step 003000] t= 1.384 | Pos Err:   34.78 km | Vel Err:    0.67 m/s
[Solver Step 004000] t= 1.739 | Pos Err:  108.30 km | Vel Err:    2.18 m/s
[Solver Step 005000] t= 2.238 | Pos Err:    2.29 km | Vel Err:    0.05 m/s
[Solver Step 006000] t= 2.669 | Pos Err:    0.93 km | Vel Err:    0.01 m/s
[Solver Step 007000] t= 3.077 | Pos Err:    7.00 km | Vel Err:    0.16 m/s
Completed [HALO_L1] Trajectory 582/600 | Saved 595 samples | Total: 788229
[Solver Step 001000] t= 0.413 | Pos Err:    0.68 km | Vel Err:    0.02 m/s
[Solver Step 002000] t= 0.788 | Pos Err:    0.05 km | Vel Err:    0.00 m/s
[Solver Step 003000] t= 1.097 | Pos Err:    0.01 km | Vel Err:    0.04 m/s
[Solver Step 004000] t= 1.548 | Pos Err:    0.06 km | Vel Err:    0.00 m/s
[Solver Step 005000] t= 2.099 | Pos Err:    0.06 km | Vel Err:    0.00 m/s
[Solver Step 006000] t= 2.512 | Pos Err:    0.06 km | Vel Err:    0.01 m/s
[Solver Step 007000] t= 3.012 | Pos Err:    0.06 km | Vel Err:    0.00 m/s
[Solver Step 008000] t= 3.564 | Pos Err:    0.06 km | Vel Err:    0.00 m/s
[Solver Step 009000] t= 4.055 | Pos Err:    0.06 km | Vel Err:    0.01 m/s
[Solver Step 010000] t= 4.456 | Pos Err:    0.06 km | Vel Err:    0.00 m/s
[Solver Step 011000] t= 4.994 | Pos Err:    0.05 km | Vel Err:    0.00 m/s
[Solver Step 012000] t= 5.581 | Pos Err:    0.03 km | Vel Err:    0.05 m/s
[Solver Step 013000] t= 6.064 | Pos Err:    0.05 km | Vel Err:    0.00 m/s
[Solver Step 014000] t= 6.465 | Pos Err:    0.05 km | Vel Err:    0.00 m/s
[Solver Step 015000] t= 7.021 | Pos Err:    0.02 km | Vel Err:    0.08 m/s
Completed [MOON_ORBIT] Trajectory 583/600 | Saved 1315 samples | Total: 789544
[Multiple Shooting] Converged in 3 iterations with residual 2.19e-13
[Solver Step 001000] t= 0.402 | Pos Err:    0.80 km | Vel Err:    0.02 m/s
[Solver Step 002000] t= 0.792 | Pos Err:    4.56 km | Vel Err:    0.08 m/s
[Solver Step 003000] t= 1.171 | Pos Err:    1.13 km | Vel Err:    0.02 m/s
[Solver Step 004000] t= 1.551 | Pos Err:    7.78 km | Vel Err:    0.15 m/s
[Solver Step 005000] t= 1.943 | Pos Err:    1.44 km | Vel Err:    0.03 m/s
[Solver Step 006000] t= 2.332 | Pos Err:   18.11 km | Vel Err:    0.39 m/s
Completed [DRO] Trajectory 584/600 | Saved 541 samples | Total: 790085
[Solver Step 001000] t= 0.422 | Pos Err:    0.52 km | Vel Err:    0.01 m/s
[Solver Step 002000] t= 0.795 | Pos Err:    0.06 km | Vel Err:    0.00 m/s
[Solver Step 003000] t= 1.104 | Pos Err:    0.01 km | Vel Err:    0.04 m/s
[Solver Step 004000] t= 1.558 | Pos Err:    0.05 km | Vel Err:    0.00 m/s
[Solver Step 005000] t= 2.108 | Pos Err:    0.06 km | Vel Err:    0.00 m/s
[Solver Step 006000] t= 2.521 | Pos Err:    0.05 km | Vel Err:    0.01 m/s
[Solver Step 007000] t= 3.022 | Pos Err:    0.05 km | Vel Err:    0.00 m/s
[Solver Step 008000] t= 3.575 | Pos Err:    0.05 km | Vel Err:    0.00 m/s
[Solver Step 009000] t= 4.062 | Pos Err:    0.05 km | Vel Err:    0.01 m/s
[Solver Step 010000] t= 4.465 | Pos Err:    0.06 km | Vel Err:    0.00 m/s
[Solver Step 011000] t= 5.005 | Pos Err:    0.06 km | Vel Err:    0.00 m/s
[Solver Step 012000] t= 5.592 | Pos Err:    0.05 km | Vel Err:    0.05 m/s
[Solver Step 013000] t= 6.071 | Pos Err:    0.06 km | Vel Err:    0.00 m/s
[Solver Step 014000] t= 6.474 | Pos Err:    0.06 km | Vel Err:    0.00 m/s
[Solver Step 015000] t= 7.033 | Pos Err:    0.04 km | Vel Err:    0.08 m/s
Completed [MOON_ORBIT] Trajectory 585/600 | Saved 1313 samples | Total: 791398
[Multiple Shooting] Converged in 2 iterations with residual 1.33e-15
[Solver Step 001000] t= 0.465 | Pos Err:    0.44 km | Vel Err:    0.01 m/s
[Solver Step 002000] t= 0.985 | Pos Err:    0.05 km | Vel Err:    0.00 m/s
[Solver Step 003000] t= 1.571 | Pos Err:    0.31 km | Vel Err:    0.02 m/s
[Solver Step 004000] t= 2.101 | Pos Err:    0.20 km | Vel Err:    0.00 m/s
[Solver Step 005000] t= 2.500 | Pos Err:    0.31 km | Vel Err:    0.01 m/s
[Solver Step 006000] t= 3.017 | Pos Err:    3.41 km | Vel Err:    0.09 m/s
Completed [HALO_L2] Trajectory 586/600 | Saved 519 samples | Total: 791917
[Multiple Shooting] Converged in 2 iterations with residual 2.01e-15
[Solver Step 001000] t= 0.468 | Pos Err:    0.42 km | Vel Err:    0.01 m/s
[Solver Step 002000] t= 0.978 | Pos Err:    0.04 km | Vel Err:    0.00 m/s
[Solver Step 003000] t= 1.389 | Pos Err:    0.20 km | Vel Err:    0.01 m/s
[Solver Step 004000] t= 1.798 | Pos Err:    0.17 km | Vel Err:    0.00 m/s
[Solver Step 005000] t= 2.260 | Pos Err:    0.35 km | Vel Err:    0.01 m/s
[Solver Step 006000] t= 2.799 | Pos Err:    0.51 km | Vel Err:    0.03 m/s
Completed [HALO_L2] Trajectory 587/600 | Saved 556 samples | Total: 792473
[Multiple Shooting] Converged in 2 iterations with residual 1.58e-15
[Solver Step 001000] t= 0.489 | Pos Err:    0.43 km | Vel Err:    0.01 m/s
[Solver Step 002000] t= 0.957 | Pos Err:    0.20 km | Vel Err:    0.00 m/s
[Solver Step 003000] t= 1.440 | Pos Err:    0.10 km | Vel Err:    0.01 m/s
[Solver Step 004000] t= 1.986 | Pos Err:    0.09 km | Vel Err:    0.00 m/s
[Solver Step 005000] t= 2.534 | Pos Err:    0.19 km | Vel Err:    0.00 m/s
[Solver Step 006000] t= 2.927 | Pos Err:    1.65 km | Vel Err:    0.03 m/s
Completed [HALO_L2] Trajectory 588/600 | Saved 539 samples | Total: 793012
[Solver Step 001000] t= 0.215 | Pos Err:   13.37 km | Vel Err:    0.21 m/s
[Solver Step 002000] t= 0.468 | Pos Err:    1.59 km | Vel Err:    0.04 m/s
[Solver Step 003000] t= 0.712 | Pos Err:    0.21 km | Vel Err:    0.04 m/s
[Solver Step 004000] t= 0.926 | Pos Err:    0.01 km | Vel Err:    0.00 m/s
[Solver Step 005000] t= 1.176 | Pos Err:    0.05 km | Vel Err:    0.00 m/s
[Solver Step 006000] t= 1.429 | Pos Err:    0.08 km | Vel Err:    0.03 m/s
[Solver Step 007000] t= 1.658 | Pos Err:    0.07 km | Vel Err:    0.00 m/s
[Solver Step 008000] t= 1.873 | Pos Err:    0.06 km | Vel Err:    0.00 m/s
[Solver Step 009000] t= 2.133 | Pos Err:    0.21 km | Vel Err:    0.16 m/s
[Solver Step 010000] t= 2.374 | Pos Err:    0.07 km | Vel Err:    0.00 m/s
[Solver Step 011000] t= 2.586 | Pos Err:    0.05 km | Vel Err:    0.00 m/s
[Solver Step 012000] t= 2.835 | Pos Err:    1.36 km | Vel Err:    1.06 m/s
[Solver Step 013000] t= 3.090 | Pos Err:    0.06 km | Vel Err:    0.00 m/s
[Solver Step 014000] t= 3.309 | Pos Err:    0.03 km | Vel Err:    0.00 m/s
[Solver Step 015000] t= 3.532 | Pos Err:    0.73 km | Vel Err:    0.57 m/s
[Solver Step 016000] t= 3.794 | Pos Err:    0.06 km | Vel Err:    0.01 m/s
[Solver Step 017000] t= 4.035 | Pos Err:    0.02 km | Vel Err:    0.00 m/s
[Solver Step 018000] t= 4.242 | Pos Err:    0.36 km | Vel Err:    0.23 m/s
[Solver Step 019000] t= 4.495 | Pos Err:    0.03 km | Vel Err:    0.02 m/s
[Solver Step 020000] t= 4.748 | Pos Err:    0.02 km | Vel Err:    0.00 m/s
[Solver Step 021000] t= 4.965 | Pos Err:    0.15 km | Vel Err:    0.11 m/s
[Solver Step 022000] t= 5.187 | Pos Err:    0.01 km | Vel Err:    0.01 m/s
[Solver Step 023000] t= 5.453 | Pos Err:    0.02 km | Vel Err:    0.00 m/s
[Solver Step 024000] t= 5.694 | Pos Err:    0.11 km | Vel Err:    0.12 m/s
[Solver Step 025000] t= 5.901 | Pos Err:    0.04 km | Vel Err:    0.00 m/s
[Solver Step 026000] t= 6.156 | Pos Err:    0.03 km | Vel Err:    0.00 m/s
[Solver Step 027000] t= 6.409 | Pos Err:    0.25 km | Vel Err:    0.24 m/s
[Solver Step 028000] t= 6.620 | Pos Err:    0.06 km | Vel Err:    0.00 m/s
[Solver Step 029000] t= 6.848 | Pos Err:    0.05 km | Vel Err:    0.00 m/s
Completed [TRANSFER] Trajectory 589/600 | Saved 2399 samples | Total: 795411
[Multiple Shooting] Converged in 3 iterations with residual 7.41e-12
[Solver Step 001000] t= 0.390 | Pos Err:    3.14 km | Vel Err:    0.07 m/s
[Solver Step 002000] t= 0.776 | Pos Err:    4.62 km | Vel Err:    0.07 m/s
[Solver Step 003000] t= 1.154 | Pos Err:    1.68 km | Vel Err:    0.07 m/s
[Solver Step 004000] t= 1.530 | Pos Err:    7.87 km | Vel Err:    0.15 m/s
[Solver Step 005000] t= 1.919 | Pos Err:    0.39 km | Vel Err:    0.01 m/s
[Solver Step 006000] t= 2.307 | Pos Err:   23.49 km | Vel Err:    0.47 m/s
Completed [DRO] Trajectory 590/600 | Saved 549 samples | Total: 795960
[Solver Step 001000] t= 0.416 | Pos Err:    4.37 km | Vel Err:    0.10 m/s
[Solver Step 002000] t= 0.820 | Pos Err:    0.03 km | Vel Err:    0.00 m/s
[Solver Step 003000] t= 1.261 | Pos Err:    0.12 km | Vel Err:    0.01 m/s
[Solver Step 004000] t= 1.609 | Pos Err:    0.12 km | Vel Err:    0.00 m/s
[Solver Step 005000] t= 1.994 | Pos Err:    0.04 km | Vel Err:    0.00 m/s
[Solver Step 006000] t= 2.447 | Pos Err:    0.05 km | Vel Err:    0.02 m/s
[Solver Step 007000] t= 2.849 | Pos Err:    0.08 km | Vel Err:    0.00 m/s
[Solver Step 008000] t= 3.245 | Pos Err:    0.10 km | Vel Err:    0.00 m/s
[Solver Step 009000] t= 3.620 | Pos Err:    0.17 km | Vel Err:    0.08 m/s
[Solver Step 010000] t= 4.035 | Pos Err:    0.08 km | Vel Err:    0.00 m/s
[Solver Step 011000] t= 4.454 | Pos Err:    0.05 km | Vel Err:    0.00 m/s
[Solver Step 012000] t= 4.897 | Pos Err:    0.04 km | Vel Err:    0.04 m/s
[Solver Step 013000] t= 5.235 | Pos Err:    0.03 km | Vel Err:    0.00 m/s
[Solver Step 014000] t= 5.633 | Pos Err:    0.11 km | Vel Err:    0.00 m/s
[Solver Step 015000] t= 6.112 | Pos Err:    0.12 km | Vel Err:    0.02 m/s
[Solver Step 016000] t= 6.498 | Pos Err:    0.12 km | Vel Err:    0.00 m/s
[Solver Step 017000] t= 6.925 | Pos Err:    0.10 km | Vel Err:    0.00 m/s
[Solver Step 018000] t= 7.269 | Pos Err:    0.12 km | Vel Err:    0.10 m/s
[Solver Step 019000] t= 7.690 | Pos Err:    0.08 km | Vel Err:    0.00 m/s
[Solver Step 020000] t= 8.169 | Pos Err:    0.11 km | Vel Err:    0.00 m/s
[Solver Step 021000] t= 8.555 | Pos Err:    0.10 km | Vel Err:    0.03 m/s
[Solver Step 022000] t= 8.923 | Pos Err:    0.13 km | Vel Err:    0.00 m/s
[Solver Step 023000] t= 9.316 | Pos Err:    0.06 km | Vel Err:    0.00 m/s
[Solver Step 024000] t= 9.775 | Pos Err:    0.02 km | Vel Err:    0.03 m/s
[Solver Step 025000] t=10.175 | Pos Err:    0.03 km | Vel Err:    0.00 m/s
[Solver Step 026000] t=10.575 | Pos Err:    0.06 km | Vel Err:    0.00 m/s
[Solver Step 027000] t=10.935 | Pos Err:    0.17 km | Vel Err:    0.09 m/s
[Solver Step 028000] t=11.354 | Pos Err:    0.11 km | Vel Err:    0.00 m/s
[Solver Step 029000] t=11.811 | Pos Err:    0.09 km | Vel Err:    0.00 m/s
[Solver Step 030000] t=12.179 | Pos Err:    0.07 km | Vel Err:    0.03 m/s
Completed [EARTH_ORBIT] Trajectory 591/600 | Saved 2583 samples | Total: 798543
[Solver Step 001000] t= 0.416 | Pos Err:    0.58 km | Vel Err:    0.01 m/s
[Solver Step 002000] t= 0.790 | Pos Err:    0.07 km | Vel Err:    0.00 m/s
[Solver Step 003000] t= 1.099 | Pos Err:    0.01 km | Vel Err:    0.04 m/s
[Solver Step 004000] t= 1.551 | Pos Err:    0.05 km | Vel Err:    0.00 m/s
[Solver Step 005000] t= 2.102 | Pos Err:    0.05 km | Vel Err:    0.00 m/s
[Solver Step 006000] t= 2.515 | Pos Err:    0.05 km | Vel Err:    0.01 m/s
[Solver Step 007000] t= 3.015 | Pos Err:    0.05 km | Vel Err:    0.00 m/s
[Solver Step 008000] t= 3.568 | Pos Err:    0.05 km | Vel Err:    0.00 m/s
[Solver Step 009000] t= 4.057 | Pos Err:    0.04 km | Vel Err:    0.01 m/s
[Solver Step 010000] t= 4.459 | Pos Err:    0.05 km | Vel Err:    0.00 m/s
[Solver Step 011000] t= 4.997 | Pos Err:    0.05 km | Vel Err:    0.00 m/s
[Solver Step 012000] t= 5.584 | Pos Err:    0.04 km | Vel Err:    0.05 m/s
[Solver Step 013000] t= 6.067 | Pos Err:    0.06 km | Vel Err:    0.00 m/s
[Solver Step 014000] t= 6.468 | Pos Err:    0.06 km | Vel Err:    0.00 m/s
[Solver Step 015000] t= 7.025 | Pos Err:    0.04 km | Vel Err:    0.08 m/s
Completed [MOON_ORBIT] Trajectory 592/600 | Saved 1314 samples | Total: 799857
[Multiple Shooting] Converged in 2 iterations with residual 1.66e-15
[Solver Step 001000] t= 0.487 | Pos Err:    0.18 km | Vel Err:    0.00 m/s
[Solver Step 002000] t= 0.986 | Pos Err:    0.09 km | Vel Err:    0.00 m/s
[Solver Step 003000] t= 1.432 | Pos Err:    0.19 km | Vel Err:    0.01 m/s
[Solver Step 004000] t= 1.944 | Pos Err:    0.24 km | Vel Err:    0.01 m/s
[Solver Step 005000] t= 2.499 | Pos Err:    0.39 km | Vel Err:    0.01 m/s
[Solver Step 006000] t= 2.958 | Pos Err:    0.40 km | Vel Err:    0.01 m/s
Completed [HALO_L2] Trajectory 593/600 | Saved 541 samples | Total: 800398
[Solver Step 001000] t= 0.215 | Pos Err:   22.25 km | Vel Err:    0.61 m/s
[Solver Step 002000] t= 0.468 | Pos Err:    2.81 km | Vel Err:    0.08 m/s
[Solver Step 003000] t= 0.710 | Pos Err:    0.38 km | Vel Err:    0.06 m/s
[Solver Step 004000] t= 0.925 | Pos Err:    0.03 km | Vel Err:    0.00 m/s
[Solver Step 005000] t= 1.175 | Pos Err:    0.08 km | Vel Err:    0.00 m/s
[Solver Step 006000] t= 1.429 | Pos Err:    0.07 km | Vel Err:    0.05 m/s
[Solver Step 007000] t= 1.656 | Pos Err:    0.06 km | Vel Err:    0.00 m/s
[Solver Step 008000] t= 1.871 | Pos Err:    0.08 km | Vel Err:    0.00 m/s
[Solver Step 009000] t= 2.132 | Pos Err:    0.23 km | Vel Err:    0.22 m/s
[Solver Step 010000] t= 2.371 | Pos Err:    0.05 km | Vel Err:    0.00 m/s
[Solver Step 011000] t= 2.582 | Pos Err:    0.05 km | Vel Err:    0.00 m/s
[Solver Step 012000] t= 2.833 | Pos Err:    1.71 km | Vel Err:    1.31 m/s
[Solver Step 013000] t= 3.087 | Pos Err:    0.03 km | Vel Err:    0.00 m/s
[Solver Step 014000] t= 3.305 | Pos Err:    0.03 km | Vel Err:    0.00 m/s
[Solver Step 015000] t= 3.529 | Pos Err:    0.81 km | Vel Err:    0.59 m/s
[Solver Step 016000] t= 3.792 | Pos Err:    0.02 km | Vel Err:    0.01 m/s
[Solver Step 017000] t= 4.032 | Pos Err:    0.03 km | Vel Err:    0.00 m/s
[Solver Step 018000] t= 4.238 | Pos Err:    0.43 km | Vel Err:    0.24 m/s
[Solver Step 019000] t= 4.493 | Pos Err:    0.05 km | Vel Err:    0.02 m/s
[Solver Step 020000] t= 4.745 | Pos Err:    0.06 km | Vel Err:    0.00 m/s
[Solver Step 021000] t= 4.961 | Pos Err:    0.21 km | Vel Err:    0.12 m/s
[Solver Step 022000] t= 5.184 | Pos Err:    0.05 km | Vel Err:    0.01 m/s
[Solver Step 023000] t= 5.450 | Pos Err:    0.07 km | Vel Err:    0.00 m/s
[Solver Step 024000] t= 5.691 | Pos Err:    0.13 km | Vel Err:    0.11 m/s
[Solver Step 025000] t= 5.897 | Pos Err:    0.06 km | Vel Err:    0.01 m/s
[Solver Step 026000] t= 6.154 | Pos Err:    0.07 km | Vel Err:    0.00 m/s
[Solver Step 027000] t= 6.406 | Pos Err:    0.22 km | Vel Err:    0.24 m/s
[Solver Step 028000] t= 6.616 | Pos Err:    0.08 km | Vel Err:    0.00 m/s
[Solver Step 029000] t= 6.845 | Pos Err:    0.10 km | Vel Err:    0.00 m/s
Completed [TRANSFER] Trajectory 594/600 | Saved 2399 samples | Total: 802797
[Solver Step 001000] t= 0.218 | Pos Err:    4.50 km | Vel Err:    0.09 m/s
[Solver Step 002000] t= 0.470 | Pos Err:    0.52 km | Vel Err:    0.01 m/s
[Solver Step 003000] t= 0.713 | Pos Err:    0.10 km | Vel Err:    0.03 m/s
[Solver Step 004000] t= 0.928 | Pos Err:    0.02 km | Vel Err:    0.00 m/s
[Solver Step 005000] t= 1.176 | Pos Err:    0.04 km | Vel Err:    0.00 m/s
[Solver Step 006000] t= 1.430 | Pos Err:    0.04 km | Vel Err:    0.04 m/s
[Solver Step 007000] t= 1.661 | Pos Err:    0.02 km | Vel Err:    0.00 m/s
[Solver Step 008000] t= 1.876 | Pos Err:    0.02 km | Vel Err:    0.00 m/s
[Solver Step 009000] t= 2.134 | Pos Err:    0.14 km | Vel Err:    0.11 m/s
[Solver Step 010000] t= 2.377 | Pos Err:    0.03 km | Vel Err:    0.00 m/s
[Solver Step 011000] t= 2.590 | Pos Err:    0.01 km | Vel Err:    0.00 m/s
[Solver Step 012000] t= 2.837 | Pos Err:    0.95 km | Vel Err:    0.77 m/s
[Solver Step 013000] t= 3.092 | Pos Err:    0.04 km | Vel Err:    0.00 m/s
[Solver Step 014000] t= 3.313 | Pos Err:    0.03 km | Vel Err:    0.00 m/s
[Solver Step 015000] t= 3.535 | Pos Err:    0.72 km | Vel Err:    0.54 m/s
[Solver Step 016000] t= 3.796 | Pos Err:    0.04 km | Vel Err:    0.00 m/s
[Solver Step 017000] t= 4.038 | Pos Err:    0.05 km | Vel Err:    0.00 m/s
[Solver Step 018000] t= 4.246 | Pos Err:    0.37 km | Vel Err:    0.22 m/s
[Solver Step 019000] t= 4.497 | Pos Err:    0.03 km | Vel Err:    0.02 m/s
[Solver Step 020000] t= 4.751 | Pos Err:    0.05 km | Vel Err:    0.00 m/s
[Solver Step 021000] t= 4.969 | Pos Err:    0.13 km | Vel Err:    0.11 m/s
[Solver Step 022000] t= 5.189 | Pos Err:    0.05 km | Vel Err:    0.01 m/s
[Solver Step 023000] t= 5.455 | Pos Err:    0.06 km | Vel Err:    0.00 m/s
[Solver Step 024000] t= 5.698 | Pos Err:    0.08 km | Vel Err:    0.12 m/s
[Solver Step 025000] t= 5.904 | Pos Err:    0.02 km | Vel Err:    0.00 m/s
[Solver Step 026000] t= 6.158 | Pos Err:    0.04 km | Vel Err:    0.00 m/s
[Solver Step 027000] t= 6.412 | Pos Err:    0.21 km | Vel Err:    0.24 m/s
[Solver Step 028000] t= 6.624 | Pos Err:    0.03 km | Vel Err:    0.00 m/s
[Solver Step 029000] t= 6.850 | Pos Err:    0.04 km | Vel Err:    0.00 m/s
Completed [TRANSFER] Trajectory 595/600 | Saved 2399 samples | Total: 805196
[Multiple Shooting] Converged in 2 iterations with residual 3.92e-12
[Solver Step 001000] t= 0.434 | Pos Err:    0.31 km | Vel Err:    0.01 m/s
[Solver Step 002000] t= 0.917 | Pos Err:    0.23 km | Vel Err:    0.00 m/s
[Solver Step 003000] t= 1.415 | Pos Err:    1.72 km | Vel Err:    0.03 m/s
[Solver Step 004000] t= 1.820 | Pos Err:   21.16 km | Vel Err:    0.44 m/s
[Solver Step 005000] t= 2.183 | Pos Err:  135.70 km | Vel Err:    2.54 m/s
[Solver Step 006000] t= 2.648 | Pos Err:    3.82 km | Vel Err:    0.07 m/s
[Solver Step 007000] t= 3.117 | Pos Err:   14.62 km | Vel Err:    0.35 m/s
Completed [HALO_L1] Trajectory 596/600 | Saved 588 samples | Total: 805784
[Multiple Shooting] Converged in 2 iterations with residual 1.38e-15
[Solver Step 001000] t= 0.471 | Pos Err:    0.04 km | Vel Err:    0.00 m/s
[Solver Step 002000] t= 0.958 | Pos Err:    0.18 km | Vel Err:    0.00 m/s
[Solver Step 003000] t= 1.520 | Pos Err:    0.04 km | Vel Err:    0.01 m/s
[Solver Step 004000] t= 2.088 | Pos Err:    0.13 km | Vel Err:    0.00 m/s
[Solver Step 005000] t= 2.491 | Pos Err:    0.25 km | Vel Err:    0.00 m/s
[Solver Step 006000] t= 2.978 | Pos Err:    0.85 km | Vel Err:    0.03 m/s
Completed [HALO_L2] Trajectory 597/600 | Saved 526 samples | Total: 806310
[Solver Step 001000] t= 0.416 | Pos Err:    0.20 km | Vel Err:    0.01 m/s
[Solver Step 002000] t= 0.790 | Pos Err:    0.05 km | Vel Err:    0.00 m/s
[Solver Step 003000] t= 1.099 | Pos Err:    0.01 km | Vel Err:    0.04 m/s
[Solver Step 004000] t= 1.551 | Pos Err:    0.06 km | Vel Err:    0.00 m/s
[Solver Step 005000] t= 2.102 | Pos Err:    0.06 km | Vel Err:    0.00 m/s
[Solver Step 006000] t= 2.515 | Pos Err:    0.06 km | Vel Err:    0.01 m/s
[Solver Step 007000] t= 3.015 | Pos Err:    0.06 km | Vel Err:    0.00 m/s
[Solver Step 008000] t= 3.567 | Pos Err:    0.06 km | Vel Err:    0.00 m/s
[Solver Step 009000] t= 4.057 | Pos Err:    0.05 km | Vel Err:    0.01 m/s
[Solver Step 010000] t= 4.459 | Pos Err:    0.06 km | Vel Err:    0.00 m/s
[Solver Step 011000] t= 4.997 | Pos Err:    0.05 km | Vel Err:    0.00 m/s
[Solver Step 012000] t= 5.584 | Pos Err:    0.04 km | Vel Err:    0.05 m/s
[Solver Step 013000] t= 6.067 | Pos Err:    0.05 km | Vel Err:    0.00 m/s
[Solver Step 014000] t= 6.468 | Pos Err:    0.05 km | Vel Err:    0.00 m/s
[Solver Step 015000] t= 7.025 | Pos Err:    0.03 km | Vel Err:    0.08 m/s
Completed [MOON_ORBIT] Trajectory 598/600 | Saved 1314 samples | Total: 807624
[Multiple Shooting] Converged in 6 iterations with residual 7.80e-15
[Solver Step 001000] t= 0.325 | Pos Err:   17.74 km | Vel Err:    0.33 m/s
[Solver Step 002000] t= 0.665 | Pos Err:   82.08 km | Vel Err:    1.65 m/s
[Solver Step 003000] t= 1.011 | Pos Err:   18.38 km | Vel Err:    0.42 m/s
[Solver Step 004000] t= 1.359 | Pos Err:   69.13 km | Vel Err:    1.19 m/s
[Solver Step 005000] t= 1.686 | Pos Err:  100.40 km | Vel Err:    2.09 m/s
[Solver Step 006000] t= 2.030 | Pos Err:    3.32 km | Vel Err:    0.11 m/s
[Solver Step 007000] t= 2.381 | Pos Err:  120.96 km | Vel Err:    1.69 m/s
Completed [DRO] Trajectory 599/600 | Saved 620 samples | Total: 808244
[Multiple Shooting] Converged in 2 iterations with residual 1.00e-11
[Solver Step 001000] t= 0.420 | Pos Err:    0.29 km | Vel Err:    0.01 m/s
[Solver Step 002000] t= 0.925 | Pos Err:    1.38 km | Vel Err:    0.03 m/s
[Solver Step 003000] t= 1.408 | Pos Err:   11.46 km | Vel Err:    0.23 m/s
[Solver Step 004000] t= 1.739 | Pos Err:   87.00 km | Vel Err:    1.72 m/s
[Solver Step 005000] t= 2.233 | Pos Err:    2.76 km | Vel Err:    0.07 m/s
[Solver Step 006000] t= 2.680 | Pos Err:    1.40 km | Vel Err:    0.03 m/s
[Solver Step 007000] t= 3.075 | Pos Err:    8.12 km | Vel Err:    0.18 m/s
Completed [HALO_L1] Trajectory 600/600 | Saved 596 samples | Total: 808840

Done! Successfully saved 808840 samples across 6 mission regimes into 'crtbp_llm_dataset_20260818_042728.jsonl'.
Job finished at Tue Aug 18 04:47:29 CDT 2026
