Starting CRTBP Data Generation on gpua036.delta.ncsa.illinois.edu at Tue Aug 18 17:00:51 CDT 2026
Starting dataset generation. Output: 'crtbp_llm_dataset_20260818_170053.jsonl'
[Solver Step 001000] t= 0.215 | Pos Err:   23.22 km | Vel Err:    0.38 m/s
[Solver Step 002000] t= 0.468 | Pos Err:    2.77 km | Vel Err:    0.07 m/s
[Solver Step 003000] t= 0.711 | Pos Err:    0.40 km | Vel Err:    0.05 m/s
[Solver Step 004000] t= 0.924 | Pos Err:    0.03 km | Vel Err:    0.00 m/s
[Solver Step 005000] t= 1.174 | Pos Err:    0.07 km | Vel Err:    0.00 m/s
[Solver Step 006000] t= 1.429 | Pos Err:    0.11 km | Vel Err:    0.04 m/s
[Solver Step 007000] t= 1.660 | Pos Err:    0.09 km | Vel Err:    0.00 m/s
[Solver Step 008000] t= 1.874 | Pos Err:    0.09 km | Vel Err:    0.00 m/s
[Solver Step 009000] t= 2.133 | Pos Err:    0.18 km | Vel Err:    0.11 m/s
[Solver Step 010000] t= 2.376 | Pos Err:    0.09 km | Vel Err:    0.00 m/s
[Solver Step 011000] t= 2.588 | Pos Err:    0.08 km | Vel Err:    0.00 m/s
[Solver Step 012000] t= 2.836 | Pos Err:    1.11 km | Vel Err:    0.84 m/s
[Solver Step 013000] t= 3.091 | Pos Err:    0.08 km | Vel Err:    0.00 m/s
[Solver Step 014000] t= 3.311 | Pos Err:    0.05 km | Vel Err:    0.00 m/s
[Solver Step 015000] t= 3.533 | Pos Err:    0.72 km | Vel Err:    0.56 m/s
[Solver Step 016000] t= 3.795 | Pos Err:    0.07 km | Vel Err:    0.00 m/s
[Solver Step 017000] t= 4.037 | Pos Err:    0.03 km | Vel Err:    0.00 m/s
[Solver Step 018000] t= 4.244 | Pos Err:    0.36 km | Vel Err:    0.22 m/s
[Solver Step 019000] t= 4.496 | Pos Err:    0.05 km | Vel Err:    0.02 m/s
[Solver Step 020000] t= 4.750 | Pos Err:    0.03 km | Vel Err:    0.00 m/s
[Solver Step 021000] t= 4.967 | Pos Err:    0.16 km | Vel Err:    0.11 m/s
[Solver Step 022000] t= 5.188 | Pos Err:    0.04 km | Vel Err:    0.01 m/s
[Solver Step 023000] t= 5.454 | Pos Err:    0.03 km | Vel Err:    0.00 m/s
[Solver Step 024000] t= 5.696 | Pos Err:    0.14 km | Vel Err:    0.12 m/s
[Solver Step 025000] t= 5.903 | Pos Err:    0.07 km | Vel Err:    0.00 m/s
[Solver Step 026000] t= 6.157 | Pos Err:    0.05 km | Vel Err:    0.00 m/s
[Solver Step 027000] t= 6.411 | Pos Err:    0.27 km | Vel Err:    0.24 m/s
[Solver Step 028000] t= 6.622 | Pos Err:    0.09 km | Vel Err:    0.00 m/s
[Solver Step 029000] t= 6.849 | Pos Err:    0.07 km | Vel Err:    0.00 m/s
[Solver Step 001000] t= 0.413 | Pos Err:    3.41 km | Vel Err:    0.08 m/s
[Solver Step 002000] t= 0.817 | Pos Err:    0.05 km | Vel Err:    0.00 m/s
[Solver Step 003000] t= 1.259 | Pos Err:    0.08 km | Vel Err:    0.01 m/s
[Solver Step 004000] t= 1.606 | Pos Err:    0.05 km | Vel Err:    0.00 m/s
[Solver Step 005000] t= 1.991 | Pos Err:    0.05 km | Vel Err:    0.00 m/s
[Solver Step 006000] t= 2.444 | Pos Err:    0.10 km | Vel Err:    0.02 m/s
[Solver Step 007000] t= 2.845 | Pos Err:    0.10 km | Vel Err:    0.00 m/s
[Solver Step 008000] t= 3.243 | Pos Err:    0.11 km | Vel Err:    0.00 m/s
[Solver Step 009000] t= 3.617 | Pos Err:    0.15 km | Vel Err:    0.08 m/s
[Solver Step 010000] t= 4.031 | Pos Err:    0.00 km | Vel Err:    0.00 m/s
[Solver Step 011000] t= 4.451 | Pos Err:    0.03 km | Vel Err:    0.00 m/s
[Solver Step 012000] t= 4.893 | Pos Err:    0.04 km | Vel Err:    0.04 m/s
[Solver Step 013000] t= 5.232 | Pos Err:    0.08 km | Vel Err:    0.00 m/s
[Solver Step 014000] t= 5.630 | Pos Err:    0.10 km | Vel Err:    0.00 m/s
[Solver Step 015000] t= 6.108 | Pos Err:    0.07 km | Vel Err:    0.02 m/s
[Solver Step 016000] t= 6.495 | Pos Err:    0.05 km | Vel Err:    0.00 m/s
[Solver Step 017000] t= 6.923 | Pos Err:    0.02 km | Vel Err:    0.00 m/s
[Solver Step 018000] t= 7.266 | Pos Err:    0.07 km | Vel Err:    0.10 m/s
[Solver Step 019000] t= 7.687 | Pos Err:    0.10 km | Vel Err:    0.00 m/s
[Solver Step 020000] t= 8.166 | Pos Err:    0.11 km | Vel Err:    0.00 m/s
[Solver Step 021000] t= 8.552 | Pos Err:    0.09 km | Vel Err:    0.03 m/s
[Solver Step 022000] t= 8.921 | Pos Err:    0.08 km | Vel Err:    0.00 m/s
[Solver Step 023000] t= 9.313 | Pos Err:    0.02 km | Vel Err:    0.00 m/s
[Solver Step 024000] t= 9.771 | Pos Err:    0.07 km | Vel Err:    0.03 m/s
[Solver Step 025000] t=10.173 | Pos Err:    0.09 km | Vel Err:    0.00 m/s
[Solver Step 026000] t=10.572 | Pos Err:    0.10 km | Vel Err:    0.00 m/s
[Solver Step 027000] t=10.932 | Pos Err:    0.17 km | Vel Err:    0.09 m/s
[Solver Step 028000] t=11.352 | Pos Err:    0.04 km | Vel Err:    0.00 m/s
[Solver Step 029000] t=11.807 | Pos Err:    0.01 km | Vel Err:    0.00 m/s
[Solver Step 030000] t=12.176 | Pos Err:    0.01 km | Vel Err:    0.03 m/s
[Solver Step 001000] t= 0.415 | Pos Err:    1.40 km | Vel Err:    0.03 m/s
[Solver Step 002000] t= 0.819 | Pos Err:    0.08 km | Vel Err:    0.00 m/s
[Solver Step 003000] t= 1.260 | Pos Err:    0.04 km | Vel Err:    0.01 m/s
[Solver Step 004000] t= 1.607 | Pos Err:    0.06 km | Vel Err:    0.00 m/s
[Solver Step 005000] t= 1.993 | Pos Err:    0.07 km | Vel Err:    0.00 m/s
[Solver Step 006000] t= 2.446 | Pos Err:    0.06 km | Vel Err:    0.02 m/s
[Solver Step 007000] t= 2.847 | Pos Err:    0.05 km | Vel Err:    0.00 m/s
[Solver Step 008000] t= 3.244 | Pos Err:    0.04 km | Vel Err:    0.00 m/s
[Solver Step 009000] t= 3.619 | Pos Err:    0.08 km | Vel Err:    0.08 m/s
[Solver Step 010000] t= 4.033 | Pos Err:    0.07 km | Vel Err:    0.00 m/s
[Solver Step 011000] t= 4.453 | Pos Err:    0.08 km | Vel Err:    0.00 m/s
[Solver Step 012000] t= 4.895 | Pos Err:    0.06 km | Vel Err:    0.04 m/s
[Solver Step 013000] t= 5.233 | Pos Err:    0.06 km | Vel Err:    0.00 m/s
[Solver Step 014000] t= 5.632 | Pos Err:    0.03 km | Vel Err:    0.00 m/s
[Solver Step 015000] t= 6.110 | Pos Err:    0.05 km | Vel Err:    0.02 m/s
[Solver Step 016000] t= 6.497 | Pos Err:    0.06 km | Vel Err:    0.00 m/s
[Solver Step 017000] t= 6.924 | Pos Err:    0.07 km | Vel Err:    0.00 m/s
[Solver Step 018000] t= 7.268 | Pos Err:    0.14 km | Vel Err:    0.10 m/s
[Solver Step 019000] t= 7.689 | Pos Err:    0.05 km | Vel Err:    0.00 m/s
[Solver Step 020000] t= 8.168 | Pos Err:    0.04 km | Vel Err:    0.00 m/s
[Solver Step 021000] t= 8.553 | Pos Err:    0.02 km | Vel Err:    0.03 m/s
[Solver Step 022000] t= 8.922 | Pos Err:    0.05 km | Vel Err:    0.00 m/s
[Solver Step 023000] t= 9.315 | Pos Err:    0.07 km | Vel Err:    0.00 m/s
[Solver Step 024000] t= 9.774 | Pos Err:    0.07 km | Vel Err:    0.03 m/s
[Solver Step 025000] t=10.174 | Pos Err:    0.07 km | Vel Err:    0.00 m/s
[Solver Step 026000] t=10.574 | Pos Err:    0.06 km | Vel Err:    0.00 m/s
[Solver Step 027000] t=10.934 | Pos Err:    0.10 km | Vel Err:    0.09 m/s
[Solver Step 028000] t=11.353 | Pos Err:    0.06 km | Vel Err:    0.00 m/s
[Solver Step 029000] t=11.809 | Pos Err:    0.07 km | Vel Err:    0.00 m/s
[Solver Step 030000] t=12.178 | Pos Err:    0.06 km | Vel Err:    0.03 m/s
[Solver Step 001000] t= 0.416 | Pos Err:    1.85 km | Vel Err:    0.04 m/s
[Solver Step 002000] t= 0.821 | Pos Err:    0.05 km | Vel Err:    0.00 m/s
[Solver Step 003000] t= 1.261 | Pos Err:    0.08 km | Vel Err:    0.01 m/s
[Solver Step 004000] t= 1.609 | Pos Err:    0.08 km | Vel Err:    0.00 m/s
[Solver Step 005000] t= 1.994 | Pos Err:    0.04 km | Vel Err:    0.00 m/s
[Solver Step 006000] t= 2.447 | Pos Err:    0.04 km | Vel Err:    0.02 m/s
[Solver Step 007000] t= 2.849 | Pos Err:    0.05 km | Vel Err:    0.00 m/s
[Solver Step 008000] t= 3.245 | Pos Err:    0.06 km | Vel Err:    0.00 m/s
[Solver Step 009000] t= 3.620 | Pos Err:    0.12 km | Vel Err:    0.08 m/s
[Solver Step 010000] t= 4.035 | Pos Err:    0.06 km | Vel Err:    0.00 m/s
[Solver Step 011000] t= 4.454 | Pos Err:    0.06 km | Vel Err:    0.00 m/s
[Solver Step 012000] t= 4.897 | Pos Err:    0.04 km | Vel Err:    0.04 m/s
[Solver Step 013000] t= 5.235 | Pos Err:    0.04 km | Vel Err:    0.00 m/s
[Solver Step 014000] t= 5.633 | Pos Err:    0.06 km | Vel Err:    0.00 m/s
[Solver Step 015000] t= 6.112 | Pos Err:    0.08 km | Vel Err:    0.02 m/s
[Solver Step 016000] t= 6.498 | Pos Err:    0.08 km | Vel Err:    0.00 m/s
[Solver Step 017000] t= 6.925 | Pos Err:    0.08 km | Vel Err:    0.00 m/s
[Solver Step 018000] t= 7.270 | Pos Err:    0.13 km | Vel Err:    0.10 m/s
[Solver Step 019000] t= 7.690 | Pos Err:    0.05 km | Vel Err:    0.00 m/s
[Solver Step 020000] t= 8.169 | Pos Err:    0.06 km | Vel Err:    0.00 m/s
[Solver Step 021000] t= 8.555 | Pos Err:    0.06 km | Vel Err:    0.03 m/s
[Solver Step 022000] t= 8.923 | Pos Err:    0.08 km | Vel Err:    0.00 m/s
[Solver Step 023000] t= 9.316 | Pos Err:    0.06 km | Vel Err:    0.00 m/s
[Solver Step 024000] t= 9.775 | Pos Err:    0.04 km | Vel Err:    0.03 m/s
[Solver Step 025000] t=10.176 | Pos Err:    0.04 km | Vel Err:    0.00 m/s
[Solver Step 026000] t=10.576 | Pos Err:    0.05 km | Vel Err:    0.00 m/s
[Solver Step 027000] t=10.935 | Pos Err:    0.13 km | Vel Err:    0.09 m/s
[Solver Step 028000] t=11.354 | Pos Err:    0.08 km | Vel Err:    0.00 m/s
[Solver Step 029000] t=11.811 | Pos Err:    0.07 km | Vel Err:    0.00 m/s
[Solver Step 030000] t=12.179 | Pos Err:    0.05 km | Vel Err:    0.03 m/s
[Solver Step 001000] t= 0.218 | Pos Err:   11.06 km | Vel Err:    0.22 m/s
[Solver Step 002000] t= 0.470 | Pos Err:    1.33 km | Vel Err:    0.02 m/s
[Solver Step 003000] t= 0.713 | Pos Err:    0.14 km | Vel Err:    0.03 m/s
[Solver Step 004000] t= 0.928 | Pos Err:    0.01 km | Vel Err:    0.00 m/s
[Solver Step 005000] t= 1.176 | Pos Err:    0.03 km | Vel Err:    0.00 m/s
[Solver Step 006000] t= 1.431 | Pos Err:    0.08 km | Vel Err:    0.04 m/s
[Solver Step 007000] t= 1.663 | Pos Err:    0.06 km | Vel Err:    0.00 m/s
[Solver Step 008000] t= 1.877 | Pos Err:    0.04 km | Vel Err:    0.00 m/s
[Solver Step 009000] t= 2.135 | Pos Err:    0.15 km | Vel Err:    0.09 m/s
[Solver Step 010000] t= 2.378 | Pos Err:    0.07 km | Vel Err:    0.00 m/s
[Solver Step 011000] t= 2.592 | Pos Err:    0.05 km | Vel Err:    0.00 m/s
[Solver Step 012000] t= 2.838 | Pos Err:    0.98 km | Vel Err:    0.80 m/s
[Solver Step 013000] t= 3.094 | Pos Err:    0.07 km | Vel Err:    0.00 m/s
[Solver Step 014000] t= 3.315 | Pos Err:    0.04 km | Vel Err:    0.00 m/s
[Solver Step 015000] t= 3.536 | Pos Err:    0.67 km | Vel Err:    0.53 m/s
[Solver Step 016000] t= 3.797 | Pos Err:    0.07 km | Vel Err:    0.00 m/s
[Solver Step 017000] t= 4.040 | Pos Err:    0.05 km | Vel Err:    0.00 m/s
[Solver Step 018000] t= 4.248 | Pos Err:    0.33 km | Vel Err:    0.21 m/s
[Solver Step 019000] t= 4.498 | Pos Err:    0.04 km | Vel Err:    0.02 m/s
[Solver Step 020000] t= 4.753 | Pos Err:    0.03 km | Vel Err:    0.00 m/s
[Solver Step 021000] t= 4.971 | Pos Err:    0.11 km | Vel Err:    0.11 m/s
[Solver Step 022000] t= 5.190 | Pos Err:    0.04 km | Vel Err:    0.01 m/s
[Solver Step 023000] t= 5.456 | Pos Err:    0.03 km | Vel Err:    0.00 m/s
[Solver Step 024000] t= 5.699 | Pos Err:    0.10 km | Vel Err:    0.12 m/s
[Solver Step 025000] t= 5.906 | Pos Err:    0.02 km | Vel Err:    0.00 m/s
[Solver Step 026000] t= 6.159 | Pos Err:    0.02 km | Vel Err:    0.00 m/s
[Solver Step 027000] t= 6.414 | Pos Err:    0.25 km | Vel Err:    0.24 m/s
[Solver Step 028000] t= 6.627 | Pos Err:    0.04 km | Vel Err:    0.00 m/s
[Solver Step 029000] t= 6.851 | Pos Err:    0.02 km | Vel Err:    0.00 m/s
[Multiple Shooting] Converged in 2 iterations with residual 1.41e-15
[Solver Step 001000] t= 0.455 | Pos Err:    0.59 km | Vel Err:    0.01 m/s
[Solver Step 002000] t= 1.010 | Pos Err:    0.14 km | Vel Err:    0.00 m/s
[Solver Step 003000] t= 1.608 | Pos Err:    0.06 km | Vel Err:    0.01 m/s
[Solver Step 004000] t= 2.051 | Pos Err:    0.29 km | Vel Err:    0.01 m/s
[Solver Step 005000] t= 2.500 | Pos Err:    0.31 km | Vel Err:    0.01 m/s
[Solver Step 006000] t= 3.049 | Pos Err:    5.12 km | Vel Err:    0.13 m/s
[Solver Step 001000] t= 0.411 | Pos Err:    2.60 km | Vel Err:    0.06 m/s
[Solver Step 002000] t= 0.815 | Pos Err:    0.09 km | Vel Err:    0.00 m/s
[Solver Step 003000] t= 1.257 | Pos Err:    0.02 km | Vel Err:    0.01 m/s
[Solver Step 004000] t= 1.604 | Pos Err:    0.03 km | Vel Err:    0.00 m/s
[Solver Step 005000] t= 1.989 | Pos Err:    0.09 km | Vel Err:    0.00 m/s
[Solver Step 006000] t= 2.442 | Pos Err:    0.09 km | Vel Err:    0.02 m/s
[Solver Step 007000] t= 2.843 | Pos Err:    0.09 km | Vel Err:    0.00 m/s
[Solver Step 008000] t= 3.242 | Pos Err:    0.07 km | Vel Err:    0.00 m/s
[Solver Step 009000] t= 3.616 | Pos Err:    0.10 km | Vel Err:    0.08 m/s
[Solver Step 010000] t= 4.030 | Pos Err:    0.06 km | Vel Err:    0.00 m/s
[Solver Step 011000] t= 4.450 | Pos Err:    0.09 km | Vel Err:    0.00 m/s
[Solver Step 012000] t= 4.892 | Pos Err:    0.07 km | Vel Err:    0.04 m/s
[Solver Step 013000] t= 5.230 | Pos Err:    0.09 km | Vel Err:    0.00 m/s
[Solver Step 014000] t= 5.628 | Pos Err:    0.05 km | Vel Err:    0.00 m/s
[Solver Step 015000] t= 6.107 | Pos Err:    0.02 km | Vel Err:    0.02 m/s
[Solver Step 016000] t= 6.493 | Pos Err:    0.03 km | Vel Err:    0.00 m/s
[Solver Step 017000] t= 6.921 | Pos Err:    0.06 km | Vel Err:    0.00 m/s
[Solver Step 018000] t= 7.265 | Pos Err:    0.13 km | Vel Err:    0.11 m/s
[Solver Step 019000] t= 7.685 | Pos Err:    0.08 km | Vel Err:    0.00 m/s
[Solver Step 020000] t= 8.165 | Pos Err:    0.07 km | Vel Err:    0.00 m/s
[Solver Step 021000] t= 8.550 | Pos Err:    0.04 km | Vel Err:    0.03 m/s
[Solver Step 022000] t= 8.921 | Pos Err:    0.03 km | Vel Err:    0.00 m/s
[Solver Step 023000] t= 9.312 | Pos Err:    0.07 km | Vel Err:    0.00 m/s
[Solver Step 024000] t= 9.770 | Pos Err:    0.09 km | Vel Err:    0.03 m/s
[Solver Step 025000] t=10.171 | Pos Err:    0.10 km | Vel Err:    0.00 m/s
[Solver Step 026000] t=10.571 | Pos Err:    0.09 km | Vel Err:    0.00 m/s
[Solver Step 027000] t=10.930 | Pos Err:    0.12 km | Vel Err:    0.09 m/s
[Solver Step 028000] t=11.351 | Pos Err:    0.04 km | Vel Err:    0.00 m/s
[Solver Step 029000] t=11.805 | Pos Err:    0.06 km | Vel Err:    0.00 m/s
[Solver Step 030000] t=12.175 | Pos Err:    0.06 km | Vel Err:    0.03 m/s
[Solver Step 031000] t=12.566 | Pos Err:    0.09 km | Vel Err:    0.00 m/s
[Multiple Shooting] Converged in 4 iterations with residual 2.15e-15
[Solver Step 001000] t= 0.381 | Pos Err:    2.02 km | Vel Err:    0.04 m/s
[Solver Step 002000] t= 0.763 | Pos Err:    8.52 km | Vel Err:    0.16 m/s
[Solver Step 003000] t= 1.136 | Pos Err:    3.14 km | Vel Err:    0.09 m/s
[Solver Step 004000] t= 1.505 | Pos Err:   13.16 km | Vel Err:    0.25 m/s
[Solver Step 005000] t= 1.883 | Pos Err:    2.11 km | Vel Err:    0.05 m/s
[Solver Step 006000] t= 2.266 | Pos Err:   10.38 km | Vel Err:    0.19 m/s
[Solver Step 001000] t= 0.418 | Pos Err:    0.47 km | Vel Err:    0.01 m/s
[Solver Step 002000] t= 0.792 | Pos Err:    0.06 km | Vel Err:    0.00 m/s
[Solver Step 003000] t= 1.101 | Pos Err:    0.01 km | Vel Err:    0.04 m/s
[Solver Step 004000] t= 1.554 | Pos Err:    0.06 km | Vel Err:    0.00 m/s
[Solver Step 005000] t= 2.105 | Pos Err:    0.06 km | Vel Err:    0.00 m/s
[Solver Step 006000] t= 2.518 | Pos Err:    0.05 km | Vel Err:    0.01 m/s
[Solver Step 007000] t= 3.018 | Pos Err:    0.05 km | Vel Err:    0.00 m/s
[Solver Step 008000] t= 3.570 | Pos Err:    0.06 km | Vel Err:    0.00 m/s
[Solver Step 009000] t= 4.059 | Pos Err:    0.05 km | Vel Err:    0.01 m/s
[Solver Step 010000] t= 4.462 | Pos Err:    0.06 km | Vel Err:    0.00 m/s
[Solver Step 011000] t= 5.000 | Pos Err:    0.06 km | Vel Err:    0.00 m/s
[Solver Step 012000] t= 5.587 | Pos Err:    0.05 km | Vel Err:    0.05 m/s
[Solver Step 013000] t= 6.069 | Pos Err:    0.06 km | Vel Err:    0.00 m/s
[Solver Step 014000] t= 6.470 | Pos Err:    0.06 km | Vel Err:    0.00 m/s
[Solver Step 015000] t= 7.028 | Pos Err:    0.04 km | Vel Err:    0.08 m/s
[Multiple Shooting] Converged in 2 iterations with residual 1.65e-15
[Solver Step 001000] t= 0.460 | Pos Err:    0.18 km | Vel Err:    0.00 m/s
[Solver Step 002000] t= 1.005 | Pos Err:    0.13 km | Vel Err:    0.00 m/s
[Solver Step 003000] t= 1.604 | Pos Err:    0.07 km | Vel Err:    0.01 m/s
[Solver Step 004000] t= 2.077 | Pos Err:    0.09 km | Vel Err:    0.00 m/s
[Solver Step 005000] t= 2.504 | Pos Err:    0.31 km | Vel Err:    0.01 m/s
[Solver Step 006000] t= 3.044 | Pos Err:    4.83 km | Vel Err:    0.13 m/s
[Solver Step 001000] t= 0.413 | Pos Err:    0.47 km | Vel Err:    0.01 m/s
[Solver Step 002000] t= 0.788 | Pos Err:    0.05 km | Vel Err:    0.00 m/s
[Solver Step 003000] t= 1.097 | Pos Err:    0.01 km | Vel Err:    0.04 m/s
[Solver Step 004000] t= 1.547 | Pos Err:    0.06 km | Vel Err:    0.00 m/s
[Solver Step 005000] t= 2.099 | Pos Err:    0.06 km | Vel Err:    0.00 m/s
[Solver Step 006000] t= 2.512 | Pos Err:    0.06 km | Vel Err:    0.01 m/s
[Solver Step 007000] t= 3.012 | Pos Err:    0.06 km | Vel Err:    0.00 m/s
[Solver Step 008000] t= 3.564 | Pos Err:    0.06 km | Vel Err:    0.00 m/s
[Solver Step 009000] t= 4.055 | Pos Err:    0.06 km | Vel Err:    0.01 m/s
[Solver Step 010000] t= 4.456 | Pos Err:    0.06 km | Vel Err:    0.00 m/s
[Solver Step 011000] t= 4.993 | Pos Err:    0.06 km | Vel Err:    0.00 m/s
[Solver Step 012000] t= 5.581 | Pos Err:    0.04 km | Vel Err:    0.05 m/s
[Solver Step 013000] t= 6.064 | Pos Err:    0.06 km | Vel Err:    0.00 m/s
[Solver Step 014000] t= 6.465 | Pos Err:    0.06 km | Vel Err:    0.00 m/s
[Solver Step 015000] t= 7.021 | Pos Err:    0.03 km | Vel Err:    0.08 m/s
[Solver Step 001000] t= 0.411 | Pos Err:    3.08 km | Vel Err:    0.07 m/s
[Solver Step 002000] t= 0.815 | Pos Err:    0.09 km | Vel Err:    0.00 m/s
[Solver Step 003000] t= 1.257 | Pos Err:    0.02 km | Vel Err:    0.01 m/s
[Solver Step 004000] t= 1.604 | Pos Err:    0.01 km | Vel Err:    0.00 m/s
[Solver Step 005000] t= 1.989 | Pos Err:    0.09 km | Vel Err:    0.00 m/s
[Solver Step 006000] t= 2.442 | Pos Err:    0.11 km | Vel Err:    0.02 m/s
[Solver Step 007000] t= 2.843 | Pos Err:    0.10 km | Vel Err:    0.00 m/s
[Solver Step 008000] t= 3.242 | Pos Err:    0.09 km | Vel Err:    0.00 m/s
[Solver Step 009000] t= 3.616 | Pos Err:    0.11 km | Vel Err:    0.08 m/s
[Solver Step 010000] t= 4.029 | Pos Err:    0.06 km | Vel Err:    0.00 m/s
[Solver Step 011000] t= 4.449 | Pos Err:    0.08 km | Vel Err:    0.00 m/s
[Solver Step 012000] t= 4.891 | Pos Err:    0.08 km | Vel Err:    0.04 m/s
[Solver Step 013000] t= 5.230 | Pos Err:    0.10 km | Vel Err:    0.00 m/s
[Solver Step 014000] t= 5.627 | Pos Err:    0.07 km | Vel Err:    0.00 m/s
[Solver Step 015000] t= 6.106 | Pos Err:    0.01 km | Vel Err:    0.02 m/s
[Solver Step 016000] t= 6.493 | Pos Err:    0.01 km | Vel Err:    0.00 m/s
[Solver Step 017000] t= 6.921 | Pos Err:    0.04 km | Vel Err:    0.00 m/s
[Solver Step 018000] t= 7.264 | Pos Err:    0.11 km | Vel Err:    0.11 m/s
[Solver Step 019000] t= 7.684 | Pos Err:    0.10 km | Vel Err:    0.00 m/s
[Solver Step 020000] t= 8.164 | Pos Err:    0.08 km | Vel Err:    0.00 m/s
[Solver Step 021000] t= 8.550 | Pos Err:    0.06 km | Vel Err:    0.03 m/s
[Solver Step 022000] t= 8.920 | Pos Err:    0.03 km | Vel Err:    0.00 m/s
[Solver Step 023000] t= 9.311 | Pos Err:    0.07 km | Vel Err:    0.00 m/s
[Solver Step 024000] t= 9.769 | Pos Err:    0.10 km | Vel Err:    0.03 m/s
[Solver Step 025000] t=10.171 | Pos Err:    0.11 km | Vel Err:    0.00 m/s
[Solver Step 026000] t=10.570 | Pos Err:    0.10 km | Vel Err:    0.00 m/s
[Solver Step 027000] t=10.930 | Pos Err:    0.14 km | Vel Err:    0.09 m/s
[Solver Step 028000] t=11.351 | Pos Err:    0.02 km | Vel Err:    0.00 m/s
[Solver Step 029000] t=11.805 | Pos Err:    0.05 km | Vel Err:    0.00 m/s
[Solver Step 030000] t=12.174 | Pos Err:    0.06 km | Vel Err:    0.03 m/s
[Solver Step 031000] t=12.565 | Pos Err:    0.09 km | Vel Err:    0.00 m/s
[Solver Step 001000] t= 0.413 | Pos Err:    0.40 km | Vel Err:    0.01 m/s
[Solver Step 002000] t= 0.788 | Pos Err:    0.05 km | Vel Err:    0.00 m/s
[Solver Step 003000] t= 1.098 | Pos Err:    0.01 km | Vel Err:    0.04 m/s
[Solver Step 004000] t= 1.548 | Pos Err:    0.06 km | Vel Err:    0.00 m/s
[Solver Step 005000] t= 2.100 | Pos Err:    0.06 km | Vel Err:    0.00 m/s
[Solver Step 006000] t= 2.513 | Pos Err:    0.06 km | Vel Err:    0.01 m/s
[Solver Step 007000] t= 3.012 | Pos Err:    0.06 km | Vel Err:    0.00 m/s
[Solver Step 008000] t= 3.565 | Pos Err:    0.06 km | Vel Err:    0.00 m/s
[Solver Step 009000] t= 4.055 | Pos Err:    0.06 km | Vel Err:    0.01 m/s
[Solver Step 010000] t= 4.457 | Pos Err:    0.06 km | Vel Err:    0.00 m/s
[Solver Step 011000] t= 4.994 | Pos Err:    0.06 km | Vel Err:    0.00 m/s
[Solver Step 012000] t= 5.581 | Pos Err:    0.04 km | Vel Err:    0.05 m/s
[Solver Step 013000] t= 6.065 | Pos Err:    0.06 km | Vel Err:    0.00 m/s
[Solver Step 014000] t= 6.465 | Pos Err:    0.06 km | Vel Err:    0.00 m/s
[Solver Step 015000] t= 7.022 | Pos Err:    0.03 km | Vel Err:    0.08 m/s
[Solver Step 001000] t= 0.416 | Pos Err:    0.49 km | Vel Err:    0.01 m/s
[Solver Step 002000] t= 0.790 | Pos Err:    0.05 km | Vel Err:    0.00 m/s
[Solver Step 003000] t= 1.100 | Pos Err:    0.01 km | Vel Err:    0.04 m/s
[Solver Step 004000] t= 1.551 | Pos Err:    0.06 km | Vel Err:    0.00 m/s
[Solver Step 005000] t= 2.102 | Pos Err:    0.06 km | Vel Err:    0.00 m/s
[Solver Step 006000] t= 2.515 | Pos Err:    0.06 km | Vel Err:    0.01 m/s
[Solver Step 007000] t= 3.015 | Pos Err:    0.06 km | Vel Err:    0.00 m/s
[Solver Step 008000] t= 3.568 | Pos Err:    0.06 km | Vel Err:    0.00 m/s
[Solver Step 009000] t= 4.057 | Pos Err:    0.05 km | Vel Err:    0.01 m/s
[Solver Step 010000] t= 4.459 | Pos Err:    0.06 km | Vel Err:    0.00 m/s
[Solver Step 011000] t= 4.997 | Pos Err:    0.05 km | Vel Err:    0.00 m/s
[Solver Step 012000] t= 5.584 | Pos Err:    0.03 km | Vel Err:    0.05 m/s
[Solver Step 013000] t= 6.067 | Pos Err:    0.05 km | Vel Err:    0.00 m/s
[Solver Step 014000] t= 6.468 | Pos Err:    0.05 km | Vel Err:    0.00 m/s
[Solver Step 015000] t= 7.025 | Pos Err:    0.02 km | Vel Err:    0.08 m/s
[Solver Step 001000] t= 0.413 | Pos Err:    0.71 km | Vel Err:    0.02 m/s
[Solver Step 002000] t= 0.788 | Pos Err:    0.05 km | Vel Err:    0.00 m/s
[Solver Step 003000] t= 1.097 | Pos Err:    0.01 km | Vel Err:    0.04 m/s
[Solver Step 004000] t= 1.547 | Pos Err:    0.06 km | Vel Err:    0.00 m/s
[Solver Step 005000] t= 2.099 | Pos Err:    0.06 km | Vel Err:    0.00 m/s
[Solver Step 006000] t= 2.512 | Pos Err:    0.06 km | Vel Err:    0.01 m/s
[Solver Step 007000] t= 3.011 | Pos Err:    0.06 km | Vel Err:    0.00 m/s
[Solver Step 008000] t= 3.564 | Pos Err:    0.06 km | Vel Err:    0.00 m/s
[Solver Step 009000] t= 4.055 | Pos Err:    0.06 km | Vel Err:    0.01 m/s
[Solver Step 010000] t= 4.456 | Pos Err:    0.07 km | Vel Err:    0.00 m/s
[Solver Step 011000] t= 4.993 | Pos Err:    0.07 km | Vel Err:    0.00 m/s
[Solver Step 012000] t= 5.581 | Pos Err:    0.05 km | Vel Err:    0.05 m/s
[Solver Step 013000] t= 6.064 | Pos Err:    0.06 km | Vel Err:    0.00 m/s
[Solver Step 014000] t= 6.465 | Pos Err:    0.06 km | Vel Err:    0.00 m/s
[Solver Step 015000] t= 7.021 | Pos Err:    0.03 km | Vel Err:    0.08 m/s
[Solver Step 001000] t= 0.411 | Pos Err:    3.02 km | Vel Err:    0.07 m/s
[Solver Step 002000] t= 0.815 | Pos Err:    0.09 km | Vel Err:    0.00 m/s
[Solver Step 003000] t= 1.257 | Pos Err:    0.04 km | Vel Err:    0.01 m/s
[Solver Step 004000] t= 1.604 | Pos Err:    0.03 km | Vel Err:    0.00 m/s
[Solver Step 005000] t= 1.989 | Pos Err:    0.08 km | Vel Err:    0.00 m/s
[Solver Step 006000] t= 2.442 | Pos Err:    0.10 km | Vel Err:    0.02 m/s
[Solver Step 007000] t= 2.843 | Pos Err:    0.10 km | Vel Err:    0.00 m/s
[Solver Step 008000] t= 3.242 | Pos Err:    0.09 km | Vel Err:    0.00 m/s
[Solver Step 009000] t= 3.616 | Pos Err:    0.12 km | Vel Err:    0.08 m/s
[Solver Step 010000] t= 4.029 | Pos Err:    0.05 km | Vel Err:    0.00 m/s
[Solver Step 011000] t= 4.450 | Pos Err:    0.08 km | Vel Err:    0.00 m/s
[Solver Step 012000] t= 4.891 | Pos Err:    0.07 km | Vel Err:    0.04 m/s
[Solver Step 013000] t= 5.230 | Pos Err:    0.10 km | Vel Err:    0.00 m/s
[Solver Step 014000] t= 5.628 | Pos Err:    0.07 km | Vel Err:    0.00 m/s
[Solver Step 015000] t= 6.106 | Pos Err:    0.03 km | Vel Err:    0.02 m/s
[Solver Step 016000] t= 6.493 | Pos Err:    0.02 km | Vel Err:    0.00 m/s
[Solver Step 017000] t= 6.921 | Pos Err:    0.04 km | Vel Err:    0.00 m/s
[Solver Step 018000] t= 7.265 | Pos Err:    0.11 km | Vel Err:    0.11 m/s
[Solver Step 019000] t= 7.684 | Pos Err:    0.10 km | Vel Err:    0.00 m/s
[Solver Step 020000] t= 8.165 | Pos Err:    0.08 km | Vel Err:    0.00 m/s
[Solver Step 021000] t= 8.550 | Pos Err:    0.06 km | Vel Err:    0.03 m/s
[Solver Step 022000] t= 8.921 | Pos Err:    0.04 km | Vel Err:    0.00 m/s
[Solver Step 023000] t= 9.311 | Pos Err:    0.06 km | Vel Err:    0.00 m/s
[Solver Step 024000] t= 9.769 | Pos Err:    0.09 km | Vel Err:    0.03 m/s
[Solver Step 025000] t=10.171 | Pos Err:    0.10 km | Vel Err:    0.00 m/s
[Solver Step 026000] t=10.571 | Pos Err:    0.10 km | Vel Err:    0.00 m/s
[Solver Step 027000] t=10.930 | Pos Err:    0.15 km | Vel Err:    0.09 m/s
[Solver Step 028000] t=11.351 | Pos Err:    0.03 km | Vel Err:    0.00 m/s
[Solver Step 029000] t=11.805 | Pos Err:    0.05 km | Vel Err:    0.00 m/s
[Solver Step 030000] t=12.175 | Pos Err:    0.05 km | Vel Err:    0.03 m/s
[Solver Step 031000] t=12.565 | Pos Err:    0.09 km | Vel Err:    0.00 m/s
[Multiple Shooting] Converged in 2 iterations with residual 1.18e-15
[Solver Step 001000] t= 0.464 | Pos Err:    0.28 km | Vel Err:    0.01 m/s
[Solver Step 002000] t= 1.006 | Pos Err:    0.13 km | Vel Err:    0.00 m/s
[Solver Step 003000] t= 1.604 | Pos Err:    0.07 km | Vel Err:    0.01 m/s
[Solver Step 004000] t= 2.086 | Pos Err:    0.11 km | Vel Err:    0.00 m/s
[Solver Step 005000] t= 2.507 | Pos Err:    0.33 km | Vel Err:    0.01 m/s
[Solver Step 006000] t= 3.044 | Pos Err:    4.83 km | Vel Err:    0.12 m/s
[Solver Step 001000] t= 0.414 | Pos Err:    0.58 km | Vel Err:    0.01 m/s
[Solver Step 002000] t= 0.789 | Pos Err:    0.05 km | Vel Err:    0.00 m/s
[Solver Step 003000] t= 1.098 | Pos Err:    0.01 km | Vel Err:    0.04 m/s
[Solver Step 004000] t= 1.549 | Pos Err:    0.06 km | Vel Err:    0.00 m/s
[Solver Step 005000] t= 2.100 | Pos Err:    0.06 km | Vel Err:    0.00 m/s
[Solver Step 006000] t= 2.514 | Pos Err:    0.06 km | Vel Err:    0.01 m/s
[Solver Step 007000] t= 3.013 | Pos Err:    0.06 km | Vel Err:    0.00 m/s
[Solver Step 008000] t= 3.566 | Pos Err:    0.06 km | Vel Err:    0.00 m/s
[Solver Step 009000] t= 4.056 | Pos Err:    0.06 km | Vel Err:    0.01 m/s
[Solver Step 010000] t= 4.457 | Pos Err:    0.06 km | Vel Err:    0.00 m/s
[Solver Step 011000] t= 4.995 | Pos Err:    0.06 km | Vel Err:    0.00 m/s
[Solver Step 012000] t= 5.582 | Pos Err:    0.05 km | Vel Err:    0.05 m/s
[Solver Step 013000] t= 6.065 | Pos Err:    0.06 km | Vel Err:    0.00 m/s
[Solver Step 014000] t= 6.466 | Pos Err:    0.06 km | Vel Err:    0.00 m/s
[Solver Step 015000] t= 7.023 | Pos Err:    0.03 km | Vel Err:    0.08 m/s
[Solver Step 001000] t= 0.218 | Pos Err:   26.60 km | Vel Err:    0.69 m/s
[Solver Step 002000] t= 0.471 | Pos Err:    3.36 km | Vel Err:    0.07 m/s
[Solver Step 003000] t= 0.714 | Pos Err:    0.41 km | Vel Err:    0.01 m/s
[Solver Step 004000] t= 0.932 | Pos Err:    0.03 km | Vel Err:    0.01 m/s
[Solver Step 005000] t= 1.179 | Pos Err:    0.03 km | Vel Err:    0.00 m/s
[Solver Step 006000] t= 1.432 | Pos Err:    0.12 km | Vel Err:    0.06 m/s
[Solver Step 007000] t= 1.663 | Pos Err:    0.10 km | Vel Err:    0.00 m/s
[Solver Step 008000] t= 1.877 | Pos Err:    0.07 km | Vel Err:    0.00 m/s
[Solver Step 009000] t= 2.135 | Pos Err:    0.19 km | Vel Err:    0.09 m/s
[Solver Step 010000] t= 2.378 | Pos Err:    0.11 km | Vel Err:    0.00 m/s
[Solver Step 011000] t= 2.592 | Pos Err:    0.09 km | Vel Err:    0.00 m/s
[Solver Step 012000] t= 2.838 | Pos Err:    0.93 km | Vel Err:    0.80 m/s
[Solver Step 013000] t= 3.094 | Pos Err:    0.12 km | Vel Err:    0.00 m/s
[Solver Step 014000] t= 3.315 | Pos Err:    0.09 km | Vel Err:    0.00 m/s
[Solver Step 015000] t= 3.536 | Pos Err:    0.62 km | Vel Err:    0.53 m/s
[Solver Step 016000] t= 3.797 | Pos Err:    0.12 km | Vel Err:    0.00 m/s
[Solver Step 017000] t= 4.040 | Pos Err:    0.09 km | Vel Err:    0.00 m/s
[Solver Step 018000] t= 4.248 | Pos Err:    0.28 km | Vel Err:    0.21 m/s
[Solver Step 019000] t= 4.498 | Pos Err:    0.09 km | Vel Err:    0.02 m/s
[Solver Step 020000] t= 4.753 | Pos Err:    0.07 km | Vel Err:    0.00 m/s
[Solver Step 021000] t= 4.971 | Pos Err:    0.06 km | Vel Err:    0.11 m/s
[Solver Step 022000] t= 5.190 | Pos Err:    0.09 km | Vel Err:    0.01 m/s
[Solver Step 023000] t= 5.456 | Pos Err:    0.06 km | Vel Err:    0.00 m/s
[Solver Step 024000] t= 5.699 | Pos Err:    0.10 km | Vel Err:    0.12 m/s
[Solver Step 025000] t= 5.906 | Pos Err:    0.06 km | Vel Err:    0.00 m/s
[Solver Step 026000] t= 6.159 | Pos Err:    0.06 km | Vel Err:    0.00 m/s
[Solver Step 027000] t= 6.414 | Pos Err:    0.26 km | Vel Err:    0.24 m/s
[Solver Step 028000] t= 6.627 | Pos Err:    0.06 km | Vel Err:    0.00 m/s
[Solver Step 029000] t= 6.851 | Pos Err:    0.05 km | Vel Err:    0.00 m/s
[Solver Step 001000] t= 0.415 | Pos Err:    0.61 km | Vel Err:    0.01 m/s
[Solver Step 002000] t= 0.789 | Pos Err:    0.07 km | Vel Err:    0.00 m/s
[Solver Step 003000] t= 1.099 | Pos Err:    0.01 km | Vel Err:    0.04 m/s
[Solver Step 004000] t= 1.550 | Pos Err:    0.05 km | Vel Err:    0.00 m/s
[Solver Step 005000] t= 2.101 | Pos Err:    0.05 km | Vel Err:    0.00 m/s
[Solver Step 006000] t= 2.514 | Pos Err:    0.04 km | Vel Err:    0.01 m/s
[Solver Step 007000] t= 3.014 | Pos Err:    0.04 km | Vel Err:    0.00 m/s
[Solver Step 008000] t= 3.566 | Pos Err:    0.04 km | Vel Err:    0.00 m/s
[Solver Step 009000] t= 4.057 | Pos Err:    0.04 km | Vel Err:    0.01 m/s
[Solver Step 010000] t= 4.458 | Pos Err:    0.05 km | Vel Err:    0.00 m/s
[Solver Step 011000] t= 4.996 | Pos Err:    0.05 km | Vel Err:    0.00 m/s
[Solver Step 012000] t= 5.583 | Pos Err:    0.04 km | Vel Err:    0.05 m/s
[Solver Step 013000] t= 6.066 | Pos Err:    0.06 km | Vel Err:    0.00 m/s
[Solver Step 014000] t= 6.467 | Pos Err:    0.06 km | Vel Err:    0.00 m/s
[Solver Step 015000] t= 7.024 | Pos Err:    0.04 km | Vel Err:    0.08 m/s
[Solver Step 001000] t= 0.413 | Pos Err:    0.54 km | Vel Err:    0.01 m/s
[Solver Step 002000] t= 0.788 | Pos Err:    0.05 km | Vel Err:    0.00 m/s
[Solver Step 003000] t= 1.097 | Pos Err:    0.01 km | Vel Err:    0.04 m/s
[Solver Step 004000] t= 1.548 | Pos Err:    0.06 km | Vel Err:    0.00 m/s
[Solver Step 005000] t= 2.099 | Pos Err:    0.06 km | Vel Err:    0.00 m/s
[Solver Step 006000] t= 2.513 | Pos Err:    0.06 km | Vel Err:    0.01 m/s
[Solver Step 007000] t= 3.012 | Pos Err:    0.06 km | Vel Err:    0.00 m/s
[Solver Step 008000] t= 3.564 | Pos Err:    0.06 km | Vel Err:    0.00 m/s
[Solver Step 009000] t= 4.055 | Pos Err:    0.06 km | Vel Err:    0.01 m/s
[Solver Step 010000] t= 4.456 | Pos Err:    0.06 km | Vel Err:    0.00 m/s
[Solver Step 011000] t= 4.994 | Pos Err:    0.06 km | Vel Err:    0.00 m/s
[Solver Step 012000] t= 5.581 | Pos Err:    0.04 km | Vel Err:    0.05 m/s
[Solver Step 013000] t= 6.065 | Pos Err:    0.05 km | Vel Err:    0.00 m/s
[Solver Step 014000] t= 6.465 | Pos Err:    0.05 km | Vel Err:    0.00 m/s
[Solver Step 015000] t= 7.022 | Pos Err:    0.02 km | Vel Err:    0.08 m/s
[Multiple Shooting] Converged in 2 iterations with residual 1.40e-15
[Solver Step 001000] t= 0.463 | Pos Err:    0.26 km | Vel Err:    0.01 m/s
[Solver Step 002000] t= 0.999 | Pos Err:    0.11 km | Vel Err:    0.00 m/s
[Solver Step 003000] t= 1.596 | Pos Err:    0.14 km | Vel Err:    0.02 m/s
[Solver Step 004000] t= 2.092 | Pos Err:    0.16 km | Vel Err:    0.00 m/s
[Solver Step 005000] t= 2.505 | Pos Err:    0.32 km | Vel Err:    0.01 m/s
[Solver Step 006000] t= 3.036 | Pos Err:    4.49 km | Vel Err:    0.12 m/s
[Solver Step 001000] t= 0.414 | Pos Err:    0.63 km | Vel Err:    0.02 m/s
[Solver Step 002000] t= 0.789 | Pos Err:    0.05 km | Vel Err:    0.00 m/s
[Solver Step 003000] t= 1.098 | Pos Err:    0.01 km | Vel Err:    0.04 m/s
[Solver Step 004000] t= 1.549 | Pos Err:    0.06 km | Vel Err:    0.00 m/s
[Solver Step 005000] t= 2.101 | Pos Err:    0.06 km | Vel Err:    0.00 m/s
[Solver Step 006000] t= 2.514 | Pos Err:    0.06 km | Vel Err:    0.01 m/s
[Solver Step 007000] t= 3.013 | Pos Err:    0.06 km | Vel Err:    0.00 m/s
[Solver Step 008000] t= 3.566 | Pos Err:    0.06 km | Vel Err:    0.00 m/s
[Solver Step 009000] t= 4.056 | Pos Err:    0.06 km | Vel Err:    0.01 m/s
[Solver Step 010000] t= 4.458 | Pos Err:    0.06 km | Vel Err:    0.00 m/s
[Solver Step 011000] t= 4.995 | Pos Err:    0.06 km | Vel Err:    0.00 m/s
[Solver Step 012000] t= 5.583 | Pos Err:    0.05 km | Vel Err:    0.05 m/s
[Solver Step 013000] t= 6.066 | Pos Err:    0.06 km | Vel Err:    0.00 m/s
[Solver Step 014000] t= 6.466 | Pos Err:    0.06 km | Vel Err:    0.00 m/s
[Solver Step 015000] t= 7.023 | Pos Err:    0.03 km | Vel Err:    0.08 m/s
[Multiple Shooting] Converged in 2 iterations with residual 9.44e-12
[Solver Step 001000] t= 0.415 | Pos Err:    0.54 km | Vel Err:    0.01 m/s
[Solver Step 002000] t= 0.920 | Pos Err:    2.58 km | Vel Err:    0.05 m/s
[Solver Step 003000] t= 1.379 | Pos Err:   39.87 km | Vel Err:    0.77 m/s
[Solver Step 004000] t= 1.742 | Pos Err:  105.43 km | Vel Err:    2.15 m/s
[Solver Step 005000] t= 2.240 | Pos Err:    2.10 km | Vel Err:    0.05 m/s
[Solver Step 006000] t= 2.665 | Pos Err:    0.80 km | Vel Err:    0.01 m/s
[Solver Step 007000] t= 3.080 | Pos Err:    6.96 km | Vel Err:    0.16 m/s
[Multiple Shooting] Converged in 2 iterations with residual 2.02e-11
[Solver Step 001000] t= 0.423 | Pos Err:    0.59 km | Vel Err:    0.01 m/s
[Solver Step 002000] t= 0.927 | Pos Err:    1.05 km | Vel Err:    0.02 m/s
[Solver Step 003000] t= 1.417 | Pos Err:    5.11 km | Vel Err:    0.13 m/s
[Solver Step 004000] t= 1.748 | Pos Err:   66.08 km | Vel Err:    1.26 m/s
[Solver Step 005000] t= 2.225 | Pos Err:    9.77 km | Vel Err:    0.23 m/s
[Solver Step 006000] t= 2.680 | Pos Err:    1.73 km | Vel Err:    0.04 m/s
[Solver Step 007000] t= 3.080 | Pos Err:    9.76 km | Vel Err:    0.22 m/s
[Multiple Shooting] Converged in 2 iterations with residual 1.54e-12
[Solver Step 001000] t= 0.415 | Pos Err:    0.54 km | Vel Err:    0.01 m/s
[Solver Step 002000] t= 0.921 | Pos Err:    1.91 km | Vel Err:    0.04 m/s
[Solver Step 003000] t= 1.390 | Pos Err:   28.23 km | Vel Err:    0.54 m/s
[Solver Step 004000] t= 1.737 | Pos Err:  108.27 km | Vel Err:    2.15 m/s
[Solver Step 005000] t= 2.237 | Pos Err:    2.32 km | Vel Err:    0.05 m/s
[Solver Step 006000] t= 2.673 | Pos Err:    1.07 km | Vel Err:    0.02 m/s
[Solver Step 007000] t= 3.075 | Pos Err:    7.10 km | Vel Err:    0.16 m/s
[Solver Step 001000] t= 0.417 | Pos Err:    3.77 km | Vel Err:    0.09 m/s
[Solver Step 002000] t= 0.821 | Pos Err:    0.03 km | Vel Err:    0.00 m/s
[Solver Step 003000] t= 1.261 | Pos Err:    0.12 km | Vel Err:    0.01 m/s
[Solver Step 004000] t= 1.609 | Pos Err:    0.11 km | Vel Err:    0.00 m/s
[Solver Step 005000] t= 1.995 | Pos Err:    0.03 km | Vel Err:    0.00 m/s
[Solver Step 006000] t= 2.447 | Pos Err:    0.04 km | Vel Err:    0.02 m/s
[Solver Step 007000] t= 2.849 | Pos Err:    0.06 km | Vel Err:    0.00 m/s
[Solver Step 008000] t= 3.245 | Pos Err:    0.09 km | Vel Err:    0.00 m/s
[Solver Step 009000] t= 3.621 | Pos Err:    0.15 km | Vel Err:    0.08 m/s
[Solver Step 010000] t= 4.035 | Pos Err:    0.08 km | Vel Err:    0.00 m/s
[Solver Step 011000] t= 4.454 | Pos Err:    0.05 km | Vel Err:    0.00 m/s
[Solver Step 012000] t= 4.897 | Pos Err:    0.04 km | Vel Err:    0.04 m/s
[Solver Step 013000] t= 5.235 | Pos Err:    0.02 km | Vel Err:    0.00 m/s
[Solver Step 014000] t= 5.633 | Pos Err:    0.10 km | Vel Err:    0.00 m/s
[Solver Step 015000] t= 6.112 | Pos Err:    0.11 km | Vel Err:    0.02 m/s
[Solver Step 016000] t= 6.499 | Pos Err:    0.11 km | Vel Err:    0.00 m/s
[Solver Step 017000] t= 6.926 | Pos Err:    0.10 km | Vel Err:    0.00 m/s
[Solver Step 018000] t= 7.270 | Pos Err:    0.13 km | Vel Err:    0.10 m/s
[Solver Step 019000] t= 7.691 | Pos Err:    0.07 km | Vel Err:    0.00 m/s
[Solver Step 020000] t= 8.169 | Pos Err:    0.09 km | Vel Err:    0.00 m/s
[Solver Step 021000] t= 8.555 | Pos Err:    0.09 km | Vel Err:    0.03 m/s
[Solver Step 022000] t= 8.923 | Pos Err:    0.12 km | Vel Err:    0.00 m/s
[Solver Step 023000] t= 9.317 | Pos Err:    0.06 km | Vel Err:    0.00 m/s
[Solver Step 024000] t= 9.776 | Pos Err:    0.01 km | Vel Err:    0.03 m/s
[Solver Step 025000] t=10.176 | Pos Err:    0.02 km | Vel Err:    0.00 m/s
[Solver Step 026000] t=10.576 | Pos Err:    0.05 km | Vel Err:    0.00 m/s
[Solver Step 027000] t=10.935 | Pos Err:    0.15 km | Vel Err:    0.09 m/s
[Solver Step 028000] t=11.354 | Pos Err:    0.11 km | Vel Err:    0.00 m/s
[Solver Step 029000] t=11.811 | Pos Err:    0.09 km | Vel Err:    0.00 m/s
[Solver Step 030000] t=12.179 | Pos Err:    0.06 km | Vel Err:    0.03 m/s
[Solver Step 001000] t= 0.417 | Pos Err:    0.18 km | Vel Err:    0.00 m/s
[Solver Step 002000] t= 0.791 | Pos Err:    0.06 km | Vel Err:    0.00 m/s
[Solver Step 003000] t= 1.100 | Pos Err:    0.01 km | Vel Err:    0.04 m/s
[Solver Step 004000] t= 1.552 | Pos Err:    0.05 km | Vel Err:    0.00 m/s
[Solver Step 005000] t= 2.103 | Pos Err:    0.06 km | Vel Err:    0.00 m/s
[Solver Step 006000] t= 2.516 | Pos Err:    0.05 km | Vel Err:    0.01 m/s
[Solver Step 007000] t= 3.016 | Pos Err:    0.05 km | Vel Err:    0.00 m/s
[Solver Step 008000] t= 3.569 | Pos Err:    0.05 km | Vel Err:    0.00 m/s
[Solver Step 009000] t= 4.058 | Pos Err:    0.05 km | Vel Err:    0.01 m/s
[Solver Step 010000] t= 4.460 | Pos Err:    0.06 km | Vel Err:    0.00 m/s
[Solver Step 011000] t= 4.998 | Pos Err:    0.06 km | Vel Err:    0.00 m/s
[Solver Step 012000] t= 5.586 | Pos Err:    0.04 km | Vel Err:    0.05 m/s
[Solver Step 013000] t= 6.068 | Pos Err:    0.06 km | Vel Err:    0.00 m/s
[Solver Step 014000] t= 6.469 | Pos Err:    0.06 km | Vel Err:    0.00 m/s
[Solver Step 015000] t= 7.027 | Pos Err:    0.03 km | Vel Err:    0.08 m/s
[Multiple Shooting] Converged in 2 iterations with residual 1.50e-15
[Solver Step 001000] t= 0.473 | Pos Err:    0.13 km | Vel Err:    0.00 m/s
[Solver Step 002000] t= 0.988 | Pos Err:    0.13 km | Vel Err:    0.00 m/s
[Solver Step 003000] t= 1.411 | Pos Err:    0.31 km | Vel Err:    0.01 m/s
[Solver Step 004000] t= 1.875 | Pos Err:    0.40 km | Vel Err:    0.01 m/s
[Solver Step 005000] t= 2.394 | Pos Err:    0.08 km | Vel Err:    0.00 m/s
[Solver Step 006000] t= 2.932 | Pos Err:    1.82 km | Vel Err:    0.03 m/s
[Solver Step 001000] t= 0.417 | Pos Err:    0.58 km | Vel Err:    0.01 m/s
[Solver Step 002000] t= 0.791 | Pos Err:    0.06 km | Vel Err:    0.00 m/s
[Solver Step 003000] t= 1.100 | Pos Err:    0.01 km | Vel Err:    0.04 m/s
[Solver Step 004000] t= 1.552 | Pos Err:    0.06 km | Vel Err:    0.00 m/s
[Solver Step 005000] t= 2.103 | Pos Err:    0.06 km | Vel Err:    0.00 m/s
[Solver Step 006000] t= 2.516 | Pos Err:    0.06 km | Vel Err:    0.01 m/s
[Solver Step 007000] t= 3.016 | Pos Err:    0.05 km | Vel Err:    0.00 m/s
[Solver Step 008000] t= 3.569 | Pos Err:    0.06 km | Vel Err:    0.00 m/s
[Solver Step 009000] t= 4.058 | Pos Err:    0.06 km | Vel Err:    0.01 m/s
[Solver Step 010000] t= 4.460 | Pos Err:    0.06 km | Vel Err:    0.00 m/s
[Solver Step 011000] t= 4.998 | Pos Err:    0.06 km | Vel Err:    0.00 m/s
[Solver Step 012000] t= 5.585 | Pos Err:    0.05 km | Vel Err:    0.05 m/s
[Solver Step 013000] t= 6.067 | Pos Err:    0.07 km | Vel Err:    0.00 m/s
[Solver Step 014000] t= 6.469 | Pos Err:    0.06 km | Vel Err:    0.00 m/s
[Solver Step 015000] t= 7.026 | Pos Err:    0.04 km | Vel Err:    0.08 m/s
[Solver Step 001000] t= 0.218 | Pos Err:   12.72 km | Vel Err:    0.20 m/s
[Solver Step 002000] t= 0.471 | Pos Err:    1.53 km | Vel Err:    0.02 m/s
[Solver Step 003000] t= 0.713 | Pos Err:    0.19 km | Vel Err:    0.02 m/s
[Solver Step 004000] t= 0.930 | Pos Err:    0.01 km | Vel Err:    0.00 m/s
[Solver Step 005000] t= 1.179 | Pos Err:    0.04 km | Vel Err:    0.00 m/s
[Solver Step 006000] t= 1.432 | Pos Err:    0.09 km | Vel Err:    0.06 m/s
[Solver Step 007000] t= 1.663 | Pos Err:    0.07 km | Vel Err:    0.00 m/s
[Solver Step 008000] t= 1.877 | Pos Err:    0.05 km | Vel Err:    0.00 m/s
[Solver Step 009000] t= 2.135 | Pos Err:    0.15 km | Vel Err:    0.09 m/s
[Solver Step 010000] t= 2.378 | Pos Err:    0.07 km | Vel Err:    0.00 m/s
[Solver Step 011000] t= 2.592 | Pos Err:    0.05 km | Vel Err:    0.00 m/s
[Solver Step 012000] t= 2.838 | Pos Err:    1.00 km | Vel Err:    0.80 m/s
[Solver Step 013000] t= 3.094 | Pos Err:    0.07 km | Vel Err:    0.00 m/s
[Solver Step 014000] t= 3.315 | Pos Err:    0.04 km | Vel Err:    0.00 m/s
[Solver Step 015000] t= 3.536 | Pos Err:    0.67 km | Vel Err:    0.53 m/s
[Solver Step 016000] t= 3.797 | Pos Err:    0.07 km | Vel Err:    0.00 m/s
[Solver Step 017000] t= 4.040 | Pos Err:    0.04 km | Vel Err:    0.00 m/s
[Solver Step 018000] t= 4.248 | Pos Err:    0.33 km | Vel Err:    0.21 m/s
[Solver Step 019000] t= 4.498 | Pos Err:    0.03 km | Vel Err:    0.02 m/s
[Solver Step 020000] t= 4.753 | Pos Err:    0.02 km | Vel Err:    0.00 m/s
[Solver Step 021000] t= 4.971 | Pos Err:    0.12 km | Vel Err:    0.11 m/s
[Solver Step 022000] t= 5.190 | Pos Err:    0.03 km | Vel Err:    0.01 m/s
[Solver Step 023000] t= 5.456 | Pos Err:    0.01 km | Vel Err:    0.00 m/s
[Solver Step 024000] t= 5.699 | Pos Err:    0.11 km | Vel Err:    0.12 m/s
[Solver Step 025000] t= 5.906 | Pos Err:    0.03 km | Vel Err:    0.00 m/s
[Solver Step 026000] t= 6.159 | Pos Err:    0.01 km | Vel Err:    0.00 m/s
[Solver Step 027000] t= 6.414 | Pos Err:    0.25 km | Vel Err:    0.24 m/s
[Solver Step 028000] t= 6.627 | Pos Err:    0.05 km | Vel Err:    0.00 m/s
[Solver Step 029000] t= 6.851 | Pos Err:    0.03 km | Vel Err:    0.00 m/s
[Multiple Shooting] Converged in 2 iterations with residual 1.71e-15
[Solver Step 001000] t= 0.456 | Pos Err:    0.46 km | Vel Err:    0.01 m/s
[Solver Step 002000] t= 1.014 | Pos Err:    0.15 km | Vel Err:    0.00 m/s
[Solver Step 003000] t= 1.610 | Pos Err:    0.07 km | Vel Err:    0.01 m/s
[Solver Step 004000] t= 2.042 | Pos Err:    0.33 km | Vel Err:    0.01 m/s
[Solver Step 005000] t= 2.500 | Pos Err:    0.31 km | Vel Err:    0.01 m/s
[Solver Step 006000] t= 3.053 | Pos Err:    5.28 km | Vel Err:    0.14 m/s
[Multiple Shooting] Converged in 2 iterations with residual 2.40e-11
[Solver Step 001000] t= 0.415 | Pos Err:    0.46 km | Vel Err:    0.01 m/s
[Solver Step 002000] t= 0.918 | Pos Err:    4.62 km | Vel Err:    0.09 m/s
[Solver Step 003000] t= 1.357 | Pos Err:   66.98 km | Vel Err:    1.41 m/s
[Solver Step 004000] t= 1.748 | Pos Err:   86.26 km | Vel Err:    1.84 m/s
[Solver Step 005000] t= 2.242 | Pos Err:    1.24 km | Vel Err:    0.03 m/s
[Solver Step 006000] t= 2.638 | Pos Err:    0.05 km | Vel Err:    0.01 m/s
[Solver Step 007000] t= 3.090 | Pos Err:    7.37 km | Vel Err:    0.17 m/s
[Multiple Shooting] Converged in 2 iterations with residual 1.92e-15
[Solver Step 001000] t= 0.471 | Pos Err:    0.34 km | Vel Err:    0.01 m/s
[Solver Step 002000] t= 0.987 | Pos Err:    0.12 km | Vel Err:    0.00 m/s
[Solver Step 003000] t= 1.412 | Pos Err:    0.30 km | Vel Err:    0.01 m/s
[Solver Step 004000] t= 1.886 | Pos Err:    0.39 km | Vel Err:    0.01 m/s
[Solver Step 005000] t= 2.411 | Pos Err:    0.23 km | Vel Err:    0.01 m/s
[Solver Step 006000] t= 2.943 | Pos Err:    1.30 km | Vel Err:    0.03 m/s
[Multiple Shooting] Converged in 2 iterations with residual 2.25e-15
[Solver Step 001000] t= 0.471 | Pos Err:    0.35 km | Vel Err:    0.01 m/s
[Solver Step 002000] t= 0.986 | Pos Err:    0.12 km | Vel Err:    0.00 m/s
[Solver Step 003000] t= 1.404 | Pos Err:    0.29 km | Vel Err:    0.01 m/s
[Solver Step 004000] t= 1.848 | Pos Err:    0.19 km | Vel Err:    0.00 m/s
[Solver Step 005000] t= 2.352 | Pos Err:    0.50 km | Vel Err:    0.01 m/s
[Solver Step 006000] t= 2.897 | Pos Err:    2.34 km | Vel Err:    0.04 m/s
[Solver Step 001000] t= 0.416 | Pos Err:    3.55 km | Vel Err:    0.08 m/s
[Solver Step 002000] t= 0.820 | Pos Err:    0.07 km | Vel Err:    0.00 m/s
[Solver Step 003000] t= 1.261 | Pos Err:    0.10 km | Vel Err:    0.01 m/s
[Solver Step 004000] t= 1.608 | Pos Err:    0.11 km | Vel Err:    0.00 m/s
[Solver Step 005000] t= 1.994 | Pos Err:    0.07 km | Vel Err:    0.00 m/s
[Solver Step 006000] t= 2.446 | Pos Err:    0.03 km | Vel Err:    0.02 m/s
[Solver Step 007000] t= 2.848 | Pos Err:    0.03 km | Vel Err:    0.00 m/s
[Solver Step 008000] t= 3.245 | Pos Err:    0.05 km | Vel Err:    0.00 m/s
[Solver Step 009000] t= 3.620 | Pos Err:    0.12 km | Vel Err:    0.08 m/s
[Solver Step 010000] t= 4.034 | Pos Err:    0.10 km | Vel Err:    0.00 m/s
[Solver Step 011000] t= 4.453 | Pos Err:    0.08 km | Vel Err:    0.00 m/s
[Solver Step 012000] t= 4.896 | Pos Err:    0.06 km | Vel Err:    0.04 m/s
[Solver Step 013000] t= 5.234 | Pos Err:    0.03 km | Vel Err:    0.00 m/s
[Solver Step 014000] t= 5.632 | Pos Err:    0.07 km | Vel Err:    0.00 m/s
[Solver Step 015000] t= 6.111 | Pos Err:    0.10 km | Vel Err:    0.02 m/s
[Solver Step 016000] t= 6.498 | Pos Err:    0.11 km | Vel Err:    0.00 m/s
[Solver Step 017000] t= 6.925 | Pos Err:    0.11 km | Vel Err:    0.00 m/s
[Solver Step 018000] t= 7.269 | Pos Err:    0.16 km | Vel Err:    0.10 m/s
[Solver Step 019000] t= 7.690 | Pos Err:    0.03 km | Vel Err:    0.00 m/s
[Solver Step 020000] t= 8.169 | Pos Err:    0.06 km | Vel Err:    0.00 m/s
[Solver Step 021000] t= 8.554 | Pos Err:    0.07 km | Vel Err:    0.03 m/s
[Solver Step 022000] t= 8.923 | Pos Err:    0.10 km | Vel Err:    0.00 m/s
[Solver Step 023000] t= 9.316 | Pos Err:    0.09 km | Vel Err:    0.00 m/s
[Solver Step 024000] t= 9.775 | Pos Err:    0.05 km | Vel Err:    0.03 m/s
[Solver Step 025000] t=10.175 | Pos Err:    0.03 km | Vel Err:    0.00 m/s
[Solver Step 026000] t=10.575 | Pos Err:    0.03 km | Vel Err:    0.00 m/s
[Solver Step 027000] t=10.934 | Pos Err:    0.11 km | Vel Err:    0.09 m/s
[Solver Step 028000] t=11.354 | Pos Err:    0.11 km | Vel Err:    0.00 m/s
[Solver Step 029000] t=11.810 | Pos Err:    0.10 km | Vel Err:    0.00 m/s
[Solver Step 030000] t=12.179 | Pos Err:    0.08 km | Vel Err:    0.03 m/s
[Multiple Shooting] Converged in 2 iterations with residual 1.42e-15
[Solver Step 001000] t= 0.465 | Pos Err:    0.28 km | Vel Err:    0.01 m/s
[Solver Step 002000] t= 0.991 | Pos Err:    0.08 km | Vel Err:    0.00 m/s
[Solver Step 003000] t= 1.583 | Pos Err:    0.25 km | Vel Err:    0.02 m/s
[Solver Step 004000] t= 2.100 | Pos Err:    0.21 km | Vel Err:    0.00 m/s
[Solver Step 005000] t= 2.503 | Pos Err:    0.31 km | Vel Err:    0.01 m/s
[Solver Step 006000] t= 3.026 | Pos Err:    3.92 km | Vel Err:    0.10 m/s
[Solver Step 001000] t= 0.411 | Pos Err:    3.23 km | Vel Err:    0.07 m/s
[Solver Step 002000] t= 0.815 | Pos Err:    0.11 km | Vel Err:    0.00 m/s
[Solver Step 003000] t= 1.257 | Pos Err:    0.01 km | Vel Err:    0.01 m/s
[Solver Step 004000] t= 1.604 | Pos Err:    0.04 km | Vel Err:    0.00 m/s
[Solver Step 005000] t= 1.989 | Pos Err:    0.10 km | Vel Err:    0.00 m/s
[Solver Step 006000] t= 2.443 | Pos Err:    0.10 km | Vel Err:    0.02 m/s
[Solver Step 007000] t= 2.843 | Pos Err:    0.09 km | Vel Err:    0.00 m/s
[Solver Step 008000] t= 3.242 | Pos Err:    0.07 km | Vel Err:    0.00 m/s
[Solver Step 009000] t= 3.616 | Pos Err:    0.08 km | Vel Err:    0.08 m/s
[Solver Step 010000] t= 4.030 | Pos Err:    0.08 km | Vel Err:    0.00 m/s
[Solver Step 011000] t= 4.450 | Pos Err:    0.10 km | Vel Err:    0.00 m/s
[Solver Step 012000] t= 4.892 | Pos Err:    0.09 km | Vel Err:    0.04 m/s
[Solver Step 013000] t= 5.231 | Pos Err:    0.10 km | Vel Err:    0.00 m/s
[Solver Step 014000] t= 5.628 | Pos Err:    0.04 km | Vel Err:    0.00 m/s
[Solver Step 015000] t= 6.107 | Pos Err:    0.02 km | Vel Err:    0.02 m/s
[Solver Step 016000] t= 6.493 | Pos Err:    0.04 km | Vel Err:    0.00 m/s
[Solver Step 017000] t= 6.921 | Pos Err:    0.07 km | Vel Err:    0.00 m/s
[Solver Step 018000] t= 7.265 | Pos Err:    0.14 km | Vel Err:    0.11 m/s
[Solver Step 019000] t= 7.685 | Pos Err:    0.09 km | Vel Err:    0.00 m/s
[Solver Step 020000] t= 8.165 | Pos Err:    0.06 km | Vel Err:    0.00 m/s
[Solver Step 021000] t= 8.550 | Pos Err:    0.04 km | Vel Err:    0.03 m/s
[Solver Step 022000] t= 8.921 | Pos Err:    0.01 km | Vel Err:    0.00 m/s
[Solver Step 023000] t= 9.312 | Pos Err:    0.09 km | Vel Err:    0.00 m/s
[Solver Step 024000] t= 9.770 | Pos Err:    0.10 km | Vel Err:    0.03 m/s
[Solver Step 025000] t=10.171 | Pos Err:    0.11 km | Vel Err:    0.00 m/s
[Solver Step 026000] t=10.571 | Pos Err:    0.09 km | Vel Err:    0.00 m/s
[Solver Step 027000] t=10.930 | Pos Err:    0.11 km | Vel Err:    0.09 m/s
[Solver Step 028000] t=11.351 | Pos Err:    0.05 km | Vel Err:    0.00 m/s
[Solver Step 029000] t=11.805 | Pos Err:    0.08 km | Vel Err:    0.00 m/s
[Solver Step 030000] t=12.175 | Pos Err:    0.08 km | Vel Err:    0.03 m/s
[Solver Step 031000] t=12.566 | Pos Err:    0.10 km | Vel Err:    0.00 m/s
[Solver Step 001000] t= 0.215 | Pos Err:   17.69 km | Vel Err:    0.28 m/s
[Solver Step 002000] t= 0.468 | Pos Err:    2.14 km | Vel Err:    0.05 m/s
[Solver Step 003000] t= 0.711 | Pos Err:    0.30 km | Vel Err:    0.05 m/s
[Solver Step 004000] t= 0.925 | Pos Err:    0.02 km | Vel Err:    0.00 m/s
[Solver Step 005000] t= 1.175 | Pos Err:    0.06 km | Vel Err:    0.00 m/s
[Solver Step 006000] t= 1.429 | Pos Err:    0.09 km | Vel Err:    0.05 m/s
[Solver Step 007000] t= 1.656 | Pos Err:    0.08 km | Vel Err:    0.00 m/s
[Solver Step 008000] t= 1.871 | Pos Err:    0.08 km | Vel Err:    0.00 m/s
[Solver Step 009000] t= 2.133 | Pos Err:    0.25 km | Vel Err:    0.19 m/s
[Solver Step 010000] t= 2.373 | Pos Err:    0.08 km | Vel Err:    0.00 m/s
[Solver Step 011000] t= 2.584 | Pos Err:    0.06 km | Vel Err:    0.00 m/s
[Solver Step 012000] t= 2.834 | Pos Err:    1.59 km | Vel Err:    1.23 m/s
[Solver Step 013000] t= 3.089 | Pos Err:    0.07 km | Vel Err:    0.00 m/s
[Solver Step 014000] t= 3.307 | Pos Err:    0.04 km | Vel Err:    0.00 m/s
[Solver Step 015000] t= 3.531 | Pos Err:    0.75 km | Vel Err:    0.58 m/s
[Solver Step 016000] t= 3.793 | Pos Err:    0.06 km | Vel Err:    0.01 m/s
[Solver Step 017000] t= 4.033 | Pos Err:    0.02 km | Vel Err:    0.00 m/s
[Solver Step 018000] t= 4.240 | Pos Err:    0.37 km | Vel Err:    0.23 m/s
[Solver Step 019000] t= 4.493 | Pos Err:    0.04 km | Vel Err:    0.02 m/s
[Solver Step 020000] t= 4.745 | Pos Err:    0.01 km | Vel Err:    0.00 m/s
[Solver Step 021000] t= 4.961 | Pos Err:    0.17 km | Vel Err:    0.12 m/s
[Solver Step 022000] t= 5.184 | Pos Err:    0.02 km | Vel Err:    0.01 m/s
[Solver Step 023000] t= 5.450 | Pos Err:    0.02 km | Vel Err:    0.00 m/s
[Solver Step 024000] t= 5.691 | Pos Err:    0.12 km | Vel Err:    0.11 m/s
[Solver Step 025000] t= 5.899 | Pos Err:    0.05 km | Vel Err:    0.00 m/s
[Solver Step 026000] t= 6.155 | Pos Err:    0.04 km | Vel Err:    0.00 m/s
[Solver Step 027000] t= 6.408 | Pos Err:    0.26 km | Vel Err:    0.24 m/s
[Solver Step 028000] t= 6.618 | Pos Err:    0.07 km | Vel Err:    0.00 m/s
[Solver Step 029000] t= 6.847 | Pos Err:    0.06 km | Vel Err:    0.00 m/s
[Multiple Shooting] Converged in 3 iterations with residual 4.13e-11
[Solver Step 001000] t= 0.388 | Pos Err:    6.63 km | Vel Err:    0.14 m/s
[Solver Step 002000] t= 0.772 | Pos Err:    6.06 km | Vel Err:    0.11 m/s
[Solver Step 003000] t= 1.147 | Pos Err:    2.06 km | Vel Err:    0.07 m/s
[Solver Step 004000] t= 1.519 | Pos Err:   10.89 km | Vel Err:    0.22 m/s
[Solver Step 005000] t= 1.904 | Pos Err:    1.10 km | Vel Err:    0.03 m/s
[Solver Step 006000] t= 2.290 | Pos Err:   18.74 km | Vel Err:    0.35 m/s
[Multiple Shooting] Converged in 2 iterations with residual 1.62e-15
[Solver Step 001000] t= 0.458 | Pos Err:    0.47 km | Vel Err:    0.01 m/s
[Solver Step 002000] t= 1.012 | Pos Err:    0.14 km | Vel Err:    0.00 m/s
[Solver Step 003000] t= 1.611 | Pos Err:    0.08 km | Vel Err:    0.01 m/s
[Solver Step 004000] t= 2.052 | Pos Err:    0.26 km | Vel Err:    0.01 m/s
[Solver Step 005000] t= 2.502 | Pos Err:    0.31 km | Vel Err:    0.01 m/s
[Solver Step 006000] t= 3.052 | Pos Err:    5.19 km | Vel Err:    0.14 m/s
[Multiple Shooting] Converged in 2 iterations with residual 1.78e-15
[Solver Step 001000] t= 0.484 | Pos Err:    0.28 km | Vel Err:    0.01 m/s
[Solver Step 002000] t= 0.962 | Pos Err:    0.17 km | Vel Err:    0.00 m/s
[Solver Step 003000] t= 1.433 | Pos Err:    0.18 km | Vel Err:    0.01 m/s
[Solver Step 004000] t= 1.969 | Pos Err:    0.21 km | Vel Err:    0.01 m/s
[Solver Step 005000] t= 2.525 | Pos Err:    0.30 km | Vel Err:    0.01 m/s
[Solver Step 006000] t= 2.928 | Pos Err:    1.69 km | Vel Err:    0.03 m/s
[Multiple Shooting] Converged in 2 iterations with residual 3.62e-11
[Solver Step 001000] t= 0.432 | Pos Err:    0.52 km | Vel Err:    0.01 m/s
[Solver Step 002000] t= 0.891 | Pos Err:    0.23 km | Vel Err:    0.01 m/s
[Solver Step 003000] t= 1.382 | Pos Err:    0.98 km | Vel Err:    0.02 m/s
[Solver Step 004000] t= 1.804 | Pos Err:    2.40 km | Vel Err:    0.04 m/s
[Solver Step 005000] t= 2.156 | Pos Err:  199.49 km | Vel Err:    3.90 m/s
[Solver Step 006000] t= 2.611 | Pos Err:   10.20 km | Vel Err:    0.21 m/s
[Solver Step 007000] t= 3.090 | Pos Err:   37.60 km | Vel Err:    0.84 m/s
[Multiple Shooting] Converged in 2 iterations with residual 1.51e-15
[Solver Step 001000] t= 0.470 | Pos Err:    0.33 km | Vel Err:    0.01 m/s
[Solver Step 002000] t= 0.959 | Pos Err:    0.17 km | Vel Err:    0.00 m/s
[Solver Step 003000] t= 1.521 | Pos Err:    0.04 km | Vel Err:    0.01 m/s
[Solver Step 004000] t= 2.089 | Pos Err:    0.13 km | Vel Err:    0.00 m/s
[Solver Step 005000] t= 2.491 | Pos Err:    0.26 km | Vel Err:    0.00 m/s
[Solver Step 006000] t= 2.979 | Pos Err:    0.94 km | Vel Err:    0.04 m/s
[Multiple Shooting] Converged in 2 iterations with residual 1.43e-15
[Solver Step 001000] t= 0.493 | Pos Err:    0.33 km | Vel Err:    0.01 m/s
[Solver Step 002000] t= 0.944 | Pos Err:    0.27 km | Vel Err:    0.01 m/s
[Solver Step 003000] t= 1.457 | Pos Err:    0.07 km | Vel Err:    0.01 m/s
[Solver Step 004000] t= 2.028 | Pos Err:    0.33 km | Vel Err:    0.01 m/s
[Solver Step 005000] t= 2.529 | Pos Err:    0.23 km | Vel Err:    0.00 m/s
[Solver Step 006000] t= 2.932 | Pos Err:    1.43 km | Vel Err:    0.03 m/s
[Solver Step 001000] t= 0.413 | Pos Err:    1.34 km | Vel Err:    0.03 m/s
[Solver Step 002000] t= 0.818 | Pos Err:    0.06 km | Vel Err:    0.00 m/s
[Solver Step 003000] t= 1.259 | Pos Err:    0.05 km | Vel Err:    0.01 m/s
[Solver Step 004000] t= 1.606 | Pos Err:    0.04 km | Vel Err:    0.00 m/s
[Solver Step 005000] t= 1.992 | Pos Err:    0.05 km | Vel Err:    0.00 m/s
[Solver Step 006000] t= 2.444 | Pos Err:    0.08 km | Vel Err:    0.02 m/s
[Solver Step 007000] t= 2.846 | Pos Err:    0.08 km | Vel Err:    0.00 m/s
[Solver Step 008000] t= 3.243 | Pos Err:    0.07 km | Vel Err:    0.00 m/s
[Solver Step 009000] t= 3.618 | Pos Err:    0.12 km | Vel Err:    0.08 m/s
[Solver Step 010000] t= 4.032 | Pos Err:    0.04 km | Vel Err:    0.00 m/s
[Solver Step 011000] t= 4.451 | Pos Err:    0.05 km | Vel Err:    0.00 m/s
[Solver Step 012000] t= 4.894 | Pos Err:    0.04 km | Vel Err:    0.04 m/s
[Solver Step 013000] t= 5.232 | Pos Err:    0.07 km | Vel Err:    0.00 m/s
[Solver Step 014000] t= 5.630 | Pos Err:    0.06 km | Vel Err:    0.00 m/s
[Solver Step 015000] t= 6.109 | Pos Err:    0.04 km | Vel Err:    0.02 m/s
[Solver Step 016000] t= 6.496 | Pos Err:    0.04 km | Vel Err:    0.00 m/s
[Solver Step 017000] t= 6.923 | Pos Err:    0.04 km | Vel Err:    0.00 m/s
[Solver Step 018000] t= 7.267 | Pos Err:    0.10 km | Vel Err:    0.10 m/s
[Solver Step 019000] t= 7.687 | Pos Err:    0.08 km | Vel Err:    0.00 m/s
[Solver Step 020000] t= 8.167 | Pos Err:    0.07 km | Vel Err:    0.00 m/s
[Solver Step 021000] t= 8.552 | Pos Err:    0.05 km | Vel Err:    0.03 m/s
[Solver Step 022000] t= 8.922 | Pos Err:    0.05 km | Vel Err:    0.00 m/s
[Solver Step 023000] t= 9.314 | Pos Err:    0.04 km | Vel Err:    0.00 m/s
[Solver Step 024000] t= 9.772 | Pos Err:    0.06 km | Vel Err:    0.03 m/s
[Solver Step 025000] t=10.173 | Pos Err:    0.08 km | Vel Err:    0.00 m/s
[Solver Step 026000] t=10.573 | Pos Err:    0.08 km | Vel Err:    0.00 m/s
[Solver Step 027000] t=10.932 | Pos Err:    0.14 km | Vel Err:    0.09 m/s
[Solver Step 028000] t=11.352 | Pos Err:    0.04 km | Vel Err:    0.00 m/s
[Solver Step 029000] t=11.808 | Pos Err:    0.04 km | Vel Err:    0.00 m/s
[Solver Step 030000] t=12.177 | Pos Err:    0.03 km | Vel Err:    0.03 m/s
[Solver Step 001000] t= 0.216 | Pos Err:   19.60 km | Vel Err:    0.38 m/s
[Solver Step 002000] t= 0.469 | Pos Err:    2.34 km | Vel Err:    0.07 m/s
[Solver Step 003000] t= 0.710 | Pos Err:    0.34 km | Vel Err:    0.05 m/s
[Solver Step 004000] t= 0.927 | Pos Err:    0.02 km | Vel Err:    0.00 m/s
[Solver Step 005000] t= 1.177 | Pos Err:    0.07 km | Vel Err:    0.00 m/s
[Solver Step 006000] t= 1.430 | Pos Err:    0.09 km | Vel Err:    0.03 m/s
[Solver Step 007000] t= 1.661 | Pos Err:    0.08 km | Vel Err:    0.00 m/s
[Solver Step 008000] t= 1.877 | Pos Err:    0.08 km | Vel Err:    0.00 m/s
[Solver Step 009000] t= 2.135 | Pos Err:    0.19 km | Vel Err:    0.14 m/s
[Solver Step 010000] t= 2.381 | Pos Err:    0.08 km | Vel Err:    0.00 m/s
[Solver Step 011000] t= 2.597 | Pos Err:    0.06 km | Vel Err:    0.00 m/s
[Solver Step 012000] t= 2.841 | Pos Err:    1.07 km | Vel Err:    0.83 m/s
[Solver Step 013000] t= 3.096 | Pos Err:    0.07 km | Vel Err:    0.00 m/s
[Solver Step 014000] t= 3.317 | Pos Err:    0.04 km | Vel Err:    0.00 m/s
[Solver Step 015000] t= 3.538 | Pos Err:    0.68 km | Vel Err:    0.51 m/s
[Solver Step 016000] t= 3.798 | Pos Err:    0.06 km | Vel Err:    0.00 m/s
[Solver Step 017000] t= 4.040 | Pos Err:    0.02 km | Vel Err:    0.00 m/s
[Solver Step 018000] t= 4.250 | Pos Err:    0.35 km | Vel Err:    0.20 m/s
[Solver Step 019000] t= 4.499 | Pos Err:    0.03 km | Vel Err:    0.02 m/s
[Solver Step 020000] t= 4.754 | Pos Err:    0.03 km | Vel Err:    0.00 m/s
[Solver Step 021000] t= 4.973 | Pos Err:    0.15 km | Vel Err:    0.11 m/s
[Solver Step 022000] t= 5.192 | Pos Err:    0.03 km | Vel Err:    0.01 m/s
[Solver Step 023000] t= 5.458 | Pos Err:    0.03 km | Vel Err:    0.00 m/s
[Solver Step 024000] t= 5.701 | Pos Err:    0.13 km | Vel Err:    0.12 m/s
[Solver Step 025000] t= 5.908 | Pos Err:    0.06 km | Vel Err:    0.00 m/s
[Solver Step 026000] t= 6.160 | Pos Err:    0.05 km | Vel Err:    0.00 m/s
[Solver Step 027000] t= 6.416 | Pos Err:    0.26 km | Vel Err:    0.24 m/s
[Solver Step 028000] t= 6.629 | Pos Err:    0.08 km | Vel Err:    0.00 m/s
[Solver Step 029000] t= 6.852 | Pos Err:    0.07 km | Vel Err:    0.00 m/s
[Solver Step 001000] t= 0.417 | Pos Err:    0.27 km | Vel Err:    0.01 m/s
[Solver Step 002000] t= 0.791 | Pos Err:    0.05 km | Vel Err:    0.00 m/s
[Solver Step 003000] t= 1.100 | Pos Err:    0.01 km | Vel Err:    0.04 m/s
[Solver Step 004000] t= 1.552 | Pos Err:    0.06 km | Vel Err:    0.00 m/s
[Solver Step 005000] t= 2.103 | Pos Err:    0.06 km | Vel Err:    0.00 m/s
[Solver Step 006000] t= 2.516 | Pos Err:    0.06 km | Vel Err:    0.01 m/s
[Solver Step 007000] t= 3.016 | Pos Err:    0.06 km | Vel Err:    0.00 m/s
[Solver Step 008000] t= 3.568 | Pos Err:    0.06 km | Vel Err:    0.00 m/s
[Solver Step 009000] t= 4.058 | Pos Err:    0.06 km | Vel Err:    0.01 m/s
[Solver Step 010000] t= 4.460 | Pos Err:    0.06 km | Vel Err:    0.00 m/s
[Solver Step 011000] t= 4.998 | Pos Err:    0.06 km | Vel Err:    0.00 m/s
[Solver Step 012000] t= 5.585 | Pos Err:    0.04 km | Vel Err:    0.05 m/s
[Solver Step 013000] t= 6.067 | Pos Err:    0.06 km | Vel Err:    0.00 m/s
[Solver Step 014000] t= 6.468 | Pos Err:    0.06 km | Vel Err:    0.00 m/s
[Solver Step 015000] t= 7.026 | Pos Err:    0.03 km | Vel Err:    0.08 m/s
[Solver Step 001000] t= 0.415 | Pos Err:    0.47 km | Vel Err:    0.01 m/s
[Solver Step 002000] t= 0.789 | Pos Err:    0.07 km | Vel Err:    0.00 m/s
[Solver Step 003000] t= 1.099 | Pos Err:    0.01 km | Vel Err:    0.04 m/s
[Solver Step 004000] t= 1.550 | Pos Err:    0.05 km | Vel Err:    0.00 m/s
[Solver Step 005000] t= 2.101 | Pos Err:    0.05 km | Vel Err:    0.00 m/s
[Solver Step 006000] t= 2.514 | Pos Err:    0.05 km | Vel Err:    0.01 m/s
[Solver Step 007000] t= 3.014 | Pos Err:    0.05 km | Vel Err:    0.00 m/s
[Solver Step 008000] t= 3.567 | Pos Err:    0.05 km | Vel Err:    0.00 m/s
[Solver Step 009000] t= 4.057 | Pos Err:    0.04 km | Vel Err:    0.01 m/s
[Solver Step 010000] t= 4.458 | Pos Err:    0.05 km | Vel Err:    0.00 m/s
[Solver Step 011000] t= 4.996 | Pos Err:    0.05 km | Vel Err:    0.00 m/s
[Solver Step 012000] t= 5.583 | Pos Err:    0.04 km | Vel Err:    0.05 m/s
[Solver Step 013000] t= 6.066 | Pos Err:    0.06 km | Vel Err:    0.00 m/s
[Solver Step 014000] t= 6.467 | Pos Err:    0.06 km | Vel Err:    0.00 m/s
[Solver Step 015000] t= 7.024 | Pos Err:    0.04 km | Vel Err:    0.08 m/s
[Solver Step 001000] t= 0.414 | Pos Err:    3.11 km | Vel Err:    0.07 m/s
[Solver Step 002000] t= 0.818 | Pos Err:    0.10 km | Vel Err:    0.00 m/s
[Solver Step 003000] t= 1.260 | Pos Err:    0.04 km | Vel Err:    0.01 m/s
[Solver Step 004000] t= 1.607 | Pos Err:    0.07 km | Vel Err:    0.00 m/s
[Solver Step 005000] t= 1.992 | Pos Err:    0.10 km | Vel Err:    0.00 m/s
[Solver Step 006000] t= 2.445 | Pos Err:    0.08 km | Vel Err:    0.02 m/s
[Solver Step 007000] t= 2.847 | Pos Err:    0.06 km | Vel Err:    0.00 m/s
[Solver Step 008000] t= 3.244 | Pos Err:    0.04 km | Vel Err:    0.00 m/s
[Solver Step 009000] t= 3.619 | Pos Err:    0.06 km | Vel Err:    0.08 m/s
[Solver Step 010000] t= 4.033 | Pos Err:    0.09 km | Vel Err:    0.00 m/s
[Solver Step 011000] t= 4.452 | Pos Err:    0.11 km | Vel Err:    0.00 m/s
[Solver Step 012000] t= 4.895 | Pos Err:    0.09 km | Vel Err:    0.04 m/s
[Solver Step 013000] t= 5.233 | Pos Err:    0.09 km | Vel Err:    0.00 m/s
[Solver Step 014000] t= 5.631 | Pos Err:    0.02 km | Vel Err:    0.00 m/s
[Solver Step 015000] t= 6.110 | Pos Err:    0.05 km | Vel Err:    0.02 m/s
[Solver Step 016000] t= 6.496 | Pos Err:    0.07 km | Vel Err:    0.00 m/s
[Solver Step 017000] t= 6.924 | Pos Err:    0.09 km | Vel Err:    0.00 m/s
[Solver Step 018000] t= 7.268 | Pos Err:    0.16 km | Vel Err:    0.10 m/s
[Solver Step 019000] t= 7.688 | Pos Err:    0.06 km | Vel Err:    0.00 m/s
[Solver Step 020000] t= 8.167 | Pos Err:    0.03 km | Vel Err:    0.00 m/s
[Solver Step 021000] t= 8.553 | Pos Err:    0.02 km | Vel Err:    0.03 m/s
[Solver Step 022000] t= 8.922 | Pos Err:    0.04 km | Vel Err:    0.00 m/s
[Solver Step 023000] t= 9.314 | Pos Err:    0.10 km | Vel Err:    0.00 m/s
[Solver Step 024000] t= 9.773 | Pos Err:    0.09 km | Vel Err:    0.03 m/s
[Solver Step 025000] t=10.174 | Pos Err:    0.09 km | Vel Err:    0.00 m/s
[Solver Step 026000] t=10.574 | Pos Err:    0.07 km | Vel Err:    0.00 m/s
[Solver Step 027000] t=10.933 | Pos Err:    0.09 km | Vel Err:    0.09 m/s
[Solver Step 028000] t=11.353 | Pos Err:    0.08 km | Vel Err:    0.00 m/s
[Solver Step 029000] t=11.808 | Pos Err:    0.09 km | Vel Err:    0.00 m/s
[Solver Step 030000] t=12.177 | Pos Err:    0.09 km | Vel Err:    0.03 m/s
[Multiple Shooting] Converged in 2 iterations with residual 1.98e-14
[Solver Step 001000] t= 0.467 | Pos Err:    0.26 km | Vel Err:    0.01 m/s
[Solver Step 002000] t= 0.963 | Pos Err:    0.14 km | Vel Err:    0.00 m/s
[Solver Step 003000] t= 1.357 | Pos Err:    0.17 km | Vel Err:    0.00 m/s
[Solver Step 004000] t= 1.819 | Pos Err:    0.10 km | Vel Err:    0.00 m/s
[Solver Step 005000] t= 2.218 | Pos Err:    0.30 km | Vel Err:    0.01 m/s
[Solver Step 006000] t= 2.729 | Pos Err:    0.20 km | Vel Err:    0.03 m/s
[Multiple Shooting] Converged in 2 iterations with residual 1.30e-15
[Solver Step 001000] t= 0.458 | Pos Err:    0.42 km | Vel Err:    0.01 m/s
[Solver Step 002000] t= 1.022 | Pos Err:    0.14 km | Vel Err:    0.00 m/s
[Solver Step 003000] t= 1.612 | Pos Err:    0.08 km | Vel Err:    0.01 m/s
[Solver Step 004000] t= 2.031 | Pos Err:    0.32 km | Vel Err:    0.01 m/s
[Solver Step 005000] t= 2.500 | Pos Err:    0.32 km | Vel Err:    0.01 m/s
[Solver Step 006000] t= 3.059 | Pos Err:    5.53 km | Vel Err:    0.15 m/s
[Solver Step 001000] t= 0.217 | Pos Err:   24.24 km | Vel Err:    0.62 m/s
[Solver Step 002000] t= 0.470 | Pos Err:    3.09 km | Vel Err:    0.06 m/s
[Solver Step 003000] t= 0.711 | Pos Err:    0.37 km | Vel Err:    0.03 m/s
[Solver Step 004000] t= 0.930 | Pos Err:    0.03 km | Vel Err:    0.01 m/s
[Solver Step 005000] t= 1.177 | Pos Err:    0.03 km | Vel Err:    0.00 m/s
[Solver Step 006000] t= 1.430 | Pos Err:    0.09 km | Vel Err:    0.03 m/s
[Solver Step 007000] t= 1.660 | Pos Err:    0.09 km | Vel Err:    0.00 m/s
[Solver Step 008000] t= 1.873 | Pos Err:    0.07 km | Vel Err:    0.00 m/s
[Solver Step 009000] t= 2.133 | Pos Err:    0.29 km | Vel Err:    0.19 m/s
[Solver Step 010000] t= 2.371 | Pos Err:    0.11 km | Vel Err:    0.00 m/s
[Solver Step 011000] t= 2.582 | Pos Err:    0.08 km | Vel Err:    0.00 m/s
[Solver Step 012000] t= 2.833 | Pos Err:    1.64 km | Vel Err:    1.31 m/s
[Solver Step 013000] t= 3.087 | Pos Err:    0.11 km | Vel Err:    0.00 m/s
[Solver Step 014000] t= 3.305 | Pos Err:    0.08 km | Vel Err:    0.00 m/s
[Solver Step 015000] t= 3.529 | Pos Err:    0.68 km | Vel Err:    0.59 m/s
[Solver Step 016000] t= 3.792 | Pos Err:    0.11 km | Vel Err:    0.00 m/s
[Solver Step 017000] t= 4.032 | Pos Err:    0.08 km | Vel Err:    0.00 m/s
[Solver Step 018000] t= 4.238 | Pos Err:    0.31 km | Vel Err:    0.24 m/s
[Solver Step 019000] t= 4.493 | Pos Err:    0.08 km | Vel Err:    0.02 m/s
[Solver Step 020000] t= 4.745 | Pos Err:    0.07 km | Vel Err:    0.00 m/s
[Solver Step 021000] t= 4.961 | Pos Err:    0.09 km | Vel Err:    0.12 m/s
[Solver Step 022000] t= 5.184 | Pos Err:    0.08 km | Vel Err:    0.01 m/s
[Solver Step 023000] t= 5.450 | Pos Err:    0.05 km | Vel Err:    0.00 m/s
[Solver Step 024000] t= 5.691 | Pos Err:    0.09 km | Vel Err:    0.11 m/s
[Solver Step 025000] t= 5.897 | Pos Err:    0.06 km | Vel Err:    0.00 m/s
[Solver Step 026000] t= 6.154 | Pos Err:    0.04 km | Vel Err:    0.00 m/s
[Solver Step 027000] t= 6.406 | Pos Err:    0.25 km | Vel Err:    0.24 m/s
[Solver Step 028000] t= 6.616 | Pos Err:    0.06 km | Vel Err:    0.00 m/s
[Solver Step 029000] t= 6.845 | Pos Err:    0.04 km | Vel Err:    0.00 m/s
[Solver Step 001000] t= 0.215 | Pos Err:   28.90 km | Vel Err:    0.69 m/s
[Solver Step 002000] t= 0.468 | Pos Err:    3.52 km | Vel Err:    0.06 m/s
[Solver Step 003000] t= 0.712 | Pos Err:    0.47 km | Vel Err:    0.05 m/s
[Solver Step 004000] t= 0.926 | Pos Err:    0.05 km | Vel Err:    0.00 m/s
[Solver Step 005000] t= 1.176 | Pos Err:    0.09 km | Vel Err:    0.00 m/s
[Solver Step 006000] t= 1.429 | Pos Err:    0.04 km | Vel Err:    0.03 m/s
[Solver Step 007000] t= 1.658 | Pos Err:    0.05 km | Vel Err:    0.00 m/s
[Solver Step 008000] t= 1.873 | Pos Err:    0.08 km | Vel Err:    0.00 m/s
[Solver Step 009000] t= 2.133 | Pos Err:    0.13 km | Vel Err:    0.15 m/s
[Solver Step 010000] t= 2.374 | Pos Err:    0.04 km | Vel Err:    0.00 m/s
[Solver Step 011000] t= 2.586 | Pos Err:    0.06 km | Vel Err:    0.00 m/s
[Solver Step 012000] t= 2.835 | Pos Err:    1.34 km | Vel Err:    1.06 m/s
[Solver Step 013000] t= 3.090 | Pos Err:    0.03 km | Vel Err:    0.00 m/s
[Solver Step 014000] t= 3.309 | Pos Err:    0.06 km | Vel Err:    0.00 m/s
[Solver Step 015000] t= 3.532 | Pos Err:    0.82 km | Vel Err:    0.57 m/s
[Solver Step 016000] t= 3.794 | Pos Err:    0.04 km | Vel Err:    0.01 m/s
[Solver Step 017000] t= 4.035 | Pos Err:    0.08 km | Vel Err:    0.00 m/s
[Solver Step 018000] t= 4.242 | Pos Err:    0.45 km | Vel Err:    0.23 m/s
[Solver Step 019000] t= 4.494 | Pos Err:    0.08 km | Vel Err:    0.02 m/s
[Solver Step 020000] t= 4.747 | Pos Err:    0.10 km | Vel Err:    0.00 m/s
[Solver Step 021000] t= 4.963 | Pos Err:    0.22 km | Vel Err:    0.12 m/s
[Solver Step 022000] t= 5.186 | Pos Err:    0.09 km | Vel Err:    0.01 m/s
[Solver Step 023000] t= 5.451 | Pos Err:    0.11 km | Vel Err:    0.00 m/s
[Solver Step 024000] t= 5.693 | Pos Err:    0.11 km | Vel Err:    0.11 m/s
[Solver Step 025000] t= 5.901 | Pos Err:    0.08 km | Vel Err:    0.01 m/s
[Solver Step 026000] t= 6.156 | Pos Err:    0.10 km | Vel Err:    0.00 m/s
[Solver Step 027000] t= 6.409 | Pos Err:    0.18 km | Vel Err:    0.24 m/s
[Solver Step 028000] t= 6.620 | Pos Err:    0.08 km | Vel Err:    0.00 m/s
[Solver Step 029000] t= 6.848 | Pos Err:    0.11 km | Vel Err:    0.00 m/s
[Solver Step 001000] t= 0.410 | Pos Err:    4.61 km | Vel Err:    0.11 m/s
[Solver Step 002000] t= 0.814 | Pos Err:    0.13 km | Vel Err:    0.00 m/s
[Solver Step 003000] t= 1.257 | Pos Err:    0.02 km | Vel Err:    0.01 m/s
[Solver Step 004000] t= 1.603 | Pos Err:    0.05 km | Vel Err:    0.00 m/s
[Solver Step 005000] t= 1.988 | Pos Err:    0.12 km | Vel Err:    0.00 m/s
[Solver Step 006000] t= 2.441 | Pos Err:    0.12 km | Vel Err:    0.02 m/s
[Solver Step 007000] t= 2.842 | Pos Err:    0.11 km | Vel Err:    0.00 m/s
[Solver Step 008000] t= 3.241 | Pos Err:    0.09 km | Vel Err:    0.00 m/s
[Solver Step 009000] t= 3.615 | Pos Err:    0.08 km | Vel Err:    0.08 m/s
[Solver Step 010000] t= 4.028 | Pos Err:    0.10 km | Vel Err:    0.00 m/s
[Solver Step 011000] t= 4.449 | Pos Err:    0.12 km | Vel Err:    0.00 m/s
[Solver Step 012000] t= 4.891 | Pos Err:    0.11 km | Vel Err:    0.04 m/s
[Solver Step 013000] t= 5.230 | Pos Err:    0.13 km | Vel Err:    0.00 m/s
[Solver Step 014000] t= 5.627 | Pos Err:    0.06 km | Vel Err:    0.00 m/s
[Solver Step 015000] t= 6.106 | Pos Err:    0.03 km | Vel Err:    0.02 m/s
[Solver Step 016000] t= 6.492 | Pos Err:    0.05 km | Vel Err:    0.00 m/s
[Solver Step 017000] t= 6.920 | Pos Err:    0.08 km | Vel Err:    0.00 m/s
[Solver Step 018000] t= 7.264 | Pos Err:    0.15 km | Vel Err:    0.11 m/s
[Solver Step 019000] t= 7.683 | Pos Err:    0.10 km | Vel Err:    0.00 m/s
[Solver Step 020000] t= 8.164 | Pos Err:    0.08 km | Vel Err:    0.00 m/s
[Solver Step 021000] t= 8.549 | Pos Err:    0.06 km | Vel Err:    0.03 m/s
[Solver Step 022000] t= 8.920 | Pos Err:    0.02 km | Vel Err:    0.00 m/s
[Solver Step 023000] t= 9.311 | Pos Err:    0.10 km | Vel Err:    0.00 m/s
[Solver Step 024000] t= 9.768 | Pos Err:    0.12 km | Vel Err:    0.03 m/s
[Solver Step 025000] t=10.170 | Pos Err:    0.13 km | Vel Err:    0.00 m/s
[Solver Step 026000] t=10.570 | Pos Err:    0.11 km | Vel Err:    0.00 m/s
[Solver Step 027000] t=10.929 | Pos Err:    0.12 km | Vel Err:    0.09 m/s
[Solver Step 028000] t=11.350 | Pos Err:    0.06 km | Vel Err:    0.00 m/s
[Solver Step 029000] t=11.804 | Pos Err:    0.09 km | Vel Err:    0.00 m/s
[Solver Step 030000] t=12.174 | Pos Err:    0.10 km | Vel Err:    0.03 m/s
[Solver Step 031000] t=12.565 | Pos Err:    0.12 km | Vel Err:    0.00 m/s
[Multiple Shooting] Converged in 7 iterations with residual 2.74e-14
[Solver Step 001000] t= 0.311 | Pos Err:  733.05 km | Vel Err:   16.07 m/s
[Solver Step 002000] t= 0.646 | Pos Err:  200.25 km | Vel Err:    3.93 m/s
[Solver Step 003000] t= 0.971 | Pos Err:  664.42 km | Vel Err:   12.30 m/s
[Solver Step 004000] t= 1.336 | Pos Err:  571.37 km | Vel Err:   11.46 m/s
[Solver Step 005000] t= 1.661 | Pos Err:  997.98 km | Vel Err:   16.68 m/s
[Solver Step 006000] t= 2.061 | Pos Err:  147.44 km | Vel Err:    3.71 m/s
[Solver Step 007000] t= 2.383 | Pos Err: 1265.84 km | Vel Err:    8.99 m/s
[Solver Step 001000] t= 0.414 | Pos Err:    2.08 km | Vel Err:    0.05 m/s
[Solver Step 002000] t= 0.818 | Pos Err:    0.04 km | Vel Err:    0.00 m/s
[Solver Step 003000] t= 1.259 | Pos Err:    0.07 km | Vel Err:    0.01 m/s
[Solver Step 004000] t= 1.606 | Pos Err:    0.05 km | Vel Err:    0.00 m/s
[Solver Step 005000] t= 1.992 | Pos Err:    0.04 km | Vel Err:    0.00 m/s
[Solver Step 006000] t= 2.445 | Pos Err:    0.08 km | Vel Err:    0.02 m/s
[Solver Step 007000] t= 2.846 | Pos Err:    0.08 km | Vel Err:    0.00 m/s
[Solver Step 008000] t= 3.243 | Pos Err:    0.08 km | Vel Err:    0.00 m/s
[Solver Step 009000] t= 3.618 | Pos Err:    0.13 km | Vel Err:    0.08 m/s
[Solver Step 010000] t= 4.032 | Pos Err:    0.03 km | Vel Err:    0.00 m/s
[Solver Step 011000] t= 4.452 | Pos Err:    0.04 km | Vel Err:    0.00 m/s
[Solver Step 012000] t= 4.894 | Pos Err:    0.03 km | Vel Err:    0.04 m/s
[Solver Step 013000] t= 5.233 | Pos Err:    0.06 km | Vel Err:    0.00 m/s
[Solver Step 014000] t= 5.630 | Pos Err:    0.08 km | Vel Err:    0.00 m/s
[Solver Step 015000] t= 6.109 | Pos Err:    0.06 km | Vel Err:    0.02 m/s
[Solver Step 016000] t= 6.496 | Pos Err:    0.05 km | Vel Err:    0.00 m/s
[Solver Step 017000] t= 6.923 | Pos Err:    0.04 km | Vel Err:    0.00 m/s
[Solver Step 018000] t= 7.267 | Pos Err:    0.09 km | Vel Err:    0.10 m/s
[Solver Step 019000] t= 7.688 | Pos Err:    0.08 km | Vel Err:    0.00 m/s
[Solver Step 020000] t= 8.167 | Pos Err:    0.09 km | Vel Err:    0.00 m/s
[Solver Step 021000] t= 8.552 | Pos Err:    0.07 km | Vel Err:    0.03 m/s
[Solver Step 022000] t= 8.922 | Pos Err:    0.07 km | Vel Err:    0.00 m/s
[Solver Step 023000] t= 9.314 | Pos Err:    0.03 km | Vel Err:    0.00 m/s
[Solver Step 024000] t= 9.772 | Pos Err:    0.05 km | Vel Err:    0.03 m/s
[Solver Step 025000] t=10.173 | Pos Err:    0.07 km | Vel Err:    0.00 m/s
[Solver Step 026000] t=10.573 | Pos Err:    0.08 km | Vel Err:    0.00 m/s
[Solver Step 027000] t=10.933 | Pos Err:    0.15 km | Vel Err:    0.09 m/s
[Solver Step 028000] t=11.352 | Pos Err:    0.05 km | Vel Err:    0.00 m/s
[Solver Step 029000] t=11.808 | Pos Err:    0.03 km | Vel Err:    0.00 m/s
[Solver Step 030000] t=12.177 | Pos Err:    0.02 km | Vel Err:    0.03 m/s
[Multiple Shooting] Converged in 2 iterations with residual 1.86e-11
[Solver Step 001000] t= 0.426 | Pos Err:    0.51 km | Vel Err:    0.01 m/s
[Solver Step 002000] t= 0.919 | Pos Err:    0.36 km | Vel Err:    0.01 m/s
[Solver Step 003000] t= 1.419 | Pos Err:    3.00 km | Vel Err:    0.06 m/s
[Solver Step 004000] t= 1.807 | Pos Err:   39.76 km | Vel Err:    0.86 m/s
[Solver Step 005000] t= 2.195 | Pos Err:   77.75 km | Vel Err:    1.52 m/s
[Solver Step 006000] t= 2.661 | Pos Err:    3.85 km | Vel Err:    0.07 m/s
[Solver Step 007000] t= 3.116 | Pos Err:   10.78 km | Vel Err:    0.26 m/s
[Multiple Shooting] Converged in 2 iterations with residual 4.16e-14
[Solver Step 001000] t= 0.465 | Pos Err:    0.35 km | Vel Err:    0.01 m/s
[Solver Step 002000] t= 0.953 | Pos Err:    0.24 km | Vel Err:    0.01 m/s
[Solver Step 003000] t= 1.346 | Pos Err:    0.27 km | Vel Err:    0.01 m/s
[Solver Step 004000] t= 1.818 | Pos Err:    0.17 km | Vel Err:    0.00 m/s
[Solver Step 005000] t= 2.210 | Pos Err:    0.43 km | Vel Err:    0.01 m/s
[Solver Step 006000] t= 2.704 | Pos Err:    0.36 km | Vel Err:    0.03 m/s
[Multiple Shooting] Converged in 3 iterations with residual 2.95e-15
[Solver Step 001000] t= 0.405 | Pos Err:    4.85 km | Vel Err:    0.11 m/s
[Solver Step 002000] t= 0.795 | Pos Err:    3.06 km | Vel Err:    0.05 m/s
[Solver Step 003000] t= 1.175 | Pos Err:    3.71 km | Vel Err:    0.05 m/s
[Solver Step 004000] t= 1.557 | Pos Err:    5.41 km | Vel Err:    0.11 m/s
[Solver Step 005000] t= 1.949 | Pos Err:    2.50 km | Vel Err:    0.05 m/s
[Solver Step 006000] t= 2.340 | Pos Err:    6.49 km | Vel Err:    0.14 m/s
[Multiple Shooting] Converged in 7 iterations with residual 2.08e-14
[Solver Step 001000] t= 0.318 | Pos Err:  163.37 km | Vel Err:    3.38 m/s
[Solver Step 002000] t= 0.641 | Pos Err:  513.36 km | Vel Err:    9.23 m/s
[Solver Step 003000] t= 0.983 | Pos Err:   53.74 km | Vel Err:    0.95 m/s
[Solver Step 004000] t= 1.297 | Pos Err:  786.98 km | Vel Err:   16.81 m/s
[Solver Step 005000] t= 1.636 | Pos Err:   58.73 km | Vel Err:    1.01 m/s
[Solver Step 006000] t= 1.966 | Pos Err:  327.05 km | Vel Err:    6.31 m/s
[Solver Step 007000] t= 2.290 | Pos Err:  120.60 km | Vel Err:    2.55 m/s
[Solver Step 001000] t= 0.215 | Pos Err:   19.67 km | Vel Err:    0.54 m/s
[Solver Step 002000] t= 0.469 | Pos Err:    2.46 km | Vel Err:    0.06 m/s
[Solver Step 003000] t= 0.713 | Pos Err:    0.30 km | Vel Err:    0.02 m/s
[Solver Step 004000] t= 0.928 | Pos Err:    0.03 km | Vel Err:    0.01 m/s
[Solver Step 005000] t= 1.177 | Pos Err:    0.02 km | Vel Err:    0.00 m/s
[Solver Step 006000] t= 1.430 | Pos Err:    0.08 km | Vel Err:    0.03 m/s
[Solver Step 007000] t= 1.660 | Pos Err:    0.08 km | Vel Err:    0.00 m/s
[Solver Step 008000] t= 1.874 | Pos Err:    0.05 km | Vel Err:    0.00 m/s
[Solver Step 009000] t= 2.133 | Pos Err:    0.18 km | Vel Err:    0.10 m/s
[Solver Step 010000] t= 2.376 | Pos Err:    0.09 km | Vel Err:    0.00 m/s
[Solver Step 011000] t= 2.588 | Pos Err:    0.07 km | Vel Err:    0.00 m/s
[Solver Step 012000] t= 2.836 | Pos Err:    1.00 km | Vel Err:    0.84 m/s
[Solver Step 013000] t= 3.091 | Pos Err:    0.10 km | Vel Err:    0.00 m/s
[Solver Step 014000] t= 3.311 | Pos Err:    0.08 km | Vel Err:    0.00 m/s
[Solver Step 015000] t= 3.533 | Pos Err:    0.66 km | Vel Err:    0.56 m/s
[Solver Step 016000] t= 3.795 | Pos Err:    0.10 km | Vel Err:    0.00 m/s
[Solver Step 017000] t= 4.037 | Pos Err:    0.09 km | Vel Err:    0.00 m/s
[Solver Step 018000] t= 4.244 | Pos Err:    0.32 km | Vel Err:    0.22 m/s
[Solver Step 019000] t= 4.495 | Pos Err:    0.07 km | Vel Err:    0.02 m/s
[Solver Step 020000] t= 4.748 | Pos Err:    0.07 km | Vel Err:    0.00 m/s
[Solver Step 021000] t= 4.965 | Pos Err:    0.09 km | Vel Err:    0.11 m/s
[Solver Step 022000] t= 5.187 | Pos Err:    0.08 km | Vel Err:    0.01 m/s
[Solver Step 023000] t= 5.453 | Pos Err:    0.06 km | Vel Err:    0.00 m/s
[Solver Step 024000] t= 5.694 | Pos Err:    0.07 km | Vel Err:    0.12 m/s
[Solver Step 025000] t= 5.903 | Pos Err:    0.05 km | Vel Err:    0.00 m/s
[Solver Step 026000] t= 6.157 | Pos Err:    0.06 km | Vel Err:    0.00 m/s
[Solver Step 027000] t= 6.411 | Pos Err:    0.24 km | Vel Err:    0.24 m/s
[Solver Step 028000] t= 6.622 | Pos Err:    0.04 km | Vel Err:    0.00 m/s
[Solver Step 029000] t= 6.849 | Pos Err:    0.04 km | Vel Err:    0.00 m/s
[Multiple Shooting] Converged in 2 iterations with residual 1.66e-15
[Solver Step 001000] t= 0.469 | Pos Err:    0.21 km | Vel Err:    0.00 m/s
[Solver Step 002000] t= 0.988 | Pos Err:    0.06 km | Vel Err:    0.00 m/s
[Solver Step 003000] t= 1.574 | Pos Err:    0.30 km | Vel Err:    0.02 m/s
[Solver Step 004000] t= 2.105 | Pos Err:    0.21 km | Vel Err:    0.01 m/s
[Solver Step 005000] t= 2.504 | Pos Err:    0.32 km | Vel Err:    0.01 m/s
[Solver Step 006000] t= 3.020 | Pos Err:    3.58 km | Vel Err:    0.09 m/s
[Multiple Shooting] Converged in 7 iterations with residual 1.81e-14
[Solver Step 001000] t= 0.320 | Pos Err:  127.93 km | Vel Err:    2.65 m/s
[Solver Step 002000] t= 0.644 | Pos Err:  450.49 km | Vel Err:    8.15 m/s
[Solver Step 003000] t= 0.993 | Pos Err:   36.97 km | Vel Err:    0.58 m/s
[Solver Step 004000] t= 1.317 | Pos Err:  648.06 km | Vel Err:   14.58 m/s
[Solver Step 005000] t= 1.667 | Pos Err:   67.53 km | Vel Err:    1.41 m/s
[Solver Step 006000] t= 1.994 | Pos Err:  208.32 km | Vel Err:    3.69 m/s
[Solver Step 007000] t= 2.321 | Pos Err:  440.61 km | Vel Err:    9.42 m/s
[Multiple Shooting] Converged in 2 iterations with residual 5.41e-12
[Solver Step 001000] t= 0.423 | Pos Err:    0.35 km | Vel Err:    0.01 m/s
[Solver Step 002000] t= 0.923 | Pos Err:    0.61 km | Vel Err:    0.01 m/s
[Solver Step 003000] t= 1.421 | Pos Err:    4.02 km | Vel Err:    0.09 m/s
[Solver Step 004000] t= 1.779 | Pos Err:   57.44 km | Vel Err:    1.16 m/s
[Solver Step 005000] t= 2.209 | Pos Err:   36.43 km | Vel Err:    0.77 m/s
[Solver Step 006000] t= 2.673 | Pos Err:    2.64 km | Vel Err:    0.05 m/s
[Solver Step 007000] t= 3.104 | Pos Err:   11.00 km | Vel Err:    0.25 m/s
[Multiple Shooting] Converged in 2 iterations with residual 1.38e-15
[Solver Step 001000] t= 0.488 | Pos Err:    0.16 km | Vel Err:    0.00 m/s
[Solver Step 002000] t= 0.975 | Pos Err:    0.02 km | Vel Err:    0.00 m/s
[Solver Step 003000] t= 1.435 | Pos Err:    0.15 km | Vel Err:    0.01 m/s
[Solver Step 004000] t= 1.961 | Pos Err:    0.25 km | Vel Err:    0.01 m/s
[Solver Step 005000] t= 2.519 | Pos Err:    0.37 km | Vel Err:    0.01 m/s
[Solver Step 006000] t= 2.940 | Pos Err:    1.30 km | Vel Err:    0.03 m/s
[Solver Step 001000] t= 0.418 | Pos Err:    0.21 km | Vel Err:    0.01 m/s
[Solver Step 002000] t= 0.792 | Pos Err:    0.05 km | Vel Err:    0.00 m/s
[Solver Step 003000] t= 1.101 | Pos Err:    0.01 km | Vel Err:    0.04 m/s
[Solver Step 004000] t= 1.554 | Pos Err:    0.06 km | Vel Err:    0.00 m/s
[Solver Step 005000] t= 2.104 | Pos Err:    0.06 km | Vel Err:    0.00 m/s
[Solver Step 006000] t= 2.517 | Pos Err:    0.06 km | Vel Err:    0.01 m/s
[Solver Step 007000] t= 3.017 | Pos Err:    0.06 km | Vel Err:    0.00 m/s
[Solver Step 008000] t= 3.570 | Pos Err:    0.06 km | Vel Err:    0.00 m/s
[Solver Step 009000] t= 4.059 | Pos Err:    0.05 km | Vel Err:    0.01 m/s
[Solver Step 010000] t= 4.461 | Pos Err:    0.06 km | Vel Err:    0.00 m/s
[Solver Step 011000] t= 5.000 | Pos Err:    0.05 km | Vel Err:    0.00 m/s
[Solver Step 012000] t= 5.587 | Pos Err:    0.04 km | Vel Err:    0.05 m/s
[Solver Step 013000] t= 6.068 | Pos Err:    0.05 km | Vel Err:    0.00 m/s
[Solver Step 014000] t= 6.470 | Pos Err:    0.05 km | Vel Err:    0.00 m/s
[Solver Step 015000] t= 7.028 | Pos Err:    0.03 km | Vel Err:    0.08 m/s
[Solver Step 001000] t= 0.216 | Pos Err:   19.74 km | Vel Err:    0.52 m/s
[Solver Step 002000] t= 0.469 | Pos Err:    2.45 km | Vel Err:    0.07 m/s
[Solver Step 003000] t= 0.710 | Pos Err:    0.34 km | Vel Err:    0.06 m/s
[Solver Step 004000] t= 0.928 | Pos Err:    0.03 km | Vel Err:    0.00 m/s
[Solver Step 005000] t= 1.176 | Pos Err:    0.07 km | Vel Err:    0.00 m/s
[Solver Step 006000] t= 1.430 | Pos Err:    0.08 km | Vel Err:    0.03 m/s
[Solver Step 007000] t= 1.660 | Pos Err:    0.06 km | Vel Err:    0.00 m/s
[Solver Step 008000] t= 1.877 | Pos Err:    0.07 km | Vel Err:    0.00 m/s
[Solver Step 009000] t= 2.134 | Pos Err:    0.11 km | Vel Err:    0.08 m/s
[Solver Step 010000] t= 2.380 | Pos Err:    0.05 km | Vel Err:    0.00 m/s
[Solver Step 011000] t= 2.592 | Pos Err:    0.05 km | Vel Err:    0.00 m/s
[Solver Step 012000] t= 2.838 | Pos Err:    1.05 km | Vel Err:    0.80 m/s
[Solver Step 013000] t= 3.094 | Pos Err:    0.04 km | Vel Err:    0.00 m/s
[Solver Step 014000] t= 3.315 | Pos Err:    0.02 km | Vel Err:    0.00 m/s
[Solver Step 015000] t= 3.536 | Pos Err:    0.74 km | Vel Err:    0.53 m/s
[Solver Step 016000] t= 3.797 | Pos Err:    0.03 km | Vel Err:    0.00 m/s
[Solver Step 017000] t= 4.038 | Pos Err:    0.02 km | Vel Err:    0.00 m/s
[Solver Step 018000] t= 4.248 | Pos Err:    0.39 km | Vel Err:    0.21 m/s
[Solver Step 019000] t= 4.498 | Pos Err:    0.03 km | Vel Err:    0.02 m/s
[Solver Step 020000] t= 4.753 | Pos Err:    0.04 km | Vel Err:    0.00 m/s
[Solver Step 021000] t= 4.971 | Pos Err:    0.17 km | Vel Err:    0.11 m/s
[Solver Step 022000] t= 5.190 | Pos Err:    0.03 km | Vel Err:    0.01 m/s
[Solver Step 023000] t= 5.456 | Pos Err:    0.05 km | Vel Err:    0.00 m/s
[Solver Step 024000] t= 5.699 | Pos Err:    0.13 km | Vel Err:    0.12 m/s
[Solver Step 025000] t= 5.906 | Pos Err:    0.06 km | Vel Err:    0.00 m/s
[Solver Step 026000] t= 6.159 | Pos Err:    0.06 km | Vel Err:    0.00 m/s
[Solver Step 027000] t= 6.414 | Pos Err:    0.24 km | Vel Err:    0.24 m/s
[Solver Step 028000] t= 6.627 | Pos Err:    0.08 km | Vel Err:    0.00 m/s
[Solver Step 029000] t= 6.851 | Pos Err:    0.09 km | Vel Err:    0.00 m/s
[Multiple Shooting] Converged in 2 iterations with residual 1.67e-15
[Solver Step 001000] t= 0.464 | Pos Err:    0.41 km | Vel Err:    0.01 m/s
[Solver Step 002000] t= 0.987 | Pos Err:    0.06 km | Vel Err:    0.00 m/s
[Solver Step 003000] t= 1.576 | Pos Err:    0.29 km | Vel Err:    0.02 m/s
[Solver Step 004000] t= 2.101 | Pos Err:    0.20 km | Vel Err:    0.00 m/s
[Solver Step 005000] t= 2.501 | Pos Err:    0.31 km | Vel Err:    0.01 m/s
[Solver Step 006000] t= 3.020 | Pos Err:    3.61 km | Vel Err:    0.09 m/s
[Solver Step 001000] t= 0.414 | Pos Err:    0.37 km | Vel Err:    0.01 m/s
[Solver Step 002000] t= 0.789 | Pos Err:    0.05 km | Vel Err:    0.00 m/s
[Solver Step 003000] t= 1.098 | Pos Err:    0.01 km | Vel Err:    0.04 m/s
[Solver Step 004000] t= 1.549 | Pos Err:    0.06 km | Vel Err:    0.00 m/s
[Solver Step 005000] t= 2.100 | Pos Err:    0.06 km | Vel Err:    0.00 m/s
[Solver Step 006000] t= 2.513 | Pos Err:    0.06 km | Vel Err:    0.01 m/s
[Solver Step 007000] t= 3.013 | Pos Err:    0.06 km | Vel Err:    0.00 m/s
[Solver Step 008000] t= 3.565 | Pos Err:    0.06 km | Vel Err:    0.00 m/s
[Solver Step 009000] t= 4.056 | Pos Err:    0.06 km | Vel Err:    0.01 m/s
[Solver Step 010000] t= 4.457 | Pos Err:    0.06 km | Vel Err:    0.00 m/s
[Solver Step 011000] t= 4.995 | Pos Err:    0.06 km | Vel Err:    0.00 m/s
[Solver Step 012000] t= 5.582 | Pos Err:    0.04 km | Vel Err:    0.05 m/s
[Solver Step 013000] t= 6.065 | Pos Err:    0.05 km | Vel Err:    0.00 m/s
[Solver Step 014000] t= 6.466 | Pos Err:    0.05 km | Vel Err:    0.00 m/s
[Solver Step 015000] t= 7.023 | Pos Err:    0.03 km | Vel Err:    0.08 m/s
[Multiple Shooting] Converged in 2 iterations with residual 2.15e-11
[Solver Step 001000] t= 0.418 | Pos Err:    0.83 km | Vel Err:    0.02 m/s
[Solver Step 002000] t= 0.922 | Pos Err:    5.10 km | Vel Err:    0.10 m/s
[Solver Step 003000] t= 1.357 | Pos Err:   72.12 km | Vel Err:    1.51 m/s
[Solver Step 004000] t= 1.752 | Pos Err:   80.23 km | Vel Err:    1.73 m/s
[Solver Step 005000] t= 2.245 | Pos Err:    0.83 km | Vel Err:    0.02 m/s
[Solver Step 006000] t= 2.640 | Pos Err:    0.11 km | Vel Err:    0.01 m/s
[Solver Step 007000] t= 3.094 | Pos Err:    6.99 km | Vel Err:    0.16 m/s
[Solver Step 001000] t= 0.215 | Pos Err:   13.67 km | Vel Err:    0.36 m/s
[Solver Step 002000] t= 0.468 | Pos Err:    1.62 km | Vel Err:    0.04 m/s
[Solver Step 003000] t= 0.711 | Pos Err:    0.22 km | Vel Err:    0.05 m/s
[Solver Step 004000] t= 0.924 | Pos Err:    0.03 km | Vel Err:    0.00 m/s
[Solver Step 005000] t= 1.174 | Pos Err:    0.06 km | Vel Err:    0.00 m/s
[Solver Step 006000] t= 1.428 | Pos Err:    0.05 km | Vel Err:    0.07 m/s
[Solver Step 007000] t= 1.651 | Pos Err:    0.03 km | Vel Err:    0.00 m/s
[Solver Step 008000] t= 1.869 | Pos Err:    0.05 km | Vel Err:    0.00 m/s
[Solver Step 009000] t= 2.130 | Pos Err:    0.29 km | Vel Err:    0.26 m/s
[Solver Step 010000] t= 2.367 | Pos Err:    0.03 km | Vel Err:    0.00 m/s
[Solver Step 011000] t= 2.577 | Pos Err:    0.02 km | Vel Err:    0.00 m/s
[Solver Step 012000] t= 2.828 | Pos Err:    1.75 km | Vel Err:    1.36 m/s
[Solver Step 013000] t= 3.082 | Pos Err:    0.03 km | Vel Err:    0.00 m/s
[Solver Step 014000] t= 3.297 | Pos Err:    0.03 km | Vel Err:    0.00 m/s
[Solver Step 015000] t= 3.524 | Pos Err:    0.81 km | Vel Err:    0.62 m/s
[Solver Step 016000] t= 3.787 | Pos Err:    0.03 km | Vel Err:    0.01 m/s
[Solver Step 017000] t= 4.025 | Pos Err:    0.05 km | Vel Err:    0.00 m/s
[Solver Step 018000] t= 4.231 | Pos Err:    0.43 km | Vel Err:    0.26 m/s
[Solver Step 019000] t= 4.488 | Pos Err:    0.03 km | Vel Err:    0.01 m/s
[Solver Step 020000] t= 4.739 | Pos Err:    0.06 km | Vel Err:    0.00 m/s
[Solver Step 021000] t= 4.953 | Pos Err:    0.22 km | Vel Err:    0.12 m/s
[Solver Step 022000] t= 5.180 | Pos Err:    0.05 km | Vel Err:    0.01 m/s
[Solver Step 023000] t= 5.444 | Pos Err:    0.07 km | Vel Err:    0.00 m/s
[Solver Step 024000] t= 5.684 | Pos Err:    0.09 km | Vel Err:    0.10 m/s
[Solver Step 025000] t= 5.890 | Pos Err:    0.04 km | Vel Err:    0.01 m/s
[Solver Step 026000] t= 6.149 | Pos Err:    0.06 km | Vel Err:    0.00 m/s
[Solver Step 027000] t= 6.399 | Pos Err:    0.19 km | Vel Err:    0.23 m/s
[Solver Step 028000] t= 6.608 | Pos Err:    0.05 km | Vel Err:    0.00 m/s
[Solver Step 029000] t= 6.842 | Pos Err:    0.07 km | Vel Err:    0.00 m/s
[Solver Step 001000] t= 0.419 | Pos Err:    0.63 km | Vel Err:    0.01 m/s
[Solver Step 002000] t= 0.792 | Pos Err:    0.07 km | Vel Err:    0.00 m/s
[Solver Step 003000] t= 1.101 | Pos Err:    0.01 km | Vel Err:    0.04 m/s
[Solver Step 004000] t= 1.554 | Pos Err:    0.05 km | Vel Err:    0.00 m/s
[Solver Step 005000] t= 2.105 | Pos Err:    0.05 km | Vel Err:    0.00 m/s
[Solver Step 006000] t= 2.518 | Pos Err:    0.05 km | Vel Err:    0.01 m/s
[Solver Step 007000] t= 3.018 | Pos Err:    0.05 km | Vel Err:    0.00 m/s
[Solver Step 008000] t= 3.571 | Pos Err:    0.05 km | Vel Err:    0.00 m/s
[Solver Step 009000] t= 4.059 | Pos Err:    0.05 km | Vel Err:    0.01 m/s
[Solver Step 010000] t= 4.462 | Pos Err:    0.05 km | Vel Err:    0.00 m/s
[Solver Step 011000] t= 5.000 | Pos Err:    0.05 km | Vel Err:    0.00 m/s
[Solver Step 012000] t= 5.588 | Pos Err:    0.04 km | Vel Err:    0.05 m/s
[Solver Step 013000] t= 6.069 | Pos Err:    0.06 km | Vel Err:    0.00 m/s
[Solver Step 014000] t= 6.471 | Pos Err:    0.06 km | Vel Err:    0.00 m/s
[Solver Step 015000] t= 7.028 | Pos Err:    0.04 km | Vel Err:    0.08 m/s
[Solver Step 001000] t= 0.217 | Pos Err:   31.04 km | Vel Err:    0.72 m/s
[Solver Step 002000] t= 0.470 | Pos Err:    3.89 km | Vel Err:    0.06 m/s
[Solver Step 003000] t= 0.711 | Pos Err:    0.47 km | Vel Err:    0.03 m/s
[Solver Step 004000] t= 0.929 | Pos Err:    0.03 km | Vel Err:    0.01 m/s
[Solver Step 005000] t= 1.178 | Pos Err:    0.05 km | Vel Err:    0.00 m/s
[Solver Step 006000] t= 1.431 | Pos Err:    0.13 km | Vel Err:    0.05 m/s
[Solver Step 007000] t= 1.662 | Pos Err:    0.11 km | Vel Err:    0.00 m/s
[Solver Step 008000] t= 1.877 | Pos Err:    0.09 km | Vel Err:    0.00 m/s
[Solver Step 009000] t= 2.135 | Pos Err:    0.25 km | Vel Err:    0.14 m/s
[Solver Step 010000] t= 2.380 | Pos Err:    0.13 km | Vel Err:    0.00 m/s
[Solver Step 011000] t= 2.592 | Pos Err:    0.10 km | Vel Err:    0.00 m/s
[Solver Step 012000] t= 2.838 | Pos Err:    0.95 km | Vel Err:    0.80 m/s
[Solver Step 013000] t= 3.094 | Pos Err:    0.13 km | Vel Err:    0.00 m/s
[Solver Step 014000] t= 3.315 | Pos Err:    0.10 km | Vel Err:    0.00 m/s
[Solver Step 015000] t= 3.536 | Pos Err:    0.60 km | Vel Err:    0.53 m/s
[Solver Step 016000] t= 3.797 | Pos Err:    0.13 km | Vel Err:    0.00 m/s
[Solver Step 017000] t= 4.038 | Pos Err:    0.09 km | Vel Err:    0.00 m/s
[Solver Step 018000] t= 4.248 | Pos Err:    0.27 km | Vel Err:    0.21 m/s
[Solver Step 019000] t= 4.498 | Pos Err:    0.10 km | Vel Err:    0.02 m/s
[Solver Step 020000] t= 4.753 | Pos Err:    0.07 km | Vel Err:    0.00 m/s
[Solver Step 021000] t= 4.971 | Pos Err:    0.07 km | Vel Err:    0.11 m/s
[Solver Step 022000] t= 5.190 | Pos Err:    0.09 km | Vel Err:    0.01 m/s
[Solver Step 023000] t= 5.456 | Pos Err:    0.05 km | Vel Err:    0.00 m/s
[Solver Step 024000] t= 5.699 | Pos Err:    0.12 km | Vel Err:    0.12 m/s
[Solver Step 025000] t= 5.908 | Pos Err:    0.07 km | Vel Err:    0.00 m/s
[Solver Step 026000] t= 6.160 | Pos Err:    0.05 km | Vel Err:    0.00 m/s
[Solver Step 027000] t= 6.416 | Pos Err:    0.28 km | Vel Err:    0.24 m/s
[Solver Step 028000] t= 6.629 | Pos Err:    0.08 km | Vel Err:    0.00 m/s
[Solver Step 029000] t= 6.852 | Pos Err:    0.06 km | Vel Err:    0.00 m/s
[Solver Step 001000] t= 0.411 | Pos Err:    3.97 km | Vel Err:    0.09 m/s
[Solver Step 002000] t= 0.815 | Pos Err:    0.11 km | Vel Err:    0.00 m/s
[Solver Step 003000] t= 1.257 | Pos Err:    0.01 km | Vel Err:    0.01 m/s
[Solver Step 004000] t= 1.604 | Pos Err:    0.04 km | Vel Err:    0.00 m/s
[Solver Step 005000] t= 1.989 | Pos Err:    0.11 km | Vel Err:    0.00 m/s
[Solver Step 006000] t= 2.442 | Pos Err:    0.12 km | Vel Err:    0.02 m/s
[Solver Step 007000] t= 2.843 | Pos Err:    0.10 km | Vel Err:    0.00 m/s
[Solver Step 008000] t= 3.242 | Pos Err:    0.08 km | Vel Err:    0.00 m/s
[Solver Step 009000] t= 3.616 | Pos Err:    0.09 km | Vel Err:    0.08 m/s
[Solver Step 010000] t= 4.029 | Pos Err:    0.08 km | Vel Err:    0.00 m/s
[Solver Step 011000] t= 4.449 | Pos Err:    0.11 km | Vel Err:    0.00 m/s
[Solver Step 012000] t= 4.891 | Pos Err:    0.10 km | Vel Err:    0.04 m/s
[Solver Step 013000] t= 5.230 | Pos Err:    0.12 km | Vel Err:    0.00 m/s
[Solver Step 014000] t= 5.628 | Pos Err:    0.06 km | Vel Err:    0.00 m/s
[Solver Step 015000] t= 6.106 | Pos Err:    0.02 km | Vel Err:    0.02 m/s
[Solver Step 016000] t= 6.493 | Pos Err:    0.04 km | Vel Err:    0.00 m/s
[Solver Step 017000] t= 6.921 | Pos Err:    0.07 km | Vel Err:    0.00 m/s
[Solver Step 018000] t= 7.264 | Pos Err:    0.14 km | Vel Err:    0.11 m/s
[Solver Step 019000] t= 7.684 | Pos Err:    0.10 km | Vel Err:    0.00 m/s
[Solver Step 020000] t= 8.165 | Pos Err:    0.07 km | Vel Err:    0.00 m/s
[Solver Step 021000] t= 8.550 | Pos Err:    0.05 km | Vel Err:    0.03 m/s
[Solver Step 022000] t= 8.921 | Pos Err:    0.01 km | Vel Err:    0.00 m/s
[Solver Step 023000] t= 9.311 | Pos Err:    0.09 km | Vel Err:    0.00 m/s
[Solver Step 024000] t= 9.769 | Pos Err:    0.11 km | Vel Err:    0.03 m/s
[Solver Step 025000] t=10.171 | Pos Err:    0.12 km | Vel Err:    0.00 m/s
[Solver Step 026000] t=10.571 | Pos Err:    0.11 km | Vel Err:    0.00 m/s
[Solver Step 027000] t=10.930 | Pos Err:    0.12 km | Vel Err:    0.09 m/s
[Solver Step 028000] t=11.351 | Pos Err:    0.05 km | Vel Err:    0.00 m/s
[Solver Step 029000] t=11.805 | Pos Err:    0.08 km | Vel Err:    0.00 m/s
[Solver Step 030000] t=12.175 | Pos Err:    0.08 km | Vel Err:    0.03 m/s
[Solver Step 031000] t=12.565 | Pos Err:    0.11 km | Vel Err:    0.00 m/s
[Multiple Shooting] Converged in 2 iterations with residual 1.56e-15
[Solver Step 001000] t= 0.485 | Pos Err:    0.05 km | Vel Err:    0.00 m/s
[Solver Step 002000] t= 0.995 | Pos Err:    0.19 km | Vel Err:    0.00 m/s
[Solver Step 003000] t= 1.426 | Pos Err:    0.24 km | Vel Err:    0.01 m/s
[Solver Step 004000] t= 1.914 | Pos Err:    0.09 km | Vel Err:    0.00 m/s
[Solver Step 005000] t= 2.451 | Pos Err:    0.18 km | Vel Err:    0.01 m/s
[Solver Step 006000] t= 2.965 | Pos Err:    0.21 km | Vel Err:    0.01 m/s
[Multiple Shooting] Converged in 2 iterations with residual 1.61e-15
[Solver Step 001000] t= 0.466 | Pos Err:    0.42 km | Vel Err:    0.01 m/s
[Solver Step 002000] t= 1.002 | Pos Err:    0.13 km | Vel Err:    0.00 m/s
[Solver Step 003000] t= 1.598 | Pos Err:    0.12 km | Vel Err:    0.02 m/s
[Solver Step 004000] t= 2.096 | Pos Err:    0.17 km | Vel Err:    0.00 m/s
[Solver Step 005000] t= 2.508 | Pos Err:    0.33 km | Vel Err:    0.01 m/s
[Solver Step 006000] t= 3.038 | Pos Err:    4.59 km | Vel Err:    0.12 m/s
[Multiple Shooting] Converged in 6 iterations with residual 9.14e-11
[Solver Step 001000] t= 0.318 | Pos Err:  120.22 km | Vel Err:    2.48 m/s
[Solver Step 002000] t= 0.642 | Pos Err:  440.23 km | Vel Err:    7.91 m/s
[Solver Step 003000] t= 0.993 | Pos Err:   34.59 km | Vel Err:    0.55 m/s
[Solver Step 004000] t= 1.316 | Pos Err:  623.28 km | Vel Err:   13.98 m/s
[Solver Step 005000] t= 1.668 | Pos Err:   67.17 km | Vel Err:    1.41 m/s
[Solver Step 006000] t= 1.995 | Pos Err:  185.12 km | Vel Err:    3.30 m/s
[Solver Step 007000] t= 2.323 | Pos Err:  492.37 km | Vel Err:   10.60 m/s
[Multiple Shooting] Converged in 4 iterations with residual 9.32e-14
[Solver Step 001000] t= 0.351 | Pos Err:    1.76 km | Vel Err:    0.04 m/s
[Solver Step 002000] t= 0.694 | Pos Err:   41.75 km | Vel Err:    0.92 m/s
[Solver Step 003000] t= 1.061 | Pos Err:   25.50 km | Vel Err:    0.51 m/s
[Solver Step 004000] t= 1.432 | Pos Err:    2.22 km | Vel Err:    0.05 m/s
[Solver Step 005000] t= 1.781 | Pos Err:   17.60 km | Vel Err:    0.31 m/s
[Solver Step 006000] t= 2.138 | Pos Err:   29.05 km | Vel Err:    0.56 m/s
[Solver Step 007000] t= 2.505 | Pos Err:  129.58 km | Vel Err:    2.45 m/s
[Solver Step 001000] t= 0.417 | Pos Err:    2.04 km | Vel Err:    0.05 m/s
[Solver Step 002000] t= 0.821 | Pos Err:    0.08 km | Vel Err:    0.00 m/s
[Solver Step 003000] t= 1.261 | Pos Err:    0.05 km | Vel Err:    0.01 m/s
[Solver Step 004000] t= 1.609 | Pos Err:    0.07 km | Vel Err:    0.00 m/s
[Solver Step 005000] t= 1.995 | Pos Err:    0.08 km | Vel Err:    0.00 m/s
[Solver Step 006000] t= 2.447 | Pos Err:    0.06 km | Vel Err:    0.02 m/s
[Solver Step 007000] t= 2.849 | Pos Err:    0.04 km | Vel Err:    0.00 m/s
[Solver Step 008000] t= 3.245 | Pos Err:    0.03 km | Vel Err:    0.00 m/s
[Solver Step 009000] t= 3.621 | Pos Err:    0.07 km | Vel Err:    0.08 m/s
[Solver Step 010000] t= 4.035 | Pos Err:    0.08 km | Vel Err:    0.00 m/s
[Solver Step 011000] t= 4.454 | Pos Err:    0.09 km | Vel Err:    0.00 m/s
[Solver Step 012000] t= 4.897 | Pos Err:    0.07 km | Vel Err:    0.04 m/s
[Solver Step 013000] t= 5.235 | Pos Err:    0.07 km | Vel Err:    0.00 m/s
[Solver Step 014000] t= 5.633 | Pos Err:    0.02 km | Vel Err:    0.00 m/s
[Solver Step 015000] t= 6.112 | Pos Err:    0.05 km | Vel Err:    0.02 m/s
[Solver Step 016000] t= 6.499 | Pos Err:    0.07 km | Vel Err:    0.00 m/s
[Solver Step 017000] t= 6.926 | Pos Err:    0.08 km | Vel Err:    0.00 m/s
[Solver Step 018000] t= 7.270 | Pos Err:    0.15 km | Vel Err:    0.10 m/s
[Solver Step 019000] t= 7.691 | Pos Err:    0.04 km | Vel Err:    0.00 m/s
[Solver Step 020000] t= 8.169 | Pos Err:    0.03 km | Vel Err:    0.00 m/s
[Solver Step 021000] t= 8.555 | Pos Err:    0.01 km | Vel Err:    0.03 m/s
[Solver Step 022000] t= 8.923 | Pos Err:    0.05 km | Vel Err:    0.00 m/s
[Solver Step 023000] t= 9.317 | Pos Err:    0.08 km | Vel Err:    0.00 m/s
[Solver Step 024000] t= 9.775 | Pos Err:    0.07 km | Vel Err:    0.03 m/s
[Solver Step 025000] t=10.176 | Pos Err:    0.07 km | Vel Err:    0.00 m/s
[Solver Step 026000] t=10.576 | Pos Err:    0.05 km | Vel Err:    0.00 m/s
[Solver Step 027000] t=10.935 | Pos Err:    0.09 km | Vel Err:    0.09 m/s
[Solver Step 028000] t=11.354 | Pos Err:    0.07 km | Vel Err:    0.00 m/s
[Solver Step 029000] t=11.811 | Pos Err:    0.08 km | Vel Err:    0.00 m/s
[Solver Step 030000] t=12.179 | Pos Err:    0.07 km | Vel Err:    0.03 m/s
[Multiple Shooting] Converged in 3 iterations with residual 7.96e-14
[Solver Step 001000] t= 0.397 | Pos Err:    3.50 km | Vel Err:    0.08 m/s
[Solver Step 002000] t= 0.787 | Pos Err:    3.42 km | Vel Err:    0.05 m/s
[Solver Step 003000] t= 1.167 | Pos Err:    1.69 km | Vel Err:    0.05 m/s
[Solver Step 004000] t= 1.547 | Pos Err:    6.65 km | Vel Err:    0.12 m/s
[Solver Step 005000] t= 1.939 | Pos Err:    1.48 km | Vel Err:    0.03 m/s
[Solver Step 006000] t= 2.327 | Pos Err:   15.30 km | Vel Err:    0.32 m/s
[Solver Step 001000] t= 0.413 | Pos Err:    3.04 km | Vel Err:    0.07 m/s
[Solver Step 002000] t= 0.817 | Pos Err:    0.11 km | Vel Err:    0.00 m/s
[Solver Step 003000] t= 1.258 | Pos Err:    0.03 km | Vel Err:    0.01 m/s
[Solver Step 004000] t= 1.605 | Pos Err:    0.06 km | Vel Err:    0.00 m/s
[Solver Step 005000] t= 1.991 | Pos Err:    0.10 km | Vel Err:    0.00 m/s
[Solver Step 006000] t= 2.444 | Pos Err:    0.09 km | Vel Err:    0.02 m/s
[Solver Step 007000] t= 2.845 | Pos Err:    0.07 km | Vel Err:    0.00 m/s
[Solver Step 008000] t= 3.243 | Pos Err:    0.05 km | Vel Err:    0.00 m/s
[Solver Step 009000] t= 3.617 | Pos Err:    0.06 km | Vel Err:    0.08 m/s
[Solver Step 010000] t= 4.031 | Pos Err:    0.09 km | Vel Err:    0.00 m/s
[Solver Step 011000] t= 4.451 | Pos Err:    0.10 km | Vel Err:    0.00 m/s
[Solver Step 012000] t= 4.893 | Pos Err:    0.09 km | Vel Err:    0.04 m/s
[Solver Step 013000] t= 5.232 | Pos Err:    0.09 km | Vel Err:    0.00 m/s
[Solver Step 014000] t= 5.629 | Pos Err:    0.02 km | Vel Err:    0.00 m/s
[Solver Step 015000] t= 6.108 | Pos Err:    0.04 km | Vel Err:    0.02 m/s
[Solver Step 016000] t= 6.495 | Pos Err:    0.06 km | Vel Err:    0.00 m/s
[Solver Step 017000] t= 6.922 | Pos Err:    0.08 km | Vel Err:    0.00 m/s
[Solver Step 018000] t= 7.266 | Pos Err:    0.16 km | Vel Err:    0.10 m/s
[Solver Step 019000] t= 7.686 | Pos Err:    0.07 km | Vel Err:    0.00 m/s
[Solver Step 020000] t= 8.166 | Pos Err:    0.04 km | Vel Err:    0.00 m/s
[Solver Step 021000] t= 8.551 | Pos Err:    0.02 km | Vel Err:    0.03 m/s
[Solver Step 022000] t= 8.921 | Pos Err:    0.03 km | Vel Err:    0.00 m/s
[Solver Step 023000] t= 9.313 | Pos Err:    0.09 km | Vel Err:    0.00 m/s
[Solver Step 024000] t= 9.771 | Pos Err:    0.10 km | Vel Err:    0.03 m/s
[Solver Step 025000] t=10.172 | Pos Err:    0.09 km | Vel Err:    0.00 m/s
[Solver Step 026000] t=10.572 | Pos Err:    0.08 km | Vel Err:    0.00 m/s
[Solver Step 027000] t=10.932 | Pos Err:    0.09 km | Vel Err:    0.09 m/s
[Solver Step 028000] t=11.352 | Pos Err:    0.07 km | Vel Err:    0.00 m/s
[Solver Step 029000] t=11.807 | Pos Err:    0.09 km | Vel Err:    0.00 m/s
[Solver Step 030000] t=12.176 | Pos Err:    0.09 km | Vel Err:    0.03 m/s
[Solver Step 031000] t=12.566 | Pos Err:    0.10 km | Vel Err:    0.00 m/s
[Multiple Shooting] Converged in 2 iterations with residual 2.78e-11
[Solver Step 001000] t= 0.427 | Pos Err:    0.13 km | Vel Err:    0.00 m/s
[Solver Step 002000] t= 0.890 | Pos Err:    0.24 km | Vel Err:    0.01 m/s
[Solver Step 003000] t= 1.383 | Pos Err:    1.06 km | Vel Err:    0.02 m/s
[Solver Step 004000] t= 1.803 | Pos Err:    4.13 km | Vel Err:    0.06 m/s
[Solver Step 005000] t= 2.154 | Pos Err:  183.43 km | Vel Err:    3.65 m/s
[Solver Step 006000] t= 2.612 | Pos Err:    6.58 km | Vel Err:    0.13 m/s
[Solver Step 007000] t= 3.089 | Pos Err:   35.18 km | Vel Err:    0.79 m/s
[Solver Step 001000] t= 0.417 | Pos Err:    0.53 km | Vel Err:    0.01 m/s
[Solver Step 002000] t= 0.791 | Pos Err:    0.06 km | Vel Err:    0.00 m/s
[Solver Step 003000] t= 1.101 | Pos Err:    0.01 km | Vel Err:    0.04 m/s
[Solver Step 004000] t= 1.553 | Pos Err:    0.06 km | Vel Err:    0.00 m/s
[Solver Step 005000] t= 2.104 | Pos Err:    0.06 km | Vel Err:    0.00 m/s
[Solver Step 006000] t= 2.517 | Pos Err:    0.06 km | Vel Err:    0.01 m/s
[Solver Step 007000] t= 3.017 | Pos Err:    0.06 km | Vel Err:    0.00 m/s
[Solver Step 008000] t= 3.569 | Pos Err:    0.06 km | Vel Err:    0.00 m/s
[Solver Step 009000] t= 4.059 | Pos Err:    0.06 km | Vel Err:    0.01 m/s
[Solver Step 010000] t= 4.461 | Pos Err:    0.06 km | Vel Err:    0.00 m/s
[Solver Step 011000] t= 4.999 | Pos Err:    0.06 km | Vel Err:    0.00 m/s
[Solver Step 012000] t= 5.586 | Pos Err:    0.05 km | Vel Err:    0.05 m/s
[Solver Step 013000] t= 6.068 | Pos Err:    0.06 km | Vel Err:    0.00 m/s
[Solver Step 014000] t= 6.469 | Pos Err:    0.06 km | Vel Err:    0.00 m/s
[Solver Step 015000] t= 7.027 | Pos Err:    0.04 km | Vel Err:    0.08 m/s
[Solver Step 001000] t= 0.218 | Pos Err:   24.98 km | Vel Err:    0.50 m/s
[Solver Step 002000] t= 0.470 | Pos Err:    3.07 km | Vel Err:    0.09 m/s
[Solver Step 003000] t= 0.713 | Pos Err:    0.51 km | Vel Err:    0.01 m/s
[Solver Step 004000] t= 0.930 | Pos Err:    0.04 km | Vel Err:    0.00 m/s
[Solver Step 005000] t= 1.178 | Pos Err:    0.06 km | Vel Err:    0.00 m/s
[Solver Step 006000] t= 1.431 | Pos Err:    0.07 km | Vel Err:    0.04 m/s
[Solver Step 007000] t= 1.661 | Pos Err:    0.06 km | Vel Err:    0.00 m/s
[Solver Step 008000] t= 1.876 | Pos Err:    0.07 km | Vel Err:    0.00 m/s
[Solver Step 009000] t= 2.134 | Pos Err:    0.17 km | Vel Err:    0.11 m/s
[Solver Step 010000] t= 2.377 | Pos Err:    0.08 km | Vel Err:    0.00 m/s
[Solver Step 011000] t= 2.590 | Pos Err:    0.09 km | Vel Err:    0.00 m/s
[Solver Step 012000] t= 2.837 | Pos Err:    0.87 km | Vel Err:    0.76 m/s
[Solver Step 013000] t= 3.092 | Pos Err:    0.10 km | Vel Err:    0.00 m/s
[Solver Step 014000] t= 3.313 | Pos Err:    0.11 km | Vel Err:    0.00 m/s
[Solver Step 015000] t= 3.535 | Pos Err:    0.70 km | Vel Err:    0.54 m/s
[Solver Step 016000] t= 3.796 | Pos Err:    0.10 km | Vel Err:    0.00 m/s
[Solver Step 017000] t= 4.038 | Pos Err:    0.12 km | Vel Err:    0.00 m/s
[Solver Step 018000] t= 4.246 | Pos Err:    0.36 km | Vel Err:    0.22 m/s
[Solver Step 019000] t= 4.496 | Pos Err:    0.09 km | Vel Err:    0.02 m/s
[Solver Step 020000] t= 4.750 | Pos Err:    0.12 km | Vel Err:    0.00 m/s
[Solver Step 021000] t= 4.967 | Pos Err:    0.11 km | Vel Err:    0.11 m/s
[Solver Step 022000] t= 5.188 | Pos Err:    0.12 km | Vel Err:    0.01 m/s
[Solver Step 023000] t= 5.454 | Pos Err:    0.12 km | Vel Err:    0.00 m/s
[Solver Step 024000] t= 5.696 | Pos Err:    0.02 km | Vel Err:    0.12 m/s
[Solver Step 025000] t= 5.905 | Pos Err:    0.08 km | Vel Err:    0.00 m/s
[Solver Step 026000] t= 6.158 | Pos Err:    0.11 km | Vel Err:    0.00 m/s
[Solver Step 027000] t= 6.412 | Pos Err:    0.18 km | Vel Err:    0.24 m/s
[Solver Step 028000] t= 6.625 | Pos Err:    0.05 km | Vel Err:    0.00 m/s
[Solver Step 029000] t= 6.850 | Pos Err:    0.08 km | Vel Err:    0.00 m/s
[Multiple Shooting] Converged in 4 iterations with residual 5.16e-14
[Solver Step 001000] t= 0.365 | Pos Err:    3.22 km | Vel Err:    0.06 m/s
[Solver Step 002000] t= 0.717 | Pos Err:   17.94 km | Vel Err:    0.34 m/s
[Solver Step 003000] t= 1.079 | Pos Err:    6.45 km | Vel Err:    0.15 m/s
[Solver Step 004000] t= 1.459 | Pos Err:    6.61 km | Vel Err:    0.14 m/s
[Solver Step 005000] t= 1.836 | Pos Err:    6.27 km | Vel Err:    0.13 m/s
[Solver Step 006000] t= 2.204 | Pos Err:    6.53 km | Vel Err:    0.16 m/s
[Multiple Shooting] Converged in 2 iterations with residual 2.65e-11
[Solver Step 001000] t= 0.414 | Pos Err:    0.82 km | Vel Err:    0.02 m/s
[Solver Step 002000] t= 0.919 | Pos Err:    4.22 km | Vel Err:    0.08 m/s
[Solver Step 003000] t= 1.361 | Pos Err:   60.77 km | Vel Err:    1.25 m/s
[Solver Step 004000] t= 1.747 | Pos Err:   89.56 km | Vel Err:    1.90 m/s
[Solver Step 005000] t= 2.242 | Pos Err:    1.34 km | Vel Err:    0.03 m/s
[Solver Step 006000] t= 2.641 | Pos Err:    0.12 km | Vel Err:    0.01 m/s
[Solver Step 007000] t= 3.089 | Pos Err:    7.23 km | Vel Err:    0.17 m/s
[Solver Step 001000] t= 0.218 | Pos Err:   12.99 km | Vel Err:    0.19 m/s
[Solver Step 002000] t= 0.470 | Pos Err:    1.53 km | Vel Err:    0.02 m/s
[Solver Step 003000] t= 0.713 | Pos Err:    0.27 km | Vel Err:    0.02 m/s
[Solver Step 004000] t= 0.930 | Pos Err:    0.03 km | Vel Err:    0.00 m/s
[Solver Step 005000] t= 1.178 | Pos Err:    0.05 km | Vel Err:    0.00 m/s
[Solver Step 006000] t= 1.431 | Pos Err:    0.03 km | Vel Err:    0.04 m/s
[Solver Step 007000] t= 1.661 | Pos Err:    0.02 km | Vel Err:    0.00 m/s
[Solver Step 008000] t= 1.876 | Pos Err:    0.03 km | Vel Err:    0.00 m/s
[Solver Step 009000] t= 2.134 | Pos Err:    0.13 km | Vel Err:    0.11 m/s
[Solver Step 010000] t= 2.377 | Pos Err:    0.03 km | Vel Err:    0.00 m/s
[Solver Step 011000] t= 2.590 | Pos Err:    0.04 km | Vel Err:    0.00 m/s
[Solver Step 012000] t= 2.837 | Pos Err:    0.93 km | Vel Err:    0.77 m/s
[Solver Step 013000] t= 3.092 | Pos Err:    0.05 km | Vel Err:    0.00 m/s
[Solver Step 014000] t= 3.313 | Pos Err:    0.06 km | Vel Err:    0.00 m/s
[Solver Step 015000] t= 3.535 | Pos Err:    0.73 km | Vel Err:    0.54 m/s
[Solver Step 016000] t= 3.796 | Pos Err:    0.05 km | Vel Err:    0.00 m/s
[Solver Step 017000] t= 4.038 | Pos Err:    0.08 km | Vel Err:    0.00 m/s
[Solver Step 018000] t= 4.246 | Pos Err:    0.38 km | Vel Err:    0.22 m/s
[Solver Step 019000] t= 4.496 | Pos Err:    0.06 km | Vel Err:    0.02 m/s
[Solver Step 020000] t= 4.750 | Pos Err:    0.08 km | Vel Err:    0.00 m/s
[Solver Step 021000] t= 4.967 | Pos Err:    0.14 km | Vel Err:    0.11 m/s
[Solver Step 022000] t= 5.188 | Pos Err:    0.08 km | Vel Err:    0.01 m/s
[Solver Step 023000] t= 5.454 | Pos Err:    0.08 km | Vel Err:    0.00 m/s
[Solver Step 024000] t= 5.696 | Pos Err:    0.06 km | Vel Err:    0.12 m/s
[Solver Step 025000] t= 5.905 | Pos Err:    0.05 km | Vel Err:    0.00 m/s
[Solver Step 026000] t= 6.158 | Pos Err:    0.07 km | Vel Err:    0.00 m/s
[Solver Step 027000] t= 6.412 | Pos Err:    0.19 km | Vel Err:    0.24 m/s
[Solver Step 028000] t= 6.625 | Pos Err:    0.03 km | Vel Err:    0.00 m/s
[Solver Step 029000] t= 6.850 | Pos Err:    0.06 km | Vel Err:    0.00 m/s
[Solver Step 001000] t= 0.418 | Pos Err:    0.31 km | Vel Err:    0.01 m/s
[Solver Step 002000] t= 0.792 | Pos Err:    0.05 km | Vel Err:    0.00 m/s
[Solver Step 003000] t= 1.101 | Pos Err:    0.01 km | Vel Err:    0.04 m/s
[Solver Step 004000] t= 1.553 | Pos Err:    0.06 km | Vel Err:    0.00 m/s
[Solver Step 005000] t= 2.104 | Pos Err:    0.06 km | Vel Err:    0.00 m/s
[Solver Step 006000] t= 2.517 | Pos Err:    0.06 km | Vel Err:    0.01 m/s
[Solver Step 007000] t= 3.017 | Pos Err:    0.06 km | Vel Err:    0.00 m/s
[Solver Step 008000] t= 3.570 | Pos Err:    0.06 km | Vel Err:    0.00 m/s
[Solver Step 009000] t= 4.059 | Pos Err:    0.05 km | Vel Err:    0.01 m/s
[Solver Step 010000] t= 4.461 | Pos Err:    0.05 km | Vel Err:    0.00 m/s
[Solver Step 011000] t= 4.999 | Pos Err:    0.05 km | Vel Err:    0.00 m/s
[Solver Step 012000] t= 5.586 | Pos Err:    0.04 km | Vel Err:    0.05 m/s
[Solver Step 013000] t= 6.068 | Pos Err:    0.05 km | Vel Err:    0.00 m/s
[Solver Step 014000] t= 6.470 | Pos Err:    0.05 km | Vel Err:    0.00 m/s
[Solver Step 015000] t= 7.027 | Pos Err:    0.03 km | Vel Err:    0.08 m/s
[Solver Step 001000] t= 0.216 | Pos Err:   20.10 km | Vel Err:    0.31 m/s
[Solver Step 002000] t= 0.470 | Pos Err:    2.38 km | Vel Err:    0.02 m/s
[Solver Step 003000] t= 0.713 | Pos Err:    0.38 km | Vel Err:    0.02 m/s
[Solver Step 004000] t= 0.930 | Pos Err:    0.04 km | Vel Err:    0.00 m/s
[Solver Step 005000] t= 1.178 | Pos Err:    0.07 km | Vel Err:    0.00 m/s
[Solver Step 006000] t= 1.431 | Pos Err:    0.01 km | Vel Err:    0.04 m/s
[Solver Step 007000] t= 1.661 | Pos Err:    0.02 km | Vel Err:    0.00 m/s
[Solver Step 008000] t= 1.876 | Pos Err:    0.05 km | Vel Err:    0.00 m/s
[Solver Step 009000] t= 2.134 | Pos Err:    0.11 km | Vel Err:    0.11 m/s
[Solver Step 010000] t= 2.377 | Pos Err:    0.03 km | Vel Err:    0.00 m/s
[Solver Step 011000] t= 2.590 | Pos Err:    0.05 km | Vel Err:    0.00 m/s
[Solver Step 012000] t= 2.837 | Pos Err:    0.93 km | Vel Err:    0.76 m/s
[Solver Step 013000] t= 3.092 | Pos Err:    0.04 km | Vel Err:    0.00 m/s
[Solver Step 014000] t= 3.313 | Pos Err:    0.07 km | Vel Err:    0.00 m/s
[Solver Step 015000] t= 3.535 | Pos Err:    0.75 km | Vel Err:    0.54 m/s
[Solver Step 016000] t= 3.796 | Pos Err:    0.05 km | Vel Err:    0.00 m/s
[Solver Step 017000] t= 4.038 | Pos Err:    0.09 km | Vel Err:    0.00 m/s
[Solver Step 018000] t= 4.246 | Pos Err:    0.40 km | Vel Err:    0.22 m/s
[Solver Step 019000] t= 4.497 | Pos Err:    0.08 km | Vel Err:    0.02 m/s
[Solver Step 020000] t= 4.751 | Pos Err:    0.10 km | Vel Err:    0.00 m/s
[Solver Step 021000] t= 4.969 | Pos Err:    0.15 km | Vel Err:    0.11 m/s
[Solver Step 022000] t= 5.189 | Pos Err:    0.09 km | Vel Err:    0.01 m/s
[Solver Step 023000] t= 5.455 | Pos Err:    0.10 km | Vel Err:    0.00 m/s
[Solver Step 024000] t= 5.698 | Pos Err:    0.06 km | Vel Err:    0.12 m/s
[Solver Step 025000] t= 5.904 | Pos Err:    0.07 km | Vel Err:    0.00 m/s
[Solver Step 026000] t= 6.158 | Pos Err:    0.09 km | Vel Err:    0.00 m/s
[Solver Step 027000] t= 6.412 | Pos Err:    0.17 km | Vel Err:    0.24 m/s
[Solver Step 028000] t= 6.624 | Pos Err:    0.05 km | Vel Err:    0.00 m/s
[Solver Step 029000] t= 6.850 | Pos Err:    0.08 km | Vel Err:    0.00 m/s
[Solver Step 001000] t= 0.217 | Pos Err:   18.24 km | Vel Err:    0.38 m/s
[Solver Step 002000] t= 0.471 | Pos Err:    2.20 km | Vel Err:    0.02 m/s
[Solver Step 003000] t= 0.713 | Pos Err:    0.32 km | Vel Err:    0.03 m/s
[Solver Step 004000] t= 0.930 | Pos Err:    0.03 km | Vel Err:    0.00 m/s
[Solver Step 005000] t= 1.177 | Pos Err:    0.07 km | Vel Err:    0.00 m/s
[Solver Step 006000] t= 1.430 | Pos Err:    0.01 km | Vel Err:    0.04 m/s
[Solver Step 007000] t= 1.659 | Pos Err:    0.02 km | Vel Err:    0.00 m/s
[Solver Step 008000] t= 1.875 | Pos Err:    0.04 km | Vel Err:    0.00 m/s
[Solver Step 009000] t= 2.134 | Pos Err:    0.07 km | Vel Err:    0.08 m/s
[Solver Step 010000] t= 2.378 | Pos Err:    0.01 km | Vel Err:    0.00 m/s
[Solver Step 011000] t= 2.590 | Pos Err:    0.03 km | Vel Err:    0.00 m/s
[Solver Step 012000] t= 2.837 | Pos Err:    0.95 km | Vel Err:    0.76 m/s
[Solver Step 013000] t= 3.092 | Pos Err:    0.02 km | Vel Err:    0.00 m/s
[Solver Step 014000] t= 3.313 | Pos Err:    0.05 km | Vel Err:    0.00 m/s
[Solver Step 015000] t= 3.535 | Pos Err:    0.76 km | Vel Err:    0.55 m/s
[Solver Step 016000] t= 3.796 | Pos Err:    0.03 km | Vel Err:    0.00 m/s
[Solver Step 017000] t= 4.036 | Pos Err:    0.07 km | Vel Err:    0.00 m/s
[Solver Step 018000] t= 4.246 | Pos Err:    0.41 km | Vel Err:    0.22 m/s
[Solver Step 019000] t= 4.497 | Pos Err:    0.06 km | Vel Err:    0.02 m/s
[Solver Step 020000] t= 4.751 | Pos Err:    0.08 km | Vel Err:    0.00 m/s
[Solver Step 021000] t= 4.969 | Pos Err:    0.16 km | Vel Err:    0.11 m/s
[Solver Step 022000] t= 5.189 | Pos Err:    0.08 km | Vel Err:    0.01 m/s
[Solver Step 023000] t= 5.455 | Pos Err:    0.09 km | Vel Err:    0.00 m/s
[Solver Step 024000] t= 5.698 | Pos Err:    0.08 km | Vel Err:    0.12 m/s
[Solver Step 025000] t= 5.904 | Pos Err:    0.06 km | Vel Err:    0.00 m/s
[Solver Step 026000] t= 6.158 | Pos Err:    0.08 km | Vel Err:    0.00 m/s
[Solver Step 027000] t= 6.412 | Pos Err:    0.18 km | Vel Err:    0.24 m/s
[Solver Step 028000] t= 6.624 | Pos Err:    0.05 km | Vel Err:    0.00 m/s
[Solver Step 029000] t= 6.850 | Pos Err:    0.08 km | Vel Err:    0.00 m/s
[Solver Step 001000] t= 0.411 | Pos Err:    3.89 km | Vel Err:    0.09 m/s
[Solver Step 002000] t= 0.815 | Pos Err:    0.06 km | Vel Err:    0.00 m/s
[Solver Step 003000] t= 1.258 | Pos Err:    0.08 km | Vel Err:    0.01 m/s
[Solver Step 004000] t= 1.604 | Pos Err:    0.05 km | Vel Err:    0.00 m/s
[Solver Step 005000] t= 1.990 | Pos Err:    0.06 km | Vel Err:    0.00 m/s
[Solver Step 006000] t= 2.443 | Pos Err:    0.11 km | Vel Err:    0.02 m/s
[Solver Step 007000] t= 2.844 | Pos Err:    0.11 km | Vel Err:    0.00 m/s
[Solver Step 008000] t= 3.242 | Pos Err:    0.12 km | Vel Err:    0.00 m/s
[Solver Step 009000] t= 3.616 | Pos Err:    0.16 km | Vel Err:    0.08 m/s
[Solver Step 010000] t= 4.030 | Pos Err:    0.01 km | Vel Err:    0.00 m/s
[Solver Step 011000] t= 4.450 | Pos Err:    0.04 km | Vel Err:    0.00 m/s
[Solver Step 012000] t= 4.892 | Pos Err:    0.05 km | Vel Err:    0.04 m/s
[Solver Step 013000] t= 5.231 | Pos Err:    0.09 km | Vel Err:    0.00 m/s
[Solver Step 014000] t= 5.628 | Pos Err:    0.11 km | Vel Err:    0.00 m/s
[Solver Step 015000] t= 6.107 | Pos Err:    0.07 km | Vel Err:    0.02 m/s
[Solver Step 016000] t= 6.494 | Pos Err:    0.05 km | Vel Err:    0.00 m/s
[Solver Step 017000] t= 6.921 | Pos Err:    0.02 km | Vel Err:    0.00 m/s
[Solver Step 018000] t= 7.265 | Pos Err:    0.06 km | Vel Err:    0.11 m/s
[Solver Step 019000] t= 7.685 | Pos Err:    0.11 km | Vel Err:    0.00 m/s
[Solver Step 020000] t= 8.165 | Pos Err:    0.11 km | Vel Err:    0.00 m/s
[Solver Step 021000] t= 8.550 | Pos Err:    0.09 km | Vel Err:    0.03 m/s
[Solver Step 022000] t= 8.921 | Pos Err:    0.08 km | Vel Err:    0.00 m/s
[Solver Step 023000] t= 9.312 | Pos Err:    0.03 km | Vel Err:    0.00 m/s
[Solver Step 024000] t= 9.770 | Pos Err:    0.08 km | Vel Err:    0.03 m/s
[Solver Step 025000] t=10.171 | Pos Err:    0.10 km | Vel Err:    0.00 m/s
[Solver Step 026000] t=10.571 | Pos Err:    0.11 km | Vel Err:    0.00 m/s
[Solver Step 027000] t=10.930 | Pos Err:    0.18 km | Vel Err:    0.09 m/s
[Solver Step 028000] t=11.351 | Pos Err:    0.04 km | Vel Err:    0.00 m/s
[Solver Step 029000] t=11.806 | Pos Err:    0.01 km | Vel Err:    0.00 m/s
[Solver Step 030000] t=12.175 | Pos Err:    0.02 km | Vel Err:    0.03 m/s
[Solver Step 031000] t=12.566 | Pos Err:    0.07 km | Vel Err:    0.00 m/s
[Solver Step 001000] t= 0.416 | Pos Err:    0.47 km | Vel Err:    0.01 m/s
[Solver Step 002000] t= 0.790 | Pos Err:    0.07 km | Vel Err:    0.00 m/s
[Solver Step 003000] t= 1.099 | Pos Err:    0.01 km | Vel Err:    0.04 m/s
[Solver Step 004000] t= 1.551 | Pos Err:    0.05 km | Vel Err:    0.00 m/s
[Solver Step 005000] t= 2.102 | Pos Err:    0.05 km | Vel Err:    0.00 m/s
[Solver Step 006000] t= 2.515 | Pos Err:    0.05 km | Vel Err:    0.01 m/s
[Solver Step 007000] t= 3.015 | Pos Err:    0.05 km | Vel Err:    0.00 m/s
[Solver Step 008000] t= 3.568 | Pos Err:    0.05 km | Vel Err:    0.00 m/s
[Solver Step 009000] t= 4.057 | Pos Err:    0.05 km | Vel Err:    0.01 m/s
[Solver Step 010000] t= 4.459 | Pos Err:    0.05 km | Vel Err:    0.00 m/s
[Solver Step 011000] t= 4.997 | Pos Err:    0.05 km | Vel Err:    0.00 m/s
[Solver Step 012000] t= 5.584 | Pos Err:    0.04 km | Vel Err:    0.05 m/s
[Solver Step 013000] t= 6.067 | Pos Err:    0.06 km | Vel Err:    0.00 m/s
[Solver Step 014000] t= 6.468 | Pos Err:    0.06 km | Vel Err:    0.00 m/s
[Solver Step 015000] t= 7.025 | Pos Err:    0.04 km | Vel Err:    0.08 m/s
[Solver Step 001000] t= 0.413 | Pos Err:    2.23 km | Vel Err:    0.05 m/s
[Solver Step 002000] t= 0.817 | Pos Err:    0.09 km | Vel Err:    0.00 m/s
[Solver Step 003000] t= 1.259 | Pos Err:    0.02 km | Vel Err:    0.01 m/s
[Solver Step 004000] t= 1.606 | Pos Err:    0.05 km | Vel Err:    0.00 m/s
[Solver Step 005000] t= 1.991 | Pos Err:    0.09 km | Vel Err:    0.00 m/s
[Solver Step 006000] t= 2.444 | Pos Err:    0.08 km | Vel Err:    0.02 m/s
[Solver Step 007000] t= 2.845 | Pos Err:    0.07 km | Vel Err:    0.00 m/s
[Solver Step 008000] t= 3.243 | Pos Err:    0.05 km | Vel Err:    0.00 m/s
[Solver Step 009000] t= 3.618 | Pos Err:    0.08 km | Vel Err:    0.08 m/s
[Solver Step 010000] t= 4.032 | Pos Err:    0.07 km | Vel Err:    0.00 m/s
[Solver Step 011000] t= 4.451 | Pos Err:    0.09 km | Vel Err:    0.00 m/s
[Solver Step 012000] t= 4.894 | Pos Err:    0.07 km | Vel Err:    0.04 m/s
[Solver Step 013000] t= 5.232 | Pos Err:    0.09 km | Vel Err:    0.00 m/s
[Solver Step 014000] t= 5.630 | Pos Err:    0.03 km | Vel Err:    0.00 m/s
[Solver Step 015000] t= 6.109 | Pos Err:    0.03 km | Vel Err:    0.02 m/s
[Solver Step 016000] t= 6.495 | Pos Err:    0.05 km | Vel Err:    0.00 m/s
[Solver Step 017000] t= 6.923 | Pos Err:    0.07 km | Vel Err:    0.00 m/s
[Solver Step 018000] t= 7.267 | Pos Err:    0.14 km | Vel Err:    0.10 m/s
[Solver Step 019000] t= 7.687 | Pos Err:    0.07 km | Vel Err:    0.00 m/s
[Solver Step 020000] t= 8.167 | Pos Err:    0.05 km | Vel Err:    0.00 m/s
[Solver Step 021000] t= 8.552 | Pos Err:    0.03 km | Vel Err:    0.03 m/s
[Solver Step 022000] t= 8.922 | Pos Err:    0.03 km | Vel Err:    0.00 m/s
[Solver Step 023000] t= 9.313 | Pos Err:    0.08 km | Vel Err:    0.00 m/s
[Solver Step 024000] t= 9.772 | Pos Err:    0.09 km | Vel Err:    0.03 m/s
[Solver Step 025000] t=10.173 | Pos Err:    0.09 km | Vel Err:    0.00 m/s
[Solver Step 026000] t=10.573 | Pos Err:    0.08 km | Vel Err:    0.00 m/s
[Solver Step 027000] t=10.932 | Pos Err:    0.11 km | Vel Err:    0.09 m/s
[Solver Step 028000] t=11.352 | Pos Err:    0.05 km | Vel Err:    0.00 m/s
[Solver Step 029000] t=11.807 | Pos Err:    0.07 km | Vel Err:    0.00 m/s
[Solver Step 030000] t=12.177 | Pos Err:    0.07 km | Vel Err:    0.03 m/s
[Multiple Shooting] Converged in 2 iterations with residual 1.16e-15
[Solver Step 001000] t= 0.464 | Pos Err:    0.40 km | Vel Err:    0.01 m/s
[Solver Step 002000] t= 0.976 | Pos Err:    0.04 km | Vel Err:    0.00 m/s
[Solver Step 003000] t= 1.557 | Pos Err:    0.28 km | Vel Err:    0.02 m/s
[Solver Step 004000] t= 2.099 | Pos Err:    0.20 km | Vel Err:    0.00 m/s
[Solver Step 005000] t= 2.496 | Pos Err:    0.28 km | Vel Err:    0.01 m/s
[Solver Step 006000] t= 3.005 | Pos Err:    2.66 km | Vel Err:    0.07 m/s
[Solver Step 001000] t= 0.421 | Pos Err:    0.41 km | Vel Err:    0.01 m/s
[Solver Step 002000] t= 0.794 | Pos Err:    0.06 km | Vel Err:    0.00 m/s
[Solver Step 003000] t= 1.103 | Pos Err:    0.01 km | Vel Err:    0.04 m/s
[Solver Step 004000] t= 1.557 | Pos Err:    0.06 km | Vel Err:    0.00 m/s
[Solver Step 005000] t= 2.107 | Pos Err:    0.06 km | Vel Err:    0.00 m/s
[Solver Step 006000] t= 2.520 | Pos Err:    0.06 km | Vel Err:    0.01 m/s
[Solver Step 007000] t= 3.020 | Pos Err:    0.05 km | Vel Err:    0.00 m/s
[Solver Step 008000] t= 3.573 | Pos Err:    0.06 km | Vel Err:    0.00 m/s
[Solver Step 009000] t= 4.061 | Pos Err:    0.06 km | Vel Err:    0.01 m/s
[Solver Step 010000] t= 4.464 | Pos Err:    0.06 km | Vel Err:    0.00 m/s
[Solver Step 011000] t= 5.003 | Pos Err:    0.06 km | Vel Err:    0.00 m/s
[Solver Step 012000] t= 5.590 | Pos Err:    0.05 km | Vel Err:    0.05 m/s
[Solver Step 013000] t= 6.071 | Pos Err:    0.06 km | Vel Err:    0.00 m/s
[Solver Step 014000] t= 6.473 | Pos Err:    0.06 km | Vel Err:    0.00 m/s
[Solver Step 015000] t= 7.031 | Pos Err:    0.04 km | Vel Err:    0.08 m/s
[Multiple Shooting] Converged in 4 iterations with residual 3.53e-13
[Solver Step 001000] t= 0.358 | Pos Err:    4.12 km | Vel Err:    0.09 m/s
[Solver Step 002000] t= 0.706 | Pos Err:   22.60 km | Vel Err:    0.48 m/s
[Solver Step 003000] t= 1.070 | Pos Err:   12.89 km | Vel Err:    0.27 m/s
[Solver Step 004000] t= 1.450 | Pos Err:    4.77 km | Vel Err:    0.10 m/s
[Solver Step 005000] t= 1.821 | Pos Err:   12.66 km | Vel Err:    0.27 m/s
[Solver Step 006000] t= 2.178 | Pos Err:   14.11 km | Vel Err:    0.30 m/s
[Solver Step 001000] t= 0.415 | Pos Err:    0.51 km | Vel Err:    0.01 m/s
[Solver Step 002000] t= 0.789 | Pos Err:    0.07 km | Vel Err:    0.00 m/s
[Solver Step 003000] t= 1.098 | Pos Err:    0.01 km | Vel Err:    0.04 m/s
[Solver Step 004000] t= 1.549 | Pos Err:    0.05 km | Vel Err:    0.00 m/s
[Solver Step 005000] t= 2.101 | Pos Err:    0.05 km | Vel Err:    0.00 m/s
[Solver Step 006000] t= 2.514 | Pos Err:    0.05 km | Vel Err:    0.01 m/s
[Solver Step 007000] t= 3.013 | Pos Err:    0.05 km | Vel Err:    0.00 m/s
[Solver Step 008000] t= 3.566 | Pos Err:    0.05 km | Vel Err:    0.00 m/s
[Solver Step 009000] t= 4.056 | Pos Err:    0.04 km | Vel Err:    0.01 m/s
[Solver Step 010000] t= 4.458 | Pos Err:    0.05 km | Vel Err:    0.00 m/s
[Solver Step 011000] t= 4.995 | Pos Err:    0.05 km | Vel Err:    0.00 m/s
[Solver Step 012000] t= 5.583 | Pos Err:    0.04 km | Vel Err:    0.05 m/s
[Solver Step 013000] t= 6.066 | Pos Err:    0.06 km | Vel Err:    0.00 m/s
[Solver Step 014000] t= 6.466 | Pos Err:    0.06 km | Vel Err:    0.00 m/s
[Solver Step 015000] t= 7.024 | Pos Err:    0.04 km | Vel Err:    0.08 m/s
[Multiple Shooting] Converged in 2 iterations with residual 1.02e-11
[Solver Step 001000] t= 0.422 | Pos Err:    0.22 km | Vel Err:    0.01 m/s
[Solver Step 002000] t= 0.927 | Pos Err:    1.42 km | Vel Err:    0.03 m/s
[Solver Step 003000] t= 1.409 | Pos Err:   12.05 km | Vel Err:    0.24 m/s
[Solver Step 004000] t= 1.741 | Pos Err:   87.70 km | Vel Err:    1.73 m/s
[Solver Step 005000] t= 2.235 | Pos Err:    2.17 km | Vel Err:    0.06 m/s
[Solver Step 006000] t= 2.682 | Pos Err:    1.37 km | Vel Err:    0.03 m/s
[Solver Step 007000] t= 3.077 | Pos Err:    8.01 km | Vel Err:    0.18 m/s
[Solver Step 001000] t= 0.413 | Pos Err:    3.10 km | Vel Err:    0.07 m/s
[Solver Step 002000] t= 0.818 | Pos Err:    0.04 km | Vel Err:    0.00 m/s
[Solver Step 003000] t= 1.259 | Pos Err:    0.08 km | Vel Err:    0.01 m/s
[Solver Step 004000] t= 1.606 | Pos Err:    0.06 km | Vel Err:    0.00 m/s
[Solver Step 005000] t= 1.992 | Pos Err:    0.04 km | Vel Err:    0.00 m/s
[Solver Step 006000] t= 2.444 | Pos Err:    0.09 km | Vel Err:    0.02 m/s
[Solver Step 007000] t= 2.846 | Pos Err:    0.10 km | Vel Err:    0.00 m/s
[Solver Step 008000] t= 3.243 | Pos Err:    0.10 km | Vel Err:    0.00 m/s
[Solver Step 009000] t= 3.618 | Pos Err:    0.15 km | Vel Err:    0.08 m/s
[Solver Step 010000] t= 4.032 | Pos Err:    0.03 km | Vel Err:    0.00 m/s
[Solver Step 011000] t= 4.451 | Pos Err:    0.03 km | Vel Err:    0.00 m/s
[Solver Step 012000] t= 4.894 | Pos Err:    0.04 km | Vel Err:    0.04 m/s
[Solver Step 013000] t= 5.232 | Pos Err:    0.07 km | Vel Err:    0.00 m/s
[Solver Step 014000] t= 5.630 | Pos Err:    0.10 km | Vel Err:    0.00 m/s
[Solver Step 015000] t= 6.109 | Pos Err:    0.07 km | Vel Err:    0.02 m/s
[Solver Step 016000] t= 6.496 | Pos Err:    0.06 km | Vel Err:    0.00 m/s
[Solver Step 017000] t= 6.923 | Pos Err:    0.04 km | Vel Err:    0.00 m/s
[Solver Step 018000] t= 7.267 | Pos Err:    0.08 km | Vel Err:    0.10 m/s
[Solver Step 019000] t= 7.687 | Pos Err:    0.10 km | Vel Err:    0.00 m/s
[Solver Step 020000] t= 8.167 | Pos Err:    0.10 km | Vel Err:    0.00 m/s
[Solver Step 021000] t= 8.552 | Pos Err:    0.09 km | Vel Err:    0.03 m/s
[Solver Step 022000] t= 8.922 | Pos Err:    0.08 km | Vel Err:    0.00 m/s
[Solver Step 023000] t= 9.314 | Pos Err:    0.03 km | Vel Err:    0.00 m/s
[Solver Step 024000] t= 9.772 | Pos Err:    0.06 km | Vel Err:    0.03 m/s
[Solver Step 025000] t=10.173 | Pos Err:    0.08 km | Vel Err:    0.00 m/s
[Solver Step 026000] t=10.573 | Pos Err:    0.09 km | Vel Err:    0.00 m/s
[Solver Step 027000] t=10.932 | Pos Err:    0.17 km | Vel Err:    0.09 m/s
[Solver Step 028000] t=11.352 | Pos Err:    0.05 km | Vel Err:    0.00 m/s
[Solver Step 029000] t=11.808 | Pos Err:    0.03 km | Vel Err:    0.00 m/s
[Solver Step 030000] t=12.177 | Pos Err:    0.02 km | Vel Err:    0.03 m/s
[Solver Step 001000] t= 0.413 | Pos Err:    3.40 km | Vel Err:    0.08 m/s
[Solver Step 002000] t= 0.817 | Pos Err:    0.04 km | Vel Err:    0.00 m/s
[Solver Step 003000] t= 1.259 | Pos Err:    0.09 km | Vel Err:    0.01 m/s
[Solver Step 004000] t= 1.606 | Pos Err:    0.07 km | Vel Err:    0.00 m/s
[Solver Step 005000] t= 1.991 | Pos Err:    0.04 km | Vel Err:    0.00 m/s
[Solver Step 006000] t= 2.444 | Pos Err:    0.09 km | Vel Err:    0.02 m/s
[Solver Step 007000] t= 2.845 | Pos Err:    0.10 km | Vel Err:    0.00 m/s
[Solver Step 008000] t= 3.243 | Pos Err:    0.11 km | Vel Err:    0.00 m/s
[Solver Step 009000] t= 3.618 | Pos Err:    0.16 km | Vel Err:    0.08 m/s
[Solver Step 010000] t= 4.032 | Pos Err:    0.02 km | Vel Err:    0.00 m/s
[Solver Step 011000] t= 4.451 | Pos Err:    0.03 km | Vel Err:    0.00 m/s
[Solver Step 012000] t= 4.893 | Pos Err:    0.04 km | Vel Err:    0.04 m/s
[Solver Step 013000] t= 5.232 | Pos Err:    0.07 km | Vel Err:    0.00 m/s
[Solver Step 014000] t= 5.630 | Pos Err:    0.10 km | Vel Err:    0.00 m/s
[Solver Step 015000] t= 6.109 | Pos Err:    0.08 km | Vel Err:    0.02 m/s
[Solver Step 016000] t= 6.495 | Pos Err:    0.06 km | Vel Err:    0.00 m/s
[Solver Step 017000] t= 6.923 | Pos Err:    0.04 km | Vel Err:    0.00 m/s
[Solver Step 018000] t= 7.266 | Pos Err:    0.07 km | Vel Err:    0.10 m/s
[Solver Step 019000] t= 7.687 | Pos Err:    0.10 km | Vel Err:    0.00 m/s
[Solver Step 020000] t= 8.166 | Pos Err:    0.11 km | Vel Err:    0.00 m/s
[Solver Step 021000] t= 8.552 | Pos Err:    0.09 km | Vel Err:    0.03 m/s
[Solver Step 022000] t= 8.922 | Pos Err:    0.09 km | Vel Err:    0.00 m/s
[Solver Step 023000] t= 9.313 | Pos Err:    0.02 km | Vel Err:    0.00 m/s
[Solver Step 024000] t= 9.772 | Pos Err:    0.06 km | Vel Err:    0.03 m/s
[Solver Step 025000] t=10.173 | Pos Err:    0.08 km | Vel Err:    0.00 m/s
[Solver Step 026000] t=10.573 | Pos Err:    0.09 km | Vel Err:    0.00 m/s
[Solver Step 027000] t=10.932 | Pos Err:    0.17 km | Vel Err:    0.09 m/s
[Solver Step 028000] t=11.352 | Pos Err:    0.05 km | Vel Err:    0.00 m/s
[Solver Step 029000] t=11.807 | Pos Err:    0.03 km | Vel Err:    0.00 m/s
[Solver Step 030000] t=12.176 | Pos Err:    0.02 km | Vel Err:    0.03 m/s
[Solver Step 001000] t= 0.419 | Pos Err:    0.29 km | Vel Err:    0.01 m/s
[Solver Step 002000] t= 0.793 | Pos Err:    0.06 km | Vel Err:    0.00 m/s
[Solver Step 003000] t= 1.102 | Pos Err:    0.01 km | Vel Err:    0.04 m/s
[Solver Step 004000] t= 1.555 | Pos Err:    0.05 km | Vel Err:    0.00 m/s
[Solver Step 005000] t= 2.105 | Pos Err:    0.06 km | Vel Err:    0.00 m/s
[Solver Step 006000] t= 2.518 | Pos Err:    0.05 km | Vel Err:    0.01 m/s
[Solver Step 007000] t= 3.018 | Pos Err:    0.05 km | Vel Err:    0.00 m/s
[Solver Step 008000] t= 3.571 | Pos Err:    0.05 km | Vel Err:    0.00 m/s
[Solver Step 009000] t= 4.060 | Pos Err:    0.05 km | Vel Err:    0.01 m/s
[Solver Step 010000] t= 4.462 | Pos Err:    0.06 km | Vel Err:    0.00 m/s
[Solver Step 011000] t= 5.001 | Pos Err:    0.06 km | Vel Err:    0.00 m/s
[Solver Step 012000] t= 5.588 | Pos Err:    0.04 km | Vel Err:    0.05 m/s
[Solver Step 013000] t= 6.069 | Pos Err:    0.06 km | Vel Err:    0.00 m/s
[Solver Step 014000] t= 6.471 | Pos Err:    0.06 km | Vel Err:    0.00 m/s
[Solver Step 015000] t= 7.029 | Pos Err:    0.03 km | Vel Err:    0.08 m/s
[Solver Step 001000] t= 0.416 | Pos Err:    3.50 km | Vel Err:    0.08 m/s
[Solver Step 002000] t= 0.820 | Pos Err:    0.10 km | Vel Err:    0.00 m/s
[Solver Step 003000] t= 1.261 | Pos Err:    0.07 km | Vel Err:    0.01 m/s
[Solver Step 004000] t= 1.609 | Pos Err:    0.10 km | Vel Err:    0.00 m/s
[Solver Step 005000] t= 1.994 | Pos Err:    0.09 km | Vel Err:    0.00 m/s
[Solver Step 006000] t= 2.447 | Pos Err:    0.06 km | Vel Err:    0.02 m/s
[Solver Step 007000] t= 2.849 | Pos Err:    0.04 km | Vel Err:    0.00 m/s
[Solver Step 008000] t= 3.245 | Pos Err:    0.03 km | Vel Err:    0.00 m/s
[Solver Step 009000] t= 3.620 | Pos Err:    0.07 km | Vel Err:    0.08 m/s
[Solver Step 010000] t= 4.035 | Pos Err:    0.10 km | Vel Err:    0.00 m/s
[Solver Step 011000] t= 4.454 | Pos Err:    0.11 km | Vel Err:    0.00 m/s
[Solver Step 012000] t= 4.897 | Pos Err:    0.08 km | Vel Err:    0.04 m/s
[Solver Step 013000] t= 5.235 | Pos Err:    0.07 km | Vel Err:    0.00 m/s
[Solver Step 014000] t= 5.633 | Pos Err:    0.03 km | Vel Err:    0.00 m/s
[Solver Step 015000] t= 6.112 | Pos Err:    0.08 km | Vel Err:    0.02 m/s
[Solver Step 016000] t= 6.498 | Pos Err:    0.10 km | Vel Err:    0.00 m/s
[Solver Step 017000] t= 6.925 | Pos Err:    0.11 km | Vel Err:    0.00 m/s
[Solver Step 018000] t= 7.269 | Pos Err:    0.17 km | Vel Err:    0.10 m/s
[Solver Step 019000] t= 7.690 | Pos Err:    0.04 km | Vel Err:    0.00 m/s
[Solver Step 020000] t= 8.169 | Pos Err:    0.03 km | Vel Err:    0.00 m/s
[Solver Step 021000] t= 8.555 | Pos Err:    0.03 km | Vel Err:    0.03 m/s
[Solver Step 022000] t= 8.923 | Pos Err:    0.07 km | Vel Err:    0.00 m/s
[Solver Step 023000] t= 9.316 | Pos Err:    0.10 km | Vel Err:    0.00 m/s
[Solver Step 024000] t= 9.775 | Pos Err:    0.08 km | Vel Err:    0.03 m/s
[Solver Step 025000] t=10.176 | Pos Err:    0.07 km | Vel Err:    0.00 m/s
[Solver Step 026000] t=10.575 | Pos Err:    0.05 km | Vel Err:    0.00 m/s
[Solver Step 027000] t=10.935 | Pos Err:    0.08 km | Vel Err:    0.09 m/s
[Solver Step 028000] t=11.354 | Pos Err:    0.10 km | Vel Err:    0.00 m/s
[Solver Step 029000] t=11.811 | Pos Err:    0.11 km | Vel Err:    0.00 m/s
[Solver Step 030000] t=12.179 | Pos Err:    0.09 km | Vel Err:    0.03 m/s
[Multiple Shooting] Converged in 2 iterations with residual 2.59e-11
[Solver Step 001000] t= 0.417 | Pos Err:    0.63 km | Vel Err:    0.01 m/s
[Solver Step 002000] t= 0.922 | Pos Err:    4.54 km | Vel Err:    0.09 m/s
[Solver Step 003000] t= 1.361 | Pos Err:   64.03 km | Vel Err:    1.32 m/s
[Solver Step 004000] t= 1.750 | Pos Err:   85.14 km | Vel Err:    1.82 m/s
[Solver Step 005000] t= 2.245 | Pos Err:    1.04 km | Vel Err:    0.03 m/s
[Solver Step 006000] t= 2.643 | Pos Err:    0.15 km | Vel Err:    0.01 m/s
[Solver Step 007000] t= 3.092 | Pos Err:    6.93 km | Vel Err:    0.16 m/s
[Solver Step 001000] t= 0.214 | Pos Err:   21.94 km | Vel Err:    0.52 m/s
[Solver Step 002000] t= 0.469 | Pos Err:    2.64 km | Vel Err:    0.08 m/s
[Solver Step 003000] t= 0.712 | Pos Err:    0.37 km | Vel Err:    0.05 m/s
[Solver Step 004000] t= 0.926 | Pos Err:    0.03 km | Vel Err:    0.00 m/s
[Solver Step 005000] t= 1.175 | Pos Err:    0.08 km | Vel Err:    0.00 m/s
[Solver Step 006000] t= 1.429 | Pos Err:    0.09 km | Vel Err:    0.04 m/s
[Solver Step 007000] t= 1.657 | Pos Err:    0.08 km | Vel Err:    0.00 m/s
[Solver Step 008000] t= 1.872 | Pos Err:    0.09 km | Vel Err:    0.00 m/s
[Solver Step 009000] t= 2.133 | Pos Err:    0.15 km | Vel Err:    0.11 m/s
[Solver Step 010000] t= 2.377 | Pos Err:    0.07 km | Vel Err:    0.00 m/s
[Solver Step 011000] t= 2.590 | Pos Err:    0.06 km | Vel Err:    0.00 m/s
[Solver Step 012000] t= 2.837 | Pos Err:    1.02 km | Vel Err:    0.77 m/s
[Solver Step 013000] t= 3.093 | Pos Err:    0.06 km | Vel Err:    0.00 m/s
[Solver Step 014000] t= 3.311 | Pos Err:    0.04 km | Vel Err:    0.00 m/s
[Solver Step 015000] t= 3.533 | Pos Err:    0.75 km | Vel Err:    0.56 m/s
[Solver Step 016000] t= 3.795 | Pos Err:    0.05 km | Vel Err:    0.01 m/s
[Solver Step 017000] t= 4.037 | Pos Err:    0.03 km | Vel Err:    0.00 m/s
[Solver Step 018000] t= 4.244 | Pos Err:    0.39 km | Vel Err:    0.22 m/s
[Solver Step 019000] t= 4.496 | Pos Err:    0.04 km | Vel Err:    0.02 m/s
[Solver Step 020000] t= 4.750 | Pos Err:    0.04 km | Vel Err:    0.00 m/s
[Solver Step 021000] t= 4.967 | Pos Err:    0.18 km | Vel Err:    0.11 m/s
[Solver Step 022000] t= 5.188 | Pos Err:    0.03 km | Vel Err:    0.01 m/s
[Solver Step 023000] t= 5.454 | Pos Err:    0.05 km | Vel Err:    0.00 m/s
[Solver Step 024000] t= 5.696 | Pos Err:    0.14 km | Vel Err:    0.12 m/s
[Solver Step 025000] t= 5.905 | Pos Err:    0.07 km | Vel Err:    0.00 m/s
[Solver Step 026000] t= 6.158 | Pos Err:    0.06 km | Vel Err:    0.00 m/s
[Solver Step 027000] t= 6.412 | Pos Err:    0.25 km | Vel Err:    0.24 m/s
[Solver Step 028000] t= 6.625 | Pos Err:    0.09 km | Vel Err:    0.00 m/s
[Solver Step 029000] t= 6.850 | Pos Err:    0.09 km | Vel Err:    0.00 m/s
[Multiple Shooting] Converged in 3 iterations with residual 3.76e-15
[Solver Step 001000] t= 0.406 | Pos Err:    2.70 km | Vel Err:    0.06 m/s
[Solver Step 002000] t= 0.797 | Pos Err:    3.28 km | Vel Err:    0.06 m/s
[Solver Step 003000] t= 1.177 | Pos Err:    3.61 km | Vel Err:    0.05 m/s
[Solver Step 004000] t= 1.559 | Pos Err:    5.64 km | Vel Err:    0.11 m/s
[Solver Step 005000] t= 1.951 | Pos Err:    2.46 km | Vel Err:    0.05 m/s
[Solver Step 006000] t= 2.341 | Pos Err:    6.82 km | Vel Err:    0.15 m/s
[Solver Step 001000] t= 0.218 | Pos Err:   10.81 km | Vel Err:    0.17 m/s
[Solver Step 002000] t= 0.471 | Pos Err:    1.30 km | Vel Err:    0.02 m/s
[Solver Step 003000] t= 0.714 | Pos Err:    0.16 km | Vel Err:    0.02 m/s
[Solver Step 004000] t= 0.932 | Pos Err:    0.01 km | Vel Err:    0.00 m/s
[Solver Step 005000] t= 1.179 | Pos Err:    0.04 km | Vel Err:    0.00 m/s
[Solver Step 006000] t= 1.432 | Pos Err:    0.08 km | Vel Err:    0.06 m/s
[Solver Step 007000] t= 1.663 | Pos Err:    0.06 km | Vel Err:    0.00 m/s
[Solver Step 008000] t= 1.877 | Pos Err:    0.05 km | Vel Err:    0.00 m/s
[Solver Step 009000] t= 2.135 | Pos Err:    0.15 km | Vel Err:    0.09 m/s
[Solver Step 010000] t= 2.378 | Pos Err:    0.07 km | Vel Err:    0.00 m/s
[Solver Step 011000] t= 2.592 | Pos Err:    0.04 km | Vel Err:    0.00 m/s
[Solver Step 012000] t= 2.838 | Pos Err:    1.00 km | Vel Err:    0.80 m/s
[Solver Step 013000] t= 3.094 | Pos Err:    0.07 km | Vel Err:    0.00 m/s
[Solver Step 014000] t= 3.315 | Pos Err:    0.03 km | Vel Err:    0.00 m/s
[Solver Step 015000] t= 3.536 | Pos Err:    0.68 km | Vel Err:    0.53 m/s
[Solver Step 016000] t= 3.797 | Pos Err:    0.06 km | Vel Err:    0.00 m/s
[Solver Step 017000] t= 4.040 | Pos Err:    0.03 km | Vel Err:    0.00 m/s
[Solver Step 018000] t= 4.248 | Pos Err:    0.33 km | Vel Err:    0.21 m/s
[Solver Step 019000] t= 4.498 | Pos Err:    0.03 km | Vel Err:    0.02 m/s
[Solver Step 020000] t= 4.753 | Pos Err:    0.02 km | Vel Err:    0.00 m/s
[Solver Step 021000] t= 4.971 | Pos Err:    0.12 km | Vel Err:    0.11 m/s
[Solver Step 022000] t= 5.190 | Pos Err:    0.02 km | Vel Err:    0.01 m/s
[Solver Step 023000] t= 5.456 | Pos Err:    0.02 km | Vel Err:    0.00 m/s
[Solver Step 024000] t= 5.699 | Pos Err:    0.10 km | Vel Err:    0.12 m/s
[Solver Step 025000] t= 5.906 | Pos Err:    0.02 km | Vel Err:    0.00 m/s
[Solver Step 026000] t= 6.159 | Pos Err:    0.01 km | Vel Err:    0.00 m/s
[Solver Step 027000] t= 6.414 | Pos Err:    0.25 km | Vel Err:    0.24 m/s
[Solver Step 028000] t= 6.627 | Pos Err:    0.05 km | Vel Err:    0.00 m/s
[Solver Step 029000] t= 6.851 | Pos Err:    0.03 km | Vel Err:    0.00 m/s
[Multiple Shooting] Converged in 4 iterations with residual 3.12e-15
[Solver Step 001000] t= 0.383 | Pos Err:    3.24 km | Vel Err:    0.08 m/s
[Solver Step 002000] t= 0.765 | Pos Err:    8.05 km | Vel Err:    0.16 m/s
[Solver Step 003000] t= 1.139 | Pos Err:    2.97 km | Vel Err:    0.09 m/s
[Solver Step 004000] t= 1.508 | Pos Err:   13.13 km | Vel Err:    0.25 m/s
[Solver Step 005000] t= 1.888 | Pos Err:    2.00 km | Vel Err:    0.05 m/s
[Solver Step 006000] t= 2.272 | Pos Err:   11.01 km | Vel Err:    0.19 m/s
[Solver Step 001000] t= 0.411 | Pos Err:    3.32 km | Vel Err:    0.08 m/s
[Solver Step 002000] t= 0.815 | Pos Err:    0.10 km | Vel Err:    0.00 m/s
[Solver Step 003000] t= 1.257 | Pos Err:    0.02 km | Vel Err:    0.01 m/s
[Solver Step 004000] t= 1.604 | Pos Err:    0.03 km | Vel Err:    0.00 m/s
[Solver Step 005000] t= 1.989 | Pos Err:    0.09 km | Vel Err:    0.00 m/s
[Solver Step 006000] t= 2.442 | Pos Err:    0.11 km | Vel Err:    0.02 m/s
[Solver Step 007000] t= 2.843 | Pos Err:    0.10 km | Vel Err:    0.00 m/s
[Solver Step 008000] t= 3.242 | Pos Err:    0.08 km | Vel Err:    0.00 m/s
[Solver Step 009000] t= 3.616 | Pos Err:    0.10 km | Vel Err:    0.08 m/s
[Solver Step 010000] t= 4.029 | Pos Err:    0.07 km | Vel Err:    0.00 m/s
[Solver Step 011000] t= 4.449 | Pos Err:    0.09 km | Vel Err:    0.00 m/s
[Solver Step 012000] t= 4.891 | Pos Err:    0.08 km | Vel Err:    0.04 m/s
[Solver Step 013000] t= 5.230 | Pos Err:    0.11 km | Vel Err:    0.00 m/s
[Solver Step 014000] t= 5.628 | Pos Err:    0.06 km | Vel Err:    0.00 m/s
[Solver Step 015000] t= 6.106 | Pos Err:    0.02 km | Vel Err:    0.02 m/s
[Solver Step 016000] t= 6.493 | Pos Err:    0.03 km | Vel Err:    0.00 m/s
[Solver Step 017000] t= 6.921 | Pos Err:    0.06 km | Vel Err:    0.00 m/s
[Solver Step 018000] t= 7.264 | Pos Err:    0.13 km | Vel Err:    0.11 m/s
[Solver Step 019000] t= 7.684 | Pos Err:    0.09 km | Vel Err:    0.00 m/s
[Solver Step 020000] t= 8.165 | Pos Err:    0.08 km | Vel Err:    0.00 m/s
[Solver Step 021000] t= 8.550 | Pos Err:    0.05 km | Vel Err:    0.03 m/s
[Solver Step 022000] t= 8.921 | Pos Err:    0.03 km | Vel Err:    0.00 m/s
[Solver Step 023000] t= 9.311 | Pos Err:    0.08 km | Vel Err:    0.00 m/s
[Solver Step 024000] t= 9.769 | Pos Err:    0.10 km | Vel Err:    0.03 m/s
[Solver Step 025000] t=10.171 | Pos Err:    0.11 km | Vel Err:    0.00 m/s
[Solver Step 026000] t=10.570 | Pos Err:    0.10 km | Vel Err:    0.00 m/s
[Solver Step 027000] t=10.930 | Pos Err:    0.13 km | Vel Err:    0.09 m/s
[Solver Step 028000] t=11.351 | Pos Err:    0.04 km | Vel Err:    0.00 m/s
[Solver Step 029000] t=11.805 | Pos Err:    0.06 km | Vel Err:    0.00 m/s
[Solver Step 030000] t=12.175 | Pos Err:    0.07 km | Vel Err:    0.03 m/s
[Solver Step 031000] t=12.565 | Pos Err:    0.10 km | Vel Err:    0.00 m/s
[Multiple Shooting] Converged in 2 iterations with residual 5.34e-12
[Solver Step 001000] t= 0.424 | Pos Err:    0.31 km | Vel Err:    0.01 m/s
[Solver Step 002000] t= 0.926 | Pos Err:    0.76 km | Vel Err:    0.01 m/s
[Solver Step 003000] t= 1.422 | Pos Err:    4.05 km | Vel Err:    0.10 m/s
[Solver Step 004000] t= 1.765 | Pos Err:   58.52 km | Vel Err:    1.11 m/s
[Solver Step 005000] t= 2.216 | Pos Err:   23.79 km | Vel Err:    0.52 m/s
[Solver Step 006000] t= 2.677 | Pos Err:    2.22 km | Vel Err:    0.05 m/s
[Solver Step 007000] t= 3.093 | Pos Err:   11.18 km | Vel Err:    0.25 m/s
[Multiple Shooting] Converged in 2 iterations with residual 2.50e-11
[Solver Step 001000] t= 0.427 | Pos Err:    0.47 km | Vel Err:    0.01 m/s
[Solver Step 002000] t= 0.891 | Pos Err:    0.23 km | Vel Err:    0.01 m/s
[Solver Step 003000] t= 1.384 | Pos Err:    1.10 km | Vel Err:    0.02 m/s
[Solver Step 004000] t= 1.804 | Pos Err:    4.49 km | Vel Err:    0.07 m/s
[Solver Step 005000] t= 2.155 | Pos Err:  182.12 km | Vel Err:    3.61 m/s
[Solver Step 006000] t= 2.613 | Pos Err:    6.18 km | Vel Err:    0.12 m/s
[Solver Step 007000] t= 3.090 | Pos Err:   34.70 km | Vel Err:    0.78 m/s
[Multiple Shooting] Converged in 2 iterations with residual 1.24e-11
[Solver Step 001000] t= 0.426 | Pos Err:    0.12 km | Vel Err:    0.00 m/s
[Solver Step 002000] t= 0.923 | Pos Err:    0.46 km | Vel Err:    0.01 m/s
[Solver Step 003000] t= 1.422 | Pos Err:    3.31 km | Vel Err:    0.07 m/s
[Solver Step 004000] t= 1.799 | Pos Err:   49.11 km | Vel Err:    1.06 m/s
[Solver Step 005000] t= 2.202 | Pos Err:   57.33 km | Vel Err:    1.17 m/s
[Solver Step 006000] t= 2.668 | Pos Err:    3.40 km | Vel Err:    0.07 m/s
[Solver Step 007000] t= 3.114 | Pos Err:   10.06 km | Vel Err:    0.24 m/s
[Multiple Shooting] Converged in 2 iterations with residual 2.47e-11
[Solver Step 001000] t= 0.414 | Pos Err:    0.29 km | Vel Err:    0.01 m/s
[Solver Step 002000] t= 0.918 | Pos Err:    4.52 km | Vel Err:    0.09 m/s
[Solver Step 003000] t= 1.358 | Pos Err:   65.48 km | Vel Err:    1.37 m/s
[Solver Step 004000] t= 1.747 | Pos Err:   87.13 km | Vel Err:    1.85 m/s
[Solver Step 005000] t= 2.242 | Pos Err:    1.28 km | Vel Err:    0.03 m/s
[Solver Step 006000] t= 2.639 | Pos Err:    0.07 km | Vel Err:    0.01 m/s
[Solver Step 007000] t= 3.090 | Pos Err:    7.35 km | Vel Err:    0.17 m/s
[Solver Step 001000] t= 0.414 | Pos Err:    3.37 km | Vel Err:    0.08 m/s
[Solver Step 002000] t= 0.818 | Pos Err:    0.07 km | Vel Err:    0.00 m/s
[Solver Step 003000] t= 1.260 | Pos Err:    0.09 km | Vel Err:    0.01 m/s
[Solver Step 004000] t= 1.607 | Pos Err:    0.11 km | Vel Err:    0.00 m/s
[Solver Step 005000] t= 1.992 | Pos Err:    0.07 km | Vel Err:    0.00 m/s
[Solver Step 006000] t= 2.445 | Pos Err:    0.02 km | Vel Err:    0.02 m/s
[Solver Step 007000] t= 2.847 | Pos Err:    0.01 km | Vel Err:    0.00 m/s
[Solver Step 008000] t= 3.244 | Pos Err:    0.04 km | Vel Err:    0.00 m/s
[Solver Step 009000] t= 3.619 | Pos Err:    0.10 km | Vel Err:    0.08 m/s
[Solver Step 010000] t= 4.033 | Pos Err:    0.10 km | Vel Err:    0.00 m/s
[Solver Step 011000] t= 4.452 | Pos Err:    0.09 km | Vel Err:    0.00 m/s
[Solver Step 012000] t= 4.895 | Pos Err:    0.06 km | Vel Err:    0.04 m/s
[Solver Step 013000] t= 5.233 | Pos Err:    0.03 km | Vel Err:    0.00 m/s
[Solver Step 014000] t= 5.631 | Pos Err:    0.06 km | Vel Err:    0.00 m/s
[Solver Step 015000] t= 6.110 | Pos Err:    0.10 km | Vel Err:    0.02 m/s
[Solver Step 016000] t= 6.496 | Pos Err:    0.11 km | Vel Err:    0.00 m/s
[Solver Step 017000] t= 6.924 | Pos Err:    0.11 km | Vel Err:    0.00 m/s
[Solver Step 018000] t= 7.267 | Pos Err:    0.16 km | Vel Err:    0.10 m/s
[Solver Step 019000] t= 7.688 | Pos Err:    0.01 km | Vel Err:    0.00 m/s
[Solver Step 020000] t= 8.167 | Pos Err:    0.05 km | Vel Err:    0.00 m/s
[Solver Step 021000] t= 8.553 | Pos Err:    0.05 km | Vel Err:    0.03 m/s
[Solver Step 022000] t= 8.922 | Pos Err:    0.10 km | Vel Err:    0.00 m/s
[Solver Step 023000] t= 9.314 | Pos Err:    0.09 km | Vel Err:    0.00 m/s
[Solver Step 024000] t= 9.773 | Pos Err:    0.05 km | Vel Err:    0.03 m/s
[Solver Step 025000] t=10.174 | Pos Err:    0.03 km | Vel Err:    0.00 m/s
[Solver Step 026000] t=10.573 | Pos Err:    0.01 km | Vel Err:    0.00 m/s
[Solver Step 027000] t=10.933 | Pos Err:    0.10 km | Vel Err:    0.09 m/s
[Solver Step 028000] t=11.353 | Pos Err:    0.11 km | Vel Err:    0.00 m/s
[Solver Step 029000] t=11.808 | Pos Err:    0.10 km | Vel Err:    0.00 m/s
[Solver Step 030000] t=12.177 | Pos Err:    0.09 km | Vel Err:    0.03 m/s
[Solver Step 001000] t= 0.415 | Pos Err:    2.71 km | Vel Err:    0.06 m/s
[Solver Step 002000] t= 0.819 | Pos Err:    0.07 km | Vel Err:    0.00 m/s
[Solver Step 003000] t= 1.260 | Pos Err:    0.09 km | Vel Err:    0.01 m/s
[Solver Step 004000] t= 1.607 | Pos Err:    0.10 km | Vel Err:    0.00 m/s
[Solver Step 005000] t= 1.993 | Pos Err:    0.06 km | Vel Err:    0.00 m/s
[Solver Step 006000] t= 2.446 | Pos Err:    0.02 km | Vel Err:    0.02 m/s
[Solver Step 007000] t= 2.847 | Pos Err:    0.02 km | Vel Err:    0.00 m/s
[Solver Step 008000] t= 3.244 | Pos Err:    0.04 km | Vel Err:    0.00 m/s
[Solver Step 009000] t= 3.619 | Pos Err:    0.10 km | Vel Err:    0.08 m/s
[Solver Step 010000] t= 4.033 | Pos Err:    0.09 km | Vel Err:    0.00 m/s
[Solver Step 011000] t= 4.452 | Pos Err:    0.08 km | Vel Err:    0.00 m/s
[Solver Step 012000] t= 4.895 | Pos Err:    0.05 km | Vel Err:    0.04 m/s
[Solver Step 013000] t= 5.233 | Pos Err:    0.03 km | Vel Err:    0.00 m/s
[Solver Step 014000] t= 5.631 | Pos Err:    0.06 km | Vel Err:    0.00 m/s
[Solver Step 015000] t= 6.110 | Pos Err:    0.09 km | Vel Err:    0.02 m/s
[Solver Step 016000] t= 6.497 | Pos Err:    0.10 km | Vel Err:    0.00 m/s
[Solver Step 017000] t= 6.924 | Pos Err:    0.10 km | Vel Err:    0.00 m/s
[Solver Step 018000] t= 7.268 | Pos Err:    0.15 km | Vel Err:    0.10 m/s
[Solver Step 019000] t= 7.688 | Pos Err:    0.02 km | Vel Err:    0.00 m/s
[Solver Step 020000] t= 8.168 | Pos Err:    0.05 km | Vel Err:    0.00 m/s
[Solver Step 021000] t= 8.553 | Pos Err:    0.05 km | Vel Err:    0.03 m/s
[Solver Step 022000] t= 8.922 | Pos Err:    0.09 km | Vel Err:    0.00 m/s
[Solver Step 023000] t= 9.315 | Pos Err:    0.08 km | Vel Err:    0.00 m/s
[Solver Step 024000] t= 9.773 | Pos Err:    0.04 km | Vel Err:    0.03 m/s
[Solver Step 025000] t=10.174 | Pos Err:    0.03 km | Vel Err:    0.00 m/s
[Solver Step 026000] t=10.574 | Pos Err:    0.01 km | Vel Err:    0.00 m/s
[Solver Step 027000] t=10.933 | Pos Err:    0.11 km | Vel Err:    0.09 m/s
[Solver Step 028000] t=11.353 | Pos Err:    0.10 km | Vel Err:    0.00 m/s
[Solver Step 029000] t=11.809 | Pos Err:    0.09 km | Vel Err:    0.00 m/s
[Solver Step 030000] t=12.178 | Pos Err:    0.07 km | Vel Err:    0.03 m/s
[Multiple Shooting] Converged in 2 iterations with residual 3.24e-11
[Solver Step 001000] t= 0.445 | Pos Err:    0.59 km | Vel Err:    0.01 m/s
[Solver Step 002000] t= 0.874 | Pos Err:    0.39 km | Vel Err:    0.01 m/s
[Solver Step 003000] t= 1.353 | Pos Err:    0.43 km | Vel Err:    0.03 m/s
[Solver Step 004000] t= 1.785 | Pos Err:   10.08 km | Vel Err:    0.24 m/s
[Solver Step 005000] t= 2.150 | Pos Err:  265.88 km | Vel Err:    5.37 m/s
[Solver Step 006000] t= 2.575 | Pos Err:   71.44 km | Vel Err:    1.67 m/s
[Solver Step 007000] t= 3.063 | Pos Err:   55.35 km | Vel Err:    1.23 m/s
[Solver Step 001000] t= 0.410 | Pos Err:    3.77 km | Vel Err:    0.09 m/s
[Solver Step 002000] t= 0.814 | Pos Err:    0.09 km | Vel Err:    0.00 m/s
[Solver Step 003000] t= 1.257 | Pos Err:    0.05 km | Vel Err:    0.01 m/s
[Solver Step 004000] t= 1.603 | Pos Err:    0.02 km | Vel Err:    0.00 m/s
[Solver Step 005000] t= 1.989 | Pos Err:    0.08 km | Vel Err:    0.00 m/s
[Solver Step 006000] t= 2.442 | Pos Err:    0.11 km | Vel Err:    0.02 m/s
[Solver Step 007000] t= 2.843 | Pos Err:    0.11 km | Vel Err:    0.00 m/s
[Solver Step 008000] t= 3.242 | Pos Err:    0.11 km | Vel Err:    0.00 m/s
[Solver Step 009000] t= 3.615 | Pos Err:    0.13 km | Vel Err:    0.08 m/s
[Solver Step 010000] t= 4.029 | Pos Err:    0.04 km | Vel Err:    0.00 m/s
[Solver Step 011000] t= 4.449 | Pos Err:    0.08 km | Vel Err:    0.00 m/s
[Solver Step 012000] t= 4.891 | Pos Err:    0.08 km | Vel Err:    0.04 m/s
[Solver Step 013000] t= 5.230 | Pos Err:    0.11 km | Vel Err:    0.00 m/s
[Solver Step 014000] t= 5.627 | Pos Err:    0.09 km | Vel Err:    0.00 m/s
[Solver Step 015000] t= 6.106 | Pos Err:    0.04 km | Vel Err:    0.02 m/s
[Solver Step 016000] t= 6.493 | Pos Err:    0.02 km | Vel Err:    0.00 m/s
[Solver Step 017000] t= 6.920 | Pos Err:    0.03 km | Vel Err:    0.00 m/s
[Solver Step 018000] t= 7.264 | Pos Err:    0.09 km | Vel Err:    0.11 m/s
[Solver Step 019000] t= 7.684 | Pos Err:    0.11 km | Vel Err:    0.00 m/s
[Solver Step 020000] t= 8.164 | Pos Err:    0.10 km | Vel Err:    0.00 m/s
[Solver Step 021000] t= 8.549 | Pos Err:    0.08 km | Vel Err:    0.03 m/s
[Solver Step 022000] t= 8.920 | Pos Err:    0.05 km | Vel Err:    0.00 m/s
[Solver Step 023000] t= 9.311 | Pos Err:    0.06 km | Vel Err:    0.00 m/s
[Solver Step 024000] t= 9.769 | Pos Err:    0.10 km | Vel Err:    0.03 m/s
[Solver Step 025000] t=10.171 | Pos Err:    0.11 km | Vel Err:    0.00 m/s
[Solver Step 026000] t=10.570 | Pos Err:    0.11 km | Vel Err:    0.00 m/s
[Solver Step 027000] t=10.929 | Pos Err:    0.16 km | Vel Err:    0.09 m/s
[Solver Step 028000] t=11.350 | Pos Err:    0.02 km | Vel Err:    0.00 m/s
[Solver Step 029000] t=11.805 | Pos Err:    0.04 km | Vel Err:    0.00 m/s
[Solver Step 030000] t=12.174 | Pos Err:    0.05 km | Vel Err:    0.03 m/s
[Solver Step 031000] t=12.565 | Pos Err:    0.09 km | Vel Err:    0.00 m/s
[Multiple Shooting] Converged in 2 iterations with residual 1.56e-15
[Solver Step 001000] t= 0.464 | Pos Err:    0.24 km | Vel Err:    0.00 m/s
[Solver Step 002000] t= 1.016 | Pos Err:    0.14 km | Vel Err:    0.00 m/s
[Solver Step 003000] t= 1.615 | Pos Err:    0.09 km | Vel Err:    0.01 m/s
[Solver Step 004000] t= 2.065 | Pos Err:    0.16 km | Vel Err:    0.00 m/s
[Solver Step 005000] t= 2.509 | Pos Err:    0.33 km | Vel Err:    0.01 m/s
[Solver Step 006000] t= 3.055 | Pos Err:    5.24 km | Vel Err:    0.14 m/s
[Multiple Shooting] Converged in 2 iterations with residual 1.35e-15
[Solver Step 001000] t= 0.466 | Pos Err:    0.50 km | Vel Err:    0.01 m/s
[Solver Step 002000] t= 0.982 | Pos Err:    0.03 km | Vel Err:    0.00 m/s
[Solver Step 003000] t= 1.566 | Pos Err:    0.32 km | Vel Err:    0.02 m/s
[Solver Step 004000] t= 2.103 | Pos Err:    0.20 km | Vel Err:    0.00 m/s
[Solver Step 005000] t= 2.500 | Pos Err:    0.31 km | Vel Err:    0.01 m/s
[Solver Step 006000] t= 3.013 | Pos Err:    3.18 km | Vel Err:    0.08 m/s
[Multiple Shooting] Converged in 2 iterations with residual 2.26e-11
[Solver Step 001000] t= 0.425 | Pos Err:    0.38 km | Vel Err:    0.01 m/s
[Solver Step 002000] t= 0.915 | Pos Err:    0.31 km | Vel Err:    0.00 m/s
[Solver Step 003000] t= 1.416 | Pos Err:    2.94 km | Vel Err:    0.06 m/s
[Solver Step 004000] t= 1.809 | Pos Err:   34.63 km | Vel Err:    0.75 m/s
[Solver Step 005000] t= 2.189 | Pos Err:   89.67 km | Vel Err:    1.72 m/s
[Solver Step 006000] t= 2.656 | Pos Err:    3.79 km | Vel Err:    0.07 m/s
[Solver Step 007000] t= 3.115 | Pos Err:   12.36 km | Vel Err:    0.29 m/s
[Multiple Shooting] Converged in 2 iterations with residual 1.51e-15
[Solver Step 001000] t= 0.465 | Pos Err:    0.24 km | Vel Err:    0.01 m/s
[Solver Step 002000] t= 0.987 | Pos Err:    0.05 km | Vel Err:    0.00 m/s
[Solver Step 003000] t= 1.576 | Pos Err:    0.30 km | Vel Err:    0.02 m/s
[Solver Step 004000] t= 2.101 | Pos Err:    0.21 km | Vel Err:    0.00 m/s
[Solver Step 005000] t= 2.501 | Pos Err:    0.31 km | Vel Err:    0.01 m/s
[Solver Step 006000] t= 3.020 | Pos Err:    3.59 km | Vel Err:    0.09 m/s
[Multiple Shooting] Converged in 2 iterations with residual 1.45e-15
[Solver Step 001000] t= 0.471 | Pos Err:    0.32 km | Vel Err:    0.01 m/s
[Solver Step 002000] t= 0.965 | Pos Err:    0.13 km | Vel Err:    0.00 m/s
[Solver Step 003000] t= 1.531 | Pos Err:    0.10 km | Vel Err:    0.01 m/s
[Solver Step 004000] t= 2.094 | Pos Err:    0.16 km | Vel Err:    0.00 m/s
[Solver Step 005000] t= 2.494 | Pos Err:    0.28 km | Vel Err:    0.01 m/s
[Solver Step 006000] t= 2.986 | Pos Err:    1.42 km | Vel Err:    0.05 m/s
[Multiple Shooting] Converged in 4 iterations with residual 5.93e-13
[Solver Step 001000] t= 0.355 | Pos Err:    4.93 km | Vel Err:    0.10 m/s
[Solver Step 002000] t= 0.699 | Pos Err:   28.82 km | Vel Err:    0.63 m/s
[Solver Step 003000] t= 1.065 | Pos Err:   20.08 km | Vel Err:    0.41 m/s
[Solver Step 004000] t= 1.442 | Pos Err:    2.92 km | Vel Err:    0.06 m/s
[Solver Step 005000] t= 1.804 | Pos Err:   16.30 km | Vel Err:    0.32 m/s
[Solver Step 006000] t= 2.148 | Pos Err:    3.66 km | Vel Err:    0.08 m/s
[Solver Step 007000] t= 2.513 | Pos Err:  175.96 km | Vel Err:    2.37 m/s
[Multiple Shooting] Converged in 2 iterations with residual 1.37e-15
[Solver Step 001000] t= 0.478 | Pos Err:    0.23 km | Vel Err:    0.01 m/s
[Solver Step 002000] t= 0.987 | Pos Err:    0.11 km | Vel Err:    0.00 m/s
[Solver Step 003000] t= 1.422 | Pos Err:    0.26 km | Vel Err:    0.01 m/s
[Solver Step 004000] t= 1.921 | Pos Err:    0.06 km | Vel Err:    0.00 m/s
[Solver Step 005000] t= 2.468 | Pos Err:    0.05 km | Vel Err:    0.00 m/s
[Solver Step 006000] t= 2.963 | Pos Err:    0.16 km | Vel Err:    0.01 m/s
[Solver Step 001000] t= 0.419 | Pos Err:    0.57 km | Vel Err:    0.01 m/s
[Solver Step 002000] t= 0.792 | Pos Err:    0.07 km | Vel Err:    0.00 m/s
[Solver Step 003000] t= 1.102 | Pos Err:    0.01 km | Vel Err:    0.04 m/s
[Solver Step 004000] t= 1.554 | Pos Err:    0.05 km | Vel Err:    0.00 m/s
[Solver Step 005000] t= 2.105 | Pos Err:    0.05 km | Vel Err:    0.00 m/s
[Solver Step 006000] t= 2.518 | Pos Err:    0.05 km | Vel Err:    0.01 m/s
[Solver Step 007000] t= 3.018 | Pos Err:    0.05 km | Vel Err:    0.00 m/s
[Solver Step 008000] t= 3.571 | Pos Err:    0.05 km | Vel Err:    0.00 m/s
[Solver Step 009000] t= 4.060 | Pos Err:    0.04 km | Vel Err:    0.01 m/s
[Solver Step 010000] t= 4.462 | Pos Err:    0.05 km | Vel Err:    0.00 m/s
[Solver Step 011000] t= 5.000 | Pos Err:    0.05 km | Vel Err:    0.00 m/s
[Solver Step 012000] t= 5.588 | Pos Err:    0.03 km | Vel Err:    0.05 m/s
[Solver Step 013000] t= 6.069 | Pos Err:    0.05 km | Vel Err:    0.00 m/s
[Solver Step 014000] t= 6.471 | Pos Err:    0.06 km | Vel Err:    0.00 m/s
[Solver Step 015000] t= 7.029 | Pos Err:    0.03 km | Vel Err:    0.08 m/s
[Solver Step 001000] t= 0.215 | Pos Err:   20.22 km | Vel Err:    0.55 m/s
[Solver Step 002000] t= 0.469 | Pos Err:    2.45 km | Vel Err:    0.06 m/s
[Solver Step 003000] t= 0.712 | Pos Err:    0.32 km | Vel Err:    0.05 m/s
[Solver Step 004000] t= 0.926 | Pos Err:    0.03 km | Vel Err:    0.00 m/s
[Solver Step 005000] t= 1.175 | Pos Err:    0.07 km | Vel Err:    0.00 m/s
[Solver Step 006000] t= 1.429 | Pos Err:    0.05 km | Vel Err:    0.06 m/s
[Solver Step 007000] t= 1.655 | Pos Err:    0.05 km | Vel Err:    0.00 m/s
[Solver Step 008000] t= 1.872 | Pos Err:    0.07 km | Vel Err:    0.00 m/s
[Solver Step 009000] t= 2.133 | Pos Err:    0.11 km | Vel Err:    0.11 m/s
[Solver Step 010000] t= 2.376 | Pos Err:    0.04 km | Vel Err:    0.00 m/s
[Solver Step 011000] t= 2.586 | Pos Err:    0.04 km | Vel Err:    0.00 m/s
[Solver Step 012000] t= 2.835 | Pos Err:    1.39 km | Vel Err:    1.08 m/s
[Solver Step 013000] t= 3.090 | Pos Err:    0.02 km | Vel Err:    0.00 m/s
[Solver Step 014000] t= 3.309 | Pos Err:    0.03 km | Vel Err:    0.00 m/s
[Solver Step 015000] t= 3.532 | Pos Err:    0.79 km | Vel Err:    0.57 m/s
[Solver Step 016000] t= 3.794 | Pos Err:    0.02 km | Vel Err:    0.01 m/s
[Solver Step 017000] t= 4.033 | Pos Err:    0.05 km | Vel Err:    0.00 m/s
[Solver Step 018000] t= 4.242 | Pos Err:    0.42 km | Vel Err:    0.23 m/s
[Solver Step 019000] t= 4.495 | Pos Err:    0.05 km | Vel Err:    0.02 m/s
[Solver Step 020000] t= 4.748 | Pos Err:    0.07 km | Vel Err:    0.00 m/s
[Solver Step 021000] t= 4.965 | Pos Err:    0.19 km | Vel Err:    0.11 m/s
[Solver Step 022000] t= 5.187 | Pos Err:    0.05 km | Vel Err:    0.01 m/s
[Solver Step 023000] t= 5.453 | Pos Err:    0.07 km | Vel Err:    0.00 m/s
[Solver Step 024000] t= 5.694 | Pos Err:    0.11 km | Vel Err:    0.12 m/s
[Solver Step 025000] t= 5.901 | Pos Err:    0.06 km | Vel Err:    0.00 m/s
[Solver Step 026000] t= 6.156 | Pos Err:    0.07 km | Vel Err:    0.00 m/s
[Solver Step 027000] t= 6.409 | Pos Err:    0.21 km | Vel Err:    0.24 m/s
[Solver Step 028000] t= 6.620 | Pos Err:    0.07 km | Vel Err:    0.00 m/s
[Solver Step 029000] t= 6.848 | Pos Err:    0.09 km | Vel Err:    0.00 m/s
[Multiple Shooting] Converged in 3 iterations with residual 1.20e-11
[Solver Step 001000] t= 0.388 | Pos Err:    2.91 km | Vel Err:    0.07 m/s
[Solver Step 002000] t= 0.774 | Pos Err:    5.09 km | Vel Err:    0.09 m/s
[Solver Step 003000] t= 1.151 | Pos Err:    1.97 km | Vel Err:    0.07 m/s
[Solver Step 004000] t= 1.526 | Pos Err:    8.72 km | Vel Err:    0.17 m/s
[Solver Step 005000] t= 1.914 | Pos Err:    0.60 km | Vel Err:    0.01 m/s
[Solver Step 006000] t= 2.301 | Pos Err:   22.49 km | Vel Err:    0.44 m/s
[Multiple Shooting] Converged in 2 iterations with residual 1.54e-15
[Solver Step 001000] t= 0.494 | Pos Err:    0.36 km | Vel Err:    0.01 m/s
[Solver Step 002000] t= 0.946 | Pos Err:    0.27 km | Vel Err:    0.01 m/s
[Solver Step 003000] t= 1.454 | Pos Err:    0.06 km | Vel Err:    0.01 m/s
[Solver Step 004000] t= 2.022 | Pos Err:    0.29 km | Vel Err:    0.00 m/s
[Solver Step 005000] t= 2.532 | Pos Err:    0.19 km | Vel Err:    0.00 m/s
[Solver Step 006000] t= 2.931 | Pos Err:    1.48 km | Vel Err:    0.03 m/s
[Solver Step 001000] t= 0.216 | Pos Err:   23.18 km | Vel Err:    0.54 m/s
[Solver Step 002000] t= 0.469 | Pos Err:    2.86 km | Vel Err:    0.09 m/s
[Solver Step 003000] t= 0.713 | Pos Err:    0.39 km | Vel Err:    0.04 m/s
[Solver Step 004000] t= 0.928 | Pos Err:    0.03 km | Vel Err:    0.00 m/s
[Solver Step 005000] t= 1.177 | Pos Err:    0.08 km | Vel Err:    0.00 m/s
[Solver Step 006000] t= 1.430 | Pos Err:    0.09 km | Vel Err:    0.03 m/s
[Solver Step 007000] t= 1.660 | Pos Err:    0.08 km | Vel Err:    0.00 m/s
[Solver Step 008000] t= 1.874 | Pos Err:    0.09 km | Vel Err:    0.00 m/s
[Solver Step 009000] t= 2.133 | Pos Err:    0.15 km | Vel Err:    0.11 m/s
[Solver Step 010000] t= 2.376 | Pos Err:    0.07 km | Vel Err:    0.00 m/s
[Solver Step 011000] t= 2.588 | Pos Err:    0.07 km | Vel Err:    0.00 m/s
[Solver Step 012000] t= 2.836 | Pos Err:    1.12 km | Vel Err:    0.84 m/s
[Solver Step 013000] t= 3.091 | Pos Err:    0.06 km | Vel Err:    0.00 m/s
[Solver Step 014000] t= 3.311 | Pos Err:    0.04 km | Vel Err:    0.00 m/s
[Solver Step 015000] t= 3.533 | Pos Err:    0.76 km | Vel Err:    0.56 m/s
[Solver Step 016000] t= 3.795 | Pos Err:    0.05 km | Vel Err:    0.01 m/s
[Solver Step 017000] t= 4.037 | Pos Err:    0.03 km | Vel Err:    0.00 m/s
[Solver Step 018000] t= 4.244 | Pos Err:    0.39 km | Vel Err:    0.22 m/s
[Solver Step 019000] t= 4.495 | Pos Err:    0.04 km | Vel Err:    0.02 m/s
[Solver Step 020000] t= 4.748 | Pos Err:    0.04 km | Vel Err:    0.00 m/s
[Solver Step 021000] t= 4.965 | Pos Err:    0.19 km | Vel Err:    0.11 m/s
[Solver Step 022000] t= 5.187 | Pos Err:    0.03 km | Vel Err:    0.01 m/s
[Solver Step 023000] t= 5.453 | Pos Err:    0.05 km | Vel Err:    0.00 m/s
[Solver Step 024000] t= 5.694 | Pos Err:    0.14 km | Vel Err:    0.12 m/s
[Solver Step 025000] t= 5.903 | Pos Err:    0.07 km | Vel Err:    0.00 m/s
[Solver Step 026000] t= 6.157 | Pos Err:    0.07 km | Vel Err:    0.00 m/s
[Solver Step 027000] t= 6.411 | Pos Err:    0.26 km | Vel Err:    0.24 m/s
[Solver Step 028000] t= 6.622 | Pos Err:    0.09 km | Vel Err:    0.00 m/s
[Solver Step 029000] t= 6.849 | Pos Err:    0.09 km | Vel Err:    0.00 m/s
[Multiple Shooting] Converged in 2 iterations with residual 1.90e-11
[Solver Step 001000] t= 0.423 | Pos Err:    0.37 km | Vel Err:    0.01 m/s
[Solver Step 002000] t= 0.916 | Pos Err:    0.35 km | Vel Err:    0.01 m/s
[Solver Step 003000] t= 1.416 | Pos Err:    3.26 km | Vel Err:    0.06 m/s
[Solver Step 004000] t= 1.806 | Pos Err:   39.22 km | Vel Err:    0.85 m/s
[Solver Step 005000] t= 2.191 | Pos Err:   78.96 km | Vel Err:    1.53 m/s
[Solver Step 006000] t= 2.659 | Pos Err:    3.62 km | Vel Err:    0.07 m/s
[Solver Step 007000] t= 3.114 | Pos Err:   11.87 km | Vel Err:    0.28 m/s
[Solver Step 001000] t= 0.417 | Pos Err:    0.47 km | Vel Err:    0.01 m/s
[Solver Step 002000] t= 0.791 | Pos Err:    0.06 km | Vel Err:    0.00 m/s
[Solver Step 003000] t= 1.100 | Pos Err:    0.01 km | Vel Err:    0.04 m/s
[Solver Step 004000] t= 1.552 | Pos Err:    0.06 km | Vel Err:    0.00 m/s
[Solver Step 005000] t= 2.103 | Pos Err:    0.06 km | Vel Err:    0.00 m/s
[Solver Step 006000] t= 2.516 | Pos Err:    0.06 km | Vel Err:    0.01 m/s
[Solver Step 007000] t= 3.016 | Pos Err:    0.05 km | Vel Err:    0.00 m/s
[Solver Step 008000] t= 3.569 | Pos Err:    0.05 km | Vel Err:    0.00 m/s
[Solver Step 009000] t= 4.058 | Pos Err:    0.05 km | Vel Err:    0.01 m/s
[Solver Step 010000] t= 4.460 | Pos Err:    0.05 km | Vel Err:    0.00 m/s
[Solver Step 011000] t= 4.998 | Pos Err:    0.05 km | Vel Err:    0.00 m/s
[Solver Step 012000] t= 5.586 | Pos Err:    0.03 km | Vel Err:    0.05 m/s
[Solver Step 013000] t= 6.068 | Pos Err:    0.05 km | Vel Err:    0.00 m/s
[Solver Step 014000] t= 6.469 | Pos Err:    0.05 km | Vel Err:    0.00 m/s
[Solver Step 015000] t= 7.027 | Pos Err:    0.02 km | Vel Err:    0.08 m/s
[Multiple Shooting] Converged in 2 iterations with residual 2.56e-12
[Solver Step 001000] t= 0.414 | Pos Err:    0.32 km | Vel Err:    0.01 m/s
[Solver Step 002000] t= 0.917 | Pos Err:    5.74 km | Vel Err:    0.11 m/s
[Solver Step 003000] t= 1.343 | Pos Err:   93.61 km | Vel Err:    2.05 m/s
[Solver Step 004000] t= 1.746 | Pos Err:   78.00 km | Vel Err:    1.67 m/s
[Solver Step 005000] t= 2.239 | Pos Err:    1.15 km | Vel Err:    0.03 m/s
[Solver Step 006000] t= 2.631 | Pos Err:    0.15 km | Vel Err:    0.01 m/s
[Solver Step 007000] t= 3.090 | Pos Err:    8.60 km | Vel Err:    0.20 m/s
[Multiple Shooting] Converged in 2 iterations with residual 2.24e-11
[Solver Step 001000] t= 0.414 | Pos Err:    0.68 km | Vel Err:    0.02 m/s
[Solver Step 002000] t= 0.918 | Pos Err:    4.73 km | Vel Err:    0.09 m/s
[Solver Step 003000] t= 1.355 | Pos Err:   69.44 km | Vel Err:    1.47 m/s
[Solver Step 004000] t= 1.747 | Pos Err:   85.41 km | Vel Err:    1.82 m/s
[Solver Step 005000] t= 2.241 | Pos Err:    1.25 km | Vel Err:    0.03 m/s
[Solver Step 006000] t= 2.637 | Pos Err:    0.05 km | Vel Err:    0.01 m/s
[Solver Step 007000] t= 3.090 | Pos Err:    7.49 km | Vel Err:    0.17 m/s
[Solver Step 001000] t= 0.416 | Pos Err:    0.22 km | Vel Err:    0.01 m/s
[Solver Step 002000] t= 0.790 | Pos Err:    0.05 km | Vel Err:    0.00 m/s
[Solver Step 003000] t= 1.099 | Pos Err:    0.01 km | Vel Err:    0.04 m/s
[Solver Step 004000] t= 1.551 | Pos Err:    0.06 km | Vel Err:    0.00 m/s
[Solver Step 005000] t= 2.102 | Pos Err:    0.06 km | Vel Err:    0.00 m/s
[Solver Step 006000] t= 2.515 | Pos Err:    0.06 km | Vel Err:    0.01 m/s
[Solver Step 007000] t= 3.015 | Pos Err:    0.06 km | Vel Err:    0.00 m/s
[Solver Step 008000] t= 3.568 | Pos Err:    0.06 km | Vel Err:    0.00 m/s
[Solver Step 009000] t= 4.057 | Pos Err:    0.05 km | Vel Err:    0.01 m/s
[Solver Step 010000] t= 4.459 | Pos Err:    0.06 km | Vel Err:    0.00 m/s
[Solver Step 011000] t= 4.997 | Pos Err:    0.06 km | Vel Err:    0.00 m/s
[Solver Step 012000] t= 5.584 | Pos Err:    0.04 km | Vel Err:    0.05 m/s
[Solver Step 013000] t= 6.067 | Pos Err:    0.06 km | Vel Err:    0.00 m/s
[Solver Step 014000] t= 6.468 | Pos Err:    0.06 km | Vel Err:    0.00 m/s
[Solver Step 015000] t= 7.025 | Pos Err:    0.03 km | Vel Err:    0.08 m/s
[Multiple Shooting] Converged in 3 iterations with residual 5.42e-15
[Solver Step 001000] t= 0.407 | Pos Err:    4.25 km | Vel Err:    0.10 m/s
[Solver Step 002000] t= 0.798 | Pos Err:    3.72 km | Vel Err:    0.07 m/s
[Solver Step 003000] t= 1.178 | Pos Err:    3.21 km | Vel Err:    0.04 m/s
[Solver Step 004000] t= 1.560 | Pos Err:    6.10 km | Vel Err:    0.12 m/s
[Solver Step 005000] t= 1.953 | Pos Err:    2.27 km | Vel Err:    0.05 m/s
[Solver Step 006000] t= 2.341 | Pos Err:    7.94 km | Vel Err:    0.17 m/s
[Solver Step 001000] t= 0.216 | Pos Err:   27.71 km | Vel Err:    0.57 m/s
[Solver Step 002000] t= 0.469 | Pos Err:    3.36 km | Vel Err:    0.04 m/s
[Solver Step 003000] t= 0.713 | Pos Err:    0.47 km | Vel Err:    0.04 m/s
[Solver Step 004000] t= 0.928 | Pos Err:    0.05 km | Vel Err:    0.00 m/s
[Solver Step 005000] t= 1.177 | Pos Err:    0.09 km | Vel Err:    0.00 m/s
[Solver Step 006000] t= 1.430 | Pos Err:    0.02 km | Vel Err:    0.03 m/s
[Solver Step 007000] t= 1.660 | Pos Err:    0.04 km | Vel Err:    0.00 m/s
[Solver Step 008000] t= 1.874 | Pos Err:    0.07 km | Vel Err:    0.00 m/s
[Solver Step 009000] t= 2.133 | Pos Err:    0.08 km | Vel Err:    0.11 m/s
[Solver Step 010000] t= 2.376 | Pos Err:    0.03 km | Vel Err:    0.00 m/s
[Solver Step 011000] t= 2.588 | Pos Err:    0.06 km | Vel Err:    0.00 m/s
[Solver Step 012000] t= 2.836 | Pos Err:    1.05 km | Vel Err:    0.84 m/s
[Solver Step 013000] t= 3.091 | Pos Err:    0.04 km | Vel Err:    0.00 m/s
[Solver Step 014000] t= 3.311 | Pos Err:    0.07 km | Vel Err:    0.00 m/s
[Solver Step 015000] t= 3.533 | Pos Err:    0.80 km | Vel Err:    0.56 m/s
[Solver Step 016000] t= 3.795 | Pos Err:    0.04 km | Vel Err:    0.01 m/s
[Solver Step 017000] t= 4.037 | Pos Err:    0.09 km | Vel Err:    0.00 m/s
[Solver Step 018000] t= 4.244 | Pos Err:    0.44 km | Vel Err:    0.22 m/s
[Solver Step 019000] t= 4.496 | Pos Err:    0.09 km | Vel Err:    0.02 m/s
[Solver Step 020000] t= 4.750 | Pos Err:    0.10 km | Vel Err:    0.00 m/s
[Solver Step 021000] t= 4.967 | Pos Err:    0.19 km | Vel Err:    0.11 m/s
[Solver Step 022000] t= 5.188 | Pos Err:    0.10 km | Vel Err:    0.01 m/s
[Solver Step 023000] t= 5.454 | Pos Err:    0.11 km | Vel Err:    0.00 m/s
[Solver Step 024000] t= 5.696 | Pos Err:    0.09 km | Vel Err:    0.12 m/s
[Solver Step 025000] t= 5.903 | Pos Err:    0.09 km | Vel Err:    0.01 m/s
[Solver Step 026000] t= 6.157 | Pos Err:    0.10 km | Vel Err:    0.00 m/s
[Solver Step 027000] t= 6.411 | Pos Err:    0.17 km | Vel Err:    0.24 m/s
[Solver Step 028000] t= 6.622 | Pos Err:    0.07 km | Vel Err:    0.00 m/s
[Solver Step 029000] t= 6.849 | Pos Err:    0.10 km | Vel Err:    0.00 m/s
[Multiple Shooting] Converged in 2 iterations with residual 1.51e-15
[Solver Step 001000] t= 0.465 | Pos Err:    0.09 km | Vel Err:    0.00 m/s
[Solver Step 002000] t= 0.985 | Pos Err:    0.04 km | Vel Err:    0.00 m/s
[Solver Step 003000] t= 1.571 | Pos Err:    0.32 km | Vel Err:    0.02 m/s
[Solver Step 004000] t= 2.102 | Pos Err:    0.21 km | Vel Err:    0.00 m/s
[Solver Step 005000] t= 2.500 | Pos Err:    0.30 km | Vel Err:    0.01 m/s
[Solver Step 006000] t= 3.017 | Pos Err:    3.38 km | Vel Err:    0.09 m/s
[Multiple Shooting] Converged in 10 iterations with residual 3.81e-14
[Solver Step 001000] t= 0.537 | Pos Err: 23995.10 km | Vel Err: 2378.40 m/s
[Multiple Shooting] Converged in 6 iterations with residual 1.61e-14
[Solver Step 001000] t= 0.320 | Pos Err:   61.12 km | Vel Err:    1.24 m/s
[Solver Step 002000] t= 0.647 | Pos Err:  218.61 km | Vel Err:    4.12 m/s
[Solver Step 003000] t= 1.005 | Pos Err:   12.31 km | Vel Err:    0.26 m/s
[Solver Step 004000] t= 1.323 | Pos Err:  229.45 km | Vel Err:    4.85 m/s
[Solver Step 005000] t= 1.659 | Pos Err:  125.47 km | Vel Err:    2.61 m/s
[Solver Step 006000] t= 2.022 | Pos Err:    8.82 km | Vel Err:    0.11 m/s
[Solver Step 007000] t= 2.333 | Pos Err:  562.58 km | Vel Err:   12.79 m/s
[Multiple Shooting] Converged in 2 iterations with residual 9.93e-12
[Solver Step 001000] t= 0.424 | Pos Err:    0.68 km | Vel Err:    0.02 m/s
[Solver Step 002000] t= 0.930 | Pos Err:    1.39 km | Vel Err:    0.03 m/s
[Solver Step 003000] t= 1.411 | Pos Err:   10.85 km | Vel Err:    0.22 m/s
[Solver Step 004000] t= 1.743 | Pos Err:   84.56 km | Vel Err:    1.67 m/s
[Solver Step 005000] t= 2.237 | Pos Err:    1.90 km | Vel Err:    0.05 m/s
[Solver Step 006000] t= 2.684 | Pos Err:    1.37 km | Vel Err:    0.03 m/s
[Solver Step 007000] t= 3.079 | Pos Err:    8.09 km | Vel Err:    0.18 m/s
[Solver Step 001000] t= 0.411 | Pos Err:    4.93 km | Vel Err:    0.11 m/s
[Solver Step 002000] t= 0.815 | Pos Err:    0.08 km | Vel Err:    0.00 m/s
[Solver Step 003000] t= 1.257 | Pos Err:    0.09 km | Vel Err:    0.01 m/s
[Solver Step 004000] t= 1.604 | Pos Err:    0.06 km | Vel Err:    0.00 m/s
[Solver Step 005000] t= 1.989 | Pos Err:    0.07 km | Vel Err:    0.00 m/s
[Solver Step 006000] t= 2.442 | Pos Err:    0.12 km | Vel Err:    0.02 m/s
[Solver Step 007000] t= 2.843 | Pos Err:    0.13 km | Vel Err:    0.00 m/s
[Solver Step 008000] t= 3.242 | Pos Err:    0.13 km | Vel Err:    0.00 m/s
[Solver Step 009000] t= 3.616 | Pos Err:    0.17 km | Vel Err:    0.08 m/s
[Solver Step 010000] t= 4.029 | Pos Err:    0.03 km | Vel Err:    0.00 m/s
[Solver Step 011000] t= 4.449 | Pos Err:    0.06 km | Vel Err:    0.00 m/s
[Solver Step 012000] t= 4.891 | Pos Err:    0.07 km | Vel Err:    0.04 m/s
[Solver Step 013000] t= 5.230 | Pos Err:    0.11 km | Vel Err:    0.00 m/s
[Solver Step 014000] t= 5.627 | Pos Err:    0.12 km | Vel Err:    0.00 m/s
[Solver Step 015000] t= 6.106 | Pos Err:    0.08 km | Vel Err:    0.02 m/s
[Solver Step 016000] t= 6.493 | Pos Err:    0.06 km | Vel Err:    0.00 m/s
[Solver Step 017000] t= 6.921 | Pos Err:    0.03 km | Vel Err:    0.00 m/s
[Solver Step 018000] t= 7.264 | Pos Err:    0.06 km | Vel Err:    0.11 m/s
[Solver Step 019000] t= 7.684 | Pos Err:    0.13 km | Vel Err:    0.00 m/s
[Solver Step 020000] t= 8.164 | Pos Err:    0.13 km | Vel Err:    0.00 m/s
[Solver Step 021000] t= 8.550 | Pos Err:    0.11 km | Vel Err:    0.03 m/s
[Solver Step 022000] t= 8.920 | Pos Err:    0.09 km | Vel Err:    0.00 m/s
[Solver Step 023000] t= 9.311 | Pos Err:    0.04 km | Vel Err:    0.00 m/s
[Solver Step 024000] t= 9.769 | Pos Err:    0.09 km | Vel Err:    0.03 m/s
[Solver Step 025000] t=10.171 | Pos Err:    0.11 km | Vel Err:    0.00 m/s
[Solver Step 026000] t=10.570 | Pos Err:    0.12 km | Vel Err:    0.00 m/s
[Solver Step 027000] t=10.930 | Pos Err:    0.19 km | Vel Err:    0.09 m/s
[Solver Step 028000] t=11.351 | Pos Err:    0.04 km | Vel Err:    0.00 m/s
[Solver Step 029000] t=11.805 | Pos Err:    0.03 km | Vel Err:    0.00 m/s
[Solver Step 030000] t=12.174 | Pos Err:    0.04 km | Vel Err:    0.03 m/s
[Solver Step 031000] t=12.565 | Pos Err:    0.08 km | Vel Err:    0.00 m/s
[Solver Step 001000] t= 0.412 | Pos Err:    1.67 km | Vel Err:    0.04 m/s
[Solver Step 002000] t= 0.817 | Pos Err:    0.08 km | Vel Err:    0.00 m/s
[Solver Step 003000] t= 1.258 | Pos Err:    0.04 km | Vel Err:    0.01 m/s
[Solver Step 004000] t= 1.605 | Pos Err:    0.05 km | Vel Err:    0.00 m/s
[Solver Step 005000] t= 1.991 | Pos Err:    0.07 km | Vel Err:    0.00 m/s
[Solver Step 006000] t= 2.444 | Pos Err:    0.08 km | Vel Err:    0.02 m/s
[Solver Step 007000] t= 2.845 | Pos Err:    0.07 km | Vel Err:    0.00 m/s
[Solver Step 008000] t= 3.243 | Pos Err:    0.06 km | Vel Err:    0.00 m/s
[Solver Step 009000] t= 3.617 | Pos Err:    0.10 km | Vel Err:    0.08 m/s
[Solver Step 010000] t= 4.031 | Pos Err:    0.06 km | Vel Err:    0.00 m/s
[Solver Step 011000] t= 4.451 | Pos Err:    0.07 km | Vel Err:    0.00 m/s
[Solver Step 012000] t= 4.893 | Pos Err:    0.06 km | Vel Err:    0.04 m/s
[Solver Step 013000] t= 5.232 | Pos Err:    0.08 km | Vel Err:    0.00 m/s
[Solver Step 014000] t= 5.629 | Pos Err:    0.05 km | Vel Err:    0.00 m/s
[Solver Step 015000] t= 6.108 | Pos Err:    0.04 km | Vel Err:    0.02 m/s
[Solver Step 016000] t= 6.495 | Pos Err:    0.05 km | Vel Err:    0.00 m/s
[Solver Step 017000] t= 6.922 | Pos Err:    0.06 km | Vel Err:    0.00 m/s
[Solver Step 018000] t= 7.266 | Pos Err:    0.13 km | Vel Err:    0.10 m/s
[Solver Step 019000] t= 7.686 | Pos Err:    0.07 km | Vel Err:    0.00 m/s
[Solver Step 020000] t= 8.166 | Pos Err:    0.06 km | Vel Err:    0.00 m/s
[Solver Step 021000] t= 8.551 | Pos Err:    0.04 km | Vel Err:    0.03 m/s
[Solver Step 022000] t= 8.921 | Pos Err:    0.04 km | Vel Err:    0.00 m/s
[Solver Step 023000] t= 9.313 | Pos Err:    0.06 km | Vel Err:    0.00 m/s
[Solver Step 024000] t= 9.771 | Pos Err:    0.07 km | Vel Err:    0.03 m/s
[Solver Step 025000] t=10.172 | Pos Err:    0.08 km | Vel Err:    0.00 m/s
[Solver Step 026000] t=10.572 | Pos Err:    0.07 km | Vel Err:    0.00 m/s
[Solver Step 027000] t=10.931 | Pos Err:    0.12 km | Vel Err:    0.09 m/s
[Solver Step 028000] t=11.352 | Pos Err:    0.05 km | Vel Err:    0.00 m/s
[Solver Step 029000] t=11.807 | Pos Err:    0.06 km | Vel Err:    0.00 m/s
[Solver Step 030000] t=12.176 | Pos Err:    0.06 km | Vel Err:    0.03 m/s
[Solver Step 031000] t=12.566 | Pos Err:    0.07 km | Vel Err:    0.00 m/s
[Solver Step 001000] t= 0.418 | Pos Err:    0.29 km | Vel Err:    0.01 m/s
[Solver Step 002000] t= 0.792 | Pos Err:    0.06 km | Vel Err:    0.00 m/s
[Solver Step 003000] t= 1.101 | Pos Err:    0.01 km | Vel Err:    0.04 m/s
[Solver Step 004000] t= 1.553 | Pos Err:    0.05 km | Vel Err:    0.00 m/s
[Solver Step 005000] t= 2.104 | Pos Err:    0.05 km | Vel Err:    0.00 m/s
[Solver Step 006000] t= 2.517 | Pos Err:    0.05 km | Vel Err:    0.01 m/s
[Solver Step 007000] t= 3.017 | Pos Err:    0.05 km | Vel Err:    0.00 m/s
[Solver Step 008000] t= 3.570 | Pos Err:    0.05 km | Vel Err:    0.00 m/s
[Solver Step 009000] t= 4.059 | Pos Err:    0.05 km | Vel Err:    0.01 m/s
[Solver Step 010000] t= 4.461 | Pos Err:    0.05 km | Vel Err:    0.00 m/s
[Solver Step 011000] t= 4.999 | Pos Err:    0.05 km | Vel Err:    0.00 m/s
[Solver Step 012000] t= 5.586 | Pos Err:    0.04 km | Vel Err:    0.05 m/s
[Solver Step 013000] t= 6.068 | Pos Err:    0.06 km | Vel Err:    0.00 m/s
[Solver Step 014000] t= 6.470 | Pos Err:    0.06 km | Vel Err:    0.00 m/s
[Solver Step 015000] t= 7.027 | Pos Err:    0.03 km | Vel Err:    0.08 m/s
[Multiple Shooting] Converged in 17 iterations with residual 1.30e-15
[Solver Step 001000] t= 0.395 | Pos Err:    1.58 km | Vel Err:    0.04 m/s
[Solver Step 002000] t= 0.877 | Pos Err:    0.19 km | Vel Err:    0.00 m/s
[Solver Step 003000] t= 1.279 | Pos Err:    0.08 km | Vel Err:    0.01 m/s
[Solver Step 004000] t= 1.682 | Pos Err:    0.14 km | Vel Err:    0.00 m/s
[Solver Step 005000] t= 2.157 | Pos Err:    0.15 km | Vel Err:    0.00 m/s
[Solver Step 001000] t= 0.215 | Pos Err:   26.53 km | Vel Err:    0.58 m/s
[Solver Step 002000] t= 0.468 | Pos Err:    3.21 km | Vel Err:    0.04 m/s
[Solver Step 003000] t= 0.710 | Pos Err:    0.47 km | Vel Err:    0.06 m/s
[Solver Step 004000] t= 0.925 | Pos Err:    0.05 km | Vel Err:    0.00 m/s
[Solver Step 005000] t= 1.175 | Pos Err:    0.09 km | Vel Err:    0.00 m/s
[Solver Step 006000] t= 1.429 | Pos Err:    0.02 km | Vel Err:    0.05 m/s
[Solver Step 007000] t= 1.657 | Pos Err:    0.04 km | Vel Err:    0.00 m/s
[Solver Step 008000] t= 1.871 | Pos Err:    0.07 km | Vel Err:    0.00 m/s
[Solver Step 009000] t= 2.132 | Pos Err:    0.22 km | Vel Err:    0.22 m/s
[Solver Step 010000] t= 2.371 | Pos Err:    0.03 km | Vel Err:    0.00 m/s
[Solver Step 011000] t= 2.582 | Pos Err:    0.05 km | Vel Err:    0.00 m/s
[Solver Step 012000] t= 2.833 | Pos Err:    1.64 km | Vel Err:    1.31 m/s
[Solver Step 013000] t= 3.087 | Pos Err:    0.03 km | Vel Err:    0.00 m/s
[Solver Step 014000] t= 3.305 | Pos Err:    0.07 km | Vel Err:    0.00 m/s
[Solver Step 015000] t= 3.529 | Pos Err:    0.82 km | Vel Err:    0.59 m/s
[Solver Step 016000] t= 3.792 | Pos Err:    0.04 km | Vel Err:    0.01 m/s
[Solver Step 017000] t= 4.032 | Pos Err:    0.08 km | Vel Err:    0.00 m/s
[Solver Step 018000] t= 4.238 | Pos Err:    0.45 km | Vel Err:    0.24 m/s
[Solver Step 019000] t= 4.493 | Pos Err:    0.08 km | Vel Err:    0.02 m/s
[Solver Step 020000] t= 4.747 | Pos Err:    0.10 km | Vel Err:    0.00 m/s
[Solver Step 021000] t= 4.961 | Pos Err:    0.21 km | Vel Err:    0.12 m/s
[Solver Step 022000] t= 5.184 | Pos Err:    0.10 km | Vel Err:    0.01 m/s
[Solver Step 023000] t= 5.450 | Pos Err:    0.11 km | Vel Err:    0.00 m/s
[Solver Step 024000] t= 5.691 | Pos Err:    0.09 km | Vel Err:    0.11 m/s
[Solver Step 025000] t= 5.899 | Pos Err:    0.08 km | Vel Err:    0.01 m/s
[Solver Step 026000] t= 6.155 | Pos Err:    0.09 km | Vel Err:    0.00 m/s
[Solver Step 027000] t= 6.408 | Pos Err:    0.17 km | Vel Err:    0.24 m/s
[Solver Step 028000] t= 6.618 | Pos Err:    0.07 km | Vel Err:    0.00 m/s
[Solver Step 029000] t= 6.847 | Pos Err:    0.10 km | Vel Err:    0.00 m/s
[Solver Step 001000] t= 0.411 | Pos Err:    4.65 km | Vel Err:    0.11 m/s
[Solver Step 002000] t= 0.815 | Pos Err:    0.13 km | Vel Err:    0.00 m/s
[Solver Step 003000] t= 1.257 | Pos Err:    0.02 km | Vel Err:    0.01 m/s
[Solver Step 004000] t= 1.604 | Pos Err:    0.05 km | Vel Err:    0.00 m/s
[Solver Step 005000] t= 1.989 | Pos Err:    0.12 km | Vel Err:    0.00 m/s
[Solver Step 006000] t= 2.442 | Pos Err:    0.12 km | Vel Err:    0.02 m/s
[Solver Step 007000] t= 2.843 | Pos Err:    0.11 km | Vel Err:    0.00 m/s
[Solver Step 008000] t= 3.242 | Pos Err:    0.08 km | Vel Err:    0.00 m/s
[Solver Step 009000] t= 3.616 | Pos Err:    0.08 km | Vel Err:    0.08 m/s
[Solver Step 010000] t= 4.029 | Pos Err:    0.10 km | Vel Err:    0.00 m/s
[Solver Step 011000] t= 4.449 | Pos Err:    0.12 km | Vel Err:    0.00 m/s
[Solver Step 012000] t= 4.891 | Pos Err:    0.11 km | Vel Err:    0.04 m/s
[Solver Step 013000] t= 5.230 | Pos Err:    0.13 km | Vel Err:    0.00 m/s
[Solver Step 014000] t= 5.627 | Pos Err:    0.06 km | Vel Err:    0.00 m/s
[Solver Step 015000] t= 6.106 | Pos Err:    0.03 km | Vel Err:    0.02 m/s
[Solver Step 016000] t= 6.493 | Pos Err:    0.05 km | Vel Err:    0.00 m/s
[Solver Step 017000] t= 6.921 | Pos Err:    0.08 km | Vel Err:    0.00 m/s
[Solver Step 018000] t= 7.264 | Pos Err:    0.16 km | Vel Err:    0.11 m/s
[Solver Step 019000] t= 7.684 | Pos Err:    0.10 km | Vel Err:    0.00 m/s
[Solver Step 020000] t= 8.165 | Pos Err:    0.07 km | Vel Err:    0.00 m/s
[Solver Step 021000] t= 8.550 | Pos Err:    0.06 km | Vel Err:    0.03 m/s
[Solver Step 022000] t= 8.921 | Pos Err:    0.02 km | Vel Err:    0.00 m/s
[Solver Step 023000] t= 9.311 | Pos Err:    0.11 km | Vel Err:    0.00 m/s
[Solver Step 024000] t= 9.769 | Pos Err:    0.12 km | Vel Err:    0.03 m/s
[Solver Step 025000] t=10.171 | Pos Err:    0.13 km | Vel Err:    0.00 m/s
[Solver Step 026000] t=10.570 | Pos Err:    0.11 km | Vel Err:    0.00 m/s
[Solver Step 027000] t=10.930 | Pos Err:    0.12 km | Vel Err:    0.09 m/s
[Solver Step 028000] t=11.351 | Pos Err:    0.06 km | Vel Err:    0.00 m/s
[Solver Step 029000] t=11.805 | Pos Err:    0.09 km | Vel Err:    0.00 m/s
[Solver Step 030000] t=12.174 | Pos Err:    0.10 km | Vel Err:    0.03 m/s
[Solver Step 031000] t=12.565 | Pos Err:    0.12 km | Vel Err:    0.00 m/s
[Multiple Shooting] Converged in 6 iterations with residual 1.01e-14
[Solver Step 001000] t= 0.329 | Pos Err:   21.33 km | Vel Err:    0.45 m/s
[Solver Step 002000] t= 0.674 | Pos Err:   61.49 km | Vel Err:    1.26 m/s
[Solver Step 003000] t= 1.014 | Pos Err:   28.07 km | Vel Err:    0.61 m/s
[Solver Step 004000] t= 1.373 | Pos Err:   40.42 km | Vel Err:    0.73 m/s
[Solver Step 005000] t= 1.696 | Pos Err:   64.18 km | Vel Err:    1.39 m/s
[Solver Step 006000] t= 2.052 | Pos Err:    2.57 km | Vel Err:    0.07 m/s
[Solver Step 007000] t= 2.394 | Pos Err:  120.02 km | Vel Err:    2.07 m/s
[Solver Step 001000] t= 0.417 | Pos Err:    2.79 km | Vel Err:    0.06 m/s
[Solver Step 002000] t= 0.821 | Pos Err:    0.05 km | Vel Err:    0.00 m/s
[Solver Step 003000] t= 1.262 | Pos Err:    0.10 km | Vel Err:    0.01 m/s
[Solver Step 004000] t= 1.609 | Pos Err:    0.10 km | Vel Err:    0.00 m/s
[Solver Step 005000] t= 1.995 | Pos Err:    0.05 km | Vel Err:    0.00 m/s
[Solver Step 006000] t= 2.448 | Pos Err:    0.02 km | Vel Err:    0.02 m/s
[Solver Step 007000] t= 2.850 | Pos Err:    0.03 km | Vel Err:    0.00 m/s
[Solver Step 008000] t= 3.245 | Pos Err:    0.05 km | Vel Err:    0.00 m/s
[Solver Step 009000] t= 3.621 | Pos Err:    0.12 km | Vel Err:    0.08 m/s
[Solver Step 010000] t= 4.036 | Pos Err:    0.08 km | Vel Err:    0.00 m/s
[Solver Step 011000] t= 4.454 | Pos Err:    0.07 km | Vel Err:    0.00 m/s
[Solver Step 012000] t= 4.897 | Pos Err:    0.04 km | Vel Err:    0.04 m/s
[Solver Step 013000] t= 5.235 | Pos Err:    0.02 km | Vel Err:    0.00 m/s
[Solver Step 014000] t= 5.634 | Pos Err:    0.07 km | Vel Err:    0.00 m/s
[Solver Step 015000] t= 6.113 | Pos Err:    0.10 km | Vel Err:    0.02 m/s
[Solver Step 016000] t= 6.499 | Pos Err:    0.10 km | Vel Err:    0.00 m/s
[Solver Step 017000] t= 6.926 | Pos Err:    0.10 km | Vel Err:    0.00 m/s
[Solver Step 018000] t= 7.270 | Pos Err:    0.14 km | Vel Err:    0.10 m/s
[Solver Step 019000] t= 7.691 | Pos Err:    0.03 km | Vel Err:    0.00 m/s
[Solver Step 020000] t= 8.170 | Pos Err:    0.06 km | Vel Err:    0.00 m/s
[Solver Step 021000] t= 8.556 | Pos Err:    0.06 km | Vel Err:    0.03 m/s
[Solver Step 022000] t= 8.923 | Pos Err:    0.10 km | Vel Err:    0.00 m/s
[Solver Step 023000] t= 9.317 | Pos Err:    0.07 km | Vel Err:    0.00 m/s
[Solver Step 024000] t= 9.776 | Pos Err:    0.03 km | Vel Err:    0.03 m/s
[Solver Step 025000] t=10.176 | Pos Err:    0.02 km | Vel Err:    0.00 m/s
[Solver Step 026000] t=10.576 | Pos Err:    0.02 km | Vel Err:    0.00 m/s
[Solver Step 027000] t=10.936 | Pos Err:    0.12 km | Vel Err:    0.09 m/s
[Solver Step 028000] t=11.355 | Pos Err:    0.10 km | Vel Err:    0.00 m/s
[Solver Step 029000] t=11.811 | Pos Err:    0.09 km | Vel Err:    0.00 m/s
[Solver Step 030000] t=12.180 | Pos Err:    0.07 km | Vel Err:    0.03 m/s
[Solver Step 001000] t= 0.420 | Pos Err:    0.64 km | Vel Err:    0.01 m/s
[Solver Step 002000] t= 0.793 | Pos Err:    0.07 km | Vel Err:    0.00 m/s
[Solver Step 003000] t= 1.102 | Pos Err:    0.01 km | Vel Err:    0.04 m/s
[Solver Step 004000] t= 1.555 | Pos Err:    0.05 km | Vel Err:    0.00 m/s
[Solver Step 005000] t= 2.106 | Pos Err:    0.05 km | Vel Err:    0.00 m/s
[Solver Step 006000] t= 2.519 | Pos Err:    0.05 km | Vel Err:    0.01 m/s
[Solver Step 007000] t= 3.019 | Pos Err:    0.05 km | Vel Err:    0.00 m/s
[Solver Step 008000] t= 3.572 | Pos Err:    0.05 km | Vel Err:    0.00 m/s
[Solver Step 009000] t= 4.060 | Pos Err:    0.05 km | Vel Err:    0.01 m/s
[Solver Step 010000] t= 4.463 | Pos Err:    0.05 km | Vel Err:    0.00 m/s
[Solver Step 011000] t= 5.002 | Pos Err:    0.06 km | Vel Err:    0.00 m/s
[Solver Step 012000] t= 5.589 | Pos Err:    0.05 km | Vel Err:    0.05 m/s
[Solver Step 013000] t= 6.070 | Pos Err:    0.06 km | Vel Err:    0.00 m/s
[Solver Step 014000] t= 6.472 | Pos Err:    0.07 km | Vel Err:    0.00 m/s
[Solver Step 015000] t= 7.030 | Pos Err:    0.04 km | Vel Err:    0.08 m/s
[Solver Step 001000] t= 0.417 | Pos Err:    0.30 km | Vel Err:    0.01 m/s
[Solver Step 002000] t= 0.791 | Pos Err:    0.05 km | Vel Err:    0.00 m/s
[Solver Step 003000] t= 1.100 | Pos Err:    0.01 km | Vel Err:    0.04 m/s
[Solver Step 004000] t= 1.552 | Pos Err:    0.06 km | Vel Err:    0.00 m/s
[Solver Step 005000] t= 2.103 | Pos Err:    0.06 km | Vel Err:    0.00 m/s
[Solver Step 006000] t= 2.516 | Pos Err:    0.06 km | Vel Err:    0.01 m/s
[Solver Step 007000] t= 3.016 | Pos Err:    0.06 km | Vel Err:    0.00 m/s
[Solver Step 008000] t= 3.569 | Pos Err:    0.06 km | Vel Err:    0.00 m/s
[Solver Step 009000] t= 4.058 | Pos Err:    0.06 km | Vel Err:    0.01 m/s
[Solver Step 010000] t= 4.460 | Pos Err:    0.06 km | Vel Err:    0.00 m/s
[Solver Step 011000] t= 4.999 | Pos Err:    0.06 km | Vel Err:    0.00 m/s
[Solver Step 012000] t= 5.586 | Pos Err:    0.04 km | Vel Err:    0.05 m/s
[Solver Step 013000] t= 6.068 | Pos Err:    0.06 km | Vel Err:    0.00 m/s
[Solver Step 014000] t= 6.469 | Pos Err:    0.06 km | Vel Err:    0.00 m/s
[Solver Step 015000] t= 7.027 | Pos Err:    0.03 km | Vel Err:    0.08 m/s
[Solver Step 001000] t= 0.415 | Pos Err:    0.21 km | Vel Err:    0.01 m/s
[Solver Step 002000] t= 0.789 | Pos Err:    0.05 km | Vel Err:    0.00 m/s
[Solver Step 003000] t= 1.099 | Pos Err:    0.01 km | Vel Err:    0.04 m/s
[Solver Step 004000] t= 1.550 | Pos Err:    0.06 km | Vel Err:    0.00 m/s
[Solver Step 005000] t= 2.101 | Pos Err:    0.06 km | Vel Err:    0.00 m/s
[Solver Step 006000] t= 2.514 | Pos Err:    0.06 km | Vel Err:    0.01 m/s
[Solver Step 007000] t= 3.014 | Pos Err:    0.06 km | Vel Err:    0.00 m/s
[Solver Step 008000] t= 3.566 | Pos Err:    0.06 km | Vel Err:    0.00 m/s
[Solver Step 009000] t= 4.057 | Pos Err:    0.05 km | Vel Err:    0.01 m/s
[Solver Step 010000] t= 4.458 | Pos Err:    0.06 km | Vel Err:    0.00 m/s
[Solver Step 011000] t= 4.996 | Pos Err:    0.05 km | Vel Err:    0.00 m/s
[Solver Step 012000] t= 5.583 | Pos Err:    0.04 km | Vel Err:    0.05 m/s
[Solver Step 013000] t= 6.066 | Pos Err:    0.05 km | Vel Err:    0.00 m/s
[Solver Step 014000] t= 6.467 | Pos Err:    0.05 km | Vel Err:    0.00 m/s
[Solver Step 015000] t= 7.024 | Pos Err:    0.03 km | Vel Err:    0.08 m/s
[Multiple Shooting] Converged in 2 iterations with residual 1.34e-15
[Solver Step 001000] t= 0.467 | Pos Err:    0.26 km | Vel Err:    0.01 m/s
[Solver Step 002000] t= 0.956 | Pos Err:    0.20 km | Vel Err:    0.00 m/s
[Solver Step 003000] t= 1.517 | Pos Err:    0.04 km | Vel Err:    0.01 m/s
[Solver Step 004000] t= 2.086 | Pos Err:    0.12 km | Vel Err:    0.00 m/s
[Solver Step 005000] t= 2.488 | Pos Err:    0.22 km | Vel Err:    0.00 m/s
[Solver Step 006000] t= 2.975 | Pos Err:    0.70 km | Vel Err:    0.03 m/s
[Solver Step 001000] t= 0.417 | Pos Err:    4.57 km | Vel Err:    0.11 m/s
[Solver Step 002000] t= 0.821 | Pos Err:    0.11 km | Vel Err:    0.00 m/s
[Solver Step 003000] t= 1.261 | Pos Err:    0.10 km | Vel Err:    0.01 m/s
[Solver Step 004000] t= 1.609 | Pos Err:    0.12 km | Vel Err:    0.00 m/s
[Solver Step 005000] t= 1.995 | Pos Err:    0.10 km | Vel Err:    0.00 m/s
[Solver Step 006000] t= 2.447 | Pos Err:    0.05 km | Vel Err:    0.02 m/s
[Solver Step 007000] t= 2.849 | Pos Err:    0.03 km | Vel Err:    0.00 m/s
[Solver Step 008000] t= 3.245 | Pos Err:    0.03 km | Vel Err:    0.00 m/s
[Solver Step 009000] t= 3.621 | Pos Err:    0.08 km | Vel Err:    0.08 m/s
[Solver Step 010000] t= 4.035 | Pos Err:    0.12 km | Vel Err:    0.00 m/s
[Solver Step 011000] t= 4.454 | Pos Err:    0.12 km | Vel Err:    0.00 m/s
[Solver Step 012000] t= 4.897 | Pos Err:    0.09 km | Vel Err:    0.04 m/s
[Solver Step 013000] t= 5.235 | Pos Err:    0.07 km | Vel Err:    0.00 m/s
[Solver Step 014000] t= 5.633 | Pos Err:    0.05 km | Vel Err:    0.00 m/s
[Solver Step 015000] t= 6.112 | Pos Err:    0.10 km | Vel Err:    0.02 m/s
[Solver Step 016000] t= 6.499 | Pos Err:    0.12 km | Vel Err:    0.00 m/s
[Solver Step 017000] t= 6.926 | Pos Err:    0.13 km | Vel Err:    0.00 m/s
[Solver Step 018000] t= 7.270 | Pos Err:    0.19 km | Vel Err:    0.10 m/s
[Solver Step 019000] t= 7.691 | Pos Err:    0.03 km | Vel Err:    0.00 m/s
[Solver Step 020000] t= 8.169 | Pos Err:    0.03 km | Vel Err:    0.00 m/s
[Solver Step 021000] t= 8.555 | Pos Err:    0.05 km | Vel Err:    0.03 m/s
[Solver Step 022000] t= 8.923 | Pos Err:    0.10 km | Vel Err:    0.00 m/s
[Solver Step 023000] t= 9.317 | Pos Err:    0.12 km | Vel Err:    0.00 m/s
[Solver Step 024000] t= 9.776 | Pos Err:    0.09 km | Vel Err:    0.03 m/s
[Solver Step 025000] t=10.176 | Pos Err:    0.07 km | Vel Err:    0.00 m/s
[Solver Step 026000] t=10.576 | Pos Err:    0.04 km | Vel Err:    0.00 m/s
[Solver Step 027000] t=10.935 | Pos Err:    0.07 km | Vel Err:    0.09 m/s
[Solver Step 028000] t=11.354 | Pos Err:    0.12 km | Vel Err:    0.00 m/s
[Solver Step 029000] t=11.811 | Pos Err:    0.13 km | Vel Err:    0.00 m/s
[Solver Step 030000] t=12.179 | Pos Err:    0.11 km | Vel Err:    0.03 m/s
[Solver Step 001000] t= 0.419 | Pos Err:    0.53 km | Vel Err:    0.01 m/s
[Solver Step 002000] t= 0.793 | Pos Err:    0.07 km | Vel Err:    0.00 m/s
[Solver Step 003000] t= 1.102 | Pos Err:    0.01 km | Vel Err:    0.04 m/s
[Solver Step 004000] t= 1.555 | Pos Err:    0.05 km | Vel Err:    0.00 m/s
[Solver Step 005000] t= 2.106 | Pos Err:    0.05 km | Vel Err:    0.00 m/s
[Solver Step 006000] t= 2.519 | Pos Err:    0.05 km | Vel Err:    0.01 m/s
[Solver Step 007000] t= 3.019 | Pos Err:    0.05 km | Vel Err:    0.00 m/s
[Solver Step 008000] t= 3.572 | Pos Err:    0.05 km | Vel Err:    0.00 m/s
[Solver Step 009000] t= 4.060 | Pos Err:    0.05 km | Vel Err:    0.01 m/s
[Solver Step 010000] t= 4.463 | Pos Err:    0.05 km | Vel Err:    0.00 m/s
[Solver Step 011000] t= 5.001 | Pos Err:    0.06 km | Vel Err:    0.00 m/s
[Solver Step 012000] t= 5.589 | Pos Err:    0.04 km | Vel Err:    0.05 m/s
[Solver Step 013000] t= 6.069 | Pos Err:    0.06 km | Vel Err:    0.00 m/s
[Solver Step 014000] t= 6.472 | Pos Err:    0.06 km | Vel Err:    0.00 m/s
[Solver Step 015000] t= 7.030 | Pos Err:    0.04 km | Vel Err:    0.08 m/s
[Multiple Shooting] Converged in 2 iterations with residual 7.95e-12
[Solver Step 001000] t= 0.423 | Pos Err:    0.35 km | Vel Err:    0.01 m/s
[Solver Step 002000] t= 0.928 | Pos Err:    1.31 km | Vel Err:    0.03 m/s
[Solver Step 003000] t= 1.412 | Pos Err:    9.20 km | Vel Err:    0.19 m/s
[Solver Step 004000] t= 1.742 | Pos Err:   81.05 km | Vel Err:    1.59 m/s
[Solver Step 005000] t= 2.233 | Pos Err:    3.19 km | Vel Err:    0.08 m/s
[Solver Step 006000] t= 2.682 | Pos Err:    1.44 km | Vel Err:    0.03 m/s
[Solver Step 007000] t= 3.078 | Pos Err:    8.40 km | Vel Err:    0.19 m/s
[Multiple Shooting] Converged in 4 iterations with residual 2.85e-14
[Solver Step 001000] t= 0.346 | Pos Err:    6.99 km | Vel Err:    0.15 m/s
[Solver Step 002000] t= 0.691 | Pos Err:   48.06 km | Vel Err:    1.05 m/s
[Solver Step 003000] t= 1.055 | Pos Err:   27.26 km | Vel Err:    0.53 m/s
[Solver Step 004000] t= 1.417 | Pos Err:    1.11 km | Vel Err:    0.02 m/s
[Solver Step 005000] t= 1.769 | Pos Err:   22.80 km | Vel Err:    0.44 m/s
[Solver Step 006000] t= 2.130 | Pos Err:   47.21 km | Vel Err:    0.86 m/s
[Solver Step 007000] t= 2.488 | Pos Err:  194.90 km | Vel Err:    4.36 m/s
[Solver Step 001000] t= 0.217 | Pos Err:   26.64 km | Vel Err:    0.56 m/s
[Solver Step 002000] t= 0.469 | Pos Err:    3.30 km | Vel Err:    0.03 m/s
[Solver Step 003000] t= 0.712 | Pos Err:    0.40 km | Vel Err:    0.03 m/s
[Solver Step 004000] t= 0.926 | Pos Err:    0.03 km | Vel Err:    0.01 m/s
[Solver Step 005000] t= 1.176 | Pos Err:    0.05 km | Vel Err:    0.00 m/s
[Solver Step 006000] t= 1.429 | Pos Err:    0.11 km | Vel Err:    0.03 m/s
[Solver Step 007000] t= 1.658 | Pos Err:    0.10 km | Vel Err:    0.00 m/s
[Solver Step 008000] t= 1.873 | Pos Err:    0.08 km | Vel Err:    0.00 m/s
[Solver Step 009000] t= 2.133 | Pos Err:    0.26 km | Vel Err:    0.15 m/s
[Solver Step 010000] t= 2.374 | Pos Err:    0.11 km | Vel Err:    0.00 m/s
[Solver Step 011000] t= 2.586 | Pos Err:    0.09 km | Vel Err:    0.00 m/s
[Solver Step 012000] t= 2.835 | Pos Err:    1.33 km | Vel Err:    1.06 m/s
[Solver Step 013000] t= 3.090 | Pos Err:    0.12 km | Vel Err:    0.00 m/s
[Solver Step 014000] t= 3.309 | Pos Err:    0.08 km | Vel Err:    0.00 m/s
[Solver Step 015000] t= 3.532 | Pos Err:    0.67 km | Vel Err:    0.57 m/s
[Solver Step 016000] t= 3.794 | Pos Err:    0.11 km | Vel Err:    0.00 m/s
[Solver Step 017000] t= 4.035 | Pos Err:    0.07 km | Vel Err:    0.00 m/s
[Solver Step 018000] t= 4.242 | Pos Err:    0.30 km | Vel Err:    0.23 m/s
[Solver Step 019000] t= 4.495 | Pos Err:    0.08 km | Vel Err:    0.02 m/s
[Solver Step 020000] t= 4.750 | Pos Err:    0.05 km | Vel Err:    0.00 m/s
[Solver Step 021000] t= 4.965 | Pos Err:    0.10 km | Vel Err:    0.11 m/s
[Solver Step 022000] t= 5.187 | Pos Err:    0.07 km | Vel Err:    0.01 m/s
[Solver Step 023000] t= 5.453 | Pos Err:    0.04 km | Vel Err:    0.00 m/s
[Solver Step 024000] t= 5.694 | Pos Err:    0.12 km | Vel Err:    0.12 m/s
[Solver Step 025000] t= 5.903 | Pos Err:    0.06 km | Vel Err:    0.00 m/s
[Solver Step 026000] t= 6.157 | Pos Err:    0.03 km | Vel Err:    0.00 m/s
[Solver Step 027000] t= 6.411 | Pos Err:    0.28 km | Vel Err:    0.24 m/s
[Solver Step 028000] t= 6.622 | Pos Err:    0.07 km | Vel Err:    0.00 m/s
[Solver Step 029000] t= 6.849 | Pos Err:    0.04 km | Vel Err:    0.00 m/s
[Multiple Shooting] Converged in 3 iterations with residual 1.44e-11
[Solver Step 001000] t= 0.388 | Pos Err:    3.59 km | Vel Err:    0.08 m/s
[Solver Step 002000] t= 0.773 | Pos Err:    5.18 km | Vel Err:    0.09 m/s
[Solver Step 003000] t= 1.150 | Pos Err:    2.03 km | Vel Err:    0.07 m/s
[Solver Step 004000] t= 1.525 | Pos Err:    9.09 km | Vel Err:    0.18 m/s
[Solver Step 005000] t= 1.912 | Pos Err:    0.67 km | Vel Err:    0.02 m/s
[Solver Step 006000] t= 2.299 | Pos Err:   21.98 km | Vel Err:    0.43 m/s
[Multiple Shooting] Converged in 2 iterations with residual 1.60e-15
[Solver Step 001000] t= 0.483 | Pos Err:    0.40 km | Vel Err:    0.01 m/s
[Solver Step 002000] t= 0.942 | Pos Err:    0.27 km | Vel Err:    0.01 m/s
[Solver Step 003000] t= 1.481 | Pos Err:    0.18 km | Vel Err:    0.01 m/s
[Solver Step 004000] t= 2.061 | Pos Err:    0.20 km | Vel Err:    0.00 m/s
[Solver Step 005000] t= 2.494 | Pos Err:    0.28 km | Vel Err:    0.01 m/s
[Solver Step 006000] t= 2.948 | Pos Err:    0.79 km | Vel Err:    0.02 m/s
[Solver Step 001000] t= 0.419 | Pos Err:    0.50 km | Vel Err:    0.01 m/s
[Solver Step 002000] t= 0.793 | Pos Err:    0.07 km | Vel Err:    0.00 m/s
[Solver Step 003000] t= 1.102 | Pos Err:    0.01 km | Vel Err:    0.04 m/s
[Solver Step 004000] t= 1.555 | Pos Err:    0.05 km | Vel Err:    0.00 m/s
[Solver Step 005000] t= 2.106 | Pos Err:    0.05 km | Vel Err:    0.00 m/s
[Solver Step 006000] t= 2.519 | Pos Err:    0.05 km | Vel Err:    0.01 m/s
[Solver Step 007000] t= 3.019 | Pos Err:    0.05 km | Vel Err:    0.00 m/s
[Solver Step 008000] t= 3.572 | Pos Err:    0.05 km | Vel Err:    0.00 m/s
[Solver Step 009000] t= 4.060 | Pos Err:    0.05 km | Vel Err:    0.01 m/s
[Solver Step 010000] t= 4.463 | Pos Err:    0.05 km | Vel Err:    0.00 m/s
[Solver Step 011000] t= 5.001 | Pos Err:    0.05 km | Vel Err:    0.00 m/s
[Solver Step 012000] t= 5.588 | Pos Err:    0.04 km | Vel Err:    0.05 m/s
[Solver Step 013000] t= 6.069 | Pos Err:    0.06 km | Vel Err:    0.00 m/s
[Solver Step 014000] t= 6.471 | Pos Err:    0.06 km | Vel Err:    0.00 m/s
[Solver Step 015000] t= 7.029 | Pos Err:    0.04 km | Vel Err:    0.08 m/s
[Solver Step 001000] t= 0.414 | Pos Err:    4.00 km | Vel Err:    0.09 m/s
[Solver Step 002000] t= 0.818 | Pos Err:    0.03 km | Vel Err:    0.00 m/s
[Solver Step 003000] t= 1.259 | Pos Err:    0.12 km | Vel Err:    0.01 m/s
[Solver Step 004000] t= 1.606 | Pos Err:    0.12 km | Vel Err:    0.00 m/s
[Solver Step 005000] t= 1.992 | Pos Err:    0.04 km | Vel Err:    0.00 m/s
[Solver Step 006000] t= 2.445 | Pos Err:    0.04 km | Vel Err:    0.02 m/s
[Solver Step 007000] t= 2.846 | Pos Err:    0.06 km | Vel Err:    0.00 m/s
[Solver Step 008000] t= 3.244 | Pos Err:    0.08 km | Vel Err:    0.00 m/s
[Solver Step 009000] t= 3.618 | Pos Err:    0.15 km | Vel Err:    0.08 m/s
[Solver Step 010000] t= 4.032 | Pos Err:    0.08 km | Vel Err:    0.00 m/s
[Solver Step 011000] t= 4.452 | Pos Err:    0.05 km | Vel Err:    0.00 m/s
[Solver Step 012000] t= 4.894 | Pos Err:    0.04 km | Vel Err:    0.04 m/s
[Solver Step 013000] t= 5.233 | Pos Err:    0.02 km | Vel Err:    0.00 m/s
[Solver Step 014000] t= 5.630 | Pos Err:    0.10 km | Vel Err:    0.00 m/s
[Solver Step 015000] t= 6.109 | Pos Err:    0.12 km | Vel Err:    0.02 m/s
[Solver Step 016000] t= 6.496 | Pos Err:    0.11 km | Vel Err:    0.00 m/s
[Solver Step 017000] t= 6.923 | Pos Err:    0.10 km | Vel Err:    0.00 m/s
[Solver Step 018000] t= 7.267 | Pos Err:    0.13 km | Vel Err:    0.10 m/s
[Solver Step 019000] t= 7.688 | Pos Err:    0.06 km | Vel Err:    0.00 m/s
[Solver Step 020000] t= 8.167 | Pos Err:    0.09 km | Vel Err:    0.00 m/s
[Solver Step 021000] t= 8.553 | Pos Err:    0.09 km | Vel Err:    0.03 m/s
[Solver Step 022000] t= 8.922 | Pos Err:    0.12 km | Vel Err:    0.00 m/s
[Solver Step 023000] t= 9.314 | Pos Err:    0.07 km | Vel Err:    0.00 m/s
[Solver Step 024000] t= 9.772 | Pos Err:    0.02 km | Vel Err:    0.03 m/s
[Solver Step 025000] t=10.173 | Pos Err:    0.02 km | Vel Err:    0.00 m/s
[Solver Step 026000] t=10.573 | Pos Err:    0.05 km | Vel Err:    0.00 m/s
[Solver Step 027000] t=10.933 | Pos Err:    0.15 km | Vel Err:    0.09 m/s
[Solver Step 028000] t=11.352 | Pos Err:    0.11 km | Vel Err:    0.00 m/s
[Solver Step 029000] t=11.808 | Pos Err:    0.09 km | Vel Err:    0.00 m/s
[Solver Step 030000] t=12.177 | Pos Err:    0.07 km | Vel Err:    0.03 m/s
[Multiple Shooting] Converged in 2 iterations with residual 1.97e-11
[Solver Step 001000] t= 0.418 | Pos Err:    0.50 km | Vel Err:    0.01 m/s
[Solver Step 002000] t= 0.922 | Pos Err:    5.24 km | Vel Err:    0.10 m/s
[Solver Step 003000] t= 1.355 | Pos Err:   74.59 km | Vel Err:    1.57 m/s
[Solver Step 004000] t= 1.752 | Pos Err:   79.29 km | Vel Err:    1.71 m/s
[Solver Step 005000] t= 2.245 | Pos Err:    0.82 km | Vel Err:    0.02 m/s
[Solver Step 006000] t= 2.639 | Pos Err:    0.08 km | Vel Err:    0.01 m/s
[Solver Step 007000] t= 3.095 | Pos Err:    7.07 km | Vel Err:    0.17 m/s
[Multiple Shooting] Converged in 2 iterations with residual 1.64e-11
[Solver Step 001000] t= 0.426 | Pos Err:    0.65 km | Vel Err:    0.02 m/s
[Solver Step 002000] t= 0.921 | Pos Err:    0.39 km | Vel Err:    0.01 m/s
[Solver Step 003000] t= 1.421 | Pos Err:    3.08 km | Vel Err:    0.06 m/s
[Solver Step 004000] t= 1.805 | Pos Err:   43.06 km | Vel Err:    0.94 m/s
[Solver Step 005000] t= 2.198 | Pos Err:   70.32 km | Vel Err:    1.40 m/s
[Solver Step 006000] t= 2.664 | Pos Err:    3.74 km | Vel Err:    0.07 m/s
[Solver Step 007000] t= 3.116 | Pos Err:   10.27 km | Vel Err:    0.24 m/s
[Solver Step 001000] t= 0.418 | Pos Err:    1.64 km | Vel Err:    0.04 m/s
[Solver Step 002000] t= 0.822 | Pos Err:    0.07 km | Vel Err:    0.00 m/s
[Solver Step 003000] t= 1.262 | Pos Err:    0.07 km | Vel Err:    0.01 m/s
[Solver Step 004000] t= 1.610 | Pos Err:    0.08 km | Vel Err:    0.00 m/s
[Solver Step 005000] t= 1.996 | Pos Err:    0.06 km | Vel Err:    0.00 m/s
[Solver Step 006000] t= 2.448 | Pos Err:    0.04 km | Vel Err:    0.01 m/s
[Solver Step 007000] t= 2.850 | Pos Err:    0.03 km | Vel Err:    0.00 m/s
[Solver Step 008000] t= 3.246 | Pos Err:    0.04 km | Vel Err:    0.00 m/s
[Solver Step 009000] t= 3.622 | Pos Err:    0.10 km | Vel Err:    0.08 m/s
[Solver Step 010000] t= 4.037 | Pos Err:    0.07 km | Vel Err:    0.00 m/s
[Solver Step 011000] t= 4.455 | Pos Err:    0.07 km | Vel Err:    0.00 m/s
[Solver Step 012000] t= 4.898 | Pos Err:    0.05 km | Vel Err:    0.04 m/s
[Solver Step 013000] t= 5.236 | Pos Err:    0.04 km | Vel Err:    0.00 m/s
[Solver Step 014000] t= 5.634 | Pos Err:    0.04 km | Vel Err:    0.00 m/s
[Solver Step 015000] t= 6.113 | Pos Err:    0.07 km | Vel Err:    0.02 m/s
[Solver Step 016000] t= 6.500 | Pos Err:    0.08 km | Vel Err:    0.00 m/s
[Solver Step 017000] t= 6.927 | Pos Err:    0.08 km | Vel Err:    0.00 m/s
[Solver Step 018000] t= 7.271 | Pos Err:    0.14 km | Vel Err:    0.10 m/s
[Solver Step 019000] t= 7.692 | Pos Err:    0.03 km | Vel Err:    0.00 m/s
[Solver Step 020000] t= 8.170 | Pos Err:    0.04 km | Vel Err:    0.00 m/s
[Solver Step 021000] t= 8.556 | Pos Err:    0.03 km | Vel Err:    0.03 m/s
[Solver Step 022000] t= 8.923 | Pos Err:    0.07 km | Vel Err:    0.00 m/s
[Solver Step 023000] t= 9.318 | Pos Err:    0.07 km | Vel Err:    0.00 m/s
[Solver Step 024000] t= 9.777 | Pos Err:    0.05 km | Vel Err:    0.03 m/s
[Solver Step 025000] t=10.177 | Pos Err:    0.05 km | Vel Err:    0.00 m/s
[Solver Step 026000] t=10.577 | Pos Err:    0.04 km | Vel Err:    0.00 m/s
[Solver Step 027000] t=10.936 | Pos Err:    0.11 km | Vel Err:    0.09 m/s
[Solver Step 028000] t=11.355 | Pos Err:    0.08 km | Vel Err:    0.00 m/s
[Solver Step 029000] t=11.812 | Pos Err:    0.08 km | Vel Err:    0.00 m/s
[Solver Step 030000] t=12.180 | Pos Err:    0.06 km | Vel Err:    0.03 m/s
[Multiple Shooting] Converged in 2 iterations with residual 2.83e-12
[Solver Step 001000] t= 0.418 | Pos Err:    0.19 km | Vel Err:    0.01 m/s
[Solver Step 002000] t= 0.924 | Pos Err:    2.22 km | Vel Err:    0.04 m/s
[Solver Step 003000] t= 1.388 | Pos Err:   34.27 km | Vel Err:    0.66 m/s
[Solver Step 004000] t= 1.742 | Pos Err:  105.79 km | Vel Err:    2.13 m/s
[Solver Step 005000] t= 2.241 | Pos Err:    2.04 km | Vel Err:    0.05 m/s
[Solver Step 006000] t= 2.673 | Pos Err:    1.00 km | Vel Err:    0.02 m/s
[Solver Step 007000] t= 3.080 | Pos Err:    6.90 km | Vel Err:    0.15 m/s
[Solver Step 001000] t= 0.418 | Pos Err:    0.69 km | Vel Err:    0.01 m/s
[Solver Step 002000] t= 0.792 | Pos Err:    0.07 km | Vel Err:    0.00 m/s
[Solver Step 003000] t= 1.101 | Pos Err:    0.01 km | Vel Err:    0.04 m/s
[Solver Step 004000] t= 1.553 | Pos Err:    0.05 km | Vel Err:    0.00 m/s
[Solver Step 005000] t= 2.104 | Pos Err:    0.05 km | Vel Err:    0.00 m/s
[Solver Step 006000] t= 2.517 | Pos Err:    0.05 km | Vel Err:    0.01 m/s
[Solver Step 007000] t= 3.017 | Pos Err:    0.05 km | Vel Err:    0.00 m/s
[Solver Step 008000] t= 3.570 | Pos Err:    0.05 km | Vel Err:    0.00 m/s
[Solver Step 009000] t= 4.059 | Pos Err:    0.05 km | Vel Err:    0.01 m/s
[Solver Step 010000] t= 4.461 | Pos Err:    0.05 km | Vel Err:    0.00 m/s
[Solver Step 011000] t= 4.999 | Pos Err:    0.06 km | Vel Err:    0.00 m/s
[Solver Step 012000] t= 5.587 | Pos Err:    0.05 km | Vel Err:    0.05 m/s
[Solver Step 013000] t= 6.068 | Pos Err:    0.06 km | Vel Err:    0.00 m/s
[Solver Step 014000] t= 6.470 | Pos Err:    0.07 km | Vel Err:    0.00 m/s
[Solver Step 015000] t= 7.027 | Pos Err:    0.04 km | Vel Err:    0.08 m/s
[Multiple Shooting] Converged in 3 iterations with residual 1.23e-11
[Solver Step 001000] t= 0.386 | Pos Err:    3.68 km | Vel Err:    0.09 m/s
[Solver Step 002000] t= 0.771 | Pos Err:    5.16 km | Vel Err:    0.09 m/s
[Solver Step 003000] t= 1.149 | Pos Err:    2.40 km | Vel Err:    0.08 m/s
[Solver Step 004000] t= 1.523 | Pos Err:    9.20 km | Vel Err:    0.18 m/s
[Solver Step 005000] t= 1.911 | Pos Err:    0.75 km | Vel Err:    0.02 m/s
[Solver Step 006000] t= 2.299 | Pos Err:   21.42 km | Vel Err:    0.41 m/s
[Multiple Shooting] Converged in 5 iterations with residual 2.71e-13
[Solver Step 001000] t= 0.339 | Pos Err:    8.56 km | Vel Err:    0.17 m/s
[Solver Step 002000] t= 0.689 | Pos Err:   66.81 km | Vel Err:    1.45 m/s
[Solver Step 003000] t= 1.026 | Pos Err:   31.20 km | Vel Err:    0.66 m/s
[Solver Step 004000] t= 1.395 | Pos Err:    8.91 km | Vel Err:    0.13 m/s
[Solver Step 005000] t= 1.734 | Pos Err:   23.10 km | Vel Err:    0.37 m/s
[Solver Step 006000] t= 2.081 | Pos Err:   38.86 km | Vel Err:    0.78 m/s
[Solver Step 007000] t= 2.437 | Pos Err:  195.88 km | Vel Err:    4.16 m/s
[Solver Step 001000] t= 0.415 | Pos Err:    0.62 km | Vel Err:    0.02 m/s
[Solver Step 002000] t= 0.789 | Pos Err:    0.05 km | Vel Err:    0.00 m/s
[Solver Step 003000] t= 1.099 | Pos Err:    0.01 km | Vel Err:    0.04 m/s
[Solver Step 004000] t= 1.550 | Pos Err:    0.06 km | Vel Err:    0.00 m/s
[Solver Step 005000] t= 2.101 | Pos Err:    0.06 km | Vel Err:    0.00 m/s
[Solver Step 006000] t= 2.514 | Pos Err:    0.06 km | Vel Err:    0.01 m/s
[Solver Step 007000] t= 3.013 | Pos Err:    0.06 km | Vel Err:    0.00 m/s
[Solver Step 008000] t= 3.566 | Pos Err:    0.06 km | Vel Err:    0.00 m/s
[Solver Step 009000] t= 4.056 | Pos Err:    0.06 km | Vel Err:    0.01 m/s
[Solver Step 010000] t= 4.458 | Pos Err:    0.06 km | Vel Err:    0.00 m/s
[Solver Step 011000] t= 4.996 | Pos Err:    0.06 km | Vel Err:    0.00 m/s
[Solver Step 012000] t= 5.583 | Pos Err:    0.05 km | Vel Err:    0.05 m/s
[Solver Step 013000] t= 6.066 | Pos Err:    0.06 km | Vel Err:    0.00 m/s
[Solver Step 014000] t= 6.466 | Pos Err:    0.06 km | Vel Err:    0.00 m/s
[Solver Step 015000] t= 7.024 | Pos Err:    0.03 km | Vel Err:    0.08 m/s
[Solver Step 001000] t= 0.217 | Pos Err:   20.70 km | Vel Err:    0.30 m/s
[Solver Step 002000] t= 0.470 | Pos Err:    2.45 km | Vel Err:    0.03 m/s
[Solver Step 003000] t= 0.711 | Pos Err:    0.41 km | Vel Err:    0.04 m/s
[Solver Step 004000] t= 0.930 | Pos Err:    0.04 km | Vel Err:    0.00 m/s
[Solver Step 005000] t= 1.177 | Pos Err:    0.07 km | Vel Err:    0.00 m/s
[Solver Step 006000] t= 1.430 | Pos Err:    0.02 km | Vel Err:    0.03 m/s
[Solver Step 007000] t= 1.660 | Pos Err:    0.03 km | Vel Err:    0.00 m/s
[Solver Step 008000] t= 1.877 | Pos Err:    0.05 km | Vel Err:    0.00 m/s
[Solver Step 009000] t= 2.134 | Pos Err:    0.08 km | Vel Err:    0.07 m/s
[Solver Step 010000] t= 2.378 | Pos Err:    0.04 km | Vel Err:    0.00 m/s
[Solver Step 011000] t= 2.591 | Pos Err:    0.06 km | Vel Err:    0.00 m/s
[Solver Step 012000] t= 2.838 | Pos Err:    0.95 km | Vel Err:    0.79 m/s
[Solver Step 013000] t= 3.093 | Pos Err:    0.05 km | Vel Err:    0.00 m/s
[Solver Step 014000] t= 3.315 | Pos Err:    0.08 km | Vel Err:    0.00 m/s
[Solver Step 015000] t= 3.536 | Pos Err:    0.73 km | Vel Err:    0.53 m/s
[Solver Step 016000] t= 3.797 | Pos Err:    0.06 km | Vel Err:    0.00 m/s
[Solver Step 017000] t= 4.038 | Pos Err:    0.10 km | Vel Err:    0.00 m/s
[Solver Step 018000] t= 4.248 | Pos Err:    0.39 km | Vel Err:    0.21 m/s
[Solver Step 019000] t= 4.498 | Pos Err:    0.08 km | Vel Err:    0.02 m/s
[Solver Step 020000] t= 4.753 | Pos Err:    0.10 km | Vel Err:    0.00 m/s
[Solver Step 021000] t= 4.971 | Pos Err:    0.14 km | Vel Err:    0.11 m/s
[Solver Step 022000] t= 5.190 | Pos Err:    0.10 km | Vel Err:    0.01 m/s
[Solver Step 023000] t= 5.456 | Pos Err:    0.11 km | Vel Err:    0.00 m/s
[Solver Step 024000] t= 5.699 | Pos Err:    0.05 km | Vel Err:    0.12 m/s
[Solver Step 025000] t= 5.908 | Pos Err:    0.07 km | Vel Err:    0.00 m/s
[Solver Step 026000] t= 6.160 | Pos Err:    0.09 km | Vel Err:    0.00 m/s
[Solver Step 027000] t= 6.416 | Pos Err:    0.17 km | Vel Err:    0.24 m/s
[Solver Step 028000] t= 6.629 | Pos Err:    0.05 km | Vel Err:    0.00 m/s
[Solver Step 029000] t= 6.852 | Pos Err:    0.08 km | Vel Err:    0.00 m/s
[Multiple Shooting] Converged in 4 iterations with residual 1.00e-14
[Solver Step 001000] t= 0.362 | Pos Err:    4.63 km | Vel Err:    0.10 m/s
[Solver Step 002000] t= 0.719 | Pos Err:   15.64 km | Vel Err:    0.29 m/s
[Solver Step 003000] t= 1.078 | Pos Err:    4.37 km | Vel Err:    0.10 m/s
[Solver Step 004000] t= 1.455 | Pos Err:    8.58 km | Vel Err:    0.18 m/s
[Solver Step 005000] t= 1.834 | Pos Err:    3.78 km | Vel Err:    0.08 m/s
[Solver Step 006000] t= 2.208 | Pos Err:    2.29 km | Vel Err:    0.08 m/s
[Solver Step 001000] t= 0.217 | Pos Err:   13.45 km | Vel Err:    0.19 m/s
[Solver Step 002000] t= 0.469 | Pos Err:    1.62 km | Vel Err:    0.04 m/s
[Solver Step 003000] t= 0.711 | Pos Err:    0.30 km | Vel Err:    0.04 m/s
[Solver Step 004000] t= 0.925 | Pos Err:    0.03 km | Vel Err:    0.00 m/s
[Solver Step 005000] t= 1.175 | Pos Err:    0.05 km | Vel Err:    0.00 m/s
[Solver Step 006000] t= 1.429 | Pos Err:    0.04 km | Vel Err:    0.05 m/s
[Solver Step 007000] t= 1.656 | Pos Err:    0.02 km | Vel Err:    0.00 m/s
[Solver Step 008000] t= 1.871 | Pos Err:    0.03 km | Vel Err:    0.00 m/s
[Solver Step 009000] t= 2.133 | Pos Err:    0.23 km | Vel Err:    0.19 m/s
[Solver Step 010000] t= 2.373 | Pos Err:    0.04 km | Vel Err:    0.00 m/s
[Solver Step 011000] t= 2.584 | Pos Err:    0.04 km | Vel Err:    0.00 m/s
[Solver Step 012000] t= 2.834 | Pos Err:    1.50 km | Vel Err:    1.22 m/s
[Solver Step 013000] t= 3.089 | Pos Err:    0.06 km | Vel Err:    0.00 m/s
[Solver Step 014000] t= 3.310 | Pos Err:    0.07 km | Vel Err:    0.00 m/s
[Solver Step 015000] t= 3.531 | Pos Err:    0.75 km | Vel Err:    0.58 m/s
[Solver Step 016000] t= 3.793 | Pos Err:    0.06 km | Vel Err:    0.01 m/s
[Solver Step 017000] t= 4.033 | Pos Err:    0.08 km | Vel Err:    0.00 m/s
[Solver Step 018000] t= 4.240 | Pos Err:    0.39 km | Vel Err:    0.23 m/s
[Solver Step 019000] t= 4.493 | Pos Err:    0.05 km | Vel Err:    0.02 m/s
[Solver Step 020000] t= 4.745 | Pos Err:    0.08 km | Vel Err:    0.00 m/s
[Solver Step 021000] t= 4.961 | Pos Err:    0.15 km | Vel Err:    0.12 m/s
[Solver Step 022000] t= 5.184 | Pos Err:    0.08 km | Vel Err:    0.01 m/s
[Solver Step 023000] t= 5.450 | Pos Err:    0.09 km | Vel Err:    0.00 m/s
[Solver Step 024000] t= 5.691 | Pos Err:    0.04 km | Vel Err:    0.11 m/s
[Solver Step 025000] t= 5.899 | Pos Err:    0.05 km | Vel Err:    0.01 m/s
[Solver Step 026000] t= 6.155 | Pos Err:    0.08 km | Vel Err:    0.00 m/s
[Solver Step 027000] t= 6.408 | Pos Err:    0.18 km | Vel Err:    0.24 m/s
[Solver Step 028000] t= 6.618 | Pos Err:    0.03 km | Vel Err:    0.00 m/s
[Solver Step 029000] t= 6.847 | Pos Err:    0.06 km | Vel Err:    0.00 m/s
[Solver Step 001000] t= 0.412 | Pos Err:    2.31 km | Vel Err:    0.05 m/s
[Solver Step 002000] t= 0.817 | Pos Err:    0.09 km | Vel Err:    0.00 m/s
[Solver Step 003000] t= 1.258 | Pos Err:    0.03 km | Vel Err:    0.01 m/s
[Solver Step 004000] t= 1.605 | Pos Err:    0.04 km | Vel Err:    0.00 m/s
[Solver Step 005000] t= 1.991 | Pos Err:    0.08 km | Vel Err:    0.00 m/s
[Solver Step 006000] t= 2.444 | Pos Err:    0.09 km | Vel Err:    0.02 m/s
[Solver Step 007000] t= 2.845 | Pos Err:    0.08 km | Vel Err:    0.00 m/s
[Solver Step 008000] t= 3.243 | Pos Err:    0.07 km | Vel Err:    0.00 m/s
[Solver Step 009000] t= 3.617 | Pos Err:    0.10 km | Vel Err:    0.08 m/s
[Solver Step 010000] t= 4.031 | Pos Err:    0.06 km | Vel Err:    0.00 m/s
[Solver Step 011000] t= 4.451 | Pos Err:    0.08 km | Vel Err:    0.00 m/s
[Solver Step 012000] t= 4.893 | Pos Err:    0.07 km | Vel Err:    0.04 m/s
[Solver Step 013000] t= 5.231 | Pos Err:    0.09 km | Vel Err:    0.00 m/s
[Solver Step 014000] t= 5.629 | Pos Err:    0.05 km | Vel Err:    0.00 m/s
[Solver Step 015000] t= 6.108 | Pos Err:    0.03 km | Vel Err:    0.02 m/s
[Solver Step 016000] t= 6.495 | Pos Err:    0.04 km | Vel Err:    0.00 m/s
[Solver Step 017000] t= 6.922 | Pos Err:    0.06 km | Vel Err:    0.00 m/s
[Solver Step 018000] t= 7.266 | Pos Err:    0.13 km | Vel Err:    0.10 m/s
[Solver Step 019000] t= 7.686 | Pos Err:    0.08 km | Vel Err:    0.00 m/s
[Solver Step 020000] t= 8.166 | Pos Err:    0.06 km | Vel Err:    0.00 m/s
[Solver Step 021000] t= 8.551 | Pos Err:    0.04 km | Vel Err:    0.03 m/s
[Solver Step 022000] t= 8.921 | Pos Err:    0.03 km | Vel Err:    0.00 m/s
[Solver Step 023000] t= 9.313 | Pos Err:    0.07 km | Vel Err:    0.00 m/s
[Solver Step 024000] t= 9.771 | Pos Err:    0.09 km | Vel Err:    0.03 m/s
[Solver Step 025000] t=10.172 | Pos Err:    0.09 km | Vel Err:    0.00 m/s
[Solver Step 026000] t=10.572 | Pos Err:    0.08 km | Vel Err:    0.00 m/s
[Solver Step 027000] t=10.931 | Pos Err:    0.12 km | Vel Err:    0.09 m/s
[Solver Step 028000] t=11.352 | Pos Err:    0.04 km | Vel Err:    0.00 m/s
[Solver Step 029000] t=11.807 | Pos Err:    0.06 km | Vel Err:    0.00 m/s
[Solver Step 030000] t=12.176 | Pos Err:    0.06 km | Vel Err:    0.03 m/s
[Solver Step 031000] t=12.566 | Pos Err:    0.09 km | Vel Err:    0.00 m/s
[Solver Step 001000] t= 0.217 | Pos Err:   18.15 km | Vel Err:    0.27 m/s
[Solver Step 002000] t= 0.470 | Pos Err:    2.17 km | Vel Err:    0.03 m/s
[Solver Step 003000] t= 0.711 | Pos Err:    0.29 km | Vel Err:    0.04 m/s
[Solver Step 004000] t= 0.929 | Pos Err:    0.01 km | Vel Err:    0.00 m/s
[Solver Step 005000] t= 1.178 | Pos Err:    0.06 km | Vel Err:    0.00 m/s
[Solver Step 006000] t= 1.432 | Pos Err:    0.11 km | Vel Err:    0.07 m/s
[Solver Step 007000] t= 1.666 | Pos Err:    0.08 km | Vel Err:    0.00 m/s
[Solver Step 008000] t= 1.880 | Pos Err:    0.07 km | Vel Err:    0.00 m/s
[Solver Step 009000] t= 2.136 | Pos Err:    0.27 km | Vel Err:    0.19 m/s
[Solver Step 010000] t= 2.381 | Pos Err:    0.09 km | Vel Err:    0.00 m/s
[Solver Step 011000] t= 2.596 | Pos Err:    0.06 km | Vel Err:    0.00 m/s
[Solver Step 012000] t= 2.840 | Pos Err:    1.03 km | Vel Err:    0.83 m/s
[Solver Step 013000] t= 3.096 | Pos Err:    0.08 km | Vel Err:    0.00 m/s
[Solver Step 014000] t= 3.319 | Pos Err:    0.05 km | Vel Err:    0.00 m/s
[Solver Step 015000] t= 3.539 | Pos Err:    0.63 km | Vel Err:    0.49 m/s
[Solver Step 016000] t= 3.799 | Pos Err:    0.07 km | Vel Err:    0.00 m/s
[Solver Step 017000] t= 4.043 | Pos Err:    0.04 km | Vel Err:    0.00 m/s
[Solver Step 018000] t= 4.252 | Pos Err:    0.31 km | Vel Err:    0.20 m/s
[Solver Step 019000] t= 4.500 | Pos Err:    0.05 km | Vel Err:    0.01 m/s
[Solver Step 020000] t= 4.756 | Pos Err:    0.02 km | Vel Err:    0.00 m/s
[Solver Step 021000] t= 4.975 | Pos Err:    0.12 km | Vel Err:    0.10 m/s
[Solver Step 022000] t= 5.193 | Pos Err:    0.03 km | Vel Err:    0.01 m/s
[Solver Step 023000] t= 5.459 | Pos Err:    0.01 km | Vel Err:    0.00 m/s
[Solver Step 024000] t= 5.703 | Pos Err:    0.12 km | Vel Err:    0.12 m/s
[Solver Step 025000] t= 5.910 | Pos Err:    0.05 km | Vel Err:    0.00 m/s
[Solver Step 026000] t= 6.161 | Pos Err:    0.02 km | Vel Err:    0.00 m/s
[Solver Step 027000] t= 6.417 | Pos Err:    0.27 km | Vel Err:    0.24 m/s
[Solver Step 028000] t= 6.631 | Pos Err:    0.07 km | Vel Err:    0.00 m/s
[Solver Step 029000] t= 6.853 | Pos Err:    0.05 km | Vel Err:    0.00 m/s
[Solver Step 001000] t= 0.411 | Pos Err:    2.95 km | Vel Err:    0.07 m/s
[Solver Step 002000] t= 0.815 | Pos Err:    0.09 km | Vel Err:    0.00 m/s
[Solver Step 003000] t= 1.258 | Pos Err:    0.03 km | Vel Err:    0.01 m/s
[Solver Step 004000] t= 1.604 | Pos Err:    0.02 km | Vel Err:    0.00 m/s
[Solver Step 005000] t= 1.989 | Pos Err:    0.09 km | Vel Err:    0.00 m/s
[Solver Step 006000] t= 2.443 | Pos Err:    0.10 km | Vel Err:    0.02 m/s
[Solver Step 007000] t= 2.844 | Pos Err:    0.09 km | Vel Err:    0.00 m/s
[Solver Step 008000] t= 3.242 | Pos Err:    0.08 km | Vel Err:    0.00 m/s
[Solver Step 009000] t= 3.616 | Pos Err:    0.10 km | Vel Err:    0.08 m/s
[Solver Step 010000] t= 4.030 | Pos Err:    0.06 km | Vel Err:    0.00 m/s
[Solver Step 011000] t= 4.450 | Pos Err:    0.09 km | Vel Err:    0.00 m/s
[Solver Step 012000] t= 4.892 | Pos Err:    0.08 km | Vel Err:    0.04 m/s
[Solver Step 013000] t= 5.231 | Pos Err:    0.10 km | Vel Err:    0.00 m/s
[Solver Step 014000] t= 5.628 | Pos Err:    0.06 km | Vel Err:    0.00 m/s
[Solver Step 015000] t= 6.107 | Pos Err:    0.02 km | Vel Err:    0.02 m/s
[Solver Step 016000] t= 6.494 | Pos Err:    0.03 km | Vel Err:    0.00 m/s
[Solver Step 017000] t= 6.921 | Pos Err:    0.05 km | Vel Err:    0.00 m/s
[Solver Step 018000] t= 7.265 | Pos Err:    0.12 km | Vel Err:    0.11 m/s
[Solver Step 019000] t= 7.685 | Pos Err:    0.09 km | Vel Err:    0.00 m/s
[Solver Step 020000] t= 8.165 | Pos Err:    0.08 km | Vel Err:    0.00 m/s
[Solver Step 021000] t= 8.550 | Pos Err:    0.05 km | Vel Err:    0.03 m/s
[Solver Step 022000] t= 8.921 | Pos Err:    0.03 km | Vel Err:    0.00 m/s
[Solver Step 023000] t= 9.312 | Pos Err:    0.07 km | Vel Err:    0.00 m/s
[Solver Step 024000] t= 9.770 | Pos Err:    0.09 km | Vel Err:    0.03 m/s
[Solver Step 025000] t=10.171 | Pos Err:    0.10 km | Vel Err:    0.00 m/s
[Solver Step 026000] t=10.571 | Pos Err:    0.10 km | Vel Err:    0.00 m/s
[Solver Step 027000] t=10.930 | Pos Err:    0.13 km | Vel Err:    0.09 m/s
[Solver Step 028000] t=11.351 | Pos Err:    0.03 km | Vel Err:    0.00 m/s
[Solver Step 029000] t=11.806 | Pos Err:    0.06 km | Vel Err:    0.00 m/s
[Solver Step 030000] t=12.175 | Pos Err:    0.06 km | Vel Err:    0.03 m/s
[Solver Step 031000] t=12.566 | Pos Err:    0.09 km | Vel Err:    0.00 m/s
[Solver Step 001000] t= 0.217 | Pos Err:   25.09 km | Vel Err:    0.53 m/s
[Solver Step 002000] t= 0.471 | Pos Err:    3.05 km | Vel Err:    0.09 m/s
[Solver Step 003000] t= 0.713 | Pos Err:    0.44 km | Vel Err:    0.03 m/s
[Solver Step 004000] t= 0.932 | Pos Err:    0.03 km | Vel Err:    0.00 m/s
[Solver Step 005000] t= 1.178 | Pos Err:    0.09 km | Vel Err:    0.00 m/s
[Solver Step 006000] t= 1.430 | Pos Err:    0.10 km | Vel Err:    0.03 m/s
[Solver Step 007000] t= 1.660 | Pos Err:    0.09 km | Vel Err:    0.00 m/s
[Solver Step 008000] t= 1.877 | Pos Err:    0.10 km | Vel Err:    0.00 m/s
[Solver Step 009000] t= 2.134 | Pos Err:    0.14 km | Vel Err:    0.08 m/s
[Solver Step 010000] t= 2.380 | Pos Err:    0.08 km | Vel Err:    0.00 m/s
[Solver Step 011000] t= 2.592 | Pos Err:    0.08 km | Vel Err:    0.00 m/s
[Solver Step 012000] t= 2.838 | Pos Err:    1.06 km | Vel Err:    0.80 m/s
[Solver Step 013000] t= 3.094 | Pos Err:    0.07 km | Vel Err:    0.00 m/s
[Solver Step 014000] t= 3.315 | Pos Err:    0.05 km | Vel Err:    0.00 m/s
[Solver Step 015000] t= 3.536 | Pos Err:    0.72 km | Vel Err:    0.53 m/s
[Solver Step 016000] t= 3.797 | Pos Err:    0.06 km | Vel Err:    0.00 m/s
[Solver Step 017000] t= 4.038 | Pos Err:    0.03 km | Vel Err:    0.00 m/s
[Solver Step 018000] t= 4.248 | Pos Err:    0.37 km | Vel Err:    0.21 m/s
[Solver Step 019000] t= 4.498 | Pos Err:    0.04 km | Vel Err:    0.02 m/s
[Solver Step 020000] t= 4.753 | Pos Err:    0.04 km | Vel Err:    0.00 m/s
[Solver Step 021000] t= 4.971 | Pos Err:    0.18 km | Vel Err:    0.11 m/s
[Solver Step 022000] t= 5.190 | Pos Err:    0.04 km | Vel Err:    0.01 m/s
[Solver Step 023000] t= 5.456 | Pos Err:    0.05 km | Vel Err:    0.00 m/s
[Solver Step 024000] t= 5.699 | Pos Err:    0.15 km | Vel Err:    0.12 m/s
[Solver Step 025000] t= 5.906 | Pos Err:    0.08 km | Vel Err:    0.00 m/s
[Solver Step 026000] t= 6.159 | Pos Err:    0.07 km | Vel Err:    0.00 m/s
[Solver Step 027000] t= 6.414 | Pos Err:    0.27 km | Vel Err:    0.24 m/s
[Solver Step 028000] t= 6.627 | Pos Err:    0.10 km | Vel Err:    0.00 m/s
[Solver Step 029000] t= 6.851 | Pos Err:    0.10 km | Vel Err:    0.00 m/s
[Solver Step 001000] t= 0.412 | Pos Err:    2.46 km | Vel Err:    0.06 m/s
[Solver Step 002000] t= 0.816 | Pos Err:    0.07 km | Vel Err:    0.00 m/s
[Solver Step 003000] t= 1.258 | Pos Err:    0.04 km | Vel Err:    0.01 m/s
[Solver Step 004000] t= 1.605 | Pos Err:    0.03 km | Vel Err:    0.00 m/s
[Solver Step 005000] t= 1.990 | Pos Err:    0.07 km | Vel Err:    0.00 m/s
[Solver Step 006000] t= 2.443 | Pos Err:    0.09 km | Vel Err:    0.02 m/s
[Solver Step 007000] t= 2.844 | Pos Err:    0.09 km | Vel Err:    0.00 m/s
[Solver Step 008000] t= 3.242 | Pos Err:    0.09 km | Vel Err:    0.00 m/s
[Solver Step 009000] t= 3.616 | Pos Err:    0.12 km | Vel Err:    0.08 m/s
[Solver Step 010000] t= 4.030 | Pos Err:    0.04 km | Vel Err:    0.00 m/s
[Solver Step 011000] t= 4.450 | Pos Err:    0.06 km | Vel Err:    0.00 m/s
[Solver Step 012000] t= 4.892 | Pos Err:    0.06 km | Vel Err:    0.04 m/s
[Solver Step 013000] t= 5.231 | Pos Err:    0.09 km | Vel Err:    0.00 m/s
[Solver Step 014000] t= 5.628 | Pos Err:    0.07 km | Vel Err:    0.00 m/s
[Solver Step 015000] t= 6.107 | Pos Err:    0.03 km | Vel Err:    0.02 m/s
[Solver Step 016000] t= 6.494 | Pos Err:    0.03 km | Vel Err:    0.00 m/s
[Solver Step 017000] t= 6.921 | Pos Err:    0.03 km | Vel Err:    0.00 m/s
[Solver Step 018000] t= 7.265 | Pos Err:    0.10 km | Vel Err:    0.10 m/s
[Solver Step 019000] t= 7.685 | Pos Err:    0.09 km | Vel Err:    0.00 m/s
[Solver Step 020000] t= 8.165 | Pos Err:    0.08 km | Vel Err:    0.00 m/s
[Solver Step 021000] t= 8.551 | Pos Err:    0.06 km | Vel Err:    0.03 m/s
[Solver Step 022000] t= 8.921 | Pos Err:    0.05 km | Vel Err:    0.00 m/s
[Solver Step 023000] t= 9.312 | Pos Err:    0.05 km | Vel Err:    0.00 m/s
[Solver Step 024000] t= 9.770 | Pos Err:    0.08 km | Vel Err:    0.03 m/s
[Solver Step 025000] t=10.172 | Pos Err:    0.09 km | Vel Err:    0.00 m/s
[Solver Step 026000] t=10.571 | Pos Err:    0.09 km | Vel Err:    0.00 m/s
[Solver Step 027000] t=10.931 | Pos Err:    0.15 km | Vel Err:    0.09 m/s
[Solver Step 028000] t=11.351 | Pos Err:    0.02 km | Vel Err:    0.00 m/s
[Solver Step 029000] t=11.806 | Pos Err:    0.04 km | Vel Err:    0.00 m/s
[Solver Step 030000] t=12.175 | Pos Err:    0.04 km | Vel Err:    0.03 m/s
[Solver Step 031000] t=12.566 | Pos Err:    0.07 km | Vel Err:    0.00 m/s
[Solver Step 001000] t= 0.216 | Pos Err:   24.65 km | Vel Err:    0.53 m/s
[Solver Step 002000] t= 0.470 | Pos Err:    2.98 km | Vel Err:    0.04 m/s
[Solver Step 003000] t= 0.713 | Pos Err:    0.41 km | Vel Err:    0.03 m/s
[Solver Step 004000] t= 0.931 | Pos Err:    0.04 km | Vel Err:    0.00 m/s
[Solver Step 005000] t= 1.178 | Pos Err:    0.08 km | Vel Err:    0.00 m/s
[Solver Step 006000] t= 1.431 | Pos Err:    0.02 km | Vel Err:    0.04 m/s
[Solver Step 007000] t= 1.661 | Pos Err:    0.04 km | Vel Err:    0.00 m/s
[Solver Step 008000] t= 1.876 | Pos Err:    0.06 km | Vel Err:    0.00 m/s
[Solver Step 009000] t= 2.134 | Pos Err:    0.09 km | Vel Err:    0.11 m/s
[Solver Step 010000] t= 2.377 | Pos Err:    0.02 km | Vel Err:    0.00 m/s
[Solver Step 011000] t= 2.590 | Pos Err:    0.05 km | Vel Err:    0.00 m/s
[Solver Step 012000] t= 2.837 | Pos Err:    0.97 km | Vel Err:    0.77 m/s
[Solver Step 013000] t= 3.092 | Pos Err:    0.03 km | Vel Err:    0.00 m/s
[Solver Step 014000] t= 3.313 | Pos Err:    0.06 km | Vel Err:    0.00 m/s
[Solver Step 015000] t= 3.535 | Pos Err:    0.78 km | Vel Err:    0.54 m/s
[Solver Step 016000] t= 3.796 | Pos Err:    0.03 km | Vel Err:    0.00 m/s
[Solver Step 017000] t= 4.038 | Pos Err:    0.08 km | Vel Err:    0.00 m/s
[Solver Step 018000] t= 4.246 | Pos Err:    0.43 km | Vel Err:    0.22 m/s
[Solver Step 019000] t= 4.496 | Pos Err:    0.08 km | Vel Err:    0.02 m/s
[Solver Step 020000] t= 4.750 | Pos Err:    0.09 km | Vel Err:    0.00 m/s
[Solver Step 021000] t= 4.967 | Pos Err:    0.19 km | Vel Err:    0.11 m/s
[Solver Step 022000] t= 5.188 | Pos Err:    0.09 km | Vel Err:    0.01 m/s
[Solver Step 023000] t= 5.454 | Pos Err:    0.10 km | Vel Err:    0.00 m/s
[Solver Step 024000] t= 5.696 | Pos Err:    0.09 km | Vel Err:    0.12 m/s
[Solver Step 025000] t= 5.905 | Pos Err:    0.08 km | Vel Err:    0.00 m/s
[Solver Step 026000] t= 6.158 | Pos Err:    0.09 km | Vel Err:    0.00 m/s
[Solver Step 027000] t= 6.412 | Pos Err:    0.17 km | Vel Err:    0.24 m/s
[Solver Step 028000] t= 6.625 | Pos Err:    0.07 km | Vel Err:    0.00 m/s
[Solver Step 029000] t= 6.850 | Pos Err:    0.09 km | Vel Err:    0.00 m/s
[Solver Step 001000] t= 0.418 | Pos Err:    0.47 km | Vel Err:    0.01 m/s
[Solver Step 002000] t= 0.792 | Pos Err:    0.06 km | Vel Err:    0.00 m/s
[Solver Step 003000] t= 1.101 | Pos Err:    0.01 km | Vel Err:    0.04 m/s
[Solver Step 004000] t= 1.553 | Pos Err:    0.05 km | Vel Err:    0.00 m/s
[Solver Step 005000] t= 2.104 | Pos Err:    0.06 km | Vel Err:    0.00 m/s
[Solver Step 006000] t= 2.517 | Pos Err:    0.05 km | Vel Err:    0.01 m/s
[Solver Step 007000] t= 3.017 | Pos Err:    0.05 km | Vel Err:    0.00 m/s
[Solver Step 008000] t= 3.570 | Pos Err:    0.05 km | Vel Err:    0.00 m/s
[Solver Step 009000] t= 4.059 | Pos Err:    0.05 km | Vel Err:    0.01 m/s
[Solver Step 010000] t= 4.461 | Pos Err:    0.06 km | Vel Err:    0.00 m/s
[Solver Step 011000] t= 4.999 | Pos Err:    0.06 km | Vel Err:    0.00 m/s
[Solver Step 012000] t= 5.587 | Pos Err:    0.05 km | Vel Err:    0.05 m/s
[Solver Step 013000] t= 6.068 | Pos Err:    0.06 km | Vel Err:    0.00 m/s
[Solver Step 014000] t= 6.470 | Pos Err:    0.06 km | Vel Err:    0.00 m/s
[Solver Step 015000] t= 7.027 | Pos Err:    0.04 km | Vel Err:    0.08 m/s
[Solver Step 001000] t= 0.217 | Pos Err:   30.06 km | Vel Err:    0.63 m/s
[Solver Step 002000] t= 0.470 | Pos Err:    3.73 km | Vel Err:    0.04 m/s
[Solver Step 003000] t= 0.711 | Pos Err:    0.46 km | Vel Err:    0.04 m/s
[Solver Step 004000] t= 0.930 | Pos Err:    0.03 km | Vel Err:    0.01 m/s
[Solver Step 005000] t= 1.178 | Pos Err:    0.05 km | Vel Err:    0.00 m/s
[Solver Step 006000] t= 1.429 | Pos Err:    0.12 km | Vel Err:    0.03 m/s
[Solver Step 007000] t= 1.659 | Pos Err:    0.11 km | Vel Err:    0.00 m/s
[Solver Step 008000] t= 1.875 | Pos Err:    0.09 km | Vel Err:    0.00 m/s
[Solver Step 009000] t= 2.134 | Pos Err:    0.25 km | Vel Err:    0.14 m/s
[Solver Step 010000] t= 2.373 | Pos Err:    0.12 km | Vel Err:    0.00 m/s
[Solver Step 011000] t= 2.584 | Pos Err:    0.10 km | Vel Err:    0.00 m/s
[Solver Step 012000] t= 2.833 | Pos Err:    1.67 km | Vel Err:    1.32 m/s
[Solver Step 013000] t= 3.087 | Pos Err:    0.12 km | Vel Err:    0.00 m/s
[Solver Step 014000] t= 3.305 | Pos Err:    0.09 km | Vel Err:    0.00 m/s
[Solver Step 015000] t= 3.529 | Pos Err:    0.68 km | Vel Err:    0.60 m/s
[Solver Step 016000] t= 3.792 | Pos Err:    0.12 km | Vel Err:    0.00 m/s
[Solver Step 017000] t= 4.032 | Pos Err:    0.08 km | Vel Err:    0.00 m/s
[Solver Step 018000] t= 4.238 | Pos Err:    0.30 km | Vel Err:    0.24 m/s
[Solver Step 019000] t= 4.493 | Pos Err:    0.09 km | Vel Err:    0.02 m/s
[Solver Step 020000] t= 4.745 | Pos Err:    0.06 km | Vel Err:    0.00 m/s
[Solver Step 021000] t= 4.961 | Pos Err:    0.11 km | Vel Err:    0.12 m/s
[Solver Step 022000] t= 5.184 | Pos Err:    0.08 km | Vel Err:    0.01 m/s
[Solver Step 023000] t= 5.450 | Pos Err:    0.04 km | Vel Err:    0.00 m/s
[Solver Step 024000] t= 5.691 | Pos Err:    0.12 km | Vel Err:    0.11 m/s
[Solver Step 025000] t= 5.897 | Pos Err:    0.07 km | Vel Err:    0.00 m/s
[Solver Step 026000] t= 6.154 | Pos Err:    0.04 km | Vel Err:    0.00 m/s
[Solver Step 027000] t= 6.406 | Pos Err:    0.28 km | Vel Err:    0.24 m/s
[Solver Step 028000] t= 6.616 | Pos Err:    0.08 km | Vel Err:    0.00 m/s
[Solver Step 029000] t= 6.845 | Pos Err:    0.05 km | Vel Err:    0.00 m/s
[Multiple Shooting] Converged in 2 iterations with residual 5.91e-12
[Solver Step 001000] t= 0.421 | Pos Err:    0.22 km | Vel Err:    0.01 m/s
[Solver Step 002000] t= 0.927 | Pos Err:    1.68 km | Vel Err:    0.03 m/s
[Solver Step 003000] t= 1.401 | Pos Err:   20.35 km | Vel Err:    0.40 m/s
[Solver Step 004000] t= 1.740 | Pos Err:   99.51 km | Vel Err:    1.97 m/s
[Solver Step 005000] t= 2.239 | Pos Err:    1.77 km | Vel Err:    0.04 m/s
[Solver Step 006000] t= 2.681 | Pos Err:    1.21 km | Vel Err:    0.02 m/s
[Solver Step 007000] t= 3.078 | Pos Err:    7.34 km | Vel Err:    0.16 m/s
[Multiple Shooting] Converged in 12 iterations with residual 1.39e-15
[Solver Step 001000] t= 0.495 | Pos Err:    1.91 km | Vel Err:    0.04 m/s
[Solver Step 002000] t= 0.892 | Pos Err:    0.27 km | Vel Err:    0.01 m/s
[Solver Step 003000] t= 1.386 | Pos Err:    0.23 km | Vel Err:    0.02 m/s
[Solver Step 004000] t= 1.772 | Pos Err:    0.30 km | Vel Err:    0.01 m/s
[Solver Step 005000] t= 2.259 | Pos Err:    0.28 km | Vel Err:    0.01 m/s
[Solver Step 001000] t= 0.218 | Pos Err:   30.22 km | Vel Err:    0.70 m/s
[Solver Step 002000] t= 0.470 | Pos Err:    3.77 km | Vel Err:    0.05 m/s
[Solver Step 003000] t= 0.713 | Pos Err:    0.46 km | Vel Err:    0.02 m/s
[Solver Step 004000] t= 0.930 | Pos Err:    0.03 km | Vel Err:    0.01 m/s
[Solver Step 005000] t= 1.177 | Pos Err:    0.05 km | Vel Err:    0.00 m/s
[Solver Step 006000] t= 1.431 | Pos Err:    0.12 km | Vel Err:    0.04 m/s
[Solver Step 007000] t= 1.663 | Pos Err:    0.11 km | Vel Err:    0.00 m/s
[Solver Step 008000] t= 1.877 | Pos Err:    0.09 km | Vel Err:    0.00 m/s
[Solver Step 009000] t= 2.135 | Pos Err:    0.20 km | Vel Err:    0.09 m/s
[Solver Step 010000] t= 2.378 | Pos Err:    0.12 km | Vel Err:    0.00 m/s
[Solver Step 011000] t= 2.592 | Pos Err:    0.10 km | Vel Err:    0.00 m/s
[Solver Step 012000] t= 2.838 | Pos Err:    0.95 km | Vel Err:    0.80 m/s
[Solver Step 013000] t= 3.094 | Pos Err:    0.13 km | Vel Err:    0.00 m/s
[Solver Step 014000] t= 3.315 | Pos Err:    0.09 km | Vel Err:    0.00 m/s
[Solver Step 015000] t= 3.536 | Pos Err:    0.61 km | Vel Err:    0.53 m/s
[Solver Step 016000] t= 3.797 | Pos Err:    0.12 km | Vel Err:    0.00 m/s
[Solver Step 017000] t= 4.040 | Pos Err:    0.09 km | Vel Err:    0.00 m/s
[Solver Step 018000] t= 4.248 | Pos Err:    0.27 km | Vel Err:    0.21 m/s
[Solver Step 019000] t= 4.498 | Pos Err:    0.09 km | Vel Err:    0.02 m/s
[Solver Step 020000] t= 4.753 | Pos Err:    0.07 km | Vel Err:    0.00 m/s
[Solver Step 021000] t= 4.971 | Pos Err:    0.07 km | Vel Err:    0.11 m/s
[Solver Step 022000] t= 5.190 | Pos Err:    0.09 km | Vel Err:    0.01 m/s
[Solver Step 023000] t= 5.456 | Pos Err:    0.05 km | Vel Err:    0.00 m/s
[Solver Step 024000] t= 5.699 | Pos Err:    0.12 km | Vel Err:    0.12 m/s
[Solver Step 025000] t= 5.906 | Pos Err:    0.07 km | Vel Err:    0.00 m/s
[Solver Step 026000] t= 6.159 | Pos Err:    0.05 km | Vel Err:    0.00 m/s
[Solver Step 027000] t= 6.414 | Pos Err:    0.28 km | Vel Err:    0.24 m/s
[Solver Step 028000] t= 6.627 | Pos Err:    0.08 km | Vel Err:    0.00 m/s
[Solver Step 029000] t= 6.851 | Pos Err:    0.05 km | Vel Err:    0.00 m/s
[Multiple Shooting] Converged in 4 iterations with residual 3.35e-15
[Solver Step 001000] t= 0.383 | Pos Err:    3.39 km | Vel Err:    0.08 m/s
[Solver Step 002000] t= 0.766 | Pos Err:    7.61 km | Vel Err:    0.15 m/s
[Solver Step 003000] t= 1.140 | Pos Err:    2.84 km | Vel Err:    0.09 m/s
[Solver Step 004000] t= 1.510 | Pos Err:   12.90 km | Vel Err:    0.25 m/s
[Solver Step 005000] t= 1.891 | Pos Err:    1.87 km | Vel Err:    0.05 m/s
[Solver Step 006000] t= 2.276 | Pos Err:   12.26 km | Vel Err:    0.21 m/s
[Solver Step 001000] t= 0.215 | Pos Err:   20.80 km | Vel Err:    0.56 m/s
[Solver Step 002000] t= 0.468 | Pos Err:    2.64 km | Vel Err:    0.06 m/s
[Solver Step 003000] t= 0.711 | Pos Err:    0.31 km | Vel Err:    0.04 m/s
[Solver Step 004000] t= 0.924 | Pos Err:    0.03 km | Vel Err:    0.01 m/s
[Solver Step 005000] t= 1.174 | Pos Err:    0.02 km | Vel Err:    0.00 m/s
[Solver Step 006000] t= 1.429 | Pos Err:    0.10 km | Vel Err:    0.05 m/s
[Solver Step 007000] t= 1.656 | Pos Err:    0.08 km | Vel Err:    0.00 m/s
[Solver Step 008000] t= 1.871 | Pos Err:    0.06 km | Vel Err:    0.00 m/s
[Solver Step 009000] t= 2.133 | Pos Err:    0.29 km | Vel Err:    0.19 m/s
[Solver Step 010000] t= 2.373 | Pos Err:    0.10 km | Vel Err:    0.00 m/s
[Solver Step 011000] t= 2.584 | Pos Err:    0.08 km | Vel Err:    0.00 m/s
[Solver Step 012000] t= 2.834 | Pos Err:    1.51 km | Vel Err:    1.23 m/s
[Solver Step 013000] t= 3.089 | Pos Err:    0.11 km | Vel Err:    0.00 m/s
[Solver Step 014000] t= 3.307 | Pos Err:    0.08 km | Vel Err:    0.00 m/s
[Solver Step 015000] t= 3.531 | Pos Err:    0.68 km | Vel Err:    0.58 m/s
[Solver Step 016000] t= 3.793 | Pos Err:    0.10 km | Vel Err:    0.00 m/s
[Solver Step 017000] t= 4.033 | Pos Err:    0.08 km | Vel Err:    0.00 m/s
[Solver Step 018000] t= 4.240 | Pos Err:    0.32 km | Vel Err:    0.23 m/s
[Solver Step 019000] t= 4.494 | Pos Err:    0.07 km | Vel Err:    0.02 m/s
[Solver Step 020000] t= 4.749 | Pos Err:    0.07 km | Vel Err:    0.00 m/s
[Solver Step 021000] t= 4.963 | Pos Err:    0.09 km | Vel Err:    0.11 m/s
[Solver Step 022000] t= 5.186 | Pos Err:    0.08 km | Vel Err:    0.01 m/s
[Solver Step 023000] t= 5.451 | Pos Err:    0.06 km | Vel Err:    0.00 m/s
[Solver Step 024000] t= 5.693 | Pos Err:    0.08 km | Vel Err:    0.11 m/s
[Solver Step 025000] t= 5.901 | Pos Err:    0.05 km | Vel Err:    0.00 m/s
[Solver Step 026000] t= 6.156 | Pos Err:    0.05 km | Vel Err:    0.00 m/s
[Solver Step 027000] t= 6.409 | Pos Err:    0.24 km | Vel Err:    0.24 m/s
[Solver Step 028000] t= 6.620 | Pos Err:    0.05 km | Vel Err:    0.00 m/s
[Solver Step 029000] t= 6.848 | Pos Err:    0.03 km | Vel Err:    0.00 m/s
[Multiple Shooting] Converged in 4 iterations with residual 2.94e-15
[Solver Step 001000] t= 0.380 | Pos Err:    3.60 km | Vel Err:    0.07 m/s
[Solver Step 002000] t= 0.760 | Pos Err:    9.80 km | Vel Err:    0.19 m/s
[Solver Step 003000] t= 1.131 | Pos Err:    3.38 km | Vel Err:    0.09 m/s
[Solver Step 004000] t= 1.496 | Pos Err:   12.16 km | Vel Err:    0.21 m/s
[Solver Step 005000] t= 1.874 | Pos Err:    1.89 km | Vel Err:    0.04 m/s
[Solver Step 006000] t= 2.255 | Pos Err:   10.87 km | Vel Err:    0.21 m/s
[Solver Step 001000] t= 0.217 | Pos Err:   21.02 km | Vel Err:    0.37 m/s
[Solver Step 002000] t= 0.469 | Pos Err:    2.59 km | Vel Err:    0.07 m/s
[Solver Step 003000] t= 0.711 | Pos Err:    0.44 km | Vel Err:    0.04 m/s
[Solver Step 004000] t= 0.924 | Pos Err:    0.04 km | Vel Err:    0.00 m/s
[Solver Step 005000] t= 1.175 | Pos Err:    0.06 km | Vel Err:    0.00 m/s
[Solver Step 006000] t= 1.429 | Pos Err:    0.06 km | Vel Err:    0.05 m/s
[Solver Step 007000] t= 1.656 | Pos Err:    0.05 km | Vel Err:    0.00 m/s
[Solver Step 008000] t= 1.871 | Pos Err:    0.05 km | Vel Err:    0.00 m/s
[Solver Step 009000] t= 2.133 | Pos Err:    0.25 km | Vel Err:    0.19 m/s
[Solver Step 010000] t= 2.373 | Pos Err:    0.07 km | Vel Err:    0.00 m/s
[Solver Step 011000] t= 2.584 | Pos Err:    0.07 km | Vel Err:    0.00 m/s
[Solver Step 012000] t= 2.834 | Pos Err:    1.47 km | Vel Err:    1.22 m/s
[Solver Step 013000] t= 3.089 | Pos Err:    0.09 km | Vel Err:    0.00 m/s
[Solver Step 014000] t= 3.307 | Pos Err:    0.09 km | Vel Err:    0.00 m/s
[Solver Step 015000] t= 3.531 | Pos Err:    0.73 km | Vel Err:    0.58 m/s
[Solver Step 016000] t= 3.793 | Pos Err:    0.08 km | Vel Err:    0.01 m/s
[Solver Step 017000] t= 4.033 | Pos Err:    0.11 km | Vel Err:    0.00 m/s
[Solver Step 018000] t= 4.240 | Pos Err:    0.38 km | Vel Err:    0.23 m/s
[Solver Step 019000] t= 4.493 | Pos Err:    0.07 km | Vel Err:    0.02 m/s
[Solver Step 020000] t= 4.745 | Pos Err:    0.11 km | Vel Err:    0.00 m/s
[Solver Step 021000] t= 4.961 | Pos Err:    0.14 km | Vel Err:    0.12 m/s
[Solver Step 022000] t= 5.184 | Pos Err:    0.11 km | Vel Err:    0.01 m/s
[Solver Step 023000] t= 5.450 | Pos Err:    0.11 km | Vel Err:    0.00 m/s
[Solver Step 024000] t= 5.691 | Pos Err:    0.02 km | Vel Err:    0.11 m/s
[Solver Step 025000] t= 5.899 | Pos Err:    0.08 km | Vel Err:    0.01 m/s
[Solver Step 026000] t= 6.155 | Pos Err:    0.10 km | Vel Err:    0.00 m/s
[Solver Step 027000] t= 6.408 | Pos Err:    0.18 km | Vel Err:    0.24 m/s
[Solver Step 028000] t= 6.618 | Pos Err:    0.04 km | Vel Err:    0.00 m/s
[Solver Step 029000] t= 6.847 | Pos Err:    0.07 km | Vel Err:    0.00 m/s
[Solver Step 001000] t= 0.217 | Pos Err:   23.41 km | Vel Err:    0.59 m/s
[Solver Step 002000] t= 0.470 | Pos Err:    2.91 km | Vel Err:    0.09 m/s
[Solver Step 003000] t= 0.713 | Pos Err:    0.40 km | Vel Err:    0.04 m/s
[Solver Step 004000] t= 0.930 | Pos Err:    0.03 km | Vel Err:    0.00 m/s
[Solver Step 005000] t= 1.177 | Pos Err:    0.08 km | Vel Err:    0.00 m/s
[Solver Step 006000] t= 1.430 | Pos Err:    0.09 km | Vel Err:    0.03 m/s
[Solver Step 007000] t= 1.660 | Pos Err:    0.08 km | Vel Err:    0.00 m/s
[Solver Step 008000] t= 1.877 | Pos Err:    0.09 km | Vel Err:    0.00 m/s
[Solver Step 009000] t= 2.134 | Pos Err:    0.11 km | Vel Err:    0.07 m/s
[Solver Step 010000] t= 2.378 | Pos Err:    0.06 km | Vel Err:    0.00 m/s
[Solver Step 011000] t= 2.591 | Pos Err:    0.06 km | Vel Err:    0.00 m/s
[Solver Step 012000] t= 2.838 | Pos Err:    1.06 km | Vel Err:    0.79 m/s
[Solver Step 013000] t= 3.093 | Pos Err:    0.05 km | Vel Err:    0.00 m/s
[Solver Step 014000] t= 3.315 | Pos Err:    0.04 km | Vel Err:    0.00 m/s
[Solver Step 015000] t= 3.536 | Pos Err:    0.74 km | Vel Err:    0.53 m/s
[Solver Step 016000] t= 3.797 | Pos Err:    0.04 km | Vel Err:    0.00 m/s
[Solver Step 017000] t= 4.038 | Pos Err:    0.03 km | Vel Err:    0.00 m/s
[Solver Step 018000] t= 4.248 | Pos Err:    0.39 km | Vel Err:    0.21 m/s
[Solver Step 019000] t= 4.498 | Pos Err:    0.04 km | Vel Err:    0.02 m/s
[Solver Step 020000] t= 4.753 | Pos Err:    0.05 km | Vel Err:    0.00 m/s
[Solver Step 021000] t= 4.971 | Pos Err:    0.18 km | Vel Err:    0.11 m/s
[Solver Step 022000] t= 5.190 | Pos Err:    0.04 km | Vel Err:    0.01 m/s
[Solver Step 023000] t= 5.456 | Pos Err:    0.06 km | Vel Err:    0.00 m/s
[Solver Step 024000] t= 5.699 | Pos Err:    0.14 km | Vel Err:    0.12 m/s
[Solver Step 025000] t= 5.908 | Pos Err:    0.07 km | Vel Err:    0.00 m/s
[Solver Step 026000] t= 6.160 | Pos Err:    0.07 km | Vel Err:    0.00 m/s
[Solver Step 027000] t= 6.416 | Pos Err:    0.25 km | Vel Err:    0.24 m/s
[Solver Step 028000] t= 6.629 | Pos Err:    0.09 km | Vel Err:    0.00 m/s
[Solver Step 029000] t= 6.852 | Pos Err:    0.10 km | Vel Err:    0.00 m/s
[Multiple Shooting] Converged in 2 iterations with residual 1.73e-12
[Solver Step 001000] t= 0.418 | Pos Err:    0.67 km | Vel Err:    0.01 m/s
[Solver Step 002000] t= 0.924 | Pos Err:    2.01 km | Vel Err:    0.04 m/s
[Solver Step 003000] t= 1.392 | Pos Err:   29.97 km | Vel Err:    0.58 m/s
[Solver Step 004000] t= 1.740 | Pos Err:  106.39 km | Vel Err:    2.13 m/s
[Solver Step 005000] t= 2.240 | Pos Err:    2.09 km | Vel Err:    0.05 m/s
[Solver Step 006000] t= 2.675 | Pos Err:    1.08 km | Vel Err:    0.02 m/s
[Solver Step 007000] t= 3.078 | Pos Err:    7.02 km | Vel Err:    0.16 m/s
[Solver Step 001000] t= 0.420 | Pos Err:    0.17 km | Vel Err:    0.00 m/s
[Solver Step 002000] t= 0.794 | Pos Err:    0.06 km | Vel Err:    0.00 m/s
[Solver Step 003000] t= 1.103 | Pos Err:    0.01 km | Vel Err:    0.04 m/s
[Solver Step 004000] t= 1.556 | Pos Err:    0.05 km | Vel Err:    0.00 m/s
[Solver Step 005000] t= 2.107 | Pos Err:    0.05 km | Vel Err:    0.00 m/s
[Solver Step 006000] t= 2.520 | Pos Err:    0.05 km | Vel Err:    0.01 m/s
[Solver Step 007000] t= 3.020 | Pos Err:    0.05 km | Vel Err:    0.00 m/s
[Solver Step 008000] t= 3.573 | Pos Err:    0.05 km | Vel Err:    0.00 m/s
[Solver Step 009000] t= 4.061 | Pos Err:    0.05 km | Vel Err:    0.01 m/s
[Solver Step 010000] t= 4.464 | Pos Err:    0.05 km | Vel Err:    0.00 m/s
[Solver Step 011000] t= 5.003 | Pos Err:    0.05 km | Vel Err:    0.00 m/s
[Solver Step 012000] t= 5.590 | Pos Err:    0.04 km | Vel Err:    0.05 m/s
[Solver Step 013000] t= 6.070 | Pos Err:    0.06 km | Vel Err:    0.00 m/s
[Solver Step 014000] t= 6.473 | Pos Err:    0.06 km | Vel Err:    0.00 m/s
[Solver Step 015000] t= 7.031 | Pos Err:    0.03 km | Vel Err:    0.08 m/s
[Solver Step 001000] t= 0.418 | Pos Err:    0.42 km | Vel Err:    0.01 m/s
[Solver Step 002000] t= 0.792 | Pos Err:    0.06 km | Vel Err:    0.00 m/s
[Solver Step 003000] t= 1.101 | Pos Err:    0.01 km | Vel Err:    0.04 m/s
[Solver Step 004000] t= 1.554 | Pos Err:    0.05 km | Vel Err:    0.00 m/s
[Solver Step 005000] t= 2.104 | Pos Err:    0.06 km | Vel Err:    0.00 m/s
[Solver Step 006000] t= 2.517 | Pos Err:    0.05 km | Vel Err:    0.01 m/s
[Solver Step 007000] t= 3.017 | Pos Err:    0.05 km | Vel Err:    0.00 m/s
[Solver Step 008000] t= 3.570 | Pos Err:    0.05 km | Vel Err:    0.00 m/s
[Solver Step 009000] t= 4.059 | Pos Err:    0.05 km | Vel Err:    0.01 m/s
[Solver Step 010000] t= 4.461 | Pos Err:    0.05 km | Vel Err:    0.00 m/s
[Solver Step 011000] t= 5.000 | Pos Err:    0.05 km | Vel Err:    0.00 m/s
[Solver Step 012000] t= 5.587 | Pos Err:    0.03 km | Vel Err:    0.05 m/s
[Solver Step 013000] t= 6.068 | Pos Err:    0.05 km | Vel Err:    0.00 m/s
[Solver Step 014000] t= 6.470 | Pos Err:    0.05 km | Vel Err:    0.00 m/s
[Solver Step 015000] t= 7.028 | Pos Err:    0.03 km | Vel Err:    0.08 m/s
[Solver Step 001000] t= 0.415 | Pos Err:    0.80 km | Vel Err:    0.02 m/s
[Solver Step 002000] t= 0.789 | Pos Err:    0.07 km | Vel Err:    0.00 m/s
[Solver Step 003000] t= 1.099 | Pos Err:    0.01 km | Vel Err:    0.04 m/s
[Solver Step 004000] t= 1.550 | Pos Err:    0.05 km | Vel Err:    0.00 m/s
[Solver Step 005000] t= 2.101 | Pos Err:    0.05 km | Vel Err:    0.00 m/s
[Solver Step 006000] t= 2.514 | Pos Err:    0.05 km | Vel Err:    0.01 m/s
[Solver Step 007000] t= 3.014 | Pos Err:    0.05 km | Vel Err:    0.00 m/s
[Solver Step 008000] t= 3.566 | Pos Err:    0.05 km | Vel Err:    0.00 m/s
[Solver Step 009000] t= 4.057 | Pos Err:    0.05 km | Vel Err:    0.01 m/s
[Solver Step 010000] t= 4.458 | Pos Err:    0.05 km | Vel Err:    0.00 m/s
[Solver Step 011000] t= 4.996 | Pos Err:    0.06 km | Vel Err:    0.00 m/s
[Solver Step 012000] t= 5.583 | Pos Err:    0.05 km | Vel Err:    0.05 m/s
[Solver Step 013000] t= 6.066 | Pos Err:    0.07 km | Vel Err:    0.00 m/s
[Solver Step 014000] t= 6.467 | Pos Err:    0.07 km | Vel Err:    0.00 m/s
[Solver Step 015000] t= 7.024 | Pos Err:    0.04 km | Vel Err:    0.08 m/s
[Multiple Shooting] Converged in 3 iterations with residual 7.71e-11
[Solver Step 001000] t= 0.389 | Pos Err:    3.18 km | Vel Err:    0.07 m/s
[Solver Step 002000] t= 0.772 | Pos Err:    6.73 km | Vel Err:    0.12 m/s
[Solver Step 003000] t= 1.146 | Pos Err:    2.07 km | Vel Err:    0.07 m/s
[Solver Step 004000] t= 1.517 | Pos Err:   11.75 km | Vel Err:    0.23 m/s
[Solver Step 005000] t= 1.899 | Pos Err:    1.37 km | Vel Err:    0.04 m/s
[Solver Step 006000] t= 2.284 | Pos Err:   15.91 km | Vel Err:    0.29 m/s
[Multiple Shooting] Converged in 2 iterations with residual 1.09e-11
[Solver Step 001000] t= 0.430 | Pos Err:    0.46 km | Vel Err:    0.01 m/s
[Solver Step 002000] t= 0.911 | Pos Err:    0.20 km | Vel Err:    0.00 m/s
[Solver Step 003000] t= 1.408 | Pos Err:    1.93 km | Vel Err:    0.04 m/s
[Solver Step 004000] t= 1.816 | Pos Err:   18.35 km | Vel Err:    0.38 m/s
[Solver Step 005000] t= 2.176 | Pos Err:  138.95 km | Vel Err:    2.59 m/s
[Solver Step 006000] t= 2.641 | Pos Err:    2.46 km | Vel Err:    0.04 m/s
[Solver Step 007000] t= 3.111 | Pos Err:   18.87 km | Vel Err:    0.44 m/s
[Multiple Shooting] Converged in 2 iterations with residual 1.56e-15
[Solver Step 001000] t= 0.465 | Pos Err:    0.07 km | Vel Err:    0.00 m/s
[Solver Step 002000] t= 0.969 | Pos Err:    0.10 km | Vel Err:    0.00 m/s
[Solver Step 003000] t= 1.542 | Pos Err:    0.20 km | Vel Err:    0.02 m/s
[Solver Step 004000] t= 2.097 | Pos Err:    0.18 km | Vel Err:    0.00 m/s
[Solver Step 005000] t= 2.493 | Pos Err:    0.26 km | Vel Err:    0.00 m/s
[Solver Step 006000] t= 2.995 | Pos Err:    1.95 km | Vel Err:    0.06 m/s
[Multiple Shooting] Converged in 2 iterations with residual 1.44e-15
[Solver Step 001000] t= 0.470 | Pos Err:    0.24 km | Vel Err:    0.00 m/s
[Solver Step 002000] t= 0.998 | Pos Err:    0.11 km | Vel Err:    0.00 m/s
[Solver Step 003000] t= 1.590 | Pos Err:    0.19 km | Vel Err:    0.02 m/s
[Solver Step 004000] t= 2.105 | Pos Err:    0.21 km | Vel Err:    0.01 m/s
[Solver Step 005000] t= 2.508 | Pos Err:    0.33 km | Vel Err:    0.01 m/s
[Solver Step 006000] t= 3.032 | Pos Err:    4.27 km | Vel Err:    0.11 m/s
[Multiple Shooting] Converged in 2 iterations with residual 1.73e-15
[Solver Step 001000] t= 0.476 | Pos Err:    0.37 km | Vel Err:    0.01 m/s
[Solver Step 002000] t= 0.987 | Pos Err:    0.12 km | Vel Err:    0.00 m/s
[Solver Step 003000] t= 1.420 | Pos Err:    0.27 km | Vel Err:    0.01 m/s
[Solver Step 004000] t= 1.914 | Pos Err:    0.09 km | Vel Err:    0.00 m/s
[Solver Step 005000] t= 2.456 | Pos Err:    0.14 km | Vel Err:    0.00 m/s
[Solver Step 006000] t= 2.962 | Pos Err:    0.23 km | Vel Err:    0.01 m/s
[Multiple Shooting] Converged in 2 iterations with residual 8.28e-12
[Solver Step 001000] t= 0.427 | Pos Err:    0.56 km | Vel Err:    0.01 m/s
[Solver Step 002000] t= 0.925 | Pos Err:    0.53 km | Vel Err:    0.01 m/s
[Solver Step 003000] t= 1.424 | Pos Err:    3.36 km | Vel Err:    0.07 m/s
[Solver Step 004000] t= 1.792 | Pos Err:   54.01 km | Vel Err:    1.15 m/s
[Solver Step 005000] t= 2.207 | Pos Err:   46.65 km | Vel Err:    0.98 m/s
[Solver Step 006000] t= 2.672 | Pos Err:    3.10 km | Vel Err:    0.06 m/s
[Solver Step 007000] t= 3.112 | Pos Err:   10.00 km | Vel Err:    0.23 m/s
[Solver Step 001000] t= 0.415 | Pos Err:    1.79 km | Vel Err:    0.04 m/s
[Solver Step 002000] t= 0.820 | Pos Err:    0.08 km | Vel Err:    0.00 m/s
[Solver Step 003000] t= 1.260 | Pos Err:    0.05 km | Vel Err:    0.01 m/s
[Solver Step 004000] t= 1.608 | Pos Err:    0.07 km | Vel Err:    0.00 m/s
[Solver Step 005000] t= 1.993 | Pos Err:    0.07 km | Vel Err:    0.00 m/s
[Solver Step 006000] t= 2.446 | Pos Err:    0.05 km | Vel Err:    0.02 m/s
[Solver Step 007000] t= 2.848 | Pos Err:    0.04 km | Vel Err:    0.00 m/s
[Solver Step 008000] t= 3.244 | Pos Err:    0.03 km | Vel Err:    0.00 m/s
[Solver Step 009000] t= 3.620 | Pos Err:    0.08 km | Vel Err:    0.08 m/s
[Solver Step 010000] t= 4.034 | Pos Err:    0.08 km | Vel Err:    0.00 m/s
[Solver Step 011000] t= 4.453 | Pos Err:    0.08 km | Vel Err:    0.00 m/s
[Solver Step 012000] t= 4.896 | Pos Err:    0.06 km | Vel Err:    0.04 m/s
[Solver Step 013000] t= 5.234 | Pos Err:    0.06 km | Vel Err:    0.00 m/s
[Solver Step 014000] t= 5.632 | Pos Err:    0.03 km | Vel Err:    0.00 m/s
[Solver Step 015000] t= 6.111 | Pos Err:    0.06 km | Vel Err:    0.02 m/s
[Solver Step 016000] t= 6.497 | Pos Err:    0.07 km | Vel Err:    0.00 m/s
[Solver Step 017000] t= 6.925 | Pos Err:    0.08 km | Vel Err:    0.00 m/s
[Solver Step 018000] t= 7.269 | Pos Err:    0.15 km | Vel Err:    0.10 m/s
[Solver Step 019000] t= 7.689 | Pos Err:    0.04 km | Vel Err:    0.00 m/s
[Solver Step 020000] t= 8.168 | Pos Err:    0.03 km | Vel Err:    0.00 m/s
[Solver Step 021000] t= 8.554 | Pos Err:    0.02 km | Vel Err:    0.03 m/s
[Solver Step 022000] t= 8.922 | Pos Err:    0.06 km | Vel Err:    0.00 m/s
[Solver Step 023000] t= 9.315 | Pos Err:    0.08 km | Vel Err:    0.00 m/s
[Solver Step 024000] t= 9.774 | Pos Err:    0.07 km | Vel Err:    0.03 m/s
[Solver Step 025000] t=10.175 | Pos Err:    0.06 km | Vel Err:    0.00 m/s
[Solver Step 026000] t=10.575 | Pos Err:    0.05 km | Vel Err:    0.00 m/s
[Solver Step 027000] t=10.934 | Pos Err:    0.10 km | Vel Err:    0.09 m/s
[Solver Step 028000] t=11.354 | Pos Err:    0.07 km | Vel Err:    0.00 m/s
[Solver Step 029000] t=11.810 | Pos Err:    0.08 km | Vel Err:    0.00 m/s
[Solver Step 030000] t=12.178 | Pos Err:    0.07 km | Vel Err:    0.03 m/s
[Multiple Shooting] Converged in 2 iterations with residual 1.47e-15
[Solver Step 001000] t= 0.469 | Pos Err:    0.29 km | Vel Err:    0.01 m/s
[Solver Step 002000] t= 0.977 | Pos Err:    0.04 km | Vel Err:    0.00 m/s
[Solver Step 003000] t= 1.554 | Pos Err:    0.27 km | Vel Err:    0.02 m/s
[Solver Step 004000] t= 2.102 | Pos Err:    0.21 km | Vel Err:    0.00 m/s
[Solver Step 005000] t= 2.499 | Pos Err:    0.29 km | Vel Err:    0.01 m/s
[Solver Step 006000] t= 3.004 | Pos Err:    2.57 km | Vel Err:    0.07 m/s
[Multiple Shooting] Converged in 3 iterations with residual 9.71e-14
[Solver Step 001000] t= 0.401 | Pos Err:    4.66 km | Vel Err:    0.10 m/s
[Solver Step 002000] t= 0.791 | Pos Err:    4.07 km | Vel Err:    0.07 m/s
[Solver Step 003000] t= 1.171 | Pos Err:    1.55 km | Vel Err:    0.03 m/s
[Solver Step 004000] t= 1.551 | Pos Err:    7.25 km | Vel Err:    0.14 m/s
[Solver Step 005000] t= 1.944 | Pos Err:    1.61 km | Vel Err:    0.03 m/s
[Solver Step 006000] t= 2.332 | Pos Err:   15.46 km | Vel Err:    0.33 m/s
[Solver Step 001000] t= 0.415 | Pos Err:    2.16 km | Vel Err:    0.05 m/s
[Solver Step 002000] t= 0.819 | Pos Err:    0.08 km | Vel Err:    0.00 m/s
[Solver Step 003000] t= 1.260 | Pos Err:    0.05 km | Vel Err:    0.01 m/s
[Solver Step 004000] t= 1.607 | Pos Err:    0.07 km | Vel Err:    0.00 m/s
[Solver Step 005000] t= 1.993 | Pos Err:    0.08 km | Vel Err:    0.00 m/s
[Solver Step 006000] t= 2.446 | Pos Err:    0.07 km | Vel Err:    0.02 m/s
[Solver Step 007000] t= 2.847 | Pos Err:    0.06 km | Vel Err:    0.00 m/s
[Solver Step 008000] t= 3.244 | Pos Err:    0.05 km | Vel Err:    0.00 m/s
[Solver Step 009000] t= 3.619 | Pos Err:    0.09 km | Vel Err:    0.08 m/s
[Solver Step 010000] t= 4.033 | Pos Err:    0.08 km | Vel Err:    0.00 m/s
[Solver Step 011000] t= 4.452 | Pos Err:    0.08 km | Vel Err:    0.00 m/s
[Solver Step 012000] t= 4.895 | Pos Err:    0.07 km | Vel Err:    0.04 m/s
[Solver Step 013000] t= 5.233 | Pos Err:    0.07 km | Vel Err:    0.00 m/s
[Solver Step 014000] t= 5.631 | Pos Err:    0.04 km | Vel Err:    0.00 m/s
[Solver Step 015000] t= 6.110 | Pos Err:    0.05 km | Vel Err:    0.02 m/s
[Solver Step 016000] t= 6.497 | Pos Err:    0.07 km | Vel Err:    0.00 m/s
[Solver Step 017000] t= 6.924 | Pos Err:    0.08 km | Vel Err:    0.00 m/s
[Solver Step 018000] t= 7.268 | Pos Err:    0.14 km | Vel Err:    0.10 m/s
[Solver Step 019000] t= 7.688 | Pos Err:    0.05 km | Vel Err:    0.00 m/s
[Solver Step 020000] t= 8.168 | Pos Err:    0.04 km | Vel Err:    0.00 m/s
[Solver Step 021000] t= 8.553 | Pos Err:    0.03 km | Vel Err:    0.03 m/s
[Solver Step 022000] t= 8.922 | Pos Err:    0.05 km | Vel Err:    0.00 m/s
[Solver Step 023000] t= 9.315 | Pos Err:    0.08 km | Vel Err:    0.00 m/s
[Solver Step 024000] t= 9.773 | Pos Err:    0.07 km | Vel Err:    0.03 m/s
[Solver Step 025000] t=10.174 | Pos Err:    0.07 km | Vel Err:    0.00 m/s
[Solver Step 026000] t=10.574 | Pos Err:    0.06 km | Vel Err:    0.00 m/s
[Solver Step 027000] t=10.933 | Pos Err:    0.10 km | Vel Err:    0.09 m/s
[Solver Step 028000] t=11.353 | Pos Err:    0.07 km | Vel Err:    0.00 m/s
[Solver Step 029000] t=11.809 | Pos Err:    0.08 km | Vel Err:    0.00 m/s
[Solver Step 030000] t=12.178 | Pos Err:    0.07 km | Vel Err:    0.03 m/s
[Multiple Shooting] Converged in 5 iterations with residual 1.79e-13
[Solver Step 001000] t= 0.338 | Pos Err:   13.28 km | Vel Err:    0.27 m/s
[Solver Step 002000] t= 0.687 | Pos Err:   66.95 km | Vel Err:    1.44 m/s
[Solver Step 003000] t= 1.025 | Pos Err:   32.24 km | Vel Err:    0.68 m/s
[Solver Step 004000] t= 1.394 | Pos Err:    8.32 km | Vel Err:    0.13 m/s
[Solver Step 005000] t= 1.734 | Pos Err:   22.18 km | Vel Err:    0.35 m/s
[Solver Step 006000] t= 2.079 | Pos Err:   39.98 km | Vel Err:    0.81 m/s
[Solver Step 007000] t= 2.437 | Pos Err:  194.14 km | Vel Err:    4.12 m/s
[Solver Step 001000] t= 0.218 | Pos Err:   10.95 km | Vel Err:    0.17 m/s
[Solver Step 002000] t= 0.470 | Pos Err:    1.27 km | Vel Err:    0.03 m/s
[Solver Step 003000] t= 0.713 | Pos Err:    0.23 km | Vel Err:    0.03 m/s
[Solver Step 004000] t= 0.928 | Pos Err:    0.03 km | Vel Err:    0.00 m/s
[Solver Step 005000] t= 1.178 | Pos Err:    0.04 km | Vel Err:    0.00 m/s
[Solver Step 006000] t= 1.431 | Pos Err:    0.04 km | Vel Err:    0.04 m/s
[Solver Step 007000] t= 1.661 | Pos Err:    0.02 km | Vel Err:    0.00 m/s
[Solver Step 008000] t= 1.876 | Pos Err:    0.02 km | Vel Err:    0.00 m/s
[Solver Step 009000] t= 2.134 | Pos Err:    0.14 km | Vel Err:    0.11 m/s
[Solver Step 010000] t= 2.377 | Pos Err:    0.04 km | Vel Err:    0.00 m/s
[Solver Step 011000] t= 2.590 | Pos Err:    0.04 km | Vel Err:    0.00 m/s
[Solver Step 012000] t= 2.837 | Pos Err:    0.93 km | Vel Err:    0.76 m/s
[Solver Step 013000] t= 3.092 | Pos Err:    0.05 km | Vel Err:    0.00 m/s
[Solver Step 014000] t= 3.313 | Pos Err:    0.06 km | Vel Err:    0.00 m/s
[Solver Step 015000] t= 3.535 | Pos Err:    0.72 km | Vel Err:    0.54 m/s
[Solver Step 016000] t= 3.796 | Pos Err:    0.05 km | Vel Err:    0.00 m/s
[Solver Step 017000] t= 4.038 | Pos Err:    0.07 km | Vel Err:    0.00 m/s
[Solver Step 018000] t= 4.246 | Pos Err:    0.37 km | Vel Err:    0.22 m/s
[Solver Step 019000] t= 4.497 | Pos Err:    0.05 km | Vel Err:    0.02 m/s
[Solver Step 020000] t= 4.751 | Pos Err:    0.08 km | Vel Err:    0.00 m/s
[Solver Step 021000] t= 4.969 | Pos Err:    0.13 km | Vel Err:    0.11 m/s
[Solver Step 022000] t= 5.189 | Pos Err:    0.07 km | Vel Err:    0.01 m/s
[Solver Step 023000] t= 5.455 | Pos Err:    0.08 km | Vel Err:    0.00 m/s
[Solver Step 024000] t= 5.698 | Pos Err:    0.06 km | Vel Err:    0.12 m/s
[Solver Step 025000] t= 5.904 | Pos Err:    0.04 km | Vel Err:    0.00 m/s
[Solver Step 026000] t= 6.158 | Pos Err:    0.06 km | Vel Err:    0.00 m/s
[Solver Step 027000] t= 6.412 | Pos Err:    0.19 km | Vel Err:    0.24 m/s
[Solver Step 028000] t= 6.624 | Pos Err:    0.02 km | Vel Err:    0.00 m/s
[Solver Step 029000] t= 6.850 | Pos Err:    0.05 km | Vel Err:    0.00 m/s
[Multiple Shooting] Converged in 2 iterations with residual 2.26e-11
[Solver Step 001000] t= 0.416 | Pos Err:    0.50 km | Vel Err:    0.01 m/s
[Solver Step 002000] t= 0.921 | Pos Err:    3.39 km | Vel Err:    0.07 m/s
[Solver Step 003000] t= 1.371 | Pos Err:   49.72 km | Vel Err:    0.98 m/s
[Solver Step 004000] t= 1.747 | Pos Err:   96.42 km | Vel Err:    2.01 m/s
[Solver Step 005000] t= 2.243 | Pos Err:    1.56 km | Vel Err:    0.04 m/s
[Solver Step 006000] t= 2.653 | Pos Err:    0.45 km | Vel Err:    0.00 m/s
[Solver Step 007000] t= 3.087 | Pos Err:    6.90 km | Vel Err:    0.16 m/s
[Multiple Shooting] Converged in 3 iterations with residual 4.69e-13
[Solver Step 001000] t= 0.393 | Pos Err:    5.86 km | Vel Err:    0.13 m/s
[Solver Step 002000] t= 0.782 | Pos Err:    3.80 km | Vel Err:    0.06 m/s
[Solver Step 003000] t= 1.161 | Pos Err:    1.36 km | Vel Err:    0.06 m/s
[Solver Step 004000] t= 1.540 | Pos Err:    6.80 km | Vel Err:    0.12 m/s
[Solver Step 005000] t= 1.932 | Pos Err:    0.68 km | Vel Err:    0.01 m/s
[Solver Step 006000] t= 2.321 | Pos Err:   20.57 km | Vel Err:    0.43 m/s
[Multiple Shooting] Converged in 2 iterations with residual 1.79e-15
[Solver Step 001000] t= 0.454 | Pos Err:    0.58 km | Vel Err:    0.01 m/s
[Solver Step 002000] t= 1.012 | Pos Err:    0.15 km | Vel Err:    0.00 m/s
[Solver Step 003000] t= 1.609 | Pos Err:    0.06 km | Vel Err:    0.01 m/s
[Solver Step 004000] t= 2.043 | Pos Err:    0.32 km | Vel Err:    0.01 m/s
[Solver Step 005000] t= 2.499 | Pos Err:    0.31 km | Vel Err:    0.01 m/s
[Solver Step 006000] t= 3.051 | Pos Err:    5.22 km | Vel Err:    0.14 m/s
[Multiple Shooting] Converged in 4 iterations with residual 8.30e-14
[Solver Step 001000] t= 0.366 | Pos Err:    3.42 km | Vel Err:    0.08 m/s
[Solver Step 002000] t= 0.716 | Pos Err:   18.55 km | Vel Err:    0.35 m/s
[Solver Step 003000] t= 1.080 | Pos Err:    7.13 km | Vel Err:    0.16 m/s
[Solver Step 004000] t= 1.460 | Pos Err:    6.07 km | Vel Err:    0.13 m/s
[Solver Step 005000] t= 1.835 | Pos Err:    7.24 km | Vel Err:    0.15 m/s
[Solver Step 006000] t= 2.202 | Pos Err:    8.18 km | Vel Err:    0.19 m/s
[Multiple Shooting] Converged in 2 iterations with residual 2.78e-11
[Solver Step 001000] t= 0.426 | Pos Err:    0.43 km | Vel Err:    0.01 m/s
[Solver Step 002000] t= 0.889 | Pos Err:    0.25 km | Vel Err:    0.01 m/s
[Solver Step 003000] t= 1.382 | Pos Err:    1.02 km | Vel Err:    0.02 m/s
[Solver Step 004000] t= 1.802 | Pos Err:    4.07 km | Vel Err:    0.06 m/s
[Solver Step 005000] t= 2.153 | Pos Err:  182.50 km | Vel Err:    3.65 m/s
[Solver Step 006000] t= 2.611 | Pos Err:    6.58 km | Vel Err:    0.13 m/s
[Solver Step 007000] t= 3.088 | Pos Err:   35.44 km | Vel Err:    0.79 m/s
[Multiple Shooting] Converged in 2 iterations with residual 1.09e-11
[Solver Step 001000] t= 0.420 | Pos Err:    0.35 km | Vel Err:    0.01 m/s
[Solver Step 002000] t= 0.926 | Pos Err:    2.78 km | Vel Err:    0.06 m/s
[Solver Step 003000] t= 1.382 | Pos Err:   43.30 km | Vel Err:    0.84 m/s
[Solver Step 004000] t= 1.748 | Pos Err:   99.65 km | Vel Err:    2.05 m/s
[Solver Step 005000] t= 2.246 | Pos Err:    1.73 km | Vel Err:    0.04 m/s
[Solver Step 006000] t= 2.668 | Pos Err:    0.85 km | Vel Err:    0.01 m/s
[Solver Step 007000] t= 3.086 | Pos Err:    6.65 km | Vel Err:    0.15 m/s
[Solver Step 001000] t= 0.216 | Pos Err:   22.89 km | Vel Err:    0.34 m/s
[Solver Step 002000] t= 0.470 | Pos Err:    2.72 km | Vel Err:    0.06 m/s
[Solver Step 003000] t= 0.713 | Pos Err:    0.47 km | Vel Err:    0.03 m/s
[Solver Step 004000] t= 0.930 | Pos Err:    0.04 km | Vel Err:    0.00 m/s
[Solver Step 005000] t= 1.177 | Pos Err:    0.07 km | Vel Err:    0.00 m/s
[Solver Step 006000] t= 1.431 | Pos Err:    0.04 km | Vel Err:    0.04 m/s
[Solver Step 007000] t= 1.663 | Pos Err:    0.04 km | Vel Err:    0.00 m/s
[Solver Step 008000] t= 1.877 | Pos Err:    0.06 km | Vel Err:    0.00 m/s
[Solver Step 009000] t= 2.135 | Pos Err:    0.12 km | Vel Err:    0.09 m/s
[Solver Step 010000] t= 2.378 | Pos Err:    0.06 km | Vel Err:    0.00 m/s
[Solver Step 011000] t= 2.590 | Pos Err:    0.07 km | Vel Err:    0.00 m/s
[Solver Step 012000] t= 2.837 | Pos Err:    0.89 km | Vel Err:    0.76 m/s
[Solver Step 013000] t= 3.092 | Pos Err:    0.08 km | Vel Err:    0.00 m/s
[Solver Step 014000] t= 3.313 | Pos Err:    0.10 km | Vel Err:    0.00 m/s
[Solver Step 015000] t= 3.535 | Pos Err:    0.73 km | Vel Err:    0.54 m/s
[Solver Step 016000] t= 3.796 | Pos Err:    0.08 km | Vel Err:    0.00 m/s
[Solver Step 017000] t= 4.036 | Pos Err:    0.11 km | Vel Err:    0.00 m/s
[Solver Step 018000] t= 4.246 | Pos Err:    0.38 km | Vel Err:    0.22 m/s
[Solver Step 019000] t= 4.497 | Pos Err:    0.09 km | Vel Err:    0.02 m/s
[Solver Step 020000] t= 4.751 | Pos Err:    0.11 km | Vel Err:    0.00 m/s
[Solver Step 021000] t= 4.969 | Pos Err:    0.13 km | Vel Err:    0.11 m/s
[Solver Step 022000] t= 5.189 | Pos Err:    0.11 km | Vel Err:    0.01 m/s
[Solver Step 023000] t= 5.455 | Pos Err:    0.11 km | Vel Err:    0.00 m/s
[Solver Step 024000] t= 5.698 | Pos Err:    0.03 km | Vel Err:    0.12 m/s
[Solver Step 025000] t= 5.904 | Pos Err:    0.08 km | Vel Err:    0.00 m/s
[Solver Step 026000] t= 6.158 | Pos Err:    0.10 km | Vel Err:    0.00 m/s
[Solver Step 027000] t= 6.412 | Pos Err:    0.17 km | Vel Err:    0.24 m/s
[Solver Step 028000] t= 6.624 | Pos Err:    0.05 km | Vel Err:    0.00 m/s
[Solver Step 029000] t= 6.850 | Pos Err:    0.08 km | Vel Err:    0.00 m/s
[Solver Step 001000] t= 0.215 | Pos Err:   24.78 km | Vel Err:    0.57 m/s
[Solver Step 002000] t= 0.468 | Pos Err:    3.09 km | Vel Err:    0.09 m/s
[Solver Step 003000] t= 0.710 | Pos Err:    0.45 km | Vel Err:    0.06 m/s
[Solver Step 004000] t= 0.922 | Pos Err:    0.03 km | Vel Err:    0.00 m/s
[Solver Step 005000] t= 1.174 | Pos Err:    0.08 km | Vel Err:    0.00 m/s
[Solver Step 006000] t= 1.428 | Pos Err:    0.09 km | Vel Err:    0.07 m/s
[Solver Step 007000] t= 1.655 | Pos Err:    0.09 km | Vel Err:    0.00 m/s
[Solver Step 008000] t= 1.870 | Pos Err:    0.10 km | Vel Err:    0.00 m/s
[Solver Step 009000] t= 2.132 | Pos Err:    0.25 km | Vel Err:    0.22 m/s
[Solver Step 010000] t= 2.371 | Pos Err:    0.07 km | Vel Err:    0.00 m/s
[Solver Step 011000] t= 2.582 | Pos Err:    0.07 km | Vel Err:    0.00 m/s
[Solver Step 012000] t= 2.833 | Pos Err:    1.73 km | Vel Err:    1.31 m/s
[Solver Step 013000] t= 3.087 | Pos Err:    0.06 km | Vel Err:    0.00 m/s
[Solver Step 014000] t= 3.305 | Pos Err:    0.04 km | Vel Err:    0.00 m/s
[Solver Step 015000] t= 3.529 | Pos Err:    0.80 km | Vel Err:    0.59 m/s
[Solver Step 016000] t= 3.792 | Pos Err:    0.05 km | Vel Err:    0.01 m/s
[Solver Step 017000] t= 4.032 | Pos Err:    0.03 km | Vel Err:    0.00 m/s
[Solver Step 018000] t= 4.238 | Pos Err:    0.41 km | Vel Err:    0.24 m/s
[Solver Step 019000] t= 4.491 | Pos Err:    0.05 km | Vel Err:    0.02 m/s
[Solver Step 020000] t= 4.743 | Pos Err:    0.04 km | Vel Err:    0.00 m/s
[Solver Step 021000] t= 4.959 | Pos Err:    0.22 km | Vel Err:    0.12 m/s
[Solver Step 022000] t= 5.183 | Pos Err:    0.04 km | Vel Err:    0.01 m/s
[Solver Step 023000] t= 5.448 | Pos Err:    0.06 km | Vel Err:    0.00 m/s
[Solver Step 024000] t= 5.689 | Pos Err:    0.14 km | Vel Err:    0.11 m/s
[Solver Step 025000] t= 5.897 | Pos Err:    0.07 km | Vel Err:    0.00 m/s
[Solver Step 026000] t= 6.154 | Pos Err:    0.07 km | Vel Err:    0.00 m/s
[Solver Step 027000] t= 6.406 | Pos Err:    0.25 km | Vel Err:    0.24 m/s
[Solver Step 028000] t= 6.616 | Pos Err:    0.09 km | Vel Err:    0.00 m/s
[Solver Step 029000] t= 6.845 | Pos Err:    0.10 km | Vel Err:    0.00 m/s
[Multiple Shooting] Converged in 2 iterations with residual 1.45e-15
[Solver Step 001000] t= 0.465 | Pos Err:    0.34 km | Vel Err:    0.01 m/s
[Solver Step 002000] t= 0.987 | Pos Err:    0.06 km | Vel Err:    0.00 m/s
[Solver Step 003000] t= 1.576 | Pos Err:    0.30 km | Vel Err:    0.02 m/s
[Solver Step 004000] t= 2.102 | Pos Err:    0.20 km | Vel Err:    0.00 m/s
[Solver Step 005000] t= 2.502 | Pos Err:    0.31 km | Vel Err:    0.01 m/s
[Solver Step 006000] t= 3.020 | Pos Err:    3.61 km | Vel Err:    0.09 m/s
[Solver Step 001000] t= 0.217 | Pos Err:   22.98 km | Vel Err:    0.35 m/s
[Solver Step 002000] t= 0.470 | Pos Err:    2.74 km | Vel Err:    0.03 m/s
[Solver Step 003000] t= 0.713 | Pos Err:    0.44 km | Vel Err:    0.03 m/s
[Solver Step 004000] t= 0.928 | Pos Err:    0.04 km | Vel Err:    0.00 m/s
[Solver Step 005000] t= 1.176 | Pos Err:    0.07 km | Vel Err:    0.00 m/s
[Solver Step 006000] t= 1.431 | Pos Err:    0.02 km | Vel Err:    0.04 m/s
[Solver Step 007000] t= 1.663 | Pos Err:    0.03 km | Vel Err:    0.00 m/s
[Solver Step 008000] t= 1.877 | Pos Err:    0.06 km | Vel Err:    0.00 m/s
[Solver Step 009000] t= 2.135 | Pos Err:    0.09 km | Vel Err:    0.09 m/s
[Solver Step 010000] t= 2.378 | Pos Err:    0.04 km | Vel Err:    0.00 m/s
[Solver Step 011000] t= 2.592 | Pos Err:    0.06 km | Vel Err:    0.00 m/s
[Solver Step 012000] t= 2.838 | Pos Err:    0.96 km | Vel Err:    0.80 m/s
[Solver Step 013000] t= 3.094 | Pos Err:    0.05 km | Vel Err:    0.00 m/s
[Solver Step 014000] t= 3.315 | Pos Err:    0.08 km | Vel Err:    0.00 m/s
[Solver Step 015000] t= 3.536 | Pos Err:    0.74 km | Vel Err:    0.53 m/s
[Solver Step 016000] t= 3.797 | Pos Err:    0.06 km | Vel Err:    0.00 m/s
[Solver Step 017000] t= 4.040 | Pos Err:    0.10 km | Vel Err:    0.00 m/s
[Solver Step 018000] t= 4.248 | Pos Err:    0.40 km | Vel Err:    0.21 m/s
[Solver Step 019000] t= 4.498 | Pos Err:    0.09 km | Vel Err:    0.02 m/s
[Solver Step 020000] t= 4.753 | Pos Err:    0.11 km | Vel Err:    0.00 m/s
[Solver Step 021000] t= 4.971 | Pos Err:    0.15 km | Vel Err:    0.11 m/s
[Solver Step 022000] t= 5.190 | Pos Err:    0.10 km | Vel Err:    0.01 m/s
[Solver Step 023000] t= 5.456 | Pos Err:    0.11 km | Vel Err:    0.00 m/s
[Solver Step 024000] t= 5.699 | Pos Err:    0.06 km | Vel Err:    0.12 m/s
[Solver Step 025000] t= 5.906 | Pos Err:    0.08 km | Vel Err:    0.00 m/s
[Solver Step 026000] t= 6.159 | Pos Err:    0.10 km | Vel Err:    0.00 m/s
[Solver Step 027000] t= 6.414 | Pos Err:    0.17 km | Vel Err:    0.24 m/s
[Solver Step 028000] t= 6.627 | Pos Err:    0.05 km | Vel Err:    0.00 m/s
[Solver Step 029000] t= 6.851 | Pos Err:    0.08 km | Vel Err:    0.00 m/s
[Solver Step 001000] t= 0.215 | Pos Err:   13.99 km | Vel Err:    0.30 m/s
[Solver Step 002000] t= 0.468 | Pos Err:    1.72 km | Vel Err:    0.05 m/s
[Solver Step 003000] t= 0.710 | Pos Err:    0.24 km | Vel Err:    0.05 m/s
[Solver Step 004000] t= 0.925 | Pos Err:    0.02 km | Vel Err:    0.00 m/s
[Solver Step 005000] t= 1.175 | Pos Err:    0.06 km | Vel Err:    0.00 m/s
[Solver Step 006000] t= 1.429 | Pos Err:    0.07 km | Vel Err:    0.05 m/s
[Solver Step 007000] t= 1.657 | Pos Err:    0.06 km | Vel Err:    0.00 m/s
[Solver Step 008000] t= 1.871 | Pos Err:    0.07 km | Vel Err:    0.00 m/s
[Solver Step 009000] t= 2.132 | Pos Err:    0.26 km | Vel Err:    0.22 m/s
[Solver Step 010000] t= 2.371 | Pos Err:    0.06 km | Vel Err:    0.00 m/s
[Solver Step 011000] t= 2.582 | Pos Err:    0.04 km | Vel Err:    0.00 m/s
[Solver Step 012000] t= 2.833 | Pos Err:    1.70 km | Vel Err:    1.31 m/s
[Solver Step 013000] t= 3.087 | Pos Err:    0.05 km | Vel Err:    0.00 m/s
[Solver Step 014000] t= 3.305 | Pos Err:    0.02 km | Vel Err:    0.00 m/s
[Solver Step 015000] t= 3.529 | Pos Err:    0.77 km | Vel Err:    0.59 m/s
[Solver Step 016000] t= 3.792 | Pos Err:    0.04 km | Vel Err:    0.01 m/s
[Solver Step 017000] t= 4.032 | Pos Err:    0.01 km | Vel Err:    0.00 m/s
[Solver Step 018000] t= 4.238 | Pos Err:    0.39 km | Vel Err:    0.24 m/s
[Solver Step 019000] t= 4.493 | Pos Err:    0.02 km | Vel Err:    0.02 m/s
[Solver Step 020000] t= 4.745 | Pos Err:    0.02 km | Vel Err:    0.00 m/s
[Solver Step 021000] t= 4.961 | Pos Err:    0.18 km | Vel Err:    0.12 m/s
[Solver Step 022000] t= 5.184 | Pos Err:    0.01 km | Vel Err:    0.01 m/s
[Solver Step 023000] t= 5.450 | Pos Err:    0.04 km | Vel Err:    0.00 m/s
[Solver Step 024000] t= 5.691 | Pos Err:    0.11 km | Vel Err:    0.11 m/s
[Solver Step 025000] t= 5.897 | Pos Err:    0.04 km | Vel Err:    0.00 m/s
[Solver Step 026000] t= 6.154 | Pos Err:    0.04 km | Vel Err:    0.00 m/s
[Solver Step 027000] t= 6.406 | Pos Err:    0.23 km | Vel Err:    0.24 m/s
[Solver Step 028000] t= 6.616 | Pos Err:    0.06 km | Vel Err:    0.00 m/s
[Solver Step 029000] t= 6.845 | Pos Err:    0.06 km | Vel Err:    0.00 m/s
[Multiple Shooting] Converged in 3 iterations with residual 8.83e-15
[Solver Step 001000] t= 0.402 | Pos Err:    2.86 km | Vel Err:    0.06 m/s
[Solver Step 002000] t= 0.792 | Pos Err:    3.75 km | Vel Err:    0.06 m/s
[Solver Step 003000] t= 1.172 | Pos Err:    2.16 km | Vel Err:    0.04 m/s
[Solver Step 004000] t= 1.554 | Pos Err:    6.33 km | Vel Err:    0.12 m/s
[Solver Step 005000] t= 1.947 | Pos Err:    1.94 km | Vel Err:    0.04 m/s
[Solver Step 006000] t= 2.334 | Pos Err:   10.92 km | Vel Err:    0.23 m/s
[Solver Step 001000] t= 0.216 | Pos Err:   21.94 km | Vel Err:    0.52 m/s
[Solver Step 002000] t= 0.470 | Pos Err:    2.72 km | Vel Err:    0.08 m/s
[Solver Step 003000] t= 0.713 | Pos Err:    0.43 km | Vel Err:    0.03 m/s
[Solver Step 004000] t= 0.930 | Pos Err:    0.04 km | Vel Err:    0.00 m/s
[Solver Step 005000] t= 1.177 | Pos Err:    0.04 km | Vel Err:    0.00 m/s
[Solver Step 006000] t= 1.430 | Pos Err:    0.07 km | Vel Err:    0.04 m/s
[Solver Step 007000] t= 1.657 | Pos Err:    0.06 km | Vel Err:    0.00 m/s
[Solver Step 008000] t= 1.870 | Pos Err:    0.06 km | Vel Err:    0.00 m/s
[Solver Step 009000] t= 2.131 | Pos Err:    0.33 km | Vel Err:    0.24 m/s
[Solver Step 010000] t= 2.368 | Pos Err:    0.08 km | Vel Err:    0.00 m/s
[Solver Step 011000] t= 2.578 | Pos Err:    0.08 km | Vel Err:    0.00 m/s
[Solver Step 012000] t= 2.831 | Pos Err:    1.66 km | Vel Err:    1.35 m/s
[Solver Step 013000] t= 3.085 | Pos Err:    0.10 km | Vel Err:    0.00 m/s
[Solver Step 014000] t= 3.301 | Pos Err:    0.10 km | Vel Err:    0.00 m/s
[Solver Step 015000] t= 3.527 | Pos Err:    0.72 km | Vel Err:    0.61 m/s
[Solver Step 016000] t= 3.789 | Pos Err:    0.10 km | Vel Err:    0.01 m/s
[Solver Step 017000] t= 4.028 | Pos Err:    0.11 km | Vel Err:    0.00 m/s
[Solver Step 018000] t= 4.235 | Pos Err:    0.37 km | Vel Err:    0.25 m/s
[Solver Step 019000] t= 4.489 | Pos Err:    0.08 km | Vel Err:    0.01 m/s
[Solver Step 020000] t= 4.740 | Pos Err:    0.10 km | Vel Err:    0.00 m/s
[Solver Step 021000] t= 4.955 | Pos Err:    0.14 km | Vel Err:    0.12 m/s
[Solver Step 022000] t= 5.181 | Pos Err:    0.10 km | Vel Err:    0.01 m/s
[Solver Step 023000] t= 5.446 | Pos Err:    0.10 km | Vel Err:    0.00 m/s
[Solver Step 024000] t= 5.686 | Pos Err:    0.02 km | Vel Err:    0.10 m/s
[Solver Step 025000] t= 5.894 | Pos Err:    0.07 km | Vel Err:    0.01 m/s
[Solver Step 026000] t= 6.152 | Pos Err:    0.09 km | Vel Err:    0.00 m/s
[Solver Step 027000] t= 6.403 | Pos Err:    0.19 km | Vel Err:    0.24 m/s
[Solver Step 028000] t= 6.612 | Pos Err:    0.05 km | Vel Err:    0.00 m/s
[Solver Step 029000] t= 6.843 | Pos Err:    0.07 km | Vel Err:    0.00 m/s
[Solver Step 001000] t= 0.415 | Pos Err:    2.32 km | Vel Err:    0.05 m/s
[Solver Step 002000] t= 0.819 | Pos Err:    0.03 km | Vel Err:    0.00 m/s
[Solver Step 003000] t= 1.260 | Pos Err:    0.08 km | Vel Err:    0.01 m/s
[Solver Step 004000] t= 1.607 | Pos Err:    0.06 km | Vel Err:    0.00 m/s
[Solver Step 005000] t= 1.993 | Pos Err:    0.02 km | Vel Err:    0.00 m/s
[Solver Step 006000] t= 2.446 | Pos Err:    0.07 km | Vel Err:    0.02 m/s
[Solver Step 007000] t= 2.847 | Pos Err:    0.08 km | Vel Err:    0.00 m/s
[Solver Step 008000] t= 3.244 | Pos Err:    0.09 km | Vel Err:    0.00 m/s
[Solver Step 009000] t= 3.619 | Pos Err:    0.14 km | Vel Err:    0.08 m/s
[Solver Step 010000] t= 4.033 | Pos Err:    0.02 km | Vel Err:    0.00 m/s
[Solver Step 011000] t= 4.453 | Pos Err:    0.02 km | Vel Err:    0.00 m/s
[Solver Step 012000] t= 4.895 | Pos Err:    0.02 km | Vel Err:    0.04 m/s
[Solver Step 013000] t= 5.233 | Pos Err:    0.06 km | Vel Err:    0.00 m/s
[Solver Step 014000] t= 5.632 | Pos Err:    0.09 km | Vel Err:    0.00 m/s
[Solver Step 015000] t= 6.110 | Pos Err:    0.07 km | Vel Err:    0.02 m/s
[Solver Step 016000] t= 6.497 | Pos Err:    0.06 km | Vel Err:    0.00 m/s
[Solver Step 017000] t= 6.924 | Pos Err:    0.05 km | Vel Err:    0.00 m/s
[Solver Step 018000] t= 7.268 | Pos Err:    0.09 km | Vel Err:    0.10 m/s
[Solver Step 019000] t= 7.689 | Pos Err:    0.08 km | Vel Err:    0.00 m/s
[Solver Step 020000] t= 8.168 | Pos Err:    0.09 km | Vel Err:    0.00 m/s
[Solver Step 021000] t= 8.553 | Pos Err:    0.08 km | Vel Err:    0.03 m/s
[Solver Step 022000] t= 8.922 | Pos Err:    0.08 km | Vel Err:    0.00 m/s
[Solver Step 023000] t= 9.315 | Pos Err:    0.02 km | Vel Err:    0.00 m/s
[Solver Step 024000] t= 9.774 | Pos Err:    0.04 km | Vel Err:    0.03 m/s
[Solver Step 025000] t=10.174 | Pos Err:    0.06 km | Vel Err:    0.00 m/s
[Solver Step 026000] t=10.574 | Pos Err:    0.08 km | Vel Err:    0.00 m/s
[Solver Step 027000] t=10.934 | Pos Err:    0.16 km | Vel Err:    0.09 m/s
[Solver Step 028000] t=11.353 | Pos Err:    0.06 km | Vel Err:    0.00 m/s
[Solver Step 029000] t=11.809 | Pos Err:    0.03 km | Vel Err:    0.00 m/s
[Solver Step 030000] t=12.178 | Pos Err:    0.01 km | Vel Err:    0.03 m/s
[Solver Step 001000] t= 0.416 | Pos Err:    0.32 km | Vel Err:    0.01 m/s
[Solver Step 002000] t= 0.790 | Pos Err:    0.05 km | Vel Err:    0.00 m/s
[Solver Step 003000] t= 1.100 | Pos Err:    0.01 km | Vel Err:    0.04 m/s
[Solver Step 004000] t= 1.551 | Pos Err:    0.06 km | Vel Err:    0.00 m/s
[Solver Step 005000] t= 2.102 | Pos Err:    0.06 km | Vel Err:    0.00 m/s
[Solver Step 006000] t= 2.516 | Pos Err:    0.06 km | Vel Err:    0.01 m/s
[Solver Step 007000] t= 3.015 | Pos Err:    0.06 km | Vel Err:    0.00 m/s
[Solver Step 008000] t= 3.568 | Pos Err:    0.06 km | Vel Err:    0.00 m/s
[Solver Step 009000] t= 4.058 | Pos Err:    0.05 km | Vel Err:    0.01 m/s
[Solver Step 010000] t= 4.459 | Pos Err:    0.06 km | Vel Err:    0.00 m/s
[Solver Step 011000] t= 4.997 | Pos Err:    0.06 km | Vel Err:    0.00 m/s
[Solver Step 012000] t= 5.585 | Pos Err:    0.04 km | Vel Err:    0.05 m/s
[Solver Step 013000] t= 6.067 | Pos Err:    0.05 km | Vel Err:    0.00 m/s
[Solver Step 014000] t= 6.468 | Pos Err:    0.05 km | Vel Err:    0.00 m/s
[Solver Step 015000] t= 7.026 | Pos Err:    0.03 km | Vel Err:    0.08 m/s
[Multiple Shooting] Converged in 4 iterations with residual 5.37e-15
[Solver Step 001000] t= 0.361 | Pos Err:    5.70 km | Vel Err:    0.12 m/s
[Solver Step 002000] t= 0.720 | Pos Err:   15.06 km | Vel Err:    0.28 m/s
[Solver Step 003000] t= 1.077 | Pos Err:    3.89 km | Vel Err:    0.09 m/s
[Solver Step 004000] t= 1.453 | Pos Err:    9.25 km | Vel Err:    0.20 m/s
[Solver Step 005000] t= 1.833 | Pos Err:    3.06 km | Vel Err:    0.07 m/s
[Solver Step 006000] t= 2.209 | Pos Err:    1.13 km | Vel Err:    0.05 m/s
[Solver Step 001000] t= 0.417 | Pos Err:    0.27 km | Vel Err:    0.01 m/s
[Solver Step 002000] t= 0.791 | Pos Err:    0.06 km | Vel Err:    0.00 m/s
[Solver Step 003000] t= 1.100 | Pos Err:    0.01 km | Vel Err:    0.04 m/s
[Solver Step 004000] t= 1.553 | Pos Err:    0.05 km | Vel Err:    0.00 m/s
[Solver Step 005000] t= 2.103 | Pos Err:    0.05 km | Vel Err:    0.00 m/s
[Solver Step 006000] t= 2.517 | Pos Err:    0.05 km | Vel Err:    0.01 m/s
[Solver Step 007000] t= 3.016 | Pos Err:    0.05 km | Vel Err:    0.00 m/s
[Solver Step 008000] t= 3.569 | Pos Err:    0.05 km | Vel Err:    0.00 m/s
[Solver Step 009000] t= 4.058 | Pos Err:    0.05 km | Vel Err:    0.01 m/s
[Solver Step 010000] t= 4.461 | Pos Err:    0.05 km | Vel Err:    0.00 m/s
[Solver Step 011000] t= 4.999 | Pos Err:    0.05 km | Vel Err:    0.00 m/s
[Solver Step 012000] t= 5.586 | Pos Err:    0.04 km | Vel Err:    0.05 m/s
[Solver Step 013000] t= 6.068 | Pos Err:    0.06 km | Vel Err:    0.00 m/s
[Solver Step 014000] t= 6.469 | Pos Err:    0.06 km | Vel Err:    0.00 m/s
[Solver Step 015000] t= 7.027 | Pos Err:    0.03 km | Vel Err:    0.08 m/s
[Multiple Shooting] Converged in 2 iterations with residual 1.72e-11
[Solver Step 001000] t= 0.423 | Pos Err:    0.33 km | Vel Err:    0.01 m/s
[Solver Step 002000] t= 0.917 | Pos Err:    0.37 km | Vel Err:    0.01 m/s
[Solver Step 003000] t= 1.417 | Pos Err:    3.43 km | Vel Err:    0.07 m/s
[Solver Step 004000] t= 1.803 | Pos Err:   42.08 km | Vel Err:    0.91 m/s
[Solver Step 005000] t= 2.193 | Pos Err:   72.73 km | Vel Err:    1.42 m/s
[Solver Step 006000] t= 2.660 | Pos Err:    3.51 km | Vel Err:    0.07 m/s
[Solver Step 007000] t= 3.113 | Pos Err:   11.59 km | Vel Err:    0.27 m/s
[Multiple Shooting] Converged in 3 iterations with residual 5.33e-15
[Solver Step 001000] t= 0.404 | Pos Err:    4.79 km | Vel Err:    0.11 m/s
[Solver Step 002000] t= 0.794 | Pos Err:    3.62 km | Vel Err:    0.06 m/s
[Solver Step 003000] t= 1.174 | Pos Err:    2.64 km | Vel Err:    0.04 m/s
[Solver Step 004000] t= 1.556 | Pos Err:    6.09 km | Vel Err:    0.12 m/s
[Solver Step 005000] t= 1.949 | Pos Err:    2.18 km | Vel Err:    0.05 m/s
[Solver Step 006000] t= 2.337 | Pos Err:    9.26 km | Vel Err:    0.20 m/s
[Multiple Shooting] Converged in 2 iterations with residual 1.32e-15
[Solver Step 001000] t= 0.467 | Pos Err:    0.27 km | Vel Err:    0.01 m/s
[Solver Step 002000] t= 0.997 | Pos Err:    0.11 km | Vel Err:    0.00 m/s
[Solver Step 003000] t= 1.591 | Pos Err:    0.18 km | Vel Err:    0.02 m/s
[Solver Step 004000] t= 2.101 | Pos Err:    0.20 km | Vel Err:    0.00 m/s
[Solver Step 005000] t= 2.507 | Pos Err:    0.33 km | Vel Err:    0.01 m/s
[Solver Step 006000] t= 3.032 | Pos Err:    4.29 km | Vel Err:    0.11 m/s
[Multiple Shooting] Converged in 2 iterations with residual 1.40e-11
[Solver Step 001000] t= 0.416 | Pos Err:    0.42 km | Vel Err:    0.01 m/s
[Solver Step 002000] t= 0.921 | Pos Err:    2.87 km | Vel Err:    0.06 m/s
[Solver Step 003000] t= 1.377 | Pos Err:   43.62 km | Vel Err:    0.85 m/s
[Solver Step 004000] t= 1.745 | Pos Err:  101.78 km | Vel Err:    2.09 m/s
[Solver Step 005000] t= 2.242 | Pos Err:    1.85 km | Vel Err:    0.04 m/s
[Solver Step 006000] t= 2.662 | Pos Err:    0.72 km | Vel Err:    0.01 m/s
[Solver Step 007000] t= 3.083 | Pos Err:    6.88 km | Vel Err:    0.16 m/s
[Multiple Shooting] Converged in 2 iterations with residual 1.50e-15
[Solver Step 001000] t= 0.456 | Pos Err:    0.36 km | Vel Err:    0.01 m/s
[Solver Step 002000] t= 1.017 | Pos Err:    0.14 km | Vel Err:    0.00 m/s
[Solver Step 003000] t= 1.611 | Pos Err:    0.07 km | Vel Err:    0.01 m/s
[Solver Step 004000] t= 2.037 | Pos Err:    0.33 km | Vel Err:    0.01 m/s
[Solver Step 005000] t= 2.499 | Pos Err:    0.31 km | Vel Err:    0.01 m/s
[Solver Step 006000] t= 3.055 | Pos Err:    5.39 km | Vel Err:    0.14 m/s
[Solver Step 001000] t= 0.417 | Pos Err:    0.55 km | Vel Err:    0.01 m/s
[Solver Step 002000] t= 0.791 | Pos Err:    0.07 km | Vel Err:    0.00 m/s
[Solver Step 003000] t= 1.100 | Pos Err:    0.01 km | Vel Err:    0.04 m/s
[Solver Step 004000] t= 1.552 | Pos Err:    0.05 km | Vel Err:    0.00 m/s
[Solver Step 005000] t= 2.103 | Pos Err:    0.05 km | Vel Err:    0.00 m/s
[Solver Step 006000] t= 2.516 | Pos Err:    0.05 km | Vel Err:    0.01 m/s
[Solver Step 007000] t= 3.016 | Pos Err:    0.05 km | Vel Err:    0.00 m/s
[Solver Step 008000] t= 3.568 | Pos Err:    0.05 km | Vel Err:    0.00 m/s
[Solver Step 009000] t= 4.058 | Pos Err:    0.05 km | Vel Err:    0.01 m/s
[Solver Step 010000] t= 4.460 | Pos Err:    0.05 km | Vel Err:    0.00 m/s
[Solver Step 011000] t= 4.998 | Pos Err:    0.05 km | Vel Err:    0.00 m/s
[Solver Step 012000] t= 5.585 | Pos Err:    0.04 km | Vel Err:    0.05 m/s
[Solver Step 013000] t= 6.067 | Pos Err:    0.06 km | Vel Err:    0.00 m/s
[Solver Step 014000] t= 6.469 | Pos Err:    0.06 km | Vel Err:    0.00 m/s
[Solver Step 015000] t= 7.026 | Pos Err:    0.04 km | Vel Err:    0.08 m/s
[Multiple Shooting] Converged in 2 iterations with residual 6.11e-12
[Solver Step 001000] t= 0.427 | Pos Err:    0.37 km | Vel Err:    0.01 m/s
[Solver Step 002000] t= 0.914 | Pos Err:    0.26 km | Vel Err:    0.00 m/s
[Solver Step 003000] t= 1.413 | Pos Err:    2.42 km | Vel Err:    0.05 m/s
[Solver Step 004000] t= 1.814 | Pos Err:   26.77 km | Vel Err:    0.57 m/s
[Solver Step 005000] t= 2.184 | Pos Err:  110.44 km | Vel Err:    2.08 m/s
[Solver Step 006000] t= 2.651 | Pos Err:    3.77 km | Vel Err:    0.07 m/s
[Solver Step 007000] t= 3.115 | Pos Err:   14.08 km | Vel Err:    0.33 m/s
[Solver Step 001000] t= 0.416 | Pos Err:    3.16 km | Vel Err:    0.07 m/s
[Solver Step 002000] t= 0.821 | Pos Err:    0.05 km | Vel Err:    0.00 m/s
[Solver Step 003000] t= 1.261 | Pos Err:    0.10 km | Vel Err:    0.01 m/s
[Solver Step 004000] t= 1.609 | Pos Err:    0.11 km | Vel Err:    0.00 m/s
[Solver Step 005000] t= 1.994 | Pos Err:    0.05 km | Vel Err:    0.00 m/s
[Solver Step 006000] t= 2.447 | Pos Err:    0.02 km | Vel Err:    0.02 m/s
[Solver Step 007000] t= 2.849 | Pos Err:    0.04 km | Vel Err:    0.00 m/s
[Solver Step 008000] t= 3.245 | Pos Err:    0.06 km | Vel Err:    0.00 m/s
[Solver Step 009000] t= 3.620 | Pos Err:    0.12 km | Vel Err:    0.08 m/s
[Solver Step 010000] t= 4.035 | Pos Err:    0.09 km | Vel Err:    0.00 m/s
[Solver Step 011000] t= 4.454 | Pos Err:    0.07 km | Vel Err:    0.00 m/s
[Solver Step 012000] t= 4.897 | Pos Err:    0.05 km | Vel Err:    0.04 m/s
[Solver Step 013000] t= 5.235 | Pos Err:    0.02 km | Vel Err:    0.00 m/s
[Solver Step 014000] t= 5.633 | Pos Err:    0.08 km | Vel Err:    0.00 m/s
[Solver Step 015000] t= 6.112 | Pos Err:    0.10 km | Vel Err:    0.02 m/s
[Solver Step 016000] t= 6.498 | Pos Err:    0.11 km | Vel Err:    0.00 m/s
[Solver Step 017000] t= 6.925 | Pos Err:    0.10 km | Vel Err:    0.00 m/s
[Solver Step 018000] t= 7.269 | Pos Err:    0.14 km | Vel Err:    0.10 m/s
[Solver Step 019000] t= 7.690 | Pos Err:    0.04 km | Vel Err:    0.00 m/s
[Solver Step 020000] t= 8.169 | Pos Err:    0.07 km | Vel Err:    0.00 m/s
[Solver Step 021000] t= 8.555 | Pos Err:    0.07 km | Vel Err:    0.03 m/s
[Solver Step 022000] t= 8.923 | Pos Err:    0.10 km | Vel Err:    0.00 m/s
[Solver Step 023000] t= 9.316 | Pos Err:    0.07 km | Vel Err:    0.00 m/s
[Solver Step 024000] t= 9.775 | Pos Err:    0.03 km | Vel Err:    0.03 m/s
[Solver Step 025000] t=10.176 | Pos Err:    0.02 km | Vel Err:    0.00 m/s
[Solver Step 026000] t=10.575 | Pos Err:    0.02 km | Vel Err:    0.00 m/s
[Solver Step 027000] t=10.935 | Pos Err:    0.12 km | Vel Err:    0.09 m/s
[Solver Step 028000] t=11.354 | Pos Err:    0.10 km | Vel Err:    0.00 m/s
[Solver Step 029000] t=11.811 | Pos Err:    0.09 km | Vel Err:    0.00 m/s
[Solver Step 030000] t=12.179 | Pos Err:    0.07 km | Vel Err:    0.03 m/s
[Solver Step 001000] t= 0.418 | Pos Err:    0.96 km | Vel Err:    0.02 m/s
[Solver Step 002000] t= 0.822 | Pos Err:    0.05 km | Vel Err:    0.00 m/s
[Solver Step 003000] t= 1.262 | Pos Err:    0.07 km | Vel Err:    0.01 m/s
[Solver Step 004000] t= 1.610 | Pos Err:    0.07 km | Vel Err:    0.00 m/s
[Solver Step 005000] t= 1.996 | Pos Err:    0.04 km | Vel Err:    0.00 m/s
[Solver Step 006000] t= 2.449 | Pos Err:    0.05 km | Vel Err:    0.01 m/s
[Solver Step 007000] t= 2.851 | Pos Err:    0.05 km | Vel Err:    0.00 m/s
[Solver Step 008000] t= 3.246 | Pos Err:    0.06 km | Vel Err:    0.00 m/s
[Solver Step 009000] t= 3.622 | Pos Err:    0.12 km | Vel Err:    0.08 m/s
[Solver Step 010000] t= 4.037 | Pos Err:    0.05 km | Vel Err:    0.00 m/s
[Solver Step 011000] t= 4.455 | Pos Err:    0.05 km | Vel Err:    0.00 m/s
[Solver Step 012000] t= 4.898 | Pos Err:    0.03 km | Vel Err:    0.04 m/s
[Solver Step 013000] t= 5.236 | Pos Err:    0.04 km | Vel Err:    0.00 m/s
[Solver Step 014000] t= 5.635 | Pos Err:    0.06 km | Vel Err:    0.00 m/s
[Solver Step 015000] t= 6.114 | Pos Err:    0.07 km | Vel Err:    0.02 m/s
[Solver Step 016000] t= 6.500 | Pos Err:    0.07 km | Vel Err:    0.00 m/s
[Solver Step 017000] t= 6.927 | Pos Err:    0.07 km | Vel Err:    0.00 m/s
[Solver Step 018000] t= 7.271 | Pos Err:    0.12 km | Vel Err:    0.10 m/s
[Solver Step 019000] t= 7.692 | Pos Err:    0.05 km | Vel Err:    0.00 m/s
[Solver Step 020000] t= 8.171 | Pos Err:    0.06 km | Vel Err:    0.00 m/s
[Solver Step 021000] t= 8.557 | Pos Err:    0.05 km | Vel Err:    0.03 m/s
[Solver Step 022000] t= 8.924 | Pos Err:    0.07 km | Vel Err:    0.00 m/s
[Solver Step 023000] t= 9.318 | Pos Err:    0.05 km | Vel Err:    0.00 m/s
[Solver Step 024000] t= 9.777 | Pos Err:    0.04 km | Vel Err:    0.03 m/s
[Solver Step 025000] t=10.177 | Pos Err:    0.04 km | Vel Err:    0.00 m/s
[Solver Step 026000] t=10.577 | Pos Err:    0.05 km | Vel Err:    0.00 m/s
[Solver Step 027000] t=10.937 | Pos Err:    0.13 km | Vel Err:    0.09 m/s
[Solver Step 028000] t=11.355 | Pos Err:    0.07 km | Vel Err:    0.00 m/s
[Solver Step 029000] t=11.812 | Pos Err:    0.06 km | Vel Err:    0.00 m/s
[Solver Step 030000] t=12.181 | Pos Err:    0.04 km | Vel Err:    0.03 m/s
[Solver Step 001000] t= 0.415 | Pos Err:    1.19 km | Vel Err:    0.03 m/s
[Solver Step 002000] t= 0.819 | Pos Err:    0.05 km | Vel Err:    0.00 m/s
[Solver Step 003000] t= 1.260 | Pos Err:    0.06 km | Vel Err:    0.01 m/s
[Solver Step 004000] t= 1.608 | Pos Err:    0.07 km | Vel Err:    0.00 m/s
[Solver Step 005000] t= 1.993 | Pos Err:    0.05 km | Vel Err:    0.00 m/s
[Solver Step 006000] t= 2.446 | Pos Err:    0.05 km | Vel Err:    0.02 m/s
[Solver Step 007000] t= 2.848 | Pos Err:    0.05 km | Vel Err:    0.00 m/s
[Solver Step 008000] t= 3.244 | Pos Err:    0.06 km | Vel Err:    0.00 m/s
[Solver Step 009000] t= 3.619 | Pos Err:    0.11 km | Vel Err:    0.08 m/s
[Solver Step 010000] t= 4.034 | Pos Err:    0.06 km | Vel Err:    0.00 m/s
[Solver Step 011000] t= 4.453 | Pos Err:    0.06 km | Vel Err:    0.00 m/s
[Solver Step 012000] t= 4.895 | Pos Err:    0.04 km | Vel Err:    0.04 m/s
[Solver Step 013000] t= 5.234 | Pos Err:    0.05 km | Vel Err:    0.00 m/s
[Solver Step 014000] t= 5.632 | Pos Err:    0.06 km | Vel Err:    0.00 m/s
[Solver Step 015000] t= 6.111 | Pos Err:    0.06 km | Vel Err:    0.02 m/s
[Solver Step 016000] t= 6.497 | Pos Err:    0.07 km | Vel Err:    0.00 m/s
[Solver Step 017000] t= 6.924 | Pos Err:    0.07 km | Vel Err:    0.00 m/s
[Solver Step 018000] t= 7.268 | Pos Err:    0.12 km | Vel Err:    0.10 m/s
[Solver Step 019000] t= 7.689 | Pos Err:    0.05 km | Vel Err:    0.00 m/s
[Solver Step 020000] t= 8.168 | Pos Err:    0.06 km | Vel Err:    0.00 m/s
[Solver Step 021000] t= 8.554 | Pos Err:    0.05 km | Vel Err:    0.03 m/s
[Solver Step 022000] t= 8.922 | Pos Err:    0.07 km | Vel Err:    0.00 m/s
[Solver Step 023000] t= 9.315 | Pos Err:    0.05 km | Vel Err:    0.00 m/s
[Solver Step 024000] t= 9.774 | Pos Err:    0.05 km | Vel Err:    0.03 m/s
[Solver Step 025000] t=10.174 | Pos Err:    0.05 km | Vel Err:    0.00 m/s
[Solver Step 026000] t=10.574 | Pos Err:    0.05 km | Vel Err:    0.00 m/s
[Solver Step 027000] t=10.934 | Pos Err:    0.12 km | Vel Err:    0.09 m/s
[Solver Step 028000] t=11.353 | Pos Err:    0.06 km | Vel Err:    0.00 m/s
[Solver Step 029000] t=11.809 | Pos Err:    0.06 km | Vel Err:    0.00 m/s
[Solver Step 030000] t=12.178 | Pos Err:    0.05 km | Vel Err:    0.03 m/s
[Solver Step 001000] t= 0.416 | Pos Err:    4.20 km | Vel Err:    0.10 m/s
[Solver Step 002000] t= 0.820 | Pos Err:    0.10 km | Vel Err:    0.00 m/s
[Solver Step 003000] t= 1.261 | Pos Err:    0.09 km | Vel Err:    0.01 m/s
[Solver Step 004000] t= 1.609 | Pos Err:    0.11 km | Vel Err:    0.00 m/s
[Solver Step 005000] t= 1.994 | Pos Err:    0.10 km | Vel Err:    0.00 m/s
[Solver Step 006000] t= 2.447 | Pos Err:    0.05 km | Vel Err:    0.02 m/s
[Solver Step 007000] t= 2.849 | Pos Err:    0.03 km | Vel Err:    0.00 m/s
[Solver Step 008000] t= 3.245 | Pos Err:    0.02 km | Vel Err:    0.00 m/s
[Solver Step 009000] t= 3.620 | Pos Err:    0.08 km | Vel Err:    0.08 m/s
[Solver Step 010000] t= 4.035 | Pos Err:    0.12 km | Vel Err:    0.00 m/s
[Solver Step 011000] t= 4.454 | Pos Err:    0.11 km | Vel Err:    0.00 m/s
[Solver Step 012000] t= 4.897 | Pos Err:    0.09 km | Vel Err:    0.04 m/s
[Solver Step 013000] t= 5.235 | Pos Err:    0.07 km | Vel Err:    0.00 m/s
[Solver Step 014000] t= 5.633 | Pos Err:    0.04 km | Vel Err:    0.00 m/s
[Solver Step 015000] t= 6.112 | Pos Err:    0.10 km | Vel Err:    0.02 m/s
[Solver Step 016000] t= 6.498 | Pos Err:    0.11 km | Vel Err:    0.00 m/s
[Solver Step 017000] t= 6.925 | Pos Err:    0.12 km | Vel Err:    0.00 m/s
[Solver Step 018000] t= 7.269 | Pos Err:    0.18 km | Vel Err:    0.10 m/s
[Solver Step 019000] t= 7.690 | Pos Err:    0.03 km | Vel Err:    0.00 m/s
[Solver Step 020000] t= 8.169 | Pos Err:    0.03 km | Vel Err:    0.00 m/s
[Solver Step 021000] t= 8.555 | Pos Err:    0.04 km | Vel Err:    0.03 m/s
[Solver Step 022000] t= 8.923 | Pos Err:    0.09 km | Vel Err:    0.00 m/s
[Solver Step 023000] t= 9.316 | Pos Err:    0.11 km | Vel Err:    0.00 m/s
[Solver Step 024000] t= 9.775 | Pos Err:    0.08 km | Vel Err:    0.03 m/s
[Solver Step 025000] t=10.176 | Pos Err:    0.07 km | Vel Err:    0.00 m/s
[Solver Step 026000] t=10.575 | Pos Err:    0.04 km | Vel Err:    0.00 m/s
[Solver Step 027000] t=10.935 | Pos Err:    0.07 km | Vel Err:    0.09 m/s
[Solver Step 028000] t=11.354 | Pos Err:    0.11 km | Vel Err:    0.00 m/s
[Solver Step 029000] t=11.811 | Pos Err:    0.12 km | Vel Err:    0.00 m/s
[Solver Step 030000] t=12.179 | Pos Err:    0.11 km | Vel Err:    0.03 m/s
[Solver Step 001000] t= 0.216 | Pos Err:    6.21 km | Vel Err:    0.16 m/s
[Solver Step 002000] t= 0.470 | Pos Err:    0.74 km | Vel Err:    0.02 m/s
[Solver Step 003000] t= 0.713 | Pos Err:    0.09 km | Vel Err:    0.03 m/s
[Solver Step 004000] t= 0.930 | Pos Err:    0.01 km | Vel Err:    0.00 m/s
[Solver Step 005000] t= 1.177 | Pos Err:    0.04 km | Vel Err:    0.00 m/s
[Solver Step 006000] t= 1.430 | Pos Err:    0.05 km | Vel Err:    0.04 m/s
[Solver Step 007000] t= 1.659 | Pos Err:    0.04 km | Vel Err:    0.00 m/s
[Solver Step 008000] t= 1.875 | Pos Err:    0.04 km | Vel Err:    0.00 m/s
[Solver Step 009000] t= 2.135 | Pos Err:    0.12 km | Vel Err:    0.09 m/s
[Solver Step 010000] t= 2.380 | Pos Err:    0.04 km | Vel Err:    0.00 m/s
[Solver Step 011000] t= 2.594 | Pos Err:    0.02 km | Vel Err:    0.00 m/s
[Solver Step 012000] t= 2.839 | Pos Err:    1.02 km | Vel Err:    0.82 m/s
[Solver Step 013000] t= 3.095 | Pos Err:    0.04 km | Vel Err:    0.00 m/s
[Solver Step 014000] t= 3.315 | Pos Err:    0.02 km | Vel Err:    0.00 m/s
[Solver Step 015000] t= 3.536 | Pos Err:    0.71 km | Vel Err:    0.53 m/s
[Solver Step 016000] t= 3.797 | Pos Err:    0.03 km | Vel Err:    0.00 m/s
[Solver Step 017000] t= 4.038 | Pos Err:    0.03 km | Vel Err:    0.00 m/s
[Solver Step 018000] t= 4.248 | Pos Err:    0.36 km | Vel Err:    0.21 m/s
[Solver Step 019000] t= 4.498 | Pos Err:    0.01 km | Vel Err:    0.02 m/s
[Solver Step 020000] t= 4.753 | Pos Err:    0.04 km | Vel Err:    0.00 m/s
[Solver Step 021000] t= 4.971 | Pos Err:    0.13 km | Vel Err:    0.11 m/s
[Solver Step 022000] t= 5.190 | Pos Err:    0.02 km | Vel Err:    0.01 m/s
[Solver Step 023000] t= 5.456 | Pos Err:    0.04 km | Vel Err:    0.00 m/s
[Solver Step 024000] t= 5.699 | Pos Err:    0.09 km | Vel Err:    0.12 m/s
[Solver Step 025000] t= 5.906 | Pos Err:    0.02 km | Vel Err:    0.00 m/s
[Solver Step 026000] t= 6.159 | Pos Err:    0.03 km | Vel Err:    0.00 m/s
[Solver Step 027000] t= 6.414 | Pos Err:    0.23 km | Vel Err:    0.24 m/s
[Solver Step 028000] t= 6.627 | Pos Err:    0.04 km | Vel Err:    0.00 m/s
[Solver Step 029000] t= 6.851 | Pos Err:    0.04 km | Vel Err:    0.00 m/s
[Solver Step 001000] t= 0.416 | Pos Err:    4.05 km | Vel Err:    0.09 m/s
[Solver Step 002000] t= 0.820 | Pos Err:    0.04 km | Vel Err:    0.00 m/s
[Solver Step 003000] t= 1.260 | Pos Err:    0.12 km | Vel Err:    0.01 m/s
[Solver Step 004000] t= 1.608 | Pos Err:    0.12 km | Vel Err:    0.00 m/s
[Solver Step 005000] t= 1.994 | Pos Err:    0.04 km | Vel Err:    0.00 m/s
[Solver Step 006000] t= 2.446 | Pos Err:    0.05 km | Vel Err:    0.02 m/s
[Solver Step 007000] t= 2.848 | Pos Err:    0.07 km | Vel Err:    0.00 m/s
[Solver Step 008000] t= 3.245 | Pos Err:    0.09 km | Vel Err:    0.00 m/s
[Solver Step 009000] t= 3.620 | Pos Err:    0.16 km | Vel Err:    0.08 m/s
[Solver Step 010000] t= 4.034 | Pos Err:    0.08 km | Vel Err:    0.00 m/s
[Solver Step 011000] t= 4.453 | Pos Err:    0.05 km | Vel Err:    0.00 m/s
[Solver Step 012000] t= 4.896 | Pos Err:    0.04 km | Vel Err:    0.04 m/s
[Solver Step 013000] t= 5.234 | Pos Err:    0.03 km | Vel Err:    0.00 m/s
[Solver Step 014000] t= 5.632 | Pos Err:    0.10 km | Vel Err:    0.00 m/s
[Solver Step 015000] t= 6.111 | Pos Err:    0.12 km | Vel Err:    0.02 m/s
[Solver Step 016000] t= 6.498 | Pos Err:    0.11 km | Vel Err:    0.00 m/s
[Solver Step 017000] t= 6.925 | Pos Err:    0.10 km | Vel Err:    0.00 m/s
[Solver Step 018000] t= 7.269 | Pos Err:    0.13 km | Vel Err:    0.10 m/s
[Solver Step 019000] t= 7.690 | Pos Err:    0.07 km | Vel Err:    0.00 m/s
[Solver Step 020000] t= 8.168 | Pos Err:    0.10 km | Vel Err:    0.00 m/s
[Solver Step 021000] t= 8.554 | Pos Err:    0.09 km | Vel Err:    0.03 m/s
[Solver Step 022000] t= 8.923 | Pos Err:    0.12 km | Vel Err:    0.00 m/s
[Solver Step 023000] t= 9.316 | Pos Err:    0.07 km | Vel Err:    0.00 m/s
[Solver Step 024000] t= 9.774 | Pos Err:    0.03 km | Vel Err:    0.03 m/s
[Solver Step 025000] t=10.175 | Pos Err:    0.03 km | Vel Err:    0.00 m/s
[Solver Step 026000] t=10.575 | Pos Err:    0.06 km | Vel Err:    0.00 m/s
[Solver Step 027000] t=10.934 | Pos Err:    0.15 km | Vel Err:    0.09 m/s
[Solver Step 028000] t=11.354 | Pos Err:    0.11 km | Vel Err:    0.00 m/s
[Solver Step 029000] t=11.810 | Pos Err:    0.09 km | Vel Err:    0.00 m/s
[Solver Step 030000] t=12.179 | Pos Err:    0.07 km | Vel Err:    0.03 m/s
[Solver Step 001000] t= 0.217 | Pos Err:   30.61 km | Vel Err:    0.72 m/s
[Solver Step 002000] t= 0.471 | Pos Err:    3.76 km | Vel Err:    0.06 m/s
[Solver Step 003000] t= 0.713 | Pos Err:    0.50 km | Vel Err:    0.03 m/s
[Solver Step 004000] t= 0.930 | Pos Err:    0.05 km | Vel Err:    0.00 m/s
[Solver Step 005000] t= 1.177 | Pos Err:    0.09 km | Vel Err:    0.00 m/s
[Solver Step 006000] t= 1.431 | Pos Err:    0.04 km | Vel Err:    0.04 m/s
[Solver Step 007000] t= 1.663 | Pos Err:    0.05 km | Vel Err:    0.00 m/s
[Solver Step 008000] t= 1.877 | Pos Err:    0.08 km | Vel Err:    0.00 m/s
[Solver Step 009000] t= 2.135 | Pos Err:    0.05 km | Vel Err:    0.09 m/s
[Solver Step 010000] t= 2.378 | Pos Err:    0.04 km | Vel Err:    0.00 m/s
[Solver Step 011000] t= 2.592 | Pos Err:    0.06 km | Vel Err:    0.00 m/s
[Solver Step 012000] t= 2.838 | Pos Err:    1.03 km | Vel Err:    0.80 m/s
[Solver Step 013000] t= 3.094 | Pos Err:    0.03 km | Vel Err:    0.00 m/s
[Solver Step 014000] t= 3.315 | Pos Err:    0.07 km | Vel Err:    0.00 m/s
[Solver Step 015000] t= 3.536 | Pos Err:    0.78 km | Vel Err:    0.53 m/s
[Solver Step 016000] t= 3.797 | Pos Err:    0.04 km | Vel Err:    0.00 m/s
[Solver Step 017000] t= 4.040 | Pos Err:    0.09 km | Vel Err:    0.00 m/s
[Solver Step 018000] t= 4.248 | Pos Err:    0.44 km | Vel Err:    0.21 m/s
[Solver Step 019000] t= 4.498 | Pos Err:    0.09 km | Vel Err:    0.02 m/s
[Solver Step 020000] t= 4.753 | Pos Err:    0.10 km | Vel Err:    0.00 m/s
[Solver Step 021000] t= 4.971 | Pos Err:    0.19 km | Vel Err:    0.11 m/s
[Solver Step 022000] t= 5.190 | Pos Err:    0.10 km | Vel Err:    0.01 m/s
[Solver Step 023000] t= 5.456 | Pos Err:    0.11 km | Vel Err:    0.00 m/s
[Solver Step 024000] t= 5.699 | Pos Err:    0.11 km | Vel Err:    0.12 m/s
[Solver Step 025000] t= 5.906 | Pos Err:    0.09 km | Vel Err:    0.00 m/s
[Solver Step 026000] t= 6.159 | Pos Err:    0.10 km | Vel Err:    0.00 m/s
[Solver Step 027000] t= 6.414 | Pos Err:    0.18 km | Vel Err:    0.24 m/s
[Solver Step 028000] t= 6.627 | Pos Err:    0.09 km | Vel Err:    0.00 m/s
[Solver Step 029000] t= 6.851 | Pos Err:    0.11 km | Vel Err:    0.00 m/s
[Multiple Shooting] Converged in 2 iterations with residual 1.46e-11
[Solver Step 001000] t= 0.428 | Pos Err:    0.32 km | Vel Err:    0.01 m/s
[Solver Step 002000] t= 0.907 | Pos Err:    0.20 km | Vel Err:    0.00 m/s
[Solver Step 003000] t= 1.405 | Pos Err:    1.99 km | Vel Err:    0.04 m/s
[Solver Step 004000] t= 1.814 | Pos Err:   17.42 km | Vel Err:    0.36 m/s
[Solver Step 005000] t= 2.172 | Pos Err:  138.65 km | Vel Err:    2.59 m/s
[Solver Step 006000] t= 2.638 | Pos Err:    1.84 km | Vel Err:    0.02 m/s
[Solver Step 007000] t= 3.107 | Pos Err:   20.65 km | Vel Err:    0.48 m/s
[Multiple Shooting] Converged in 2 iterations with residual 1.38e-15
[Solver Step 001000] t= 0.496 | Pos Err:    0.11 km | Vel Err:    0.00 m/s
[Solver Step 002000] t= 0.946 | Pos Err:    0.27 km | Vel Err:    0.01 m/s
[Solver Step 003000] t= 1.466 | Pos Err:    0.12 km | Vel Err:    0.01 m/s
[Solver Step 004000] t= 2.040 | Pos Err:    0.36 km | Vel Err:    0.01 m/s
[Solver Step 005000] t= 2.524 | Pos Err:    0.27 km | Vel Err:    0.01 m/s
[Solver Step 006000] t= 2.939 | Pos Err:    1.20 km | Vel Err:    0.02 m/s
[Multiple Shooting] Converged in 2 iterations with residual 1.66e-15
[Solver Step 001000] t= 0.457 | Pos Err:    0.16 km | Vel Err:    0.01 m/s
[Solver Step 002000] t= 1.018 | Pos Err:    0.14 km | Vel Err:    0.00 m/s
[Solver Step 003000] t= 1.611 | Pos Err:    0.08 km | Vel Err:    0.01 m/s
[Solver Step 004000] t= 2.034 | Pos Err:    0.32 km | Vel Err:    0.01 m/s
[Solver Step 005000] t= 2.499 | Pos Err:    0.30 km | Vel Err:    0.01 m/s
[Solver Step 006000] t= 3.057 | Pos Err:    5.43 km | Vel Err:    0.14 m/s
[Solver Step 001000] t= 0.415 | Pos Err:    0.66 km | Vel Err:    0.01 m/s
[Solver Step 002000] t= 0.789 | Pos Err:    0.07 km | Vel Err:    0.00 m/s
[Solver Step 003000] t= 1.098 | Pos Err:    0.01 km | Vel Err:    0.04 m/s
[Solver Step 004000] t= 1.549 | Pos Err:    0.05 km | Vel Err:    0.00 m/s
[Solver Step 005000] t= 2.101 | Pos Err:    0.05 km | Vel Err:    0.00 m/s
[Solver Step 006000] t= 2.514 | Pos Err:    0.05 km | Vel Err:    0.01 m/s
[Solver Step 007000] t= 3.013 | Pos Err:    0.04 km | Vel Err:    0.00 m/s
[Solver Step 008000] t= 3.566 | Pos Err:    0.05 km | Vel Err:    0.00 m/s
[Solver Step 009000] t= 4.056 | Pos Err:    0.05 km | Vel Err:    0.01 m/s
[Solver Step 010000] t= 4.458 | Pos Err:    0.05 km | Vel Err:    0.00 m/s
[Solver Step 011000] t= 4.996 | Pos Err:    0.05 km | Vel Err:    0.00 m/s
[Solver Step 012000] t= 5.583 | Pos Err:    0.04 km | Vel Err:    0.05 m/s
[Solver Step 013000] t= 6.066 | Pos Err:    0.06 km | Vel Err:    0.00 m/s
[Solver Step 014000] t= 6.466 | Pos Err:    0.06 km | Vel Err:    0.00 m/s
[Solver Step 015000] t= 7.024 | Pos Err:    0.04 km | Vel Err:    0.08 m/s
[Multiple Shooting] Converged in 2 iterations with residual 7.14e-11
[Solver Step 001000] t= 0.457 | Pos Err:    0.40 km | Vel Err:    0.01 m/s
[Solver Step 002000] t= 0.896 | Pos Err:    0.19 km | Vel Err:    0.00 m/s
[Solver Step 003000] t= 1.360 | Pos Err:    0.77 km | Vel Err:    0.02 m/s
[Solver Step 004000] t= 1.778 | Pos Err:    7.91 km | Vel Err:    0.17 m/s
[Solver Step 005000] t= 2.191 | Pos Err:    0.94 km | Vel Err:    0.01 m/s
[Solver Step 006000] t= 2.587 | Pos Err:   30.91 km | Vel Err:    0.69 m/s
[Solver Step 007000] t= 3.039 | Pos Err:   37.01 km | Vel Err:    0.82 m/s
[Multiple Shooting] Converged in 2 iterations with residual 2.00e-15
[Solver Step 001000] t= 0.489 | Pos Err:    0.10 km | Vel Err:    0.00 m/s
[Solver Step 002000] t= 0.940 | Pos Err:    0.28 km | Vel Err:    0.01 m/s
[Solver Step 003000] t= 1.459 | Pos Err:    0.08 km | Vel Err:    0.01 m/s
[Solver Step 004000] t= 2.034 | Pos Err:    0.36 km | Vel Err:    0.01 m/s
[Solver Step 005000] t= 2.520 | Pos Err:    0.31 km | Vel Err:    0.01 m/s
[Solver Step 006000] t= 2.933 | Pos Err:    1.40 km | Vel Err:    0.03 m/s
[Solver Step 001000] t= 0.414 | Pos Err:    0.37 km | Vel Err:    0.01 m/s
[Solver Step 002000] t= 0.788 | Pos Err:    0.05 km | Vel Err:    0.00 m/s
[Solver Step 003000] t= 1.098 | Pos Err:    0.01 km | Vel Err:    0.04 m/s
[Solver Step 004000] t= 1.548 | Pos Err:    0.06 km | Vel Err:    0.00 m/s
[Solver Step 005000] t= 2.100 | Pos Err:    0.06 km | Vel Err:    0.00 m/s
[Solver Step 006000] t= 2.513 | Pos Err:    0.06 km | Vel Err:    0.01 m/s
[Solver Step 007000] t= 3.012 | Pos Err:    0.06 km | Vel Err:    0.00 m/s
[Solver Step 008000] t= 3.565 | Pos Err:    0.06 km | Vel Err:    0.00 m/s
[Solver Step 009000] t= 4.056 | Pos Err:    0.06 km | Vel Err:    0.01 m/s
[Solver Step 010000] t= 4.457 | Pos Err:    0.06 km | Vel Err:    0.00 m/s
[Solver Step 011000] t= 4.994 | Pos Err:    0.06 km | Vel Err:    0.00 m/s
[Solver Step 012000] t= 5.582 | Pos Err:    0.04 km | Vel Err:    0.05 m/s
[Solver Step 013000] t= 6.065 | Pos Err:    0.06 km | Vel Err:    0.00 m/s
[Solver Step 014000] t= 6.465 | Pos Err:    0.05 km | Vel Err:    0.00 m/s
[Solver Step 015000] t= 7.022 | Pos Err:    0.03 km | Vel Err:    0.08 m/s
[Solver Step 001000] t= 0.428 | Pos Err: 7252.55 km | Vel Err:  163.62 m/s
[Solver Step 002000] t= 0.846 | Pos Err:  198.25 km | Vel Err:    4.69 m/s
[Solver Step 003000] t= 1.319 | Pos Err:    1.94 km | Vel Err:    0.08 m/s
[Solver Step 004000] t= 1.715 | Pos Err:    4.65 km | Vel Err:    0.01 m/s
[Solver Step 005000] t= 2.175 | Pos Err:    4.31 km | Vel Err:    0.02 m/s
[Solver Step 001000] t= 0.216 | Pos Err:   28.18 km | Vel Err:    0.51 m/s
[Solver Step 002000] t= 0.469 | Pos Err:    3.36 km | Vel Err:    0.03 m/s
[Solver Step 003000] t= 0.712 | Pos Err:    0.51 km | Vel Err:    0.04 m/s
[Solver Step 004000] t= 0.926 | Pos Err:    0.05 km | Vel Err:    0.00 m/s
[Solver Step 005000] t= 1.175 | Pos Err:    0.09 km | Vel Err:    0.00 m/s
[Solver Step 006000] t= 1.429 | Pos Err:    0.03 km | Vel Err:    0.06 m/s
[Solver Step 007000] t= 1.657 | Pos Err:    0.04 km | Vel Err:    0.00 m/s
[Solver Step 008000] t= 1.874 | Pos Err:    0.07 km | Vel Err:    0.00 m/s
[Solver Step 009000] t= 2.134 | Pos Err:    0.10 km | Vel Err:    0.11 m/s
[Solver Step 010000] t= 2.377 | Pos Err:    0.04 km | Vel Err:    0.00 m/s
[Solver Step 011000] t= 2.588 | Pos Err:    0.06 km | Vel Err:    0.00 m/s
[Solver Step 012000] t= 2.836 | Pos Err:    1.06 km | Vel Err:    0.86 m/s
[Solver Step 013000] t= 3.091 | Pos Err:    0.05 km | Vel Err:    0.00 m/s
[Solver Step 014000] t= 3.311 | Pos Err:    0.08 km | Vel Err:    0.00 m/s
[Solver Step 015000] t= 3.533 | Pos Err:    0.79 km | Vel Err:    0.56 m/s
[Solver Step 016000] t= 3.795 | Pos Err:    0.05 km | Vel Err:    0.01 m/s
[Solver Step 017000] t= 4.035 | Pos Err:    0.10 km | Vel Err:    0.00 m/s
[Solver Step 018000] t= 4.244 | Pos Err:    0.44 km | Vel Err:    0.22 m/s
[Solver Step 019000] t= 4.496 | Pos Err:    0.10 km | Vel Err:    0.02 m/s
[Solver Step 020000] t= 4.750 | Pos Err:    0.11 km | Vel Err:    0.00 m/s
[Solver Step 021000] t= 4.967 | Pos Err:    0.18 km | Vel Err:    0.11 m/s
[Solver Step 022000] t= 5.188 | Pos Err:    0.11 km | Vel Err:    0.01 m/s
[Solver Step 023000] t= 5.454 | Pos Err:    0.12 km | Vel Err:    0.00 m/s
[Solver Step 024000] t= 5.696 | Pos Err:    0.08 km | Vel Err:    0.12 m/s
[Solver Step 025000] t= 5.903 | Pos Err:    0.09 km | Vel Err:    0.01 m/s
[Solver Step 026000] t= 6.157 | Pos Err:    0.10 km | Vel Err:    0.00 m/s
[Solver Step 027000] t= 6.411 | Pos Err:    0.16 km | Vel Err:    0.24 m/s
[Solver Step 028000] t= 6.622 | Pos Err:    0.07 km | Vel Err:    0.00 m/s
[Solver Step 029000] t= 6.849 | Pos Err:    0.10 km | Vel Err:    0.00 m/s
[Multiple Shooting] Converged in 2 iterations with residual 8.86e-13
[Solver Step 001000] t= 0.461 | Pos Err:    0.43 km | Vel Err:    0.01 m/s
[Solver Step 002000] t= 0.909 | Pos Err:    0.23 km | Vel Err:    0.00 m/s
[Solver Step 003000] t= 1.364 | Pos Err:    0.37 km | Vel Err:    0.01 m/s
[Solver Step 004000] t= 1.815 | Pos Err:    2.18 km | Vel Err:    0.05 m/s
[Solver Step 005000] t= 2.273 | Pos Err:    0.52 km | Vel Err:    0.01 m/s
[Solver Step 006000] t= 2.685 | Pos Err:    1.31 km | Vel Err:    0.02 m/s
[Solver Step 007000] t= 3.065 | Pos Err:   23.05 km | Vel Err:    0.50 m/s
[Multiple Shooting] Converged in 7 iterations with residual 2.27e-14
[Solver Step 001000] t= 0.301 | Pos Err:  233.62 km | Vel Err:    4.74 m/s
[Solver Step 002000] t= 0.622 | Pos Err:  106.92 km | Vel Err:    1.74 m/s
[Solver Step 003000] t= 0.948 | Pos Err:   90.40 km | Vel Err:    1.81 m/s
[Solver Step 004000] t= 1.268 | Pos Err:  394.18 km | Vel Err:    6.78 m/s
[Solver Step 005000] t= 1.601 | Pos Err:   42.58 km | Vel Err:    0.78 m/s
[Solver Step 006000] t= 1.912 | Pos Err:  451.53 km | Vel Err:    8.59 m/s
[Solver Step 007000] t= 2.241 | Pos Err:   75.41 km | Vel Err:    1.34 m/s
[Multiple Shooting] Converged in 2 iterations with residual 1.58e-15
[Solver Step 001000] t= 0.485 | Pos Err:    0.14 km | Vel Err:    0.00 m/s
[Solver Step 002000] t= 0.938 | Pos Err:    0.28 km | Vel Err:    0.01 m/s
[Solver Step 003000] t= 1.471 | Pos Err:    0.14 km | Vel Err:    0.01 m/s
[Solver Step 004000] t= 2.050 | Pos Err:    0.31 km | Vel Err:    0.01 m/s
[Solver Step 005000] t= 2.500 | Pos Err:    0.32 km | Vel Err:    0.01 m/s
[Solver Step 006000] t= 2.940 | Pos Err:    1.13 km | Vel Err:    0.02 m/s
[Multiple Shooting] Converged in 4 iterations with residual 3.61e-13
[Solver Step 001000] t= 0.356 | Pos Err:    7.70 km | Vel Err:    0.17 m/s
[Solver Step 002000] t= 0.702 | Pos Err:   24.51 km | Vel Err:    0.53 m/s
[Solver Step 003000] t= 1.066 | Pos Err:   14.77 km | Vel Err:    0.30 m/s
[Solver Step 004000] t= 1.445 | Pos Err:    4.11 km | Vel Err:    0.09 m/s
[Solver Step 005000] t= 1.816 | Pos Err:   13.80 km | Vel Err:    0.29 m/s
[Solver Step 006000] t= 2.169 | Pos Err:   13.56 km | Vel Err:    0.28 m/s
[Solver Step 001000] t= 0.214 | Pos Err:   10.25 km | Vel Err:    0.22 m/s
[Solver Step 002000] t= 0.468 | Pos Err:    1.17 km | Vel Err:    0.02 m/s
[Solver Step 003000] t= 0.709 | Pos Err:    0.20 km | Vel Err:    0.06 m/s
[Solver Step 004000] t= 0.926 | Pos Err:    0.02 km | Vel Err:    0.00 m/s
[Solver Step 005000] t= 1.175 | Pos Err:    0.05 km | Vel Err:    0.00 m/s
[Solver Step 006000] t= 1.430 | Pos Err:    0.03 km | Vel Err:    0.04 m/s
[Solver Step 007000] t= 1.659 | Pos Err:    0.02 km | Vel Err:    0.00 m/s
[Solver Step 008000] t= 1.875 | Pos Err:    0.03 km | Vel Err:    0.00 m/s
[Solver Step 009000] t= 2.134 | Pos Err:    0.10 km | Vel Err:    0.08 m/s
[Solver Step 010000] t= 2.378 | Pos Err:    0.02 km | Vel Err:    0.00 m/s
[Solver Step 011000] t= 2.590 | Pos Err:    0.02 km | Vel Err:    0.00 m/s
[Solver Step 012000] t= 2.837 | Pos Err:    0.95 km | Vel Err:    0.76 m/s
[Solver Step 013000] t= 3.092 | Pos Err:    0.03 km | Vel Err:    0.00 m/s
[Solver Step 014000] t= 3.313 | Pos Err:    0.04 km | Vel Err:    0.00 m/s
[Solver Step 015000] t= 3.535 | Pos Err:    0.74 km | Vel Err:    0.55 m/s
[Solver Step 016000] t= 3.796 | Pos Err:    0.03 km | Vel Err:    0.00 m/s
[Solver Step 017000] t= 4.036 | Pos Err:    0.06 km | Vel Err:    0.00 m/s
[Solver Step 018000] t= 4.246 | Pos Err:    0.38 km | Vel Err:    0.22 m/s
[Solver Step 019000] t= 4.497 | Pos Err:    0.04 km | Vel Err:    0.02 m/s
[Solver Step 020000] t= 4.751 | Pos Err:    0.06 km | Vel Err:    0.00 m/s
[Solver Step 021000] t= 4.969 | Pos Err:    0.15 km | Vel Err:    0.11 m/s
[Solver Step 022000] t= 5.189 | Pos Err:    0.06 km | Vel Err:    0.01 m/s
[Solver Step 023000] t= 5.455 | Pos Err:    0.07 km | Vel Err:    0.00 m/s
[Solver Step 024000] t= 5.698 | Pos Err:    0.08 km | Vel Err:    0.12 m/s
[Solver Step 025000] t= 5.904 | Pos Err:    0.04 km | Vel Err:    0.00 m/s
[Solver Step 026000] t= 6.158 | Pos Err:    0.06 km | Vel Err:    0.00 m/s
[Solver Step 027000] t= 6.412 | Pos Err:    0.20 km | Vel Err:    0.24 m/s
[Solver Step 028000] t= 6.624 | Pos Err:    0.04 km | Vel Err:    0.00 m/s
[Solver Step 029000] t= 6.850 | Pos Err:    0.06 km | Vel Err:    0.00 m/s
[Solver Step 001000] t= 0.414 | Pos Err:    0.55 km | Vel Err:    0.01 m/s
[Solver Step 002000] t= 0.788 | Pos Err:    0.05 km | Vel Err:    0.00 m/s
[Solver Step 003000] t= 1.098 | Pos Err:    0.01 km | Vel Err:    0.04 m/s
[Solver Step 004000] t= 1.548 | Pos Err:    0.06 km | Vel Err:    0.00 m/s
[Solver Step 005000] t= 2.100 | Pos Err:    0.06 km | Vel Err:    0.00 m/s
[Solver Step 006000] t= 2.513 | Pos Err:    0.06 km | Vel Err:    0.01 m/s
[Solver Step 007000] t= 3.012 | Pos Err:    0.06 km | Vel Err:    0.00 m/s
[Solver Step 008000] t= 3.565 | Pos Err:    0.06 km | Vel Err:    0.00 m/s
[Solver Step 009000] t= 4.056 | Pos Err:    0.06 km | Vel Err:    0.01 m/s
[Solver Step 010000] t= 4.457 | Pos Err:    0.06 km | Vel Err:    0.00 m/s
[Solver Step 011000] t= 4.994 | Pos Err:    0.06 km | Vel Err:    0.00 m/s
[Solver Step 012000] t= 5.582 | Pos Err:    0.05 km | Vel Err:    0.05 m/s
[Solver Step 013000] t= 6.065 | Pos Err:    0.06 km | Vel Err:    0.00 m/s
[Solver Step 014000] t= 6.465 | Pos Err:    0.06 km | Vel Err:    0.00 m/s
[Solver Step 015000] t= 7.022 | Pos Err:    0.03 km | Vel Err:    0.08 m/s
[Multiple Shooting] Converged in 6 iterations with residual 4.05e-11
[Solver Step 001000] t= 0.317 | Pos Err:   75.79 km | Vel Err:    1.58 m/s
[Solver Step 002000] t= 0.640 | Pos Err:  344.90 km | Vel Err:    6.12 m/s
[Solver Step 003000] t= 1.001 | Pos Err:   19.41 km | Vel Err:    0.34 m/s
[Solver Step 004000] t= 1.316 | Pos Err:  343.81 km | Vel Err:    7.46 m/s
[Solver Step 005000] t= 1.647 | Pos Err:  124.98 km | Vel Err:    2.41 m/s
[Solver Step 006000] t= 1.997 | Pos Err:   29.39 km | Vel Err:    0.55 m/s
[Solver Step 007000] t= 2.317 | Pos Err:  693.30 km | Vel Err:   15.23 m/s
[Solver Step 001000] t= 0.417 | Pos Err:    0.24 km | Vel Err:    0.01 m/s
[Solver Step 002000] t= 0.791 | Pos Err:    0.06 km | Vel Err:    0.00 m/s
[Solver Step 003000] t= 1.100 | Pos Err:    0.00 km | Vel Err:    0.04 m/s
[Solver Step 004000] t= 1.552 | Pos Err:    0.06 km | Vel Err:    0.00 m/s
[Solver Step 005000] t= 2.103 | Pos Err:    0.06 km | Vel Err:    0.00 m/s
[Solver Step 006000] t= 2.516 | Pos Err:    0.05 km | Vel Err:    0.01 m/s
[Solver Step 007000] t= 3.016 | Pos Err:    0.05 km | Vel Err:    0.00 m/s
[Solver Step 008000] t= 3.569 | Pos Err:    0.05 km | Vel Err:    0.00 m/s
[Solver Step 009000] t= 4.058 | Pos Err:    0.05 km | Vel Err:    0.01 m/s
[Solver Step 010000] t= 4.460 | Pos Err:    0.06 km | Vel Err:    0.00 m/s
[Solver Step 011000] t= 4.998 | Pos Err:    0.05 km | Vel Err:    0.00 m/s
[Solver Step 012000] t= 5.585 | Pos Err:    0.04 km | Vel Err:    0.05 m/s
[Solver Step 013000] t= 6.067 | Pos Err:    0.06 km | Vel Err:    0.00 m/s
[Solver Step 014000] t= 6.469 | Pos Err:    0.06 km | Vel Err:    0.00 m/s
[Solver Step 015000] t= 7.026 | Pos Err:    0.03 km | Vel Err:    0.08 m/s
[Multiple Shooting] Converged in 2 iterations with residual 1.68e-15
[Solver Step 001000] t= 0.492 | Pos Err:    0.13 km | Vel Err:    0.00 m/s
[Solver Step 002000] t= 0.942 | Pos Err:    0.28 km | Vel Err:    0.01 m/s
[Solver Step 003000] t= 1.468 | Pos Err:    0.13 km | Vel Err:    0.01 m/s
[Solver Step 004000] t= 2.045 | Pos Err:    0.34 km | Vel Err:    0.01 m/s
[Solver Step 005000] t= 2.514 | Pos Err:    0.33 km | Vel Err:    0.01 m/s
[Solver Step 006000] t= 2.940 | Pos Err:    1.17 km | Vel Err:    0.02 m/s
[Solver Step 001000] t= 0.217 | Pos Err:   26.70 km | Vel Err:    0.59 m/s
[Solver Step 002000] t= 0.471 | Pos Err:    3.29 km | Vel Err:    0.04 m/s
[Solver Step 003000] t= 0.713 | Pos Err:    0.41 km | Vel Err:    0.02 m/s
[Solver Step 004000] t= 0.930 | Pos Err:    0.03 km | Vel Err:    0.01 m/s
[Solver Step 005000] t= 1.177 | Pos Err:    0.05 km | Vel Err:    0.00 m/s
[Solver Step 006000] t= 1.430 | Pos Err:    0.11 km | Vel Err:    0.04 m/s
[Solver Step 007000] t= 1.661 | Pos Err:    0.11 km | Vel Err:    0.00 m/s
[Solver Step 008000] t= 1.875 | Pos Err:    0.08 km | Vel Err:    0.00 m/s
[Solver Step 009000] t= 2.134 | Pos Err:    0.18 km | Vel Err:    0.08 m/s
[Solver Step 010000] t= 2.378 | Pos Err:    0.11 km | Vel Err:    0.00 m/s
[Solver Step 011000] t= 2.590 | Pos Err:    0.09 km | Vel Err:    0.00 m/s
[Solver Step 012000] t= 2.837 | Pos Err:    0.93 km | Vel Err:    0.76 m/s
[Solver Step 013000] t= 3.092 | Pos Err:    0.12 km | Vel Err:    0.00 m/s
[Solver Step 014000] t= 3.313 | Pos Err:    0.08 km | Vel Err:    0.00 m/s
[Solver Step 015000] t= 3.535 | Pos Err:    0.64 km | Vel Err:    0.55 m/s
[Solver Step 016000] t= 3.796 | Pos Err:    0.11 km | Vel Err:    0.00 m/s
[Solver Step 017000] t= 4.036 | Pos Err:    0.08 km | Vel Err:    0.00 m/s
[Solver Step 018000] t= 4.246 | Pos Err:    0.29 km | Vel Err:    0.22 m/s
[Solver Step 019000] t= 4.497 | Pos Err:    0.08 km | Vel Err:    0.02 m/s
[Solver Step 020000] t= 4.751 | Pos Err:    0.05 km | Vel Err:    0.00 m/s
[Solver Step 021000] t= 4.969 | Pos Err:    0.09 km | Vel Err:    0.11 m/s
[Solver Step 022000] t= 5.189 | Pos Err:    0.07 km | Vel Err:    0.01 m/s
[Solver Step 023000] t= 5.455 | Pos Err:    0.04 km | Vel Err:    0.00 m/s
[Solver Step 024000] t= 5.698 | Pos Err:    0.12 km | Vel Err:    0.12 m/s
[Solver Step 025000] t= 5.906 | Pos Err:    0.06 km | Vel Err:    0.00 m/s
[Solver Step 026000] t= 6.159 | Pos Err:    0.04 km | Vel Err:    0.00 m/s
[Solver Step 027000] t= 6.414 | Pos Err:    0.28 km | Vel Err:    0.24 m/s
[Solver Step 028000] t= 6.627 | Pos Err:    0.07 km | Vel Err:    0.00 m/s
[Solver Step 029000] t= 6.851 | Pos Err:    0.04 km | Vel Err:    0.00 m/s
[Multiple Shooting] Converged in 4 iterations with residual 3.03e-14
[Solver Step 001000] t= 0.346 | Pos Err:    6.06 km | Vel Err:    0.13 m/s
[Solver Step 002000] t= 0.690 | Pos Err:   48.00 km | Vel Err:    1.05 m/s
[Solver Step 003000] t= 1.054 | Pos Err:   27.03 km | Vel Err:    0.52 m/s
[Solver Step 004000] t= 1.416 | Pos Err:    0.99 km | Vel Err:    0.01 m/s
[Solver Step 005000] t= 1.768 | Pos Err:   23.13 km | Vel Err:    0.45 m/s
[Solver Step 006000] t= 2.129 | Pos Err:   47.19 km | Vel Err:    0.86 m/s
[Solver Step 007000] t= 2.487 | Pos Err:  198.55 km | Vel Err:    4.44 m/s
[Multiple Shooting] Converged in 2 iterations with residual 1.49e-15
[Solver Step 001000] t= 0.473 | Pos Err:    0.13 km | Vel Err:    0.00 m/s
[Solver Step 002000] t= 0.988 | Pos Err:    0.13 km | Vel Err:    0.00 m/s
[Solver Step 003000] t= 1.413 | Pos Err:    0.30 km | Vel Err:    0.01 m/s
[Solver Step 004000] t= 1.889 | Pos Err:    0.37 km | Vel Err:    0.01 m/s
[Solver Step 005000] t= 2.416 | Pos Err:    0.27 km | Vel Err:    0.01 m/s
[Solver Step 006000] t= 2.946 | Pos Err:    1.15 km | Vel Err:    0.02 m/s
[Multiple Shooting] Converged in 2 iterations with residual 1.01e-11
[Solver Step 001000] t= 0.423 | Pos Err:    0.53 km | Vel Err:    0.01 m/s
[Solver Step 002000] t= 0.928 | Pos Err:    1.40 km | Vel Err:    0.03 m/s
[Solver Step 003000] t= 1.410 | Pos Err:   11.37 km | Vel Err:    0.23 m/s
[Solver Step 004000] t= 1.742 | Pos Err:   86.03 km | Vel Err:    1.70 m/s
[Solver Step 005000] t= 2.235 | Pos Err:    2.13 km | Vel Err:    0.06 m/s
[Solver Step 006000] t= 2.683 | Pos Err:    1.38 km | Vel Err:    0.03 m/s
[Solver Step 007000] t= 3.078 | Pos Err:    8.08 km | Vel Err:    0.18 m/s
[Multiple Shooting] Converged in 2 iterations with residual 9.40e-12
[Solver Step 001000] t= 0.425 | Pos Err:    0.49 km | Vel Err:    0.01 m/s
[Solver Step 002000] t= 0.928 | Pos Err:    0.92 km | Vel Err:    0.02 m/s
[Solver Step 003000] t= 1.421 | Pos Err:    4.10 km | Vel Err:    0.11 m/s
[Solver Step 004000] t= 1.755 | Pos Err:   61.18 km | Vel Err:    1.14 m/s
[Solver Step 005000] t= 2.222 | Pos Err:   14.64 km | Vel Err:    0.34 m/s
[Solver Step 006000] t= 2.680 | Pos Err:    1.91 km | Vel Err:    0.04 m/s
[Solver Step 007000] t= 3.086 | Pos Err:   10.47 km | Vel Err:    0.23 m/s
[Solver Step 001000] t= 0.417 | Pos Err:    0.55 km | Vel Err:    0.01 m/s
[Solver Step 002000] t= 0.791 | Pos Err:    0.07 km | Vel Err:    0.00 m/s
[Solver Step 003000] t= 1.101 | Pos Err:    0.01 km | Vel Err:    0.04 m/s
[Solver Step 004000] t= 1.553 | Pos Err:    0.05 km | Vel Err:    0.00 m/s
[Solver Step 005000] t= 2.104 | Pos Err:    0.05 km | Vel Err:    0.00 m/s
[Solver Step 006000] t= 2.517 | Pos Err:    0.05 km | Vel Err:    0.01 m/s
[Solver Step 007000] t= 3.016 | Pos Err:    0.05 km | Vel Err:    0.00 m/s
[Solver Step 008000] t= 3.569 | Pos Err:    0.05 km | Vel Err:    0.00 m/s
[Solver Step 009000] t= 4.059 | Pos Err:    0.04 km | Vel Err:    0.01 m/s
[Solver Step 010000] t= 4.461 | Pos Err:    0.05 km | Vel Err:    0.00 m/s
[Solver Step 011000] t= 4.999 | Pos Err:    0.05 km | Vel Err:    0.00 m/s
[Solver Step 012000] t= 5.586 | Pos Err:    0.04 km | Vel Err:    0.05 m/s
[Solver Step 013000] t= 6.068 | Pos Err:    0.06 km | Vel Err:    0.00 m/s
[Solver Step 014000] t= 6.469 | Pos Err:    0.06 km | Vel Err:    0.00 m/s
[Solver Step 015000] t= 7.027 | Pos Err:    0.04 km | Vel Err:    0.08 m/s
[Multiple Shooting] Converged in 2 iterations with residual 2.08e-11
[Solver Step 001000] t= 0.460 | Pos Err:    0.65 km | Vel Err:    0.01 m/s
[Solver Step 002000] t= 0.877 | Pos Err:    0.38 km | Vel Err:    0.01 m/s
[Solver Step 003000] t= 1.348 | Pos Err:    0.47 km | Vel Err:    0.02 m/s
[Solver Step 004000] t= 1.782 | Pos Err:   14.34 km | Vel Err:    0.32 m/s
[Solver Step 005000] t= 2.161 | Pos Err:  324.72 km | Vel Err:    6.39 m/s
[Solver Step 006000] t= 2.567 | Pos Err:  147.89 km | Vel Err:    3.43 m/s
[Solver Step 007000] t= 3.061 | Pos Err:   67.85 km | Vel Err:    1.50 m/s
[Multiple Shooting] Converged in 2 iterations with residual 8.19e-14
[Solver Step 001000] t= 0.458 | Pos Err:    0.36 km | Vel Err:    0.01 m/s
[Solver Step 002000] t= 0.940 | Pos Err:    0.31 km | Vel Err:    0.01 m/s
[Solver Step 003000] t= 1.337 | Pos Err:    0.35 km | Vel Err:    0.01 m/s
[Solver Step 004000] t= 1.806 | Pos Err:    0.24 km | Vel Err:    0.00 m/s
[Solver Step 005000] t= 2.206 | Pos Err:    0.48 km | Vel Err:    0.01 m/s
[Solver Step 006000] t= 2.681 | Pos Err:    0.60 km | Vel Err:    0.03 m/s
[Multiple Shooting] Converged in 7 iterations with residual 2.11e-14
[Solver Step 001000] t= 0.304 | Pos Err:  685.26 km | Vel Err:   14.74 m/s
[Solver Step 002000] t= 0.638 | Pos Err:  212.37 km | Vel Err:    3.69 m/s
[Solver Step 003000] t= 0.966 | Pos Err:  478.33 km | Vel Err:    9.48 m/s
[Solver Step 004000] t= 1.311 | Pos Err:  511.15 km | Vel Err:   11.02 m/s
[Solver Step 005000] t= 1.647 | Pos Err:  525.10 km | Vel Err:    7.12 m/s
[Solver Step 006000] t= 1.984 | Pos Err:  741.42 km | Vel Err:   15.07 m/s
[Solver Step 007000] t= 2.318 | Pos Err:  418.05 km | Vel Err:    8.85 m/s
[Multiple Shooting] Converged in 3 iterations with residual 3.49e-15
[Solver Step 001000] t= 0.411 | Pos Err:    0.78 km | Vel Err:    0.02 m/s
[Solver Step 002000] t= 0.803 | Pos Err:    3.46 km | Vel Err:    0.07 m/s
[Solver Step 003000] t= 1.183 | Pos Err:    3.97 km | Vel Err:    0.06 m/s
[Solver Step 004000] t= 1.565 | Pos Err:    5.76 km | Vel Err:    0.12 m/s
[Solver Step 005000] t= 1.957 | Pos Err:    2.39 km | Vel Err:    0.05 m/s
[Solver Step 006000] t= 2.346 | Pos Err:    6.05 km | Vel Err:    0.13 m/s
[Multiple Shooting] Converged in 2 iterations with residual 1.44e-15
[Solver Step 001000] t= 0.492 | Pos Err:    0.10 km | Vel Err:    0.00 m/s
[Solver Step 002000] t= 0.947 | Pos Err:    0.27 km | Vel Err:    0.01 m/s
[Solver Step 003000] t= 1.449 | Pos Err:    0.05 km | Vel Err:    0.01 m/s
[Solver Step 004000] t= 2.011 | Pos Err:    0.19 km | Vel Err:    0.00 m/s
[Solver Step 005000] t= 2.534 | Pos Err:    0.18 km | Vel Err:    0.00 m/s
[Solver Step 006000] t= 2.928 | Pos Err:    1.58 km | Vel Err:    0.03 m/s
[Multiple Shooting] Converged in 2 iterations with residual 3.32e-14
[Solver Step 001000] t= 0.460 | Pos Err:    0.54 km | Vel Err:    0.01 m/s
[Solver Step 002000] t= 0.917 | Pos Err:    0.25 km | Vel Err:    0.00 m/s
[Solver Step 003000] t= 1.352 | Pos Err:    0.34 km | Vel Err:    0.01 m/s
[Solver Step 004000] t= 1.794 | Pos Err:    1.15 km | Vel Err:    0.02 m/s
[Solver Step 005000] t= 2.267 | Pos Err:    0.27 km | Vel Err:    0.01 m/s
[Solver Step 006000] t= 2.670 | Pos Err:    0.30 km | Vel Err:    0.01 m/s
[Solver Step 001000] t= 0.217 | Pos Err:   20.27 km | Vel Err:    0.30 m/s
[Solver Step 002000] t= 0.470 | Pos Err:    2.40 km | Vel Err:    0.05 m/s
[Solver Step 003000] t= 0.712 | Pos Err:    0.41 km | Vel Err:    0.03 m/s
[Solver Step 004000] t= 0.931 | Pos Err:    0.04 km | Vel Err:    0.00 m/s
[Solver Step 005000] t= 1.179 | Pos Err:    0.06 km | Vel Err:    0.00 m/s
[Solver Step 006000] t= 1.432 | Pos Err:    0.06 km | Vel Err:    0.07 m/s
[Solver Step 007000] t= 1.664 | Pos Err:    0.04 km | Vel Err:    0.00 m/s
[Solver Step 008000] t= 1.880 | Pos Err:    0.05 km | Vel Err:    0.00 m/s
[Solver Step 009000] t= 2.137 | Pos Err:    0.29 km | Vel Err:    0.23 m/s
[Solver Step 010000] t= 2.382 | Pos Err:    0.05 km | Vel Err:    0.00 m/s
[Solver Step 011000] t= 2.599 | Pos Err:    0.07 km | Vel Err:    0.00 m/s
[Solver Step 012000] t= 2.841 | Pos Err:    0.99 km | Vel Err:    0.84 m/s
[Solver Step 013000] t= 3.097 | Pos Err:    0.07 km | Vel Err:    0.00 m/s
[Solver Step 014000] t= 3.321 | Pos Err:    0.09 km | Vel Err:    0.00 m/s
[Solver Step 015000] t= 3.541 | Pos Err:    0.66 km | Vel Err:    0.47 m/s
[Solver Step 016000] t= 3.800 | Pos Err:    0.07 km | Vel Err:    0.00 m/s
[Solver Step 017000] t= 4.044 | Pos Err:    0.10 km | Vel Err:    0.00 m/s
[Solver Step 018000] t= 4.254 | Pos Err:    0.36 km | Vel Err:    0.19 m/s
[Solver Step 019000] t= 4.501 | Pos Err:    0.09 km | Vel Err:    0.01 m/s
[Solver Step 020000] t= 4.757 | Pos Err:    0.11 km | Vel Err:    0.00 m/s
[Solver Step 021000] t= 4.977 | Pos Err:    0.11 km | Vel Err:    0.10 m/s
[Solver Step 022000] t= 5.194 | Pos Err:    0.10 km | Vel Err:    0.01 m/s
[Solver Step 023000] t= 5.460 | Pos Err:    0.11 km | Vel Err:    0.00 m/s
[Solver Step 024000] t= 5.704 | Pos Err:    0.04 km | Vel Err:    0.11 m/s
[Solver Step 025000] t= 5.912 | Pos Err:    0.07 km | Vel Err:    0.00 m/s
[Solver Step 026000] t= 6.162 | Pos Err:    0.09 km | Vel Err:    0.00 m/s
[Solver Step 027000] t= 6.419 | Pos Err:    0.18 km | Vel Err:    0.24 m/s
[Solver Step 028000] t= 6.633 | Pos Err:    0.04 km | Vel Err:    0.00 m/s
[Solver Step 029000] t= 6.855 | Pos Err:    0.07 km | Vel Err:    0.00 m/s
[Multiple Shooting] Converged in 2 iterations with residual 2.04e-12
[Solver Step 001000] t= 0.429 | Pos Err:    0.52 km | Vel Err:    0.01 m/s
[Solver Step 002000] t= 0.912 | Pos Err:    0.22 km | Vel Err:    0.00 m/s
[Solver Step 003000] t= 1.411 | Pos Err:    2.08 km | Vel Err:    0.04 m/s
[Solver Step 004000] t= 1.816 | Pos Err:   21.67 km | Vel Err:    0.46 m/s
[Solver Step 005000] t= 2.179 | Pos Err:  126.95 km | Vel Err:    2.37 m/s
[Solver Step 006000] t= 2.646 | Pos Err:    3.28 km | Vel Err:    0.05 m/s
[Solver Step 007000] t= 3.113 | Pos Err:   16.39 km | Vel Err:    0.38 m/s
[Solver Step 001000] t= 0.219 | Pos Err:   23.12 km | Vel Err:    0.42 m/s
[Solver Step 002000] t= 0.472 | Pos Err:    2.80 km | Vel Err:    0.08 m/s
[Solver Step 003000] t= 0.714 | Pos Err:    0.48 km | Vel Err:    0.02 m/s
[Solver Step 004000] t= 0.934 | Pos Err:    0.04 km | Vel Err:    0.00 m/s
[Solver Step 005000] t= 1.179 | Pos Err:    0.06 km | Vel Err:    0.00 m/s
[Solver Step 006000] t= 1.431 | Pos Err:    0.07 km | Vel Err:    0.05 m/s
[Solver Step 007000] t= 1.662 | Pos Err:    0.06 km | Vel Err:    0.00 m/s
[Solver Step 008000] t= 1.878 | Pos Err:    0.06 km | Vel Err:    0.00 m/s
[Solver Step 009000] t= 2.136 | Pos Err:    0.25 km | Vel Err:    0.18 m/s
[Solver Step 010000] t= 2.382 | Pos Err:    0.07 km | Vel Err:    0.00 m/s
[Solver Step 011000] t= 2.599 | Pos Err:    0.09 km | Vel Err:    0.00 m/s
[Solver Step 012000] t= 2.842 | Pos Err:    0.97 km | Vel Err:    0.84 m/s
[Solver Step 013000] t= 3.097 | Pos Err:    0.09 km | Vel Err:    0.00 m/s
[Solver Step 014000] t= 3.319 | Pos Err:    0.10 km | Vel Err:    0.00 m/s
[Solver Step 015000] t= 3.539 | Pos Err:    0.66 km | Vel Err:    0.49 m/s
[Solver Step 016000] t= 3.799 | Pos Err:    0.09 km | Vel Err:    0.00 m/s
[Solver Step 017000] t= 4.043 | Pos Err:    0.12 km | Vel Err:    0.00 m/s
[Solver Step 018000] t= 4.252 | Pos Err:    0.35 km | Vel Err:    0.20 m/s
[Solver Step 019000] t= 4.500 | Pos Err:    0.10 km | Vel Err:    0.01 m/s
[Solver Step 020000] t= 4.756 | Pos Err:    0.11 km | Vel Err:    0.00 m/s
[Solver Step 021000] t= 4.975 | Pos Err:    0.09 km | Vel Err:    0.10 m/s
[Solver Step 022000] t= 5.193 | Pos Err:    0.12 km | Vel Err:    0.01 m/s
[Solver Step 023000] t= 5.459 | Pos Err:    0.11 km | Vel Err:    0.00 m/s
[Solver Step 024000] t= 5.703 | Pos Err:    0.02 km | Vel Err:    0.12 m/s
[Solver Step 025000] t= 5.910 | Pos Err:    0.08 km | Vel Err:    0.00 m/s
[Solver Step 026000] t= 6.161 | Pos Err:    0.10 km | Vel Err:    0.00 m/s
[Solver Step 027000] t= 6.417 | Pos Err:    0.18 km | Vel Err:    0.24 m/s
[Solver Step 028000] t= 6.631 | Pos Err:    0.05 km | Vel Err:    0.00 m/s
[Solver Step 029000] t= 6.853 | Pos Err:    0.08 km | Vel Err:    0.00 m/s
[Solver Step 001000] t= 0.412 | Pos Err:    1.60 km | Vel Err:    0.04 m/s
[Solver Step 002000] t= 0.817 | Pos Err:    0.08 km | Vel Err:    0.00 m/s
[Solver Step 003000] t= 1.258 | Pos Err:    0.03 km | Vel Err:    0.01 m/s
[Solver Step 004000] t= 1.605 | Pos Err:    0.03 km | Vel Err:    0.00 m/s
[Solver Step 005000] t= 1.991 | Pos Err:    0.07 km | Vel Err:    0.00 m/s
[Solver Step 006000] t= 2.444 | Pos Err:    0.08 km | Vel Err:    0.02 m/s
[Solver Step 007000] t= 2.845 | Pos Err:    0.07 km | Vel Err:    0.00 m/s
[Solver Step 008000] t= 3.243 | Pos Err:    0.07 km | Vel Err:    0.00 m/s
[Solver Step 009000] t= 3.617 | Pos Err:    0.10 km | Vel Err:    0.08 m/s
[Solver Step 010000] t= 4.031 | Pos Err:    0.05 km | Vel Err:    0.00 m/s
[Solver Step 011000] t= 4.451 | Pos Err:    0.07 km | Vel Err:    0.00 m/s
[Solver Step 012000] t= 4.893 | Pos Err:    0.06 km | Vel Err:    0.04 m/s
[Solver Step 013000] t= 5.231 | Pos Err:    0.08 km | Vel Err:    0.00 m/s
[Solver Step 014000] t= 5.629 | Pos Err:    0.05 km | Vel Err:    0.00 m/s
[Solver Step 015000] t= 6.108 | Pos Err:    0.03 km | Vel Err:    0.02 m/s
[Solver Step 016000] t= 6.495 | Pos Err:    0.04 km | Vel Err:    0.00 m/s
[Solver Step 017000] t= 6.922 | Pos Err:    0.05 km | Vel Err:    0.00 m/s
[Solver Step 018000] t= 7.266 | Pos Err:    0.12 km | Vel Err:    0.10 m/s
[Solver Step 019000] t= 7.686 | Pos Err:    0.07 km | Vel Err:    0.00 m/s
[Solver Step 020000] t= 8.166 | Pos Err:    0.06 km | Vel Err:    0.00 m/s
[Solver Step 021000] t= 8.551 | Pos Err:    0.04 km | Vel Err:    0.03 m/s
[Solver Step 022000] t= 8.921 | Pos Err:    0.04 km | Vel Err:    0.00 m/s
[Solver Step 023000] t= 9.313 | Pos Err:    0.06 km | Vel Err:    0.00 m/s
[Solver Step 024000] t= 9.771 | Pos Err:    0.08 km | Vel Err:    0.03 m/s
[Solver Step 025000] t=10.172 | Pos Err:    0.08 km | Vel Err:    0.00 m/s
[Solver Step 026000] t=10.572 | Pos Err:    0.08 km | Vel Err:    0.00 m/s
[Solver Step 027000] t=10.931 | Pos Err:    0.13 km | Vel Err:    0.09 m/s
[Solver Step 028000] t=11.352 | Pos Err:    0.04 km | Vel Err:    0.00 m/s
[Solver Step 029000] t=11.807 | Pos Err:    0.05 km | Vel Err:    0.00 m/s
[Solver Step 030000] t=12.176 | Pos Err:    0.05 km | Vel Err:    0.03 m/s
[Solver Step 031000] t=12.566 | Pos Err:    0.07 km | Vel Err:    0.00 m/s
[Multiple Shooting] Converged in 2 iterations with residual 1.52e-15
[Solver Step 001000] t= 0.482 | Pos Err:    0.27 km | Vel Err:    0.01 m/s
[Solver Step 002000] t= 0.965 | Pos Err:    0.14 km | Vel Err:    0.00 m/s
[Solver Step 003000] t= 1.430 | Pos Err:    0.20 km | Vel Err:    0.01 m/s
[Solver Step 004000] t= 1.962 | Pos Err:    0.24 km | Vel Err:    0.01 m/s
[Solver Step 005000] t= 2.519 | Pos Err:    0.36 km | Vel Err:    0.01 m/s
[Solver Step 006000] t= 2.930 | Pos Err:    1.65 km | Vel Err:    0.03 m/s
[Multiple Shooting] Converged in 2 iterations with residual 4.62e-11
[Solver Step 001000] t= 0.449 | Pos Err:    0.39 km | Vel Err:    0.01 m/s
[Solver Step 002000] t= 0.874 | Pos Err:    0.39 km | Vel Err:    0.01 m/s
[Solver Step 003000] t= 1.352 | Pos Err:    0.44 km | Vel Err:    0.03 m/s
[Solver Step 004000] t= 1.784 | Pos Err:   10.98 km | Vel Err:    0.25 m/s
[Solver Step 005000] t= 2.151 | Pos Err:  275.88 km | Vel Err:    5.56 m/s
[Solver Step 006000] t= 2.573 | Pos Err:   84.08 km | Vel Err:    1.97 m/s
[Solver Step 007000] t= 3.061 | Pos Err:   57.10 km | Vel Err:    1.26 m/s
[Solver Step 001000] t= 0.417 | Pos Err:    3.84 km | Vel Err:    0.09 m/s
[Solver Step 002000] t= 0.821 | Pos Err:    0.11 km | Vel Err:    0.00 m/s
[Solver Step 003000] t= 1.262 | Pos Err:    0.07 km | Vel Err:    0.01 m/s
[Solver Step 004000] t= 1.610 | Pos Err:    0.10 km | Vel Err:    0.00 m/s
[Solver Step 005000] t= 1.995 | Pos Err:    0.10 km | Vel Err:    0.00 m/s
[Solver Step 006000] t= 2.448 | Pos Err:    0.06 km | Vel Err:    0.02 m/s
[Solver Step 007000] t= 2.850 | Pos Err:    0.04 km | Vel Err:    0.00 m/s
[Solver Step 008000] t= 3.246 | Pos Err:    0.02 km | Vel Err:    0.00 m/s
[Solver Step 009000] t= 3.621 | Pos Err:    0.06 km | Vel Err:    0.08 m/s
[Solver Step 010000] t= 4.036 | Pos Err:    0.11 km | Vel Err:    0.00 m/s
[Solver Step 011000] t= 4.454 | Pos Err:    0.11 km | Vel Err:    0.00 m/s
[Solver Step 012000] t= 4.898 | Pos Err:    0.09 km | Vel Err:    0.04 m/s
[Solver Step 013000] t= 5.235 | Pos Err:    0.08 km | Vel Err:    0.00 m/s
[Solver Step 014000] t= 5.634 | Pos Err:    0.03 km | Vel Err:    0.00 m/s
[Solver Step 015000] t= 6.113 | Pos Err:    0.08 km | Vel Err:    0.02 m/s
[Solver Step 016000] t= 6.499 | Pos Err:    0.10 km | Vel Err:    0.00 m/s
[Solver Step 017000] t= 6.926 | Pos Err:    0.11 km | Vel Err:    0.00 m/s
[Solver Step 018000] t= 7.270 | Pos Err:    0.18 km | Vel Err:    0.10 m/s
[Solver Step 019000] t= 7.691 | Pos Err:    0.04 km | Vel Err:    0.00 m/s
[Solver Step 020000] t= 8.170 | Pos Err:    0.02 km | Vel Err:    0.00 m/s
[Solver Step 021000] t= 8.556 | Pos Err:    0.03 km | Vel Err:    0.03 m/s
[Solver Step 022000] t= 8.923 | Pos Err:    0.07 km | Vel Err:    0.00 m/s
[Solver Step 023000] t= 9.317 | Pos Err:    0.11 km | Vel Err:    0.00 m/s
[Solver Step 024000] t= 9.776 | Pos Err:    0.09 km | Vel Err:    0.03 m/s
[Solver Step 025000] t=10.176 | Pos Err:    0.08 km | Vel Err:    0.00 m/s
[Solver Step 026000] t=10.576 | Pos Err:    0.05 km | Vel Err:    0.00 m/s
[Solver Step 027000] t=10.936 | Pos Err:    0.07 km | Vel Err:    0.09 m/s
[Solver Step 028000] t=11.355 | Pos Err:    0.10 km | Vel Err:    0.00 m/s
[Solver Step 029000] t=11.811 | Pos Err:    0.11 km | Vel Err:    0.00 m/s
[Solver Step 030000] t=12.180 | Pos Err:    0.10 km | Vel Err:    0.03 m/s
[Solver Step 001000] t= 0.218 | Pos Err:   30.35 km | Vel Err:    0.74 m/s
[Solver Step 002000] t= 0.471 | Pos Err:    3.80 km | Vel Err:    0.07 m/s
[Solver Step 003000] t= 0.714 | Pos Err:    0.46 km | Vel Err:    0.01 m/s
[Solver Step 004000] t= 0.932 | Pos Err:    0.03 km | Vel Err:    0.01 m/s
[Solver Step 005000] t= 1.179 | Pos Err:    0.04 km | Vel Err:    0.00 m/s
[Solver Step 006000] t= 1.432 | Pos Err:    0.13 km | Vel Err:    0.06 m/s
[Solver Step 007000] t= 1.663 | Pos Err:    0.11 km | Vel Err:    0.00 m/s
[Solver Step 008000] t= 1.877 | Pos Err:    0.09 km | Vel Err:    0.00 m/s
[Solver Step 009000] t= 2.135 | Pos Err:    0.20 km | Vel Err:    0.09 m/s
[Solver Step 010000] t= 2.378 | Pos Err:    0.12 km | Vel Err:    0.00 m/s
[Solver Step 011000] t= 2.592 | Pos Err:    0.10 km | Vel Err:    0.00 m/s
[Solver Step 012000] t= 2.838 | Pos Err:    0.94 km | Vel Err:    0.80 m/s
[Solver Step 013000] t= 3.094 | Pos Err:    0.13 km | Vel Err:    0.00 m/s
[Solver Step 014000] t= 3.315 | Pos Err:    0.10 km | Vel Err:    0.00 m/s
[Solver Step 015000] t= 3.536 | Pos Err:    0.61 km | Vel Err:    0.53 m/s
[Solver Step 016000] t= 3.797 | Pos Err:    0.13 km | Vel Err:    0.00 m/s
[Solver Step 017000] t= 4.040 | Pos Err:    0.09 km | Vel Err:    0.00 m/s
[Solver Step 018000] t= 4.248 | Pos Err:    0.27 km | Vel Err:    0.21 m/s
[Solver Step 019000] t= 4.498 | Pos Err:    0.09 km | Vel Err:    0.02 m/s
[Solver Step 020000] t= 4.753 | Pos Err:    0.07 km | Vel Err:    0.00 m/s
[Solver Step 021000] t= 4.971 | Pos Err:    0.06 km | Vel Err:    0.11 m/s
[Solver Step 022000] t= 5.190 | Pos Err:    0.09 km | Vel Err:    0.01 m/s
[Solver Step 023000] t= 5.456 | Pos Err:    0.06 km | Vel Err:    0.00 m/s
[Solver Step 024000] t= 5.699 | Pos Err:    0.11 km | Vel Err:    0.12 m/s
[Solver Step 025000] t= 5.906 | Pos Err:    0.07 km | Vel Err:    0.00 m/s
[Solver Step 026000] t= 6.159 | Pos Err:    0.06 km | Vel Err:    0.00 m/s
[Solver Step 027000] t= 6.414 | Pos Err:    0.28 km | Vel Err:    0.24 m/s
[Solver Step 028000] t= 6.627 | Pos Err:    0.08 km | Vel Err:    0.00 m/s
[Solver Step 029000] t= 6.851 | Pos Err:    0.06 km | Vel Err:    0.00 m/s
[Multiple Shooting] Converged in 2 iterations with residual 6.91e-12
[Solver Step 001000] t= 0.424 | Pos Err:    0.22 km | Vel Err:    0.01 m/s
[Solver Step 002000] t= 0.922 | Pos Err:    0.54 km | Vel Err:    0.01 m/s
[Solver Step 003000] t= 1.421 | Pos Err:    3.80 km | Vel Err:    0.08 m/s
[Solver Step 004000] t= 1.788 | Pos Err:   55.05 km | Vel Err:    1.16 m/s
[Solver Step 005000] t= 2.206 | Pos Err:   44.75 km | Vel Err:    0.93 m/s
[Solver Step 006000] t= 2.670 | Pos Err:    2.93 km | Vel Err:    0.06 m/s
[Solver Step 007000] t= 3.109 | Pos Err:   10.65 km | Vel Err:    0.25 m/s
[Multiple Shooting] Converged in 2 iterations with residual 1.76e-15
[Solver Step 001000] t= 0.492 | Pos Err:    0.20 km | Vel Err:    0.00 m/s
[Solver Step 002000] t= 0.951 | Pos Err:    0.25 km | Vel Err:    0.01 m/s
[Solver Step 003000] t= 1.445 | Pos Err:    0.07 km | Vel Err:    0.01 m/s
[Solver Step 004000] t= 2.002 | Pos Err:    0.09 km | Vel Err:    0.00 m/s
[Solver Step 005000] t= 2.536 | Pos Err:    0.17 km | Vel Err:    0.00 m/s
[Solver Step 006000] t= 2.927 | Pos Err:    1.63 km | Vel Err:    0.03 m/s
[Multiple Shooting] Converged in 3 iterations with residual 5.26e-11
[Solver Step 001000] t= 0.387 | Pos Err:    2.04 km | Vel Err:    0.04 m/s
[Solver Step 002000] t= 0.770 | Pos Err:    6.47 km | Vel Err:    0.12 m/s
[Solver Step 003000] t= 1.146 | Pos Err:    2.26 km | Vel Err:    0.08 m/s
[Solver Step 004000] t= 1.517 | Pos Err:   11.42 km | Vel Err:    0.23 m/s
[Solver Step 005000] t= 1.901 | Pos Err:    1.30 km | Vel Err:    0.03 m/s
[Solver Step 006000] t= 2.287 | Pos Err:   17.19 km | Vel Err:    0.31 m/s
[Solver Step 001000] t= 0.417 | Pos Err:    1.95 km | Vel Err:    0.04 m/s
[Solver Step 002000] t= 0.821 | Pos Err:    0.07 km | Vel Err:    0.00 m/s
[Solver Step 003000] t= 1.261 | Pos Err:    0.07 km | Vel Err:    0.01 m/s
[Solver Step 004000] t= 1.609 | Pos Err:    0.08 km | Vel Err:    0.00 m/s
[Solver Step 005000] t= 1.995 | Pos Err:    0.06 km | Vel Err:    0.00 m/s
[Solver Step 006000] t= 2.447 | Pos Err:    0.04 km | Vel Err:    0.02 m/s
[Solver Step 007000] t= 2.849 | Pos Err:    0.04 km | Vel Err:    0.00 m/s
[Solver Step 008000] t= 3.245 | Pos Err:    0.04 km | Vel Err:    0.00 m/s
[Solver Step 009000] t= 3.621 | Pos Err:    0.10 km | Vel Err:    0.08 m/s
[Solver Step 010000] t= 4.035 | Pos Err:    0.08 km | Vel Err:    0.00 m/s
[Solver Step 011000] t= 4.454 | Pos Err:    0.07 km | Vel Err:    0.00 m/s
[Solver Step 012000] t= 4.897 | Pos Err:    0.05 km | Vel Err:    0.04 m/s
[Solver Step 013000] t= 5.235 | Pos Err:    0.05 km | Vel Err:    0.00 m/s
[Solver Step 014000] t= 5.633 | Pos Err:    0.04 km | Vel Err:    0.00 m/s
[Solver Step 015000] t= 6.112 | Pos Err:    0.07 km | Vel Err:    0.02 m/s
[Solver Step 016000] t= 6.499 | Pos Err:    0.08 km | Vel Err:    0.00 m/s
[Solver Step 017000] t= 6.926 | Pos Err:    0.09 km | Vel Err:    0.00 m/s
[Solver Step 018000] t= 7.270 | Pos Err:    0.14 km | Vel Err:    0.10 m/s
[Solver Step 019000] t= 7.691 | Pos Err:    0.03 km | Vel Err:    0.00 m/s
[Solver Step 020000] t= 8.169 | Pos Err:    0.04 km | Vel Err:    0.00 m/s
[Solver Step 021000] t= 8.555 | Pos Err:    0.04 km | Vel Err:    0.03 m/s
[Solver Step 022000] t= 8.923 | Pos Err:    0.07 km | Vel Err:    0.00 m/s
[Solver Step 023000] t= 9.317 | Pos Err:    0.07 km | Vel Err:    0.00 m/s
[Solver Step 024000] t= 9.776 | Pos Err:    0.05 km | Vel Err:    0.03 m/s
[Solver Step 025000] t=10.176 | Pos Err:    0.05 km | Vel Err:    0.00 m/s
[Solver Step 026000] t=10.576 | Pos Err:    0.04 km | Vel Err:    0.00 m/s
[Solver Step 027000] t=10.935 | Pos Err:    0.11 km | Vel Err:    0.09 m/s
[Solver Step 028000] t=11.354 | Pos Err:    0.08 km | Vel Err:    0.00 m/s
[Solver Step 029000] t=11.811 | Pos Err:    0.08 km | Vel Err:    0.00 m/s
[Solver Step 030000] t=12.180 | Pos Err:    0.07 km | Vel Err:    0.03 m/s
[Multiple Shooting] Converged in 4 iterations with residual 2.82e-14
[Solver Step 001000] t= 0.360 | Pos Err:    3.42 km | Vel Err:    0.07 m/s
[Solver Step 002000] t= 0.714 | Pos Err:   16.92 km | Vel Err:    0.33 m/s
[Solver Step 003000] t= 1.074 | Pos Err:    6.32 km | Vel Err:    0.14 m/s
[Solver Step 004000] t= 1.452 | Pos Err:    7.79 km | Vel Err:    0.16 m/s
[Solver Step 005000] t= 1.830 | Pos Err:    5.68 km | Vel Err:    0.12 m/s
[Solver Step 006000] t= 2.202 | Pos Err:    4.69 km | Vel Err:    0.13 m/s
[Solver Step 001000] t= 0.415 | Pos Err:    1.45 km | Vel Err:    0.03 m/s
[Solver Step 002000] t= 0.819 | Pos Err:    0.05 km | Vel Err:    0.00 m/s
[Solver Step 003000] t= 1.260 | Pos Err:    0.07 km | Vel Err:    0.01 m/s
[Solver Step 004000] t= 1.608 | Pos Err:    0.08 km | Vel Err:    0.00 m/s
[Solver Step 005000] t= 1.993 | Pos Err:    0.04 km | Vel Err:    0.00 m/s
[Solver Step 006000] t= 2.446 | Pos Err:    0.03 km | Vel Err:    0.02 m/s
[Solver Step 007000] t= 2.847 | Pos Err:    0.04 km | Vel Err:    0.00 m/s
[Solver Step 008000] t= 3.244 | Pos Err:    0.05 km | Vel Err:    0.00 m/s
[Solver Step 009000] t= 3.619 | Pos Err:    0.11 km | Vel Err:    0.08 m/s
[Solver Step 010000] t= 4.034 | Pos Err:    0.06 km | Vel Err:    0.00 m/s
[Solver Step 011000] t= 4.453 | Pos Err:    0.06 km | Vel Err:    0.00 m/s
[Solver Step 012000] t= 4.895 | Pos Err:    0.03 km | Vel Err:    0.04 m/s
[Solver Step 013000] t= 5.234 | Pos Err:    0.03 km | Vel Err:    0.00 m/s
[Solver Step 014000] t= 5.632 | Pos Err:    0.06 km | Vel Err:    0.00 m/s
[Solver Step 015000] t= 6.111 | Pos Err:    0.07 km | Vel Err:    0.02 m/s
[Solver Step 016000] t= 6.497 | Pos Err:    0.08 km | Vel Err:    0.00 m/s
[Solver Step 017000] t= 6.924 | Pos Err:    0.08 km | Vel Err:    0.00 m/s
[Solver Step 018000] t= 7.268 | Pos Err:    0.13 km | Vel Err:    0.10 m/s
[Solver Step 019000] t= 7.689 | Pos Err:    0.04 km | Vel Err:    0.00 m/s
[Solver Step 020000] t= 8.168 | Pos Err:    0.06 km | Vel Err:    0.00 m/s
[Solver Step 021000] t= 8.554 | Pos Err:    0.05 km | Vel Err:    0.03 m/s
[Solver Step 022000] t= 8.922 | Pos Err:    0.08 km | Vel Err:    0.00 m/s
[Solver Step 023000] t= 9.315 | Pos Err:    0.06 km | Vel Err:    0.00 m/s
[Solver Step 024000] t= 9.774 | Pos Err:    0.04 km | Vel Err:    0.03 m/s
[Solver Step 025000] t=10.174 | Pos Err:    0.04 km | Vel Err:    0.00 m/s
[Solver Step 026000] t=10.574 | Pos Err:    0.04 km | Vel Err:    0.00 m/s
[Solver Step 027000] t=10.934 | Pos Err:    0.12 km | Vel Err:    0.09 m/s
[Solver Step 028000] t=11.353 | Pos Err:    0.08 km | Vel Err:    0.00 m/s
[Solver Step 029000] t=11.809 | Pos Err:    0.07 km | Vel Err:    0.00 m/s
[Solver Step 030000] t=12.178 | Pos Err:    0.05 km | Vel Err:    0.03 m/s
[Solver Step 001000] t= 0.215 | Pos Err:   20.02 km | Vel Err:    0.54 m/s
[Solver Step 002000] t= 0.468 | Pos Err:    2.45 km | Vel Err:    0.06 m/s
[Solver Step 003000] t= 0.711 | Pos Err:    0.33 km | Vel Err:    0.05 m/s
[Solver Step 004000] t= 0.924 | Pos Err:    0.04 km | Vel Err:    0.00 m/s
[Solver Step 005000] t= 1.174 | Pos Err:    0.07 km | Vel Err:    0.00 m/s
[Solver Step 006000] t= 1.429 | Pos Err:    0.05 km | Vel Err:    0.04 m/s
[Solver Step 007000] t= 1.660 | Pos Err:    0.05 km | Vel Err:    0.00 m/s
[Solver Step 008000] t= 1.874 | Pos Err:    0.06 km | Vel Err:    0.00 m/s
[Solver Step 009000] t= 2.133 | Pos Err:    0.11 km | Vel Err:    0.11 m/s
[Solver Step 010000] t= 2.376 | Pos Err:    0.03 km | Vel Err:    0.00 m/s
[Solver Step 011000] t= 2.588 | Pos Err:    0.04 km | Vel Err:    0.00 m/s
[Solver Step 012000] t= 2.836 | Pos Err:    1.09 km | Vel Err:    0.84 m/s
[Solver Step 013000] t= 3.091 | Pos Err:    0.02 km | Vel Err:    0.00 m/s
[Solver Step 014000] t= 3.311 | Pos Err:    0.03 km | Vel Err:    0.00 m/s
[Solver Step 015000] t= 3.533 | Pos Err:    0.78 km | Vel Err:    0.56 m/s
[Solver Step 016000] t= 3.795 | Pos Err:    0.02 km | Vel Err:    0.01 m/s
[Solver Step 017000] t= 4.037 | Pos Err:    0.05 km | Vel Err:    0.00 m/s
[Solver Step 018000] t= 4.244 | Pos Err:    0.42 km | Vel Err:    0.22 m/s
[Solver Step 019000] t= 4.496 | Pos Err:    0.05 km | Vel Err:    0.02 m/s
[Solver Step 020000] t= 4.750 | Pos Err:    0.06 km | Vel Err:    0.00 m/s
[Solver Step 021000] t= 4.967 | Pos Err:    0.18 km | Vel Err:    0.11 m/s
[Solver Step 022000] t= 5.188 | Pos Err:    0.06 km | Vel Err:    0.01 m/s
[Solver Step 023000] t= 5.454 | Pos Err:    0.07 km | Vel Err:    0.00 m/s
[Solver Step 024000] t= 5.696 | Pos Err:    0.11 km | Vel Err:    0.12 m/s
[Solver Step 025000] t= 5.903 | Pos Err:    0.06 km | Vel Err:    0.00 m/s
[Solver Step 026000] t= 6.157 | Pos Err:    0.07 km | Vel Err:    0.00 m/s
[Solver Step 027000] t= 6.411 | Pos Err:    0.21 km | Vel Err:    0.24 m/s
[Solver Step 028000] t= 6.622 | Pos Err:    0.07 km | Vel Err:    0.00 m/s
[Solver Step 029000] t= 6.849 | Pos Err:    0.09 km | Vel Err:    0.00 m/s
[Multiple Shooting] Converged in 6 iterations with residual 7.85e-15
[Solver Step 001000] t= 0.328 | Pos Err:   25.76 km | Vel Err:    0.55 m/s
[Solver Step 002000] t= 0.671 | Pos Err:   69.71 km | Vel Err:    1.41 m/s
[Solver Step 003000] t= 1.014 | Pos Err:   23.99 km | Vel Err:    0.54 m/s
[Solver Step 004000] t= 1.369 | Pos Err:   47.08 km | Vel Err:    0.84 m/s
[Solver Step 005000] t= 1.693 | Pos Err:   82.28 km | Vel Err:    1.76 m/s
[Solver Step 006000] t= 2.043 | Pos Err:    1.98 km | Vel Err:    0.03 m/s
[Solver Step 007000] t= 2.390 | Pos Err:  117.24 km | Vel Err:    1.91 m/s
[Solver Step 001000] t= 0.414 | Pos Err:    2.08 km | Vel Err:    0.05 m/s
[Solver Step 002000] t= 0.818 | Pos Err:    0.09 km | Vel Err:    0.00 m/s
[Solver Step 003000] t= 1.259 | Pos Err:    0.03 km | Vel Err:    0.01 m/s
[Solver Step 004000] t= 1.606 | Pos Err:    0.05 km | Vel Err:    0.00 m/s
[Solver Step 005000] t= 1.992 | Pos Err:    0.08 km | Vel Err:    0.00 m/s
[Solver Step 006000] t= 2.445 | Pos Err:    0.08 km | Vel Err:    0.02 m/s
[Solver Step 007000] t= 2.846 | Pos Err:    0.06 km | Vel Err:    0.00 m/s
[Solver Step 008000] t= 3.243 | Pos Err:    0.05 km | Vel Err:    0.00 m/s
[Solver Step 009000] t= 3.618 | Pos Err:    0.08 km | Vel Err:    0.08 m/s
[Solver Step 010000] t= 4.032 | Pos Err:    0.07 km | Vel Err:    0.00 m/s
[Solver Step 011000] t= 4.452 | Pos Err:    0.09 km | Vel Err:    0.00 m/s
[Solver Step 012000] t= 4.894 | Pos Err:    0.07 km | Vel Err:    0.04 m/s
[Solver Step 013000] t= 5.232 | Pos Err:    0.08 km | Vel Err:    0.00 m/s
[Solver Step 014000] t= 5.630 | Pos Err:    0.03 km | Vel Err:    0.00 m/s
[Solver Step 015000] t= 6.109 | Pos Err:    0.04 km | Vel Err:    0.02 m/s
[Solver Step 016000] t= 6.496 | Pos Err:    0.05 km | Vel Err:    0.00 m/s
[Solver Step 017000] t= 6.923 | Pos Err:    0.07 km | Vel Err:    0.00 m/s
[Solver Step 018000] t= 7.267 | Pos Err:    0.14 km | Vel Err:    0.10 m/s
[Solver Step 019000] t= 7.687 | Pos Err:    0.06 km | Vel Err:    0.00 m/s
[Solver Step 020000] t= 8.167 | Pos Err:    0.04 km | Vel Err:    0.00 m/s
[Solver Step 021000] t= 8.552 | Pos Err:    0.02 km | Vel Err:    0.03 m/s
[Solver Step 022000] t= 8.922 | Pos Err:    0.03 km | Vel Err:    0.00 m/s
[Solver Step 023000] t= 9.314 | Pos Err:    0.08 km | Vel Err:    0.00 m/s
[Solver Step 024000] t= 9.772 | Pos Err:    0.08 km | Vel Err:    0.03 m/s
[Solver Step 025000] t=10.173 | Pos Err:    0.08 km | Vel Err:    0.00 m/s
[Solver Step 026000] t=10.573 | Pos Err:    0.07 km | Vel Err:    0.00 m/s
[Solver Step 027000] t=10.933 | Pos Err:    0.10 km | Vel Err:    0.09 m/s
[Solver Step 028000] t=11.352 | Pos Err:    0.06 km | Vel Err:    0.00 m/s
[Solver Step 029000] t=11.808 | Pos Err:    0.07 km | Vel Err:    0.00 m/s
[Solver Step 030000] t=12.177 | Pos Err:    0.07 km | Vel Err:    0.03 m/s
[Multiple Shooting] Converged in 2 iterations with residual 2.20e-11
[Solver Step 001000] t= 0.430 | Pos Err:    0.51 km | Vel Err:    0.01 m/s
[Solver Step 002000] t= 0.909 | Pos Err:    0.19 km | Vel Err:    0.00 m/s
[Solver Step 003000] t= 1.406 | Pos Err:    1.87 km | Vel Err:    0.04 m/s
[Solver Step 004000] t= 1.816 | Pos Err:   16.83 km | Vel Err:    0.35 m/s
[Solver Step 005000] t= 2.173 | Pos Err:  143.80 km | Vel Err:    2.68 m/s
[Solver Step 006000] t= 2.638 | Pos Err:    1.88 km | Vel Err:    0.02 m/s
[Solver Step 007000] t= 3.109 | Pos Err:   20.40 km | Vel Err:    0.47 m/s
[Solver Step 001000] t= 0.415 | Pos Err:    0.49 km | Vel Err:    0.01 m/s
[Solver Step 002000] t= 0.790 | Pos Err:    0.07 km | Vel Err:    0.00 m/s
[Solver Step 003000] t= 1.099 | Pos Err:    0.01 km | Vel Err:    0.04 m/s
[Solver Step 004000] t= 1.550 | Pos Err:    0.05 km | Vel Err:    0.00 m/s
[Solver Step 005000] t= 2.102 | Pos Err:    0.05 km | Vel Err:    0.00 m/s
[Solver Step 006000] t= 2.515 | Pos Err:    0.05 km | Vel Err:    0.01 m/s
[Solver Step 007000] t= 3.014 | Pos Err:    0.05 km | Vel Err:    0.00 m/s
[Solver Step 008000] t= 3.567 | Pos Err:    0.05 km | Vel Err:    0.00 m/s
[Solver Step 009000] t= 4.057 | Pos Err:    0.05 km | Vel Err:    0.01 m/s
[Solver Step 010000] t= 4.459 | Pos Err:    0.05 km | Vel Err:    0.00 m/s
[Solver Step 011000] t= 4.997 | Pos Err:    0.05 km | Vel Err:    0.00 m/s
[Solver Step 012000] t= 5.584 | Pos Err:    0.04 km | Vel Err:    0.05 m/s
[Solver Step 013000] t= 6.066 | Pos Err:    0.06 km | Vel Err:    0.00 m/s
[Solver Step 014000] t= 6.467 | Pos Err:    0.06 km | Vel Err:    0.00 m/s
[Solver Step 015000] t= 7.025 | Pos Err:    0.04 km | Vel Err:    0.08 m/s
[Multiple Shooting] Converged in 2 iterations with residual 1.48e-15
[Solver Step 001000] t= 0.490 | Pos Err:    0.26 km | Vel Err:    0.01 m/s
[Solver Step 002000] t= 0.942 | Pos Err:    0.27 km | Vel Err:    0.01 m/s
[Solver Step 003000] t= 1.472 | Pos Err:    0.15 km | Vel Err:    0.01 m/s
[Solver Step 004000] t= 2.050 | Pos Err:    0.31 km | Vel Err:    0.01 m/s
[Solver Step 005000] t= 2.508 | Pos Err:    0.35 km | Vel Err:    0.01 m/s
[Solver Step 006000] t= 2.942 | Pos Err:    1.06 km | Vel Err:    0.02 m/s
[Solver Step 001000] t= 0.217 | Pos Err:   22.60 km | Vel Err:    0.49 m/s
[Solver Step 002000] t= 0.471 | Pos Err:    2.74 km | Vel Err:    0.08 m/s
[Solver Step 003000] t= 0.713 | Pos Err:    0.39 km | Vel Err:    0.03 m/s
[Solver Step 004000] t= 0.932 | Pos Err:    0.03 km | Vel Err:    0.00 m/s
[Solver Step 005000] t= 1.178 | Pos Err:    0.08 km | Vel Err:    0.00 m/s
[Solver Step 006000] t= 1.430 | Pos Err:    0.10 km | Vel Err:    0.03 m/s
[Solver Step 007000] t= 1.660 | Pos Err:    0.08 km | Vel Err:    0.00 m/s
[Solver Step 008000] t= 1.877 | Pos Err:    0.09 km | Vel Err:    0.00 m/s
[Solver Step 009000] t= 2.134 | Pos Err:    0.13 km | Vel Err:    0.08 m/s
[Solver Step 010000] t= 2.380 | Pos Err:    0.07 km | Vel Err:    0.00 m/s
[Solver Step 011000] t= 2.592 | Pos Err:    0.07 km | Vel Err:    0.00 m/s
[Solver Step 012000] t= 2.838 | Pos Err:    1.05 km | Vel Err:    0.80 m/s
[Solver Step 013000] t= 3.094 | Pos Err:    0.06 km | Vel Err:    0.00 m/s
[Solver Step 014000] t= 3.315 | Pos Err:    0.04 km | Vel Err:    0.00 m/s
[Solver Step 015000] t= 3.536 | Pos Err:    0.72 km | Vel Err:    0.53 m/s
[Solver Step 016000] t= 3.797 | Pos Err:    0.05 km | Vel Err:    0.00 m/s
[Solver Step 017000] t= 4.038 | Pos Err:    0.02 km | Vel Err:    0.00 m/s
[Solver Step 018000] t= 4.248 | Pos Err:    0.37 km | Vel Err:    0.21 m/s
[Solver Step 019000] t= 4.498 | Pos Err:    0.04 km | Vel Err:    0.02 m/s
[Solver Step 020000] t= 4.753 | Pos Err:    0.03 km | Vel Err:    0.00 m/s
[Solver Step 021000] t= 4.971 | Pos Err:    0.17 km | Vel Err:    0.11 m/s
[Solver Step 022000] t= 5.190 | Pos Err:    0.03 km | Vel Err:    0.01 m/s
[Solver Step 023000] t= 5.456 | Pos Err:    0.05 km | Vel Err:    0.00 m/s
[Solver Step 024000] t= 5.699 | Pos Err:    0.14 km | Vel Err:    0.12 m/s
[Solver Step 025000] t= 5.906 | Pos Err:    0.07 km | Vel Err:    0.00 m/s
[Solver Step 026000] t= 6.159 | Pos Err:    0.06 km | Vel Err:    0.00 m/s
[Solver Step 027000] t= 6.414 | Pos Err:    0.26 km | Vel Err:    0.24 m/s
[Solver Step 028000] t= 6.627 | Pos Err:    0.09 km | Vel Err:    0.00 m/s
[Solver Step 029000] t= 6.851 | Pos Err:    0.09 km | Vel Err:    0.00 m/s
[Solver Step 001000] t= 0.218 | Pos Err:   20.72 km | Vel Err:    0.55 m/s
[Solver Step 002000] t= 0.471 | Pos Err:    2.65 km | Vel Err:    0.06 m/s
[Solver Step 003000] t= 0.714 | Pos Err:    0.33 km | Vel Err:    0.01 m/s
[Solver Step 004000] t= 0.932 | Pos Err:    0.02 km | Vel Err:    0.00 m/s
[Solver Step 005000] t= 1.179 | Pos Err:    0.02 km | Vel Err:    0.00 m/s
[Solver Step 006000] t= 1.432 | Pos Err:    0.11 km | Vel Err:    0.06 m/s
[Solver Step 007000] t= 1.663 | Pos Err:    0.08 km | Vel Err:    0.00 m/s
[Solver Step 008000] t= 1.877 | Pos Err:    0.06 km | Vel Err:    0.00 m/s
[Solver Step 009000] t= 2.135 | Pos Err:    0.17 km | Vel Err:    0.09 m/s
[Solver Step 010000] t= 2.378 | Pos Err:    0.10 km | Vel Err:    0.00 m/s
[Solver Step 011000] t= 2.592 | Pos Err:    0.08 km | Vel Err:    0.00 m/s
[Solver Step 012000] t= 2.838 | Pos Err:    0.94 km | Vel Err:    0.80 m/s
[Solver Step 013000] t= 3.094 | Pos Err:    0.11 km | Vel Err:    0.00 m/s
[Solver Step 014000] t= 3.315 | Pos Err:    0.08 km | Vel Err:    0.00 m/s
[Solver Step 015000] t= 3.536 | Pos Err:    0.63 km | Vel Err:    0.53 m/s
[Solver Step 016000] t= 3.797 | Pos Err:    0.10 km | Vel Err:    0.00 m/s
[Solver Step 017000] t= 4.040 | Pos Err:    0.08 km | Vel Err:    0.00 m/s
[Solver Step 018000] t= 4.248 | Pos Err:    0.30 km | Vel Err:    0.21 m/s
[Solver Step 019000] t= 4.498 | Pos Err:    0.07 km | Vel Err:    0.02 m/s
[Solver Step 020000] t= 4.753 | Pos Err:    0.07 km | Vel Err:    0.00 m/s
[Solver Step 021000] t= 4.971 | Pos Err:    0.06 km | Vel Err:    0.11 m/s
[Solver Step 022000] t= 5.190 | Pos Err:    0.08 km | Vel Err:    0.01 m/s
[Solver Step 023000] t= 5.456 | Pos Err:    0.06 km | Vel Err:    0.00 m/s
[Solver Step 024000] t= 5.699 | Pos Err:    0.08 km | Vel Err:    0.12 m/s
[Solver Step 025000] t= 5.906 | Pos Err:    0.05 km | Vel Err:    0.00 m/s
[Solver Step 026000] t= 6.159 | Pos Err:    0.05 km | Vel Err:    0.00 m/s
[Solver Step 027000] t= 6.414 | Pos Err:    0.25 km | Vel Err:    0.24 m/s
[Solver Step 028000] t= 6.627 | Pos Err:    0.05 km | Vel Err:    0.00 m/s
[Solver Step 029000] t= 6.851 | Pos Err:    0.03 km | Vel Err:    0.00 m/s
[Multiple Shooting] Converged in 2 iterations with residual 8.21e-12
[Solver Step 001000] t= 0.427 | Pos Err:    0.58 km | Vel Err:    0.01 m/s
[Solver Step 002000] t= 0.925 | Pos Err:    0.53 km | Vel Err:    0.01 m/s
[Solver Step 003000] t= 1.424 | Pos Err:    3.29 km | Vel Err:    0.07 m/s
[Solver Step 004000] t= 1.793 | Pos Err:   54.10 km | Vel Err:    1.15 m/s
[Solver Step 005000] t= 2.208 | Pos Err:   46.33 km | Vel Err:    0.97 m/s
[Solver Step 006000] t= 2.672 | Pos Err:    3.10 km | Vel Err:    0.06 m/s
[Solver Step 007000] t= 3.112 | Pos Err:    9.90 km | Vel Err:    0.23 m/s
[Solver Step 001000] t= 0.410 | Pos Err:    4.01 km | Vel Err:    0.09 m/s
[Solver Step 002000] t= 0.814 | Pos Err:    0.12 km | Vel Err:    0.00 m/s
[Solver Step 003000] t= 1.257 | Pos Err:    0.02 km | Vel Err:    0.01 m/s
[Solver Step 004000] t= 1.603 | Pos Err:    0.04 km | Vel Err:    0.00 m/s
[Solver Step 005000] t= 1.989 | Pos Err:    0.11 km | Vel Err:    0.00 m/s
[Solver Step 006000] t= 2.442 | Pos Err:    0.12 km | Vel Err:    0.02 m/s
[Solver Step 007000] t= 2.843 | Pos Err:    0.10 km | Vel Err:    0.00 m/s
[Solver Step 008000] t= 3.242 | Pos Err:    0.09 km | Vel Err:    0.00 m/s
[Solver Step 009000] t= 3.615 | Pos Err:    0.09 km | Vel Err:    0.08 m/s
[Solver Step 010000] t= 4.029 | Pos Err:    0.08 km | Vel Err:    0.00 m/s
[Solver Step 011000] t= 4.449 | Pos Err:    0.11 km | Vel Err:    0.00 m/s
[Solver Step 012000] t= 4.891 | Pos Err:    0.10 km | Vel Err:    0.04 m/s
[Solver Step 013000] t= 5.230 | Pos Err:    0.12 km | Vel Err:    0.00 m/s
[Solver Step 014000] t= 5.627 | Pos Err:    0.06 km | Vel Err:    0.00 m/s
[Solver Step 015000] t= 6.106 | Pos Err:    0.02 km | Vel Err:    0.02 m/s
[Solver Step 016000] t= 6.493 | Pos Err:    0.04 km | Vel Err:    0.00 m/s
[Solver Step 017000] t= 6.920 | Pos Err:    0.07 km | Vel Err:    0.00 m/s
[Solver Step 018000] t= 7.264 | Pos Err:    0.14 km | Vel Err:    0.11 m/s
[Solver Step 019000] t= 7.684 | Pos Err:    0.10 km | Vel Err:    0.00 m/s
[Solver Step 020000] t= 8.164 | Pos Err:    0.08 km | Vel Err:    0.00 m/s
[Solver Step 021000] t= 8.549 | Pos Err:    0.06 km | Vel Err:    0.03 m/s
[Solver Step 022000] t= 8.920 | Pos Err:    0.02 km | Vel Err:    0.00 m/s
[Solver Step 023000] t= 9.311 | Pos Err:    0.09 km | Vel Err:    0.00 m/s
[Solver Step 024000] t= 9.769 | Pos Err:    0.11 km | Vel Err:    0.03 m/s
[Solver Step 025000] t=10.171 | Pos Err:    0.12 km | Vel Err:    0.00 m/s
[Solver Step 026000] t=10.570 | Pos Err:    0.11 km | Vel Err:    0.00 m/s
[Solver Step 027000] t=10.930 | Pos Err:    0.13 km | Vel Err:    0.09 m/s
[Solver Step 028000] t=11.350 | Pos Err:    0.05 km | Vel Err:    0.00 m/s
[Solver Step 029000] t=11.805 | Pos Err:    0.08 km | Vel Err:    0.00 m/s
[Solver Step 030000] t=12.174 | Pos Err:    0.08 km | Vel Err:    0.03 m/s
[Solver Step 031000] t=12.565 | Pos Err:    0.11 km | Vel Err:    0.00 m/s
[Solver Step 001000] t= 0.415 | Pos Err:    2.81 km | Vel Err:    0.06 m/s
[Solver Step 002000] t= 0.820 | Pos Err:    0.10 km | Vel Err:    0.00 m/s
[Solver Step 003000] t= 1.260 | Pos Err:    0.05 km | Vel Err:    0.01 m/s
[Solver Step 004000] t= 1.608 | Pos Err:    0.07 km | Vel Err:    0.00 m/s
[Solver Step 005000] t= 1.994 | Pos Err:    0.09 km | Vel Err:    0.00 m/s
[Solver Step 006000] t= 2.446 | Pos Err:    0.07 km | Vel Err:    0.02 m/s
[Solver Step 007000] t= 2.848 | Pos Err:    0.05 km | Vel Err:    0.00 m/s
[Solver Step 008000] t= 3.245 | Pos Err:    0.03 km | Vel Err:    0.00 m/s
[Solver Step 009000] t= 3.620 | Pos Err:    0.07 km | Vel Err:    0.08 m/s
[Solver Step 010000] t= 4.034 | Pos Err:    0.09 km | Vel Err:    0.00 m/s
[Solver Step 011000] t= 4.453 | Pos Err:    0.10 km | Vel Err:    0.00 m/s
[Solver Step 012000] t= 4.896 | Pos Err:    0.08 km | Vel Err:    0.04 m/s
[Solver Step 013000] t= 5.234 | Pos Err:    0.08 km | Vel Err:    0.00 m/s
[Solver Step 014000] t= 5.632 | Pos Err:    0.02 km | Vel Err:    0.00 m/s
[Solver Step 015000] t= 6.111 | Pos Err:    0.06 km | Vel Err:    0.02 m/s
[Solver Step 016000] t= 6.498 | Pos Err:    0.08 km | Vel Err:    0.00 m/s
[Solver Step 017000] t= 6.925 | Pos Err:    0.09 km | Vel Err:    0.00 m/s
[Solver Step 018000] t= 7.269 | Pos Err:    0.16 km | Vel Err:    0.10 m/s
[Solver Step 019000] t= 7.689 | Pos Err:    0.05 km | Vel Err:    0.00 m/s
[Solver Step 020000] t= 8.168 | Pos Err:    0.03 km | Vel Err:    0.00 m/s
[Solver Step 021000] t= 8.554 | Pos Err:    0.02 km | Vel Err:    0.03 m/s
[Solver Step 022000] t= 8.923 | Pos Err:    0.05 km | Vel Err:    0.00 m/s
[Solver Step 023000] t= 9.316 | Pos Err:    0.09 km | Vel Err:    0.00 m/s
[Solver Step 024000] t= 9.774 | Pos Err:    0.08 km | Vel Err:    0.03 m/s
[Solver Step 025000] t=10.175 | Pos Err:    0.08 km | Vel Err:    0.00 m/s
[Solver Step 026000] t=10.575 | Pos Err:    0.06 km | Vel Err:    0.00 m/s
[Solver Step 027000] t=10.934 | Pos Err:    0.08 km | Vel Err:    0.09 m/s
[Solver Step 028000] t=11.354 | Pos Err:    0.08 km | Vel Err:    0.00 m/s
[Solver Step 029000] t=11.810 | Pos Err:    0.09 km | Vel Err:    0.00 m/s
[Solver Step 030000] t=12.179 | Pos Err:    0.08 km | Vel Err:    0.03 m/s
[Solver Step 001000] t= 0.417 | Pos Err:    0.52 km | Vel Err:    0.01 m/s
[Solver Step 002000] t= 0.791 | Pos Err:    0.07 km | Vel Err:    0.00 m/s
[Solver Step 003000] t= 1.100 | Pos Err:    0.01 km | Vel Err:    0.04 m/s
[Solver Step 004000] t= 1.552 | Pos Err:    0.05 km | Vel Err:    0.00 m/s
[Solver Step 005000] t= 2.103 | Pos Err:    0.05 km | Vel Err:    0.00 m/s
[Solver Step 006000] t= 2.516 | Pos Err:    0.05 km | Vel Err:    0.01 m/s
[Solver Step 007000] t= 3.016 | Pos Err:    0.05 km | Vel Err:    0.00 m/s
[Solver Step 008000] t= 3.568 | Pos Err:    0.05 km | Vel Err:    0.00 m/s
[Solver Step 009000] t= 4.058 | Pos Err:    0.04 km | Vel Err:    0.01 m/s
[Solver Step 010000] t= 4.460 | Pos Err:    0.05 km | Vel Err:    0.00 m/s
[Solver Step 011000] t= 4.998 | Pos Err:    0.05 km | Vel Err:    0.00 m/s
[Solver Step 012000] t= 5.585 | Pos Err:    0.04 km | Vel Err:    0.05 m/s
[Solver Step 013000] t= 6.067 | Pos Err:    0.05 km | Vel Err:    0.00 m/s
[Solver Step 014000] t= 6.469 | Pos Err:    0.06 km | Vel Err:    0.00 m/s
[Solver Step 015000] t= 7.026 | Pos Err:    0.03 km | Vel Err:    0.08 m/s
[Multiple Shooting] Converged in 2 iterations with residual 1.01e-11
[Solver Step 001000] t= 0.424 | Pos Err:    0.18 km | Vel Err:    0.00 m/s
[Solver Step 002000] t= 0.929 | Pos Err:    1.41 km | Vel Err:    0.03 m/s
[Solver Step 003000] t= 1.411 | Pos Err:   11.37 km | Vel Err:    0.23 m/s
[Solver Step 004000] t= 1.743 | Pos Err:   85.67 km | Vel Err:    1.69 m/s
[Solver Step 005000] t= 2.237 | Pos Err:    1.84 km | Vel Err:    0.05 m/s
[Solver Step 006000] t= 2.684 | Pos Err:    1.36 km | Vel Err:    0.03 m/s
[Solver Step 007000] t= 3.079 | Pos Err:    8.03 km | Vel Err:    0.18 m/s
[Multiple Shooting] Converged in 2 iterations with residual 1.35e-15
[Solver Step 001000] t= 0.477 | Pos Err:    0.14 km | Vel Err:    0.00 m/s
[Solver Step 002000] t= 0.951 | Pos Err:    0.23 km | Vel Err:    0.00 m/s
[Solver Step 003000] t= 1.503 | Pos Err:    0.13 km | Vel Err:    0.01 m/s
[Solver Step 004000] t= 2.078 | Pos Err:    0.08 km | Vel Err:    0.00 m/s
[Solver Step 005000] t= 2.491 | Pos Err:    0.25 km | Vel Err:    0.00 m/s
[Solver Step 006000] t= 2.965 | Pos Err:    0.14 km | Vel Err:    0.02 m/s
[Solver Step 001000] t= 0.416 | Pos Err:    3.67 km | Vel Err:    0.08 m/s
[Solver Step 002000] t= 0.820 | Pos Err:    0.10 km | Vel Err:    0.00 m/s
[Solver Step 003000] t= 1.261 | Pos Err:    0.07 km | Vel Err:    0.01 m/s
[Solver Step 004000] t= 1.608 | Pos Err:    0.10 km | Vel Err:    0.00 m/s
[Solver Step 005000] t= 1.994 | Pos Err:    0.10 km | Vel Err:    0.00 m/s
[Solver Step 006000] t= 2.447 | Pos Err:    0.06 km | Vel Err:    0.02 m/s
[Solver Step 007000] t= 2.848 | Pos Err:    0.04 km | Vel Err:    0.00 m/s
[Solver Step 008000] t= 3.245 | Pos Err:    0.01 km | Vel Err:    0.00 m/s
[Solver Step 009000] t= 3.620 | Pos Err:    0.06 km | Vel Err:    0.08 m/s
[Solver Step 010000] t= 4.034 | Pos Err:    0.11 km | Vel Err:    0.00 m/s
[Solver Step 011000] t= 4.453 | Pos Err:    0.11 km | Vel Err:    0.00 m/s
[Solver Step 012000] t= 4.896 | Pos Err:    0.09 km | Vel Err:    0.04 m/s
[Solver Step 013000] t= 5.234 | Pos Err:    0.07 km | Vel Err:    0.00 m/s
[Solver Step 014000] t= 5.633 | Pos Err:    0.02 km | Vel Err:    0.00 m/s
[Solver Step 015000] t= 6.111 | Pos Err:    0.08 km | Vel Err:    0.02 m/s
[Solver Step 016000] t= 6.498 | Pos Err:    0.10 km | Vel Err:    0.00 m/s
[Solver Step 017000] t= 6.925 | Pos Err:    0.11 km | Vel Err:    0.00 m/s
[Solver Step 018000] t= 7.269 | Pos Err:    0.18 km | Vel Err:    0.10 m/s
[Solver Step 019000] t= 7.690 | Pos Err:    0.03 km | Vel Err:    0.00 m/s
[Solver Step 020000] t= 8.169 | Pos Err:    0.00 km | Vel Err:    0.00 m/s
[Solver Step 021000] t= 8.554 | Pos Err:    0.03 km | Vel Err:    0.03 m/s
[Solver Step 022000] t= 8.923 | Pos Err:    0.07 km | Vel Err:    0.00 m/s
[Solver Step 023000] t= 9.316 | Pos Err:    0.11 km | Vel Err:    0.00 m/s
[Solver Step 024000] t= 9.775 | Pos Err:    0.09 km | Vel Err:    0.03 m/s
[Solver Step 025000] t=10.175 | Pos Err:    0.07 km | Vel Err:    0.00 m/s
[Solver Step 026000] t=10.575 | Pos Err:    0.05 km | Vel Err:    0.00 m/s
[Solver Step 027000] t=10.935 | Pos Err:    0.07 km | Vel Err:    0.09 m/s
[Solver Step 028000] t=11.354 | Pos Err:    0.10 km | Vel Err:    0.00 m/s
[Solver Step 029000] t=11.810 | Pos Err:    0.11 km | Vel Err:    0.00 m/s
[Solver Step 030000] t=12.179 | Pos Err:    0.10 km | Vel Err:    0.03 m/s
[Multiple Shooting] Converged in 2 iterations with residual 6.45e-12
[Solver Step 001000] t= 0.425 | Pos Err:    0.55 km | Vel Err:    0.01 m/s
[Solver Step 002000] t= 0.924 | Pos Err:    0.55 km | Vel Err:    0.01 m/s
[Solver Step 003000] t= 1.422 | Pos Err:    3.67 km | Vel Err:    0.08 m/s
[Solver Step 004000] t= 1.788 | Pos Err:   55.59 km | Vel Err:    1.17 m/s
[Solver Step 005000] t= 2.207 | Pos Err:   43.26 km | Vel Err:    0.91 m/s
[Solver Step 006000] t= 2.672 | Pos Err:    2.93 km | Vel Err:    0.06 m/s
[Solver Step 007000] t= 3.109 | Pos Err:   10.49 km | Vel Err:    0.24 m/s
[Solver Step 001000] t= 0.418 | Pos Err:    0.99 km | Vel Err:    0.02 m/s
[Solver Step 002000] t= 0.822 | Pos Err:    0.04 km | Vel Err:    0.00 m/s
[Solver Step 003000] t= 1.262 | Pos Err:    0.07 km | Vel Err:    0.01 m/s
[Solver Step 004000] t= 1.610 | Pos Err:    0.07 km | Vel Err:    0.00 m/s
[Solver Step 005000] t= 1.996 | Pos Err:    0.04 km | Vel Err:    0.00 m/s
[Solver Step 006000] t= 2.449 | Pos Err:    0.05 km | Vel Err:    0.01 m/s
[Solver Step 007000] t= 2.851 | Pos Err:    0.06 km | Vel Err:    0.00 m/s
[Solver Step 008000] t= 3.246 | Pos Err:    0.06 km | Vel Err:    0.00 m/s
[Solver Step 009000] t= 3.622 | Pos Err:    0.12 km | Vel Err:    0.08 m/s
[Solver Step 010000] t= 4.037 | Pos Err:    0.05 km | Vel Err:    0.00 m/s
[Solver Step 011000] t= 4.455 | Pos Err:    0.05 km | Vel Err:    0.00 m/s
[Solver Step 012000] t= 4.898 | Pos Err:    0.03 km | Vel Err:    0.04 m/s
[Solver Step 013000] t= 5.236 | Pos Err:    0.04 km | Vel Err:    0.00 m/s
[Solver Step 014000] t= 5.635 | Pos Err:    0.06 km | Vel Err:    0.00 m/s
[Solver Step 015000] t= 6.114 | Pos Err:    0.06 km | Vel Err:    0.02 m/s
[Solver Step 016000] t= 6.500 | Pos Err:    0.06 km | Vel Err:    0.00 m/s
[Solver Step 017000] t= 6.927 | Pos Err:    0.06 km | Vel Err:    0.00 m/s
[Solver Step 018000] t= 7.271 | Pos Err:    0.11 km | Vel Err:    0.10 m/s
[Solver Step 019000] t= 7.692 | Pos Err:    0.06 km | Vel Err:    0.00 m/s
[Solver Step 020000] t= 8.170 | Pos Err:    0.07 km | Vel Err:    0.00 m/s
[Solver Step 021000] t= 8.556 | Pos Err:    0.05 km | Vel Err:    0.03 m/s
[Solver Step 022000] t= 8.924 | Pos Err:    0.07 km | Vel Err:    0.00 m/s
[Solver Step 023000] t= 9.318 | Pos Err:    0.04 km | Vel Err:    0.00 m/s
[Solver Step 024000] t= 9.777 | Pos Err:    0.04 km | Vel Err:    0.03 m/s
[Solver Step 025000] t=10.177 | Pos Err:    0.05 km | Vel Err:    0.00 m/s
[Solver Step 026000] t=10.577 | Pos Err:    0.05 km | Vel Err:    0.00 m/s
[Solver Step 027000] t=10.937 | Pos Err:    0.13 km | Vel Err:    0.09 m/s
[Solver Step 028000] t=11.355 | Pos Err:    0.06 km | Vel Err:    0.00 m/s
[Solver Step 029000] t=11.812 | Pos Err:    0.05 km | Vel Err:    0.00 m/s
[Solver Step 030000] t=12.181 | Pos Err:    0.04 km | Vel Err:    0.03 m/s
[Solver Step 001000] t= 0.413 | Pos Err:    2.68 km | Vel Err:    0.06 m/s
[Solver Step 002000] t= 0.817 | Pos Err:    0.10 km | Vel Err:    0.00 m/s
[Solver Step 003000] t= 1.259 | Pos Err:    0.02 km | Vel Err:    0.01 m/s
[Solver Step 004000] t= 1.606 | Pos Err:    0.05 km | Vel Err:    0.00 m/s
[Solver Step 005000] t= 1.991 | Pos Err:    0.09 km | Vel Err:    0.00 m/s
[Solver Step 006000] t= 2.444 | Pos Err:    0.09 km | Vel Err:    0.02 m/s
[Solver Step 007000] t= 2.845 | Pos Err:    0.07 km | Vel Err:    0.00 m/s
[Solver Step 008000] t= 3.243 | Pos Err:    0.06 km | Vel Err:    0.00 m/s
[Solver Step 009000] t= 3.617 | Pos Err:    0.07 km | Vel Err:    0.08 m/s
[Solver Step 010000] t= 4.031 | Pos Err:    0.08 km | Vel Err:    0.00 m/s
[Solver Step 011000] t= 4.451 | Pos Err:    0.10 km | Vel Err:    0.00 m/s
[Solver Step 012000] t= 4.893 | Pos Err:    0.08 km | Vel Err:    0.04 m/s
[Solver Step 013000] t= 5.232 | Pos Err:    0.09 km | Vel Err:    0.00 m/s
[Solver Step 014000] t= 5.630 | Pos Err:    0.03 km | Vel Err:    0.00 m/s
[Solver Step 015000] t= 6.108 | Pos Err:    0.03 km | Vel Err:    0.02 m/s
[Solver Step 016000] t= 6.495 | Pos Err:    0.05 km | Vel Err:    0.00 m/s
[Solver Step 017000] t= 6.923 | Pos Err:    0.07 km | Vel Err:    0.00 m/s
[Solver Step 018000] t= 7.266 | Pos Err:    0.14 km | Vel Err:    0.10 m/s
[Solver Step 019000] t= 7.687 | Pos Err:    0.07 km | Vel Err:    0.00 m/s
[Solver Step 020000] t= 8.166 | Pos Err:    0.05 km | Vel Err:    0.00 m/s
[Solver Step 021000] t= 8.552 | Pos Err:    0.03 km | Vel Err:    0.03 m/s
[Solver Step 022000] t= 8.921 | Pos Err:    0.02 km | Vel Err:    0.00 m/s
[Solver Step 023000] t= 9.313 | Pos Err:    0.08 km | Vel Err:    0.00 m/s
[Solver Step 024000] t= 9.771 | Pos Err:    0.09 km | Vel Err:    0.03 m/s
[Solver Step 025000] t=10.173 | Pos Err:    0.10 km | Vel Err:    0.00 m/s
[Solver Step 026000] t=10.572 | Pos Err:    0.08 km | Vel Err:    0.00 m/s
[Solver Step 027000] t=10.932 | Pos Err:    0.10 km | Vel Err:    0.09 m/s
[Solver Step 028000] t=11.352 | Pos Err:    0.06 km | Vel Err:    0.00 m/s
[Solver Step 029000] t=11.807 | Pos Err:    0.08 km | Vel Err:    0.00 m/s
[Solver Step 030000] t=12.176 | Pos Err:    0.08 km | Vel Err:    0.03 m/s
[Multiple Shooting] Converged in 4 iterations with residual 2.26e-14
[Solver Step 001000] t= 0.350 | Pos Err:    7.76 km | Vel Err:    0.17 m/s
[Solver Step 002000] t= 0.696 | Pos Err:   44.34 km | Vel Err:    0.98 m/s
[Solver Step 003000] t= 1.061 | Pos Err:   27.15 km | Vel Err:    0.54 m/s
[Solver Step 004000] t= 1.427 | Pos Err:    1.87 km | Vel Err:    0.04 m/s
[Solver Step 005000] t= 1.776 | Pos Err:   19.67 km | Vel Err:    0.37 m/s
[Solver Step 006000] t= 2.137 | Pos Err:   39.43 km | Vel Err:    0.74 m/s
[Solver Step 007000] t= 2.499 | Pos Err:  145.39 km | Vel Err:    3.14 m/s
[Solver Step 001000] t= 0.217 | Pos Err:   16.30 km | Vel Err:    0.23 m/s
[Solver Step 002000] t= 0.471 | Pos Err:    1.92 km | Vel Err:    0.03 m/s
[Solver Step 003000] t= 0.713 | Pos Err:    0.34 km | Vel Err:    0.02 m/s
[Solver Step 004000] t= 0.932 | Pos Err:    0.03 km | Vel Err:    0.00 m/s
[Solver Step 005000] t= 1.178 | Pos Err:    0.05 km | Vel Err:    0.00 m/s
[Solver Step 006000] t= 1.430 | Pos Err:    0.02 km | Vel Err:    0.03 m/s
[Solver Step 007000] t= 1.660 | Pos Err:    0.02 km | Vel Err:    0.00 m/s
[Solver Step 008000] t= 1.877 | Pos Err:    0.04 km | Vel Err:    0.00 m/s
[Solver Step 009000] t= 2.134 | Pos Err:    0.09 km | Vel Err:    0.08 m/s
[Solver Step 010000] t= 2.380 | Pos Err:    0.04 km | Vel Err:    0.00 m/s
[Solver Step 011000] t= 2.597 | Pos Err:    0.05 km | Vel Err:    0.00 m/s
[Solver Step 012000] t= 2.840 | Pos Err:    0.99 km | Vel Err:    0.83 m/s
[Solver Step 013000] t= 3.096 | Pos Err:    0.06 km | Vel Err:    0.00 m/s
[Solver Step 014000] t= 3.317 | Pos Err:    0.07 km | Vel Err:    0.00 m/s
[Solver Step 015000] t= 3.538 | Pos Err:    0.70 km | Vel Err:    0.51 m/s
[Solver Step 016000] t= 3.798 | Pos Err:    0.06 km | Vel Err:    0.00 m/s
[Solver Step 017000] t= 4.040 | Pos Err:    0.09 km | Vel Err:    0.00 m/s
[Solver Step 018000] t= 4.250 | Pos Err:    0.37 km | Vel Err:    0.20 m/s
[Solver Step 019000] t= 4.499 | Pos Err:    0.07 km | Vel Err:    0.02 m/s
[Solver Step 020000] t= 4.754 | Pos Err:    0.09 km | Vel Err:    0.00 m/s
[Solver Step 021000] t= 4.973 | Pos Err:    0.12 km | Vel Err:    0.11 m/s
[Solver Step 022000] t= 5.192 | Pos Err:    0.09 km | Vel Err:    0.01 m/s
[Solver Step 023000] t= 5.458 | Pos Err:    0.10 km | Vel Err:    0.00 m/s
[Solver Step 024000] t= 5.701 | Pos Err:    0.05 km | Vel Err:    0.12 m/s
[Solver Step 025000] t= 5.908 | Pos Err:    0.06 km | Vel Err:    0.00 m/s
[Solver Step 026000] t= 6.160 | Pos Err:    0.08 km | Vel Err:    0.00 m/s
[Solver Step 027000] t= 6.416 | Pos Err:    0.18 km | Vel Err:    0.24 m/s
[Solver Step 028000] t= 6.629 | Pos Err:    0.03 km | Vel Err:    0.00 m/s
[Solver Step 029000] t= 6.852 | Pos Err:    0.06 km | Vel Err:    0.00 m/s
[Multiple Shooting] Converged in 2 iterations with residual 5.29e-12
[Solver Step 001000] t= 0.423 | Pos Err:    0.62 km | Vel Err:    0.01 m/s
[Solver Step 002000] t= 0.924 | Pos Err:    0.67 km | Vel Err:    0.01 m/s
[Solver Step 003000] t= 1.421 | Pos Err:    4.13 km | Vel Err:    0.10 m/s
[Solver Step 004000] t= 1.772 | Pos Err:   57.75 km | Vel Err:    1.13 m/s
[Solver Step 005000] t= 2.211 | Pos Err:   31.33 km | Vel Err:    0.67 m/s
[Solver Step 006000] t= 2.674 | Pos Err:    2.46 km | Vel Err:    0.05 m/s
[Solver Step 007000] t= 3.099 | Pos Err:   11.23 km | Vel Err:    0.26 m/s
[Solver Step 001000] t= 0.416 | Pos Err:    0.55 km | Vel Err:    0.01 m/s
[Solver Step 002000] t= 0.790 | Pos Err:    0.06 km | Vel Err:    0.00 m/s
[Solver Step 003000] t= 1.099 | Pos Err:    0.01 km | Vel Err:    0.04 m/s
[Solver Step 004000] t= 1.551 | Pos Err:    0.06 km | Vel Err:    0.00 m/s
[Solver Step 005000] t= 2.102 | Pos Err:    0.06 km | Vel Err:    0.00 m/s
[Solver Step 006000] t= 2.515 | Pos Err:    0.06 km | Vel Err:    0.01 m/s
[Solver Step 007000] t= 3.015 | Pos Err:    0.06 km | Vel Err:    0.00 m/s
[Solver Step 008000] t= 3.567 | Pos Err:    0.06 km | Vel Err:    0.00 m/s
[Solver Step 009000] t= 4.057 | Pos Err:    0.06 km | Vel Err:    0.01 m/s
[Solver Step 010000] t= 4.459 | Pos Err:    0.06 km | Vel Err:    0.00 m/s
[Solver Step 011000] t= 4.997 | Pos Err:    0.06 km | Vel Err:    0.00 m/s
[Solver Step 012000] t= 5.584 | Pos Err:    0.05 km | Vel Err:    0.05 m/s
[Solver Step 013000] t= 6.067 | Pos Err:    0.06 km | Vel Err:    0.00 m/s
[Solver Step 014000] t= 6.468 | Pos Err:    0.06 km | Vel Err:    0.00 m/s
[Solver Step 015000] t= 7.025 | Pos Err:    0.04 km | Vel Err:    0.08 m/s
[Solver Step 001000] t= 0.418 | Pos Err:    0.61 km | Vel Err:    0.01 m/s
[Solver Step 002000] t= 0.792 | Pos Err:    0.07 km | Vel Err:    0.00 m/s
[Solver Step 003000] t= 1.101 | Pos Err:    0.01 km | Vel Err:    0.04 m/s
[Solver Step 004000] t= 1.553 | Pos Err:    0.05 km | Vel Err:    0.00 m/s
[Solver Step 005000] t= 2.104 | Pos Err:    0.05 km | Vel Err:    0.00 m/s
[Solver Step 006000] t= 2.517 | Pos Err:    0.05 km | Vel Err:    0.01 m/s
[Solver Step 007000] t= 3.017 | Pos Err:    0.04 km | Vel Err:    0.00 m/s
[Solver Step 008000] t= 3.570 | Pos Err:    0.04 km | Vel Err:    0.00 m/s
[Solver Step 009000] t= 4.059 | Pos Err:    0.04 km | Vel Err:    0.01 m/s
[Solver Step 010000] t= 4.461 | Pos Err:    0.05 km | Vel Err:    0.00 m/s
[Solver Step 011000] t= 5.000 | Pos Err:    0.05 km | Vel Err:    0.00 m/s
[Solver Step 012000] t= 5.587 | Pos Err:    0.04 km | Vel Err:    0.05 m/s
[Solver Step 013000] t= 6.068 | Pos Err:    0.06 km | Vel Err:    0.00 m/s
[Solver Step 014000] t= 6.470 | Pos Err:    0.06 km | Vel Err:    0.00 m/s
[Solver Step 015000] t= 7.028 | Pos Err:    0.04 km | Vel Err:    0.08 m/s
[Multiple Shooting] Converged in 2 iterations with residual 3.65e-12
[Solver Step 001000] t= 0.413 | Pos Err:    0.35 km | Vel Err:    0.01 m/s
[Solver Step 002000] t= 0.916 | Pos Err:    5.52 km | Vel Err:    0.10 m/s
[Solver Step 003000] t= 1.344 | Pos Err:   89.83 km | Vel Err:    1.96 m/s
[Solver Step 004000] t= 1.746 | Pos Err:   79.82 km | Vel Err:    1.71 m/s
[Solver Step 005000] t= 2.238 | Pos Err:    1.23 km | Vel Err:    0.03 m/s
[Solver Step 006000] t= 2.631 | Pos Err:    0.16 km | Vel Err:    0.01 m/s
[Solver Step 007000] t= 3.089 | Pos Err:    8.50 km | Vel Err:    0.20 m/s
[Solver Step 001000] t= 0.217 | Pos Err:   18.40 km | Vel Err:    0.49 m/s
[Solver Step 002000] t= 0.470 | Pos Err:    2.37 km | Vel Err:    0.05 m/s
[Solver Step 003000] t= 0.711 | Pos Err:    0.28 km | Vel Err:    0.03 m/s
[Solver Step 004000] t= 0.930 | Pos Err:    0.02 km | Vel Err:    0.01 m/s
[Solver Step 005000] t= 1.177 | Pos Err:    0.01 km | Vel Err:    0.00 m/s
[Solver Step 006000] t= 1.429 | Pos Err:    0.08 km | Vel Err:    0.03 m/s
[Solver Step 007000] t= 1.659 | Pos Err:    0.08 km | Vel Err:    0.00 m/s
[Solver Step 008000] t= 1.872 | Pos Err:    0.05 km | Vel Err:    0.00 m/s
[Solver Step 009000] t= 2.132 | Pos Err:    0.31 km | Vel Err:    0.22 m/s
[Solver Step 010000] t= 2.370 | Pos Err:    0.09 km | Vel Err:    0.00 m/s
[Solver Step 011000] t= 2.580 | Pos Err:    0.07 km | Vel Err:    0.00 m/s
[Solver Step 012000] t= 2.832 | Pos Err:    1.69 km | Vel Err:    1.34 m/s
[Solver Step 013000] t= 3.086 | Pos Err:    0.10 km | Vel Err:    0.00 m/s
[Solver Step 014000] t= 3.303 | Pos Err:    0.07 km | Vel Err:    0.00 m/s
[Solver Step 015000] t= 3.528 | Pos Err:    0.70 km | Vel Err:    0.60 m/s
[Solver Step 016000] t= 3.791 | Pos Err:    0.10 km | Vel Err:    0.01 m/s
[Solver Step 017000] t= 4.030 | Pos Err:    0.08 km | Vel Err:    0.00 m/s
[Solver Step 018000] t= 4.236 | Pos Err:    0.33 km | Vel Err:    0.24 m/s
[Solver Step 019000] t= 4.491 | Pos Err:    0.06 km | Vel Err:    0.02 m/s
[Solver Step 020000] t= 4.744 | Pos Err:    0.06 km | Vel Err:    0.00 m/s
[Solver Step 021000] t= 4.959 | Pos Err:    0.11 km | Vel Err:    0.12 m/s
[Solver Step 022000] t= 5.183 | Pos Err:    0.07 km | Vel Err:    0.01 m/s
[Solver Step 023000] t= 5.449 | Pos Err:    0.05 km | Vel Err:    0.00 m/s
[Solver Step 024000] t= 5.689 | Pos Err:    0.07 km | Vel Err:    0.11 m/s
[Solver Step 025000] t= 5.896 | Pos Err:    0.04 km | Vel Err:    0.00 m/s
[Solver Step 026000] t= 6.153 | Pos Err:    0.04 km | Vel Err:    0.00 m/s
[Solver Step 027000] t= 6.404 | Pos Err:    0.23 km | Vel Err:    0.24 m/s
[Solver Step 028000] t= 6.614 | Pos Err:    0.04 km | Vel Err:    0.00 m/s
[Solver Step 029000] t= 6.844 | Pos Err:    0.03 km | Vel Err:    0.00 m/s
[Multiple Shooting] Converged in 2 iterations with residual 1.40e-15
[Solver Step 001000] t= 0.493 | Pos Err:    0.23 km | Vel Err:    0.00 m/s
[Solver Step 002000] t= 0.951 | Pos Err:    0.25 km | Vel Err:    0.01 m/s
[Solver Step 003000] t= 1.447 | Pos Err:    0.06 km | Vel Err:    0.01 m/s
[Solver Step 004000] t= 2.004 | Pos Err:    0.11 km | Vel Err:    0.00 m/s
[Solver Step 005000] t= 2.536 | Pos Err:    0.16 km | Vel Err:    0.00 m/s
[Solver Step 006000] t= 2.928 | Pos Err:    1.60 km | Vel Err:    0.03 m/s
[Multiple Shooting] Converged in 2 iterations with residual 2.66e-11
[Solver Step 001000] t= 0.415 | Pos Err:    0.35 km | Vel Err:    0.01 m/s
[Solver Step 002000] t= 0.919 | Pos Err:    4.26 km | Vel Err:    0.08 m/s
[Solver Step 003000] t= 1.362 | Pos Err:   60.79 km | Vel Err:    1.25 m/s
[Solver Step 004000] t= 1.748 | Pos Err:   88.84 km | Vel Err:    1.89 m/s
[Solver Step 005000] t= 2.243 | Pos Err:    1.28 km | Vel Err:    0.03 m/s
[Solver Step 006000] t= 2.642 | Pos Err:    0.13 km | Vel Err:    0.01 m/s
[Solver Step 007000] t= 3.090 | Pos Err:    7.12 km | Vel Err:    0.16 m/s
[Multiple Shooting] Converged in 13 iterations with residual 5.29e-11
[Solver Step 001000] t= 0.453 | Pos Err:    2.55 km | Vel Err:    0.06 m/s
[Solver Step 002000] t= 0.862 | Pos Err:    0.55 km | Vel Err:    0.01 m/s
[Solver Step 003000] t= 1.282 | Pos Err:   36.17 km | Vel Err:    0.60 m/s
[Solver Step 004000] t= 1.629 | Pos Err:  204.50 km | Vel Err:    3.61 m/s
[Solver Step 005000] t= 2.163 | Pos Err:    0.71 km | Vel Err:    0.02 m/s
[Solver Step 001000] t= 0.418 | Pos Err:    0.38 km | Vel Err:    0.01 m/s
[Solver Step 002000] t= 0.792 | Pos Err:    0.06 km | Vel Err:    0.00 m/s
[Solver Step 003000] t= 1.101 | Pos Err:    0.01 km | Vel Err:    0.04 m/s
[Solver Step 004000] t= 1.553 | Pos Err:    0.05 km | Vel Err:    0.00 m/s
[Solver Step 005000] t= 2.104 | Pos Err:    0.05 km | Vel Err:    0.00 m/s
[Solver Step 006000] t= 2.517 | Pos Err:    0.05 km | Vel Err:    0.01 m/s
[Solver Step 007000] t= 3.017 | Pos Err:    0.05 km | Vel Err:    0.00 m/s
[Solver Step 008000] t= 3.570 | Pos Err:    0.05 km | Vel Err:    0.00 m/s
[Solver Step 009000] t= 4.059 | Pos Err:    0.05 km | Vel Err:    0.01 m/s
[Solver Step 010000] t= 4.461 | Pos Err:    0.05 km | Vel Err:    0.00 m/s
[Solver Step 011000] t= 4.999 | Pos Err:    0.05 km | Vel Err:    0.00 m/s
[Solver Step 012000] t= 5.586 | Pos Err:    0.03 km | Vel Err:    0.05 m/s
[Solver Step 013000] t= 6.068 | Pos Err:    0.05 km | Vel Err:    0.00 m/s
[Solver Step 014000] t= 6.470 | Pos Err:    0.05 km | Vel Err:    0.00 m/s
[Solver Step 015000] t= 7.027 | Pos Err:    0.03 km | Vel Err:    0.08 m/s
[Multiple Shooting] Converged in 2 iterations with residual 1.75e-15
[Solver Step 001000] t= 0.462 | Pos Err:    0.31 km | Vel Err:    0.01 m/s
[Solver Step 002000] t= 1.010 | Pos Err:    0.14 km | Vel Err:    0.00 m/s
[Solver Step 003000] t= 1.610 | Pos Err:    0.06 km | Vel Err:    0.01 m/s
[Solver Step 004000] t= 2.072 | Pos Err:    0.10 km | Vel Err:    0.00 m/s
[Solver Step 005000] t= 2.507 | Pos Err:    0.33 km | Vel Err:    0.01 m/s
[Solver Step 006000] t= 3.049 | Pos Err:    5.04 km | Vel Err:    0.13 m/s
[Solver Step 001000] t= 0.418 | Pos Err:    0.49 km | Vel Err:    0.01 m/s
[Solver Step 002000] t= 0.792 | Pos Err:    0.06 km | Vel Err:    0.00 m/s
[Solver Step 003000] t= 1.101 | Pos Err:    0.01 km | Vel Err:    0.04 m/s
[Solver Step 004000] t= 1.553 | Pos Err:    0.05 km | Vel Err:    0.00 m/s
[Solver Step 005000] t= 2.104 | Pos Err:    0.06 km | Vel Err:    0.00 m/s
[Solver Step 006000] t= 2.517 | Pos Err:    0.05 km | Vel Err:    0.01 m/s
[Solver Step 007000] t= 3.017 | Pos Err:    0.05 km | Vel Err:    0.00 m/s
[Solver Step 008000] t= 3.570 | Pos Err:    0.05 km | Vel Err:    0.00 m/s
[Solver Step 009000] t= 4.059 | Pos Err:    0.05 km | Vel Err:    0.01 m/s
[Solver Step 010000] t= 4.461 | Pos Err:    0.05 km | Vel Err:    0.00 m/s
[Solver Step 011000] t= 4.999 | Pos Err:    0.05 km | Vel Err:    0.00 m/s
[Solver Step 012000] t= 5.587 | Pos Err:    0.03 km | Vel Err:    0.05 m/s
[Solver Step 013000] t= 6.068 | Pos Err:    0.05 km | Vel Err:    0.00 m/s
[Solver Step 014000] t= 6.470 | Pos Err:    0.05 km | Vel Err:    0.00 m/s
[Solver Step 015000] t= 7.028 | Pos Err:    0.03 km | Vel Err:    0.08 m/s
[Multiple Shooting] Converged in 2 iterations with residual 1.58e-11
[Solver Step 001000] t= 0.417 | Pos Err:    0.55 km | Vel Err:    0.01 m/s
[Solver Step 002000] t= 0.921 | Pos Err:    5.48 km | Vel Err:    0.11 m/s
[Solver Step 003000] t= 1.351 | Pos Err:   80.31 km | Vel Err:    1.72 m/s
[Solver Step 004000] t= 1.750 | Pos Err:   78.42 km | Vel Err:    1.69 m/s
[Solver Step 005000] t= 2.243 | Pos Err:    0.90 km | Vel Err:    0.02 m/s
[Solver Step 006000] t= 2.637 | Pos Err:    0.04 km | Vel Err:    0.01 m/s
[Solver Step 007000] t= 3.093 | Pos Err:    7.46 km | Vel Err:    0.18 m/s
[Multiple Shooting] Converged in 2 iterations with residual 3.21e-12
[Solver Step 001000] t= 0.416 | Pos Err:    0.65 km | Vel Err:    0.01 m/s
[Solver Step 002000] t= 0.919 | Pos Err:    6.39 km | Vel Err:    0.12 m/s
[Solver Step 003000] t= 1.339 | Pos Err:  105.51 km | Vel Err:    2.32 m/s
[Solver Step 004000] t= 1.748 | Pos Err:   72.58 km | Vel Err:    1.57 m/s
[Solver Step 005000] t= 2.239 | Pos Err:    0.92 km | Vel Err:    0.02 m/s
[Solver Step 006000] t= 2.631 | Pos Err:    0.14 km | Vel Err:    0.01 m/s
[Solver Step 007000] t= 3.091 | Pos Err:    8.97 km | Vel Err:    0.21 m/s
[Multiple Shooting] Converged in 2 iterations with residual 2.12e-11
[Solver Step 001000] t= 0.415 | Pos Err:    0.49 km | Vel Err:    0.01 m/s
[Solver Step 002000] t= 0.919 | Pos Err:    3.20 km | Vel Err:    0.06 m/s
[Solver Step 003000] t= 1.372 | Pos Err:   47.45 km | Vel Err:    0.94 m/s
[Solver Step 004000] t= 1.745 | Pos Err:   99.18 km | Vel Err:    2.06 m/s
[Solver Step 005000] t= 2.242 | Pos Err:    1.76 km | Vel Err:    0.04 m/s
[Solver Step 006000] t= 2.654 | Pos Err:    0.48 km | Vel Err:    0.01 m/s
[Solver Step 007000] t= 3.084 | Pos Err:    6.99 km | Vel Err:    0.16 m/s
[Multiple Shooting] Converged in 2 iterations with residual 6.64e-12
[Solver Step 001000] t= 0.422 | Pos Err:    0.60 km | Vel Err:    0.01 m/s
[Solver Step 002000] t= 0.928 | Pos Err:    1.66 km | Vel Err:    0.03 m/s
[Solver Step 003000] t= 1.403 | Pos Err:   19.57 km | Vel Err:    0.38 m/s
[Solver Step 004000] t= 1.741 | Pos Err:   97.85 km | Vel Err:    1.94 m/s
[Solver Step 005000] t= 2.240 | Pos Err:    1.68 km | Vel Err:    0.04 m/s
[Solver Step 006000] t= 2.682 | Pos Err:    1.21 km | Vel Err:    0.02 m/s
[Solver Step 007000] t= 3.079 | Pos Err:    7.36 km | Vel Err:    0.16 m/s
[Solver Step 001000] t= 0.418 | Pos Err:    0.27 km | Vel Err:    0.01 m/s
[Solver Step 002000] t= 0.792 | Pos Err:    0.05 km | Vel Err:    0.00 m/s
[Solver Step 003000] t= 1.101 | Pos Err:    0.01 km | Vel Err:    0.04 m/s
[Solver Step 004000] t= 1.554 | Pos Err:    0.06 km | Vel Err:    0.00 m/s
[Solver Step 005000] t= 2.104 | Pos Err:    0.06 km | Vel Err:    0.00 m/s
[Solver Step 006000] t= 2.518 | Pos Err:    0.06 km | Vel Err:    0.01 m/s
[Solver Step 007000] t= 3.017 | Pos Err:    0.06 km | Vel Err:    0.00 m/s
[Solver Step 008000] t= 3.570 | Pos Err:    0.05 km | Vel Err:    0.00 m/s
[Solver Step 009000] t= 4.059 | Pos Err:    0.05 km | Vel Err:    0.01 m/s
[Solver Step 010000] t= 4.462 | Pos Err:    0.05 km | Vel Err:    0.00 m/s
[Solver Step 011000] t= 5.000 | Pos Err:    0.05 km | Vel Err:    0.00 m/s
[Solver Step 012000] t= 5.587 | Pos Err:    0.04 km | Vel Err:    0.05 m/s
[Solver Step 013000] t= 6.069 | Pos Err:    0.05 km | Vel Err:    0.00 m/s
[Solver Step 014000] t= 6.470 | Pos Err:    0.05 km | Vel Err:    0.00 m/s
[Solver Step 015000] t= 7.028 | Pos Err:    0.03 km | Vel Err:    0.08 m/s
[Solver Step 001000] t= 0.217 | Pos Err:   13.74 km | Vel Err:    0.22 m/s
[Solver Step 002000] t= 0.470 | Pos Err:    1.65 km | Vel Err:    0.04 m/s
[Solver Step 003000] t= 0.713 | Pos Err:    0.22 km | Vel Err:    0.04 m/s
[Solver Step 004000] t= 0.930 | Pos Err:    0.01 km | Vel Err:    0.00 m/s
[Solver Step 005000] t= 1.177 | Pos Err:    0.05 km | Vel Err:    0.00 m/s
[Solver Step 006000] t= 1.429 | Pos Err:    0.08 km | Vel Err:    0.03 m/s
[Solver Step 007000] t= 1.659 | Pos Err:    0.07 km | Vel Err:    0.00 m/s
[Solver Step 008000] t= 1.872 | Pos Err:    0.06 km | Vel Err:    0.00 m/s
[Solver Step 009000] t= 2.132 | Pos Err:    0.27 km | Vel Err:    0.22 m/s
[Solver Step 010000] t= 2.370 | Pos Err:    0.07 km | Vel Err:    0.00 m/s
[Solver Step 011000] t= 2.580 | Pos Err:    0.05 km | Vel Err:    0.00 m/s
[Solver Step 012000] t= 2.832 | Pos Err:    1.74 km | Vel Err:    1.34 m/s
[Solver Step 013000] t= 3.086 | Pos Err:    0.06 km | Vel Err:    0.00 m/s
[Solver Step 014000] t= 3.303 | Pos Err:    0.03 km | Vel Err:    0.00 m/s
[Solver Step 015000] t= 3.528 | Pos Err:    0.77 km | Vel Err:    0.60 m/s
[Solver Step 016000] t= 3.791 | Pos Err:    0.05 km | Vel Err:    0.01 m/s
[Solver Step 017000] t= 4.030 | Pos Err:    0.02 km | Vel Err:    0.00 m/s
[Solver Step 018000] t= 4.236 | Pos Err:    0.38 km | Vel Err:    0.24 m/s
[Solver Step 019000] t= 4.490 | Pos Err:    0.03 km | Vel Err:    0.02 m/s
[Solver Step 020000] t= 4.742 | Pos Err:    0.01 km | Vel Err:    0.00 m/s
[Solver Step 021000] t= 4.957 | Pos Err:    0.18 km | Vel Err:    0.12 m/s
[Solver Step 022000] t= 5.182 | Pos Err:    0.01 km | Vel Err:    0.01 m/s
[Solver Step 023000] t= 5.447 | Pos Err:    0.02 km | Vel Err:    0.00 m/s
[Solver Step 024000] t= 5.687 | Pos Err:    0.11 km | Vel Err:    0.11 m/s
[Solver Step 025000] t= 5.896 | Pos Err:    0.03 km | Vel Err:    0.01 m/s
[Solver Step 026000] t= 6.153 | Pos Err:    0.03 km | Vel Err:    0.00 m/s
[Solver Step 027000] t= 6.404 | Pos Err:    0.24 km | Vel Err:    0.24 m/s
[Solver Step 028000] t= 6.614 | Pos Err:    0.06 km | Vel Err:    0.00 m/s
[Solver Step 029000] t= 6.844 | Pos Err:    0.05 km | Vel Err:    0.00 m/s
[Multiple Shooting] Converged in 2 iterations with residual 6.15e-12
[Solver Step 001000] t= 0.424 | Pos Err:    0.28 km | Vel Err:    0.01 m/s
[Solver Step 002000] t= 0.926 | Pos Err:    0.82 km | Vel Err:    0.02 m/s
[Solver Step 003000] t= 1.421 | Pos Err:    4.08 km | Vel Err:    0.10 m/s
[Solver Step 004000] t= 1.760 | Pos Err:   59.10 km | Vel Err:    1.10 m/s
[Solver Step 005000] t= 2.218 | Pos Err:   20.06 km | Vel Err:    0.45 m/s
[Solver Step 006000] t= 2.678 | Pos Err:    2.09 km | Vel Err:    0.04 m/s
[Solver Step 007000] t= 3.089 | Pos Err:   10.98 km | Vel Err:    0.25 m/s
[Solver Step 001000] t= 0.417 | Pos Err:    0.55 km | Vel Err:    0.01 m/s
[Solver Step 002000] t= 0.791 | Pos Err:    0.05 km | Vel Err:    0.00 m/s
[Solver Step 003000] t= 1.100 | Pos Err:    0.01 km | Vel Err:    0.04 m/s
[Solver Step 004000] t= 1.552 | Pos Err:    0.06 km | Vel Err:    0.00 m/s
[Solver Step 005000] t= 2.103 | Pos Err:    0.06 km | Vel Err:    0.00 m/s
[Solver Step 006000] t= 2.516 | Pos Err:    0.06 km | Vel Err:    0.01 m/s
[Solver Step 007000] t= 3.016 | Pos Err:    0.06 km | Vel Err:    0.00 m/s
[Solver Step 008000] t= 3.568 | Pos Err:    0.06 km | Vel Err:    0.00 m/s
[Solver Step 009000] t= 4.058 | Pos Err:    0.05 km | Vel Err:    0.01 m/s
[Solver Step 010000] t= 4.460 | Pos Err:    0.05 km | Vel Err:    0.00 m/s
[Solver Step 011000] t= 4.998 | Pos Err:    0.05 km | Vel Err:    0.00 m/s
[Solver Step 012000] t= 5.585 | Pos Err:    0.03 km | Vel Err:    0.05 m/s
[Solver Step 013000] t= 6.067 | Pos Err:    0.05 km | Vel Err:    0.00 m/s
[Solver Step 014000] t= 6.469 | Pos Err:    0.05 km | Vel Err:    0.00 m/s
[Solver Step 015000] t= 7.026 | Pos Err:    0.02 km | Vel Err:    0.08 m/s
[Multiple Shooting] Converged in 2 iterations with residual 5.09e-12
[Solver Step 001000] t= 0.432 | Pos Err:    0.34 km | Vel Err:    0.01 m/s
[Solver Step 002000] t= 0.914 | Pos Err:    0.22 km | Vel Err:    0.00 m/s
[Solver Step 003000] t= 1.412 | Pos Err:    1.85 km | Vel Err:    0.04 m/s
[Solver Step 004000] t= 1.818 | Pos Err:   20.26 km | Vel Err:    0.42 m/s
[Solver Step 005000] t= 2.180 | Pos Err:  135.83 km | Vel Err:    2.53 m/s
[Solver Step 006000] t= 2.646 | Pos Err:    3.33 km | Vel Err:    0.06 m/s
[Solver Step 007000] t= 3.114 | Pos Err:   16.22 km | Vel Err:    0.38 m/s
[Multiple Shooting] Converged in 2 iterations with residual 1.45e-15
[Solver Step 001000] t= 0.467 | Pos Err:    0.21 km | Vel Err:    0.01 m/s
[Solver Step 002000] t= 0.998 | Pos Err:    0.11 km | Vel Err:    0.00 m/s
[Solver Step 003000] t= 1.592 | Pos Err:    0.18 km | Vel Err:    0.02 m/s
[Solver Step 004000] t= 2.100 | Pos Err:    0.20 km | Vel Err:    0.00 m/s
[Solver Step 005000] t= 2.507 | Pos Err:    0.32 km | Vel Err:    0.01 m/s
[Solver Step 006000] t= 3.033 | Pos Err:    4.32 km | Vel Err:    0.11 m/s
[Multiple Shooting] Converged in 2 iterations with residual 2.64e-12
[Solver Step 001000] t= 0.418 | Pos Err:    0.51 km | Vel Err:    0.01 m/s
[Solver Step 002000] t= 0.924 | Pos Err:    2.19 km | Vel Err:    0.04 m/s
[Solver Step 003000] t= 1.389 | Pos Err:   33.61 km | Vel Err:    0.65 m/s
[Solver Step 004000] t= 1.742 | Pos Err:  106.11 km | Vel Err:    2.14 m/s
[Solver Step 005000] t= 2.241 | Pos Err:    2.06 km | Vel Err:    0.05 m/s
[Solver Step 006000] t= 2.673 | Pos Err:    1.01 km | Vel Err:    0.02 m/s
[Solver Step 007000] t= 3.080 | Pos Err:    6.92 km | Vel Err:    0.15 m/s
[Solver Step 001000] t= 0.216 | Pos Err:   23.60 km | Vel Err:    0.65 m/s
[Solver Step 002000] t= 0.470 | Pos Err:    3.01 km | Vel Err:    0.08 m/s
[Solver Step 003000] t= 0.713 | Pos Err:    0.39 km | Vel Err:    0.02 m/s
[Solver Step 004000] t= 0.928 | Pos Err:    0.03 km | Vel Err:    0.01 m/s
[Solver Step 005000] t= 1.178 | Pos Err:    0.02 km | Vel Err:    0.00 m/s
[Solver Step 006000] t= 1.431 | Pos Err:    0.09 km | Vel Err:    0.04 m/s
[Solver Step 007000] t= 1.661 | Pos Err:    0.09 km | Vel Err:    0.00 m/s
[Solver Step 008000] t= 1.876 | Pos Err:    0.06 km | Vel Err:    0.00 m/s
[Solver Step 009000] t= 2.134 | Pos Err:    0.20 km | Vel Err:    0.11 m/s
[Solver Step 010000] t= 2.377 | Pos Err:    0.10 km | Vel Err:    0.00 m/s
[Solver Step 011000] t= 2.590 | Pos Err:    0.09 km | Vel Err:    0.00 m/s
[Solver Step 012000] t= 2.837 | Pos Err:    0.89 km | Vel Err:    0.77 m/s
[Solver Step 013000] t= 3.092 | Pos Err:    0.11 km | Vel Err:    0.00 m/s
[Solver Step 014000] t= 3.313 | Pos Err:    0.09 km | Vel Err:    0.00 m/s
[Solver Step 015000] t= 3.535 | Pos Err:    0.64 km | Vel Err:    0.54 m/s
[Solver Step 016000] t= 3.796 | Pos Err:    0.11 km | Vel Err:    0.00 m/s
[Solver Step 017000] t= 4.038 | Pos Err:    0.10 km | Vel Err:    0.00 m/s
[Solver Step 018000] t= 4.246 | Pos Err:    0.30 km | Vel Err:    0.22 m/s
[Solver Step 019000] t= 4.497 | Pos Err:    0.08 km | Vel Err:    0.02 m/s
[Solver Step 020000] t= 4.751 | Pos Err:    0.08 km | Vel Err:    0.00 m/s
[Solver Step 021000] t= 4.969 | Pos Err:    0.06 km | Vel Err:    0.11 m/s
[Solver Step 022000] t= 5.189 | Pos Err:    0.09 km | Vel Err:    0.01 m/s
[Solver Step 023000] t= 5.455 | Pos Err:    0.08 km | Vel Err:    0.00 m/s
[Solver Step 024000] t= 5.698 | Pos Err:    0.07 km | Vel Err:    0.12 m/s
[Solver Step 025000] t= 5.904 | Pos Err:    0.06 km | Vel Err:    0.00 m/s
[Solver Step 026000] t= 6.158 | Pos Err:    0.07 km | Vel Err:    0.00 m/s
[Solver Step 027000] t= 6.412 | Pos Err:    0.24 km | Vel Err:    0.24 m/s
[Solver Step 028000] t= 6.624 | Pos Err:    0.05 km | Vel Err:    0.00 m/s
[Solver Step 029000] t= 6.850 | Pos Err:    0.05 km | Vel Err:    0.00 m/s
[Multiple Shooting] Converged in 2 iterations with residual 5.70e-12
[Solver Step 001000] t= 0.426 | Pos Err:    0.15 km | Vel Err:    0.00 m/s
[Solver Step 002000] t= 0.928 | Pos Err:    0.80 km | Vel Err:    0.02 m/s
[Solver Step 003000] t= 1.423 | Pos Err:    3.77 km | Vel Err:    0.10 m/s
[Solver Step 004000] t= 1.763 | Pos Err:   59.30 km | Vel Err:    1.12 m/s
[Solver Step 005000] t= 2.219 | Pos Err:   21.08 km | Vel Err:    0.47 m/s
[Solver Step 006000] t= 2.678 | Pos Err:    2.13 km | Vel Err:    0.04 m/s
[Solver Step 007000] t= 3.092 | Pos Err:   10.98 km | Vel Err:    0.25 m/s
[Multiple Shooting] Converged in 4 iterations with residual 9.51e-14
[Solver Step 001000] t= 0.351 | Pos Err:    5.05 km | Vel Err:    0.12 m/s
[Solver Step 002000] t= 0.695 | Pos Err:   41.85 km | Vel Err:    0.92 m/s
[Solver Step 003000] t= 1.062 | Pos Err:   25.58 km | Vel Err:    0.51 m/s
[Solver Step 004000] t= 1.433 | Pos Err:    2.25 km | Vel Err:    0.05 m/s
[Solver Step 005000] t= 1.781 | Pos Err:   17.57 km | Vel Err:    0.31 m/s
[Solver Step 006000] t= 2.138 | Pos Err:   28.76 km | Vel Err:    0.55 m/s
[Solver Step 007000] t= 2.505 | Pos Err:  127.29 km | Vel Err:    2.36 m/s
[Solver Step 001000] t= 0.217 | Pos Err:   13.47 km | Vel Err:    0.20 m/s
[Solver Step 002000] t= 0.470 | Pos Err:    1.57 km | Vel Err:    0.03 m/s
[Solver Step 003000] t= 0.711 | Pos Err:    0.28 km | Vel Err:    0.04 m/s
[Solver Step 004000] t= 0.929 | Pos Err:    0.03 km | Vel Err:    0.00 m/s
[Solver Step 005000] t= 1.178 | Pos Err:    0.05 km | Vel Err:    0.00 m/s
[Solver Step 006000] t= 1.431 | Pos Err:    0.04 km | Vel Err:    0.05 m/s
[Solver Step 007000] t= 1.662 | Pos Err:    0.02 km | Vel Err:    0.00 m/s
[Solver Step 008000] t= 1.878 | Pos Err:    0.03 km | Vel Err:    0.00 m/s
[Solver Step 009000] t= 2.136 | Pos Err:    0.23 km | Vel Err:    0.19 m/s
[Solver Step 010000] t= 2.381 | Pos Err:    0.04 km | Vel Err:    0.00 m/s
[Solver Step 011000] t= 2.596 | Pos Err:    0.04 km | Vel Err:    0.00 m/s
[Solver Step 012000] t= 2.840 | Pos Err:    1.00 km | Vel Err:    0.83 m/s
[Solver Step 013000] t= 3.096 | Pos Err:    0.05 km | Vel Err:    0.00 m/s
[Solver Step 014000] t= 3.319 | Pos Err:    0.06 km | Vel Err:    0.00 m/s
[Solver Step 015000] t= 3.539 | Pos Err:    0.68 km | Vel Err:    0.49 m/s
[Solver Step 016000] t= 3.799 | Pos Err:    0.05 km | Vel Err:    0.00 m/s
[Solver Step 017000] t= 4.043 | Pos Err:    0.08 km | Vel Err:    0.00 m/s
[Solver Step 018000] t= 4.252 | Pos Err:    0.36 km | Vel Err:    0.20 m/s
[Solver Step 019000] t= 4.500 | Pos Err:    0.06 km | Vel Err:    0.01 m/s
[Solver Step 020000] t= 4.756 | Pos Err:    0.08 km | Vel Err:    0.00 m/s
[Solver Step 021000] t= 4.975 | Pos Err:    0.12 km | Vel Err:    0.10 m/s
[Solver Step 022000] t= 5.193 | Pos Err:    0.08 km | Vel Err:    0.01 m/s
[Solver Step 023000] t= 5.459 | Pos Err:    0.09 km | Vel Err:    0.00 m/s
[Solver Step 024000] t= 5.703 | Pos Err:    0.06 km | Vel Err:    0.12 m/s
[Solver Step 025000] t= 5.910 | Pos Err:    0.05 km | Vel Err:    0.00 m/s
[Solver Step 026000] t= 6.161 | Pos Err:    0.07 km | Vel Err:    0.00 m/s
[Solver Step 027000] t= 6.417 | Pos Err:    0.19 km | Vel Err:    0.24 m/s
[Solver Step 028000] t= 6.631 | Pos Err:    0.03 km | Vel Err:    0.00 m/s
[Solver Step 029000] t= 6.853 | Pos Err:    0.06 km | Vel Err:    0.00 m/s
[Solver Step 001000] t= 0.418 | Pos Err:    0.46 km | Vel Err:    0.01 m/s
[Solver Step 002000] t= 0.792 | Pos Err:    0.07 km | Vel Err:    0.00 m/s
[Solver Step 003000] t= 1.101 | Pos Err:    0.01 km | Vel Err:    0.04 m/s
[Solver Step 004000] t= 1.553 | Pos Err:    0.05 km | Vel Err:    0.00 m/s
[Solver Step 005000] t= 2.104 | Pos Err:    0.05 km | Vel Err:    0.00 m/s
[Solver Step 006000] t= 2.517 | Pos Err:    0.05 km | Vel Err:    0.01 m/s
[Solver Step 007000] t= 3.017 | Pos Err:    0.05 km | Vel Err:    0.00 m/s
[Solver Step 008000] t= 3.570 | Pos Err:    0.05 km | Vel Err:    0.00 m/s
[Solver Step 009000] t= 4.059 | Pos Err:    0.05 km | Vel Err:    0.01 m/s
[Solver Step 010000] t= 4.461 | Pos Err:    0.05 km | Vel Err:    0.00 m/s
[Solver Step 011000] t= 4.999 | Pos Err:    0.05 km | Vel Err:    0.00 m/s
[Solver Step 012000] t= 5.586 | Pos Err:    0.04 km | Vel Err:    0.05 m/s
[Solver Step 013000] t= 6.068 | Pos Err:    0.06 km | Vel Err:    0.00 m/s
[Solver Step 014000] t= 6.470 | Pos Err:    0.06 km | Vel Err:    0.00 m/s
[Solver Step 015000] t= 7.027 | Pos Err:    0.04 km | Vel Err:    0.08 m/s
[Solver Step 001000] t= 0.217 | Pos Err:   30.11 km | Vel Err:    0.71 m/s
[Solver Step 002000] t= 0.471 | Pos Err:    3.77 km | Vel Err:    0.06 m/s
[Solver Step 003000] t= 0.713 | Pos Err:    0.47 km | Vel Err:    0.02 m/s
[Solver Step 004000] t= 0.930 | Pos Err:    0.03 km | Vel Err:    0.01 m/s
[Solver Step 005000] t= 1.177 | Pos Err:    0.05 km | Vel Err:    0.00 m/s
[Solver Step 006000] t= 1.431 | Pos Err:    0.13 km | Vel Err:    0.05 m/s
[Solver Step 007000] t= 1.664 | Pos Err:    0.11 km | Vel Err:    0.00 m/s
[Solver Step 008000] t= 1.879 | Pos Err:    0.09 km | Vel Err:    0.00 m/s
[Solver Step 009000] t= 2.135 | Pos Err:    0.25 km | Vel Err:    0.14 m/s
[Solver Step 010000] t= 2.380 | Pos Err:    0.12 km | Vel Err:    0.00 m/s
[Solver Step 011000] t= 2.594 | Pos Err:    0.10 km | Vel Err:    0.00 m/s
[Solver Step 012000] t= 2.839 | Pos Err:    0.96 km | Vel Err:    0.82 m/s
[Solver Step 013000] t= 3.095 | Pos Err:    0.13 km | Vel Err:    0.00 m/s
[Solver Step 014000] t= 3.317 | Pos Err:    0.10 km | Vel Err:    0.00 m/s
[Solver Step 015000] t= 3.538 | Pos Err:    0.59 km | Vel Err:    0.51 m/s
[Solver Step 016000] t= 3.798 | Pos Err:    0.13 km | Vel Err:    0.00 m/s
[Solver Step 017000] t= 4.041 | Pos Err:    0.09 km | Vel Err:    0.00 m/s
[Solver Step 018000] t= 4.250 | Pos Err:    0.26 km | Vel Err:    0.20 m/s
[Solver Step 019000] t= 4.499 | Pos Err:    0.10 km | Vel Err:    0.02 m/s
[Solver Step 020000] t= 4.754 | Pos Err:    0.07 km | Vel Err:    0.00 m/s
[Solver Step 021000] t= 4.973 | Pos Err:    0.06 km | Vel Err:    0.11 m/s
[Solver Step 022000] t= 5.192 | Pos Err:    0.09 km | Vel Err:    0.01 m/s
[Solver Step 023000] t= 5.458 | Pos Err:    0.06 km | Vel Err:    0.00 m/s
[Solver Step 024000] t= 5.701 | Pos Err:    0.12 km | Vel Err:    0.12 m/s
[Solver Step 025000] t= 5.908 | Pos Err:    0.07 km | Vel Err:    0.00 m/s
[Solver Step 026000] t= 6.160 | Pos Err:    0.05 km | Vel Err:    0.00 m/s
[Solver Step 027000] t= 6.416 | Pos Err:    0.28 km | Vel Err:    0.24 m/s
[Solver Step 028000] t= 6.629 | Pos Err:    0.08 km | Vel Err:    0.00 m/s
[Solver Step 029000] t= 6.852 | Pos Err:    0.05 km | Vel Err:    0.00 m/s
[Multiple Shooting] Converged in 2 iterations with residual 2.27e-11
[Solver Step 001000] t= 0.429 | Pos Err:    0.40 km | Vel Err:    0.01 m/s
[Solver Step 002000] t= 0.920 | Pos Err:    0.32 km | Vel Err:    0.01 m/s
[Solver Step 003000] t= 1.420 | Pos Err:    2.48 km | Vel Err:    0.05 m/s
[Solver Step 004000] t= 1.813 | Pos Err:   34.34 km | Vel Err:    0.74 m/s
[Solver Step 005000] t= 2.194 | Pos Err:   91.15 km | Vel Err:    1.77 m/s
[Solver Step 006000] t= 2.660 | Pos Err:    4.29 km | Vel Err:    0.08 m/s
[Solver Step 007000] t= 3.119 | Pos Err:   10.34 km | Vel Err:    0.25 m/s
[Solver Step 001000] t= 0.216 | Pos Err:   27.69 km | Vel Err:    0.49 m/s
[Solver Step 002000] t= 0.469 | Pos Err:    3.31 km | Vel Err:    0.03 m/s
[Solver Step 003000] t= 0.713 | Pos Err:    0.50 km | Vel Err:    0.03 m/s
[Solver Step 004000] t= 0.928 | Pos Err:    0.05 km | Vel Err:    0.00 m/s
[Solver Step 005000] t= 1.177 | Pos Err:    0.09 km | Vel Err:    0.00 m/s
[Solver Step 006000] t= 1.430 | Pos Err:    0.02 km | Vel Err:    0.03 m/s
[Solver Step 007000] t= 1.660 | Pos Err:    0.04 km | Vel Err:    0.00 m/s
[Solver Step 008000] t= 1.874 | Pos Err:    0.07 km | Vel Err:    0.00 m/s
[Solver Step 009000] t= 2.133 | Pos Err:    0.09 km | Vel Err:    0.11 m/s
[Solver Step 010000] t= 2.376 | Pos Err:    0.04 km | Vel Err:    0.00 m/s
[Solver Step 011000] t= 2.588 | Pos Err:    0.06 km | Vel Err:    0.00 m/s
[Solver Step 012000] t= 2.836 | Pos Err:    1.03 km | Vel Err:    0.84 m/s
[Solver Step 013000] t= 3.091 | Pos Err:    0.05 km | Vel Err:    0.00 m/s
[Solver Step 014000] t= 3.311 | Pos Err:    0.08 km | Vel Err:    0.00 m/s
[Solver Step 015000] t= 3.533 | Pos Err:    0.79 km | Vel Err:    0.56 m/s
[Solver Step 016000] t= 3.795 | Pos Err:    0.05 km | Vel Err:    0.01 m/s
[Solver Step 017000] t= 4.037 | Pos Err:    0.10 km | Vel Err:    0.00 m/s
[Solver Step 018000] t= 4.244 | Pos Err:    0.44 km | Vel Err:    0.22 m/s
[Solver Step 019000] t= 4.496 | Pos Err:    0.09 km | Vel Err:    0.02 m/s
[Solver Step 020000] t= 4.750 | Pos Err:    0.11 km | Vel Err:    0.00 m/s
[Solver Step 021000] t= 4.967 | Pos Err:    0.18 km | Vel Err:    0.11 m/s
[Solver Step 022000] t= 5.188 | Pos Err:    0.11 km | Vel Err:    0.01 m/s
[Solver Step 023000] t= 5.454 | Pos Err:    0.12 km | Vel Err:    0.00 m/s
[Solver Step 024000] t= 5.696 | Pos Err:    0.08 km | Vel Err:    0.12 m/s
[Solver Step 025000] t= 5.903 | Pos Err:    0.09 km | Vel Err:    0.01 m/s
[Solver Step 026000] t= 6.157 | Pos Err:    0.10 km | Vel Err:    0.00 m/s
[Solver Step 027000] t= 6.411 | Pos Err:    0.16 km | Vel Err:    0.24 m/s
[Solver Step 028000] t= 6.622 | Pos Err:    0.07 km | Vel Err:    0.00 m/s
[Solver Step 029000] t= 6.849 | Pos Err:    0.10 km | Vel Err:    0.00 m/s
[Multiple Shooting] Converged in 2 iterations with residual 1.33e-15
[Solver Step 001000] t= 0.456 | Pos Err:    0.27 km | Vel Err:    0.01 m/s
[Solver Step 002000] t= 1.019 | Pos Err:    0.14 km | Vel Err:    0.00 m/s
[Solver Step 003000] t= 1.610 | Pos Err:    0.08 km | Vel Err:    0.01 m/s
[Solver Step 004000] t= 2.029 | Pos Err:    0.30 km | Vel Err:    0.01 m/s
[Solver Step 005000] t= 2.497 | Pos Err:    0.29 km | Vel Err:    0.01 m/s
[Solver Step 006000] t= 3.057 | Pos Err:    5.47 km | Vel Err:    0.15 m/s
[Solver Step 001000] t= 0.217 | Pos Err:   16.00 km | Vel Err:    0.35 m/s
[Solver Step 002000] t= 0.469 | Pos Err:    1.98 km | Vel Err:    0.06 m/s
[Solver Step 003000] t= 0.711 | Pos Err:    0.32 km | Vel Err:    0.04 m/s
[Solver Step 004000] t= 0.927 | Pos Err:    0.03 km | Vel Err:    0.00 m/s
[Solver Step 005000] t= 1.176 | Pos Err:    0.04 km | Vel Err:    0.00 m/s
[Solver Step 006000] t= 1.429 | Pos Err:    0.05 km | Vel Err:    0.03 m/s
[Solver Step 007000] t= 1.658 | Pos Err:    0.05 km | Vel Err:    0.00 m/s
[Solver Step 008000] t= 1.873 | Pos Err:    0.04 km | Vel Err:    0.00 m/s
[Solver Step 009000] t= 2.132 | Pos Err:    0.26 km | Vel Err:    0.19 m/s
[Solver Step 010000] t= 2.373 | Pos Err:    0.07 km | Vel Err:    0.00 m/s
[Solver Step 011000] t= 2.584 | Pos Err:    0.06 km | Vel Err:    0.00 m/s
[Solver Step 012000] t= 2.834 | Pos Err:    1.49 km | Vel Err:    1.23 m/s
[Solver Step 013000] t= 3.089 | Pos Err:    0.08 km | Vel Err:    0.00 m/s
[Solver Step 014000] t= 3.307 | Pos Err:    0.08 km | Vel Err:    0.00 m/s
[Solver Step 015000] t= 3.531 | Pos Err:    0.72 km | Vel Err:    0.58 m/s
[Solver Step 016000] t= 3.793 | Pos Err:    0.08 km | Vel Err:    0.01 m/s
[Solver Step 017000] t= 4.033 | Pos Err:    0.09 km | Vel Err:    0.00 m/s
[Solver Step 018000] t= 4.240 | Pos Err:    0.37 km | Vel Err:    0.23 m/s
[Solver Step 019000] t= 4.494 | Pos Err:    0.06 km | Vel Err:    0.02 m/s
[Solver Step 020000] t= 4.747 | Pos Err:    0.09 km | Vel Err:    0.00 m/s
[Solver Step 021000] t= 4.963 | Pos Err:    0.12 km | Vel Err:    0.11 m/s
[Solver Step 022000] t= 5.186 | Pos Err:    0.09 km | Vel Err:    0.01 m/s
[Solver Step 023000] t= 5.451 | Pos Err:    0.09 km | Vel Err:    0.00 m/s
[Solver Step 024000] t= 5.693 | Pos Err:    0.04 km | Vel Err:    0.11 m/s
[Solver Step 025000] t= 5.899 | Pos Err:    0.06 km | Vel Err:    0.01 m/s
[Solver Step 026000] t= 6.155 | Pos Err:    0.08 km | Vel Err:    0.00 m/s
[Solver Step 027000] t= 6.408 | Pos Err:    0.20 km | Vel Err:    0.24 m/s
[Solver Step 028000] t= 6.618 | Pos Err:    0.03 km | Vel Err:    0.00 m/s
[Solver Step 029000] t= 6.846 | Pos Err:    0.05 km | Vel Err:    0.00 m/s
[Multiple Shooting] Converged in 6 iterations with residual 1.51e-14
[Solver Step 001000] t= 0.318 | Pos Err:   21.35 km | Vel Err:    0.41 m/s
[Solver Step 002000] t= 0.655 | Pos Err:   96.14 km | Vel Err:    1.90 m/s
[Solver Step 003000] t= 1.002 | Pos Err:   16.53 km | Vel Err:    0.35 m/s
[Solver Step 004000] t= 1.332 | Pos Err:   89.01 km | Vel Err:    1.79 m/s
[Solver Step 005000] t= 1.668 | Pos Err:   91.10 km | Vel Err:    1.76 m/s
[Solver Step 006000] t= 2.012 | Pos Err:    8.77 km | Vel Err:    0.23 m/s
[Solver Step 007000] t= 2.348 | Pos Err:  215.78 km | Vel Err:    5.12 m/s
[Multiple Shooting] Converged in 15 iterations with residual 6.97e-14
[Solver Step 001000] t= 0.316 | Pos Err:  862.95 km | Vel Err:   19.69 m/s
[Solver Step 002000] t= 0.632 | Pos Err:   65.23 km | Vel Err:    0.56 m/s
[Solver Step 003000] t= 0.947 | Pos Err:  755.02 km | Vel Err:   16.87 m/s
[Solver Step 004000] t= 1.263 | Pos Err:  205.31 km | Vel Err:    2.43 m/s
[Solver Step 005000] t= 1.575 | Pos Err:  703.70 km | Vel Err:   15.69 m/s
[Solver Step 006000] t= 1.895 | Pos Err:  394.83 km | Vel Err:    5.89 m/s
[Solver Step 007000] t= 2.200 | Pos Err:  558.90 km | Vel Err:   12.40 m/s
[Solver Step 008000] t= 2.510 | Pos Err:  409.80 km | Vel Err:    3.93 m/s
[Solver Step 001000] t= 0.417 | Pos Err:    0.28 km | Vel Err:    0.01 m/s
[Solver Step 002000] t= 0.791 | Pos Err:    0.06 km | Vel Err:    0.00 m/s
[Solver Step 003000] t= 1.100 | Pos Err:    0.01 km | Vel Err:    0.04 m/s
[Solver Step 004000] t= 1.552 | Pos Err:    0.06 km | Vel Err:    0.00 m/s
[Solver Step 005000] t= 2.103 | Pos Err:    0.06 km | Vel Err:    0.00 m/s
[Solver Step 006000] t= 2.516 | Pos Err:    0.06 km | Vel Err:    0.01 m/s
[Solver Step 007000] t= 3.016 | Pos Err:    0.06 km | Vel Err:    0.00 m/s
[Solver Step 008000] t= 3.569 | Pos Err:    0.06 km | Vel Err:    0.00 m/s
[Solver Step 009000] t= 4.058 | Pos Err:    0.05 km | Vel Err:    0.01 m/s
[Solver Step 010000] t= 4.460 | Pos Err:    0.06 km | Vel Err:    0.00 m/s
[Solver Step 011000] t= 4.998 | Pos Err:    0.06 km | Vel Err:    0.00 m/s
[Solver Step 012000] t= 5.585 | Pos Err:    0.04 km | Vel Err:    0.05 m/s
[Solver Step 013000] t= 6.067 | Pos Err:    0.06 km | Vel Err:    0.00 m/s
[Solver Step 014000] t= 6.469 | Pos Err:    0.06 km | Vel Err:    0.00 m/s
[Solver Step 015000] t= 7.026 | Pos Err:    0.03 km | Vel Err:    0.08 m/s
[Multiple Shooting] Converged in 2 iterations with residual 1.36e-15
[Solver Step 001000] t= 0.487 | Pos Err:    0.22 km | Vel Err:    0.01 m/s
[Solver Step 002000] t= 0.938 | Pos Err:    0.28 km | Vel Err:    0.01 m/s
[Solver Step 003000] t= 1.460 | Pos Err:    0.08 km | Vel Err:    0.01 m/s
[Solver Step 004000] t= 2.036 | Pos Err:    0.36 km | Vel Err:    0.01 m/s
[Solver Step 005000] t= 2.515 | Pos Err:    0.34 km | Vel Err:    0.01 m/s
[Solver Step 006000] t= 2.932 | Pos Err:    1.41 km | Vel Err:    0.03 m/s
[Solver Step 001000] t= 0.416 | Pos Err:    0.26 km | Vel Err:    0.01 m/s
[Solver Step 002000] t= 0.790 | Pos Err:    0.06 km | Vel Err:    0.00 m/s
[Solver Step 003000] t= 1.099 | Pos Err:    0.01 km | Vel Err:    0.04 m/s
[Solver Step 004000] t= 1.551 | Pos Err:    0.06 km | Vel Err:    0.00 m/s
[Solver Step 005000] t= 2.102 | Pos Err:    0.06 km | Vel Err:    0.00 m/s
[Solver Step 006000] t= 2.515 | Pos Err:    0.06 km | Vel Err:    0.01 m/s
[Solver Step 007000] t= 3.015 | Pos Err:    0.06 km | Vel Err:    0.00 m/s
[Solver Step 008000] t= 3.567 | Pos Err:    0.06 km | Vel Err:    0.00 m/s
[Solver Step 009000] t= 4.057 | Pos Err:    0.05 km | Vel Err:    0.01 m/s
[Solver Step 010000] t= 4.459 | Pos Err:    0.06 km | Vel Err:    0.00 m/s
[Solver Step 011000] t= 4.997 | Pos Err:    0.06 km | Vel Err:    0.00 m/s
[Solver Step 012000] t= 5.584 | Pos Err:    0.04 km | Vel Err:    0.05 m/s
[Solver Step 013000] t= 6.067 | Pos Err:    0.06 km | Vel Err:    0.00 m/s
[Solver Step 014000] t= 6.468 | Pos Err:    0.06 km | Vel Err:    0.00 m/s
[Solver Step 015000] t= 7.025 | Pos Err:    0.03 km | Vel Err:    0.08 m/s
[Multiple Shooting] Converged in 7 iterations with residual 1.40e-14
[Solver Step 001000] t= 0.317 | Pos Err:  147.87 km | Vel Err:    3.04 m/s
[Solver Step 002000] t= 0.640 | Pos Err:  495.31 km | Vel Err:    8.83 m/s
[Solver Step 003000] t= 0.980 | Pos Err:   47.90 km | Vel Err:    0.88 m/s
[Solver Step 004000] t= 1.295 | Pos Err:  727.53 km | Vel Err:   15.29 m/s
[Solver Step 005000] t= 1.631 | Pos Err:   55.51 km | Vel Err:    0.93 m/s
[Solver Step 006000] t= 1.962 | Pos Err:  298.36 km | Vel Err:    5.98 m/s
[Solver Step 007000] t= 2.286 | Pos Err:  121.93 km | Vel Err:    2.53 m/s
[Multiple Shooting] Converged in 4 iterations with residual 2.33e-13
[Solver Step 001000] t= 0.342 | Pos Err:    8.86 km | Vel Err:    0.19 m/s
[Solver Step 002000] t= 0.689 | Pos Err:   57.82 km | Vel Err:    1.26 m/s
[Solver Step 003000] t= 1.046 | Pos Err:   27.20 km | Vel Err:    0.52 m/s
[Solver Step 004000] t= 1.400 | Pos Err:    1.95 km | Vel Err:    0.05 m/s
[Solver Step 005000] t= 1.761 | Pos Err:   27.75 km | Vel Err:    0.55 m/s
[Solver Step 006000] t= 2.111 | Pos Err:   49.54 km | Vel Err:    0.86 m/s
[Solver Step 007000] t= 2.460 | Pos Err:  157.90 km | Vel Err:    3.49 m/s
[Solver Step 001000] t= 0.216 | Pos Err:   21.05 km | Vel Err:    0.38 m/s
[Solver Step 002000] t= 0.470 | Pos Err:    2.50 km | Vel Err:    0.07 m/s
[Solver Step 003000] t= 0.713 | Pos Err:    0.35 km | Vel Err:    0.04 m/s
[Solver Step 004000] t= 0.928 | Pos Err:    0.03 km | Vel Err:    0.00 m/s
[Solver Step 005000] t= 1.178 | Pos Err:    0.07 km | Vel Err:    0.00 m/s
[Solver Step 006000] t= 1.431 | Pos Err:    0.10 km | Vel Err:    0.04 m/s
[Solver Step 007000] t= 1.661 | Pos Err:    0.09 km | Vel Err:    0.00 m/s
[Solver Step 008000] t= 1.876 | Pos Err:    0.09 km | Vel Err:    0.00 m/s
[Solver Step 009000] t= 2.134 | Pos Err:    0.17 km | Vel Err:    0.11 m/s
[Solver Step 010000] t= 2.377 | Pos Err:    0.08 km | Vel Err:    0.00 m/s
[Solver Step 011000] t= 2.590 | Pos Err:    0.07 km | Vel Err:    0.00 m/s
[Solver Step 012000] t= 2.837 | Pos Err:    1.01 km | Vel Err:    0.77 m/s
[Solver Step 013000] t= 3.092 | Pos Err:    0.07 km | Vel Err:    0.00 m/s
[Solver Step 014000] t= 3.313 | Pos Err:    0.04 km | Vel Err:    0.00 m/s
[Solver Step 015000] t= 3.535 | Pos Err:    0.71 km | Vel Err:    0.55 m/s
[Solver Step 016000] t= 3.796 | Pos Err:    0.06 km | Vel Err:    0.00 m/s
[Solver Step 017000] t= 4.038 | Pos Err:    0.03 km | Vel Err:    0.00 m/s
[Solver Step 018000] t= 4.246 | Pos Err:    0.36 km | Vel Err:    0.22 m/s
[Solver Step 019000] t= 4.497 | Pos Err:    0.04 km | Vel Err:    0.02 m/s
[Solver Step 020000] t= 4.751 | Pos Err:    0.03 km | Vel Err:    0.00 m/s
[Solver Step 021000] t= 4.969 | Pos Err:    0.16 km | Vel Err:    0.11 m/s
[Solver Step 022000] t= 5.189 | Pos Err:    0.03 km | Vel Err:    0.01 m/s
[Solver Step 023000] t= 5.455 | Pos Err:    0.03 km | Vel Err:    0.00 m/s
[Solver Step 024000] t= 5.698 | Pos Err:    0.14 km | Vel Err:    0.12 m/s
[Solver Step 025000] t= 5.904 | Pos Err:    0.06 km | Vel Err:    0.00 m/s
[Solver Step 026000] t= 6.158 | Pos Err:    0.05 km | Vel Err:    0.00 m/s
[Solver Step 027000] t= 6.412 | Pos Err:    0.27 km | Vel Err:    0.24 m/s
[Solver Step 028000] t= 6.624 | Pos Err:    0.09 km | Vel Err:    0.00 m/s
[Solver Step 029000] t= 6.850 | Pos Err:    0.07 km | Vel Err:    0.00 m/s
[Multiple Shooting] Converged in 8 iterations with residual 2.34e-14
[Solver Step 001000] t= 0.328 | Pos Err: 2049.40 km | Vel Err:   51.08 m/s
[Solver Step 001000] t= 0.218 | Pos Err:   13.08 km | Vel Err:    0.36 m/s
[Solver Step 002000] t= 0.470 | Pos Err:    1.68 km | Vel Err:    0.05 m/s
[Solver Step 003000] t= 0.713 | Pos Err:    0.24 km | Vel Err:    0.01 m/s
[Solver Step 004000] t= 0.930 | Pos Err:    0.02 km | Vel Err:    0.00 m/s
[Solver Step 005000] t= 1.178 | Pos Err:    0.02 km | Vel Err:    0.00 m/s
[Solver Step 006000] t= 1.431 | Pos Err:    0.07 km | Vel Err:    0.04 m/s
[Solver Step 007000] t= 1.661 | Pos Err:    0.06 km | Vel Err:    0.00 m/s
[Solver Step 008000] t= 1.876 | Pos Err:    0.03 km | Vel Err:    0.00 m/s
[Solver Step 009000] t= 2.134 | Pos Err:    0.17 km | Vel Err:    0.11 m/s
[Solver Step 010000] t= 2.377 | Pos Err:    0.07 km | Vel Err:    0.00 m/s
[Solver Step 011000] t= 2.590 | Pos Err:    0.06 km | Vel Err:    0.00 m/s
[Solver Step 012000] t= 2.837 | Pos Err:    0.91 km | Vel Err:    0.77 m/s
[Solver Step 013000] t= 3.092 | Pos Err:    0.08 km | Vel Err:    0.00 m/s
[Solver Step 014000] t= 3.313 | Pos Err:    0.07 km | Vel Err:    0.00 m/s
[Solver Step 015000] t= 3.535 | Pos Err:    0.68 km | Vel Err:    0.54 m/s
[Solver Step 016000] t= 3.796 | Pos Err:    0.08 km | Vel Err:    0.00 m/s
[Solver Step 017000] t= 4.038 | Pos Err:    0.08 km | Vel Err:    0.00 m/s
[Solver Step 018000] t= 4.246 | Pos Err:    0.33 km | Vel Err:    0.22 m/s
[Solver Step 019000] t= 4.497 | Pos Err:    0.05 km | Vel Err:    0.02 m/s
[Solver Step 020000] t= 4.751 | Pos Err:    0.07 km | Vel Err:    0.00 m/s
[Solver Step 021000] t= 4.969 | Pos Err:    0.09 km | Vel Err:    0.11 m/s
[Solver Step 022000] t= 5.189 | Pos Err:    0.07 km | Vel Err:    0.01 m/s
[Solver Step 023000] t= 5.455 | Pos Err:    0.06 km | Vel Err:    0.00 m/s
[Solver Step 024000] t= 5.698 | Pos Err:    0.06 km | Vel Err:    0.12 m/s
[Solver Step 025000] t= 5.904 | Pos Err:    0.04 km | Vel Err:    0.00 m/s
[Solver Step 026000] t= 6.158 | Pos Err:    0.05 km | Vel Err:    0.00 m/s
[Solver Step 027000] t= 6.412 | Pos Err:    0.22 km | Vel Err:    0.24 m/s
[Solver Step 028000] t= 6.624 | Pos Err:    0.02 km | Vel Err:    0.00 m/s
[Solver Step 029000] t= 6.850 | Pos Err:    0.03 km | Vel Err:    0.00 m/s
[Multiple Shooting] Converged in 2 iterations with residual 1.36e-15
[Solver Step 001000] t= 0.462 | Pos Err:    0.54 km | Vel Err:    0.01 m/s
[Solver Step 002000] t= 0.978 | Pos Err:    0.03 km | Vel Err:    0.00 m/s
[Solver Step 003000] t= 1.561 | Pos Err:    0.32 km | Vel Err:    0.02 m/s
[Solver Step 004000] t= 2.099 | Pos Err:    0.18 km | Vel Err:    0.00 m/s
[Solver Step 005000] t= 2.496 | Pos Err:    0.29 km | Vel Err:    0.01 m/s
[Solver Step 006000] t= 3.008 | Pos Err:    2.86 km | Vel Err:    0.08 m/s
[Solver Step 001000] t= 0.416 | Pos Err:    3.07 km | Vel Err:    0.07 m/s
[Solver Step 002000] t= 0.820 | Pos Err:    0.06 km | Vel Err:    0.00 m/s
[Solver Step 003000] t= 1.261 | Pos Err:    0.09 km | Vel Err:    0.01 m/s
[Solver Step 004000] t= 1.609 | Pos Err:    0.10 km | Vel Err:    0.00 m/s
[Solver Step 005000] t= 1.994 | Pos Err:    0.06 km | Vel Err:    0.00 m/s
[Solver Step 006000] t= 2.447 | Pos Err:    0.02 km | Vel Err:    0.02 m/s
[Solver Step 007000] t= 2.849 | Pos Err:    0.03 km | Vel Err:    0.00 m/s
[Solver Step 008000] t= 3.245 | Pos Err:    0.05 km | Vel Err:    0.00 m/s
[Solver Step 009000] t= 3.620 | Pos Err:    0.11 km | Vel Err:    0.08 m/s
[Solver Step 010000] t= 4.035 | Pos Err:    0.09 km | Vel Err:    0.00 m/s
[Solver Step 011000] t= 4.454 | Pos Err:    0.08 km | Vel Err:    0.00 m/s
[Solver Step 012000] t= 4.897 | Pos Err:    0.05 km | Vel Err:    0.04 m/s
[Solver Step 013000] t= 5.235 | Pos Err:    0.03 km | Vel Err:    0.00 m/s
[Solver Step 014000] t= 5.633 | Pos Err:    0.07 km | Vel Err:    0.00 m/s
[Solver Step 015000] t= 6.112 | Pos Err:    0.10 km | Vel Err:    0.02 m/s
[Solver Step 016000] t= 6.498 | Pos Err:    0.10 km | Vel Err:    0.00 m/s
[Solver Step 017000] t= 6.925 | Pos Err:    0.10 km | Vel Err:    0.00 m/s
[Solver Step 018000] t= 7.269 | Pos Err:    0.15 km | Vel Err:    0.10 m/s
[Solver Step 019000] t= 7.690 | Pos Err:    0.03 km | Vel Err:    0.00 m/s
[Solver Step 020000] t= 8.169 | Pos Err:    0.06 km | Vel Err:    0.00 m/s
[Solver Step 021000] t= 8.555 | Pos Err:    0.06 km | Vel Err:    0.03 m/s
[Solver Step 022000] t= 8.923 | Pos Err:    0.10 km | Vel Err:    0.00 m/s
[Solver Step 023000] t= 9.316 | Pos Err:    0.08 km | Vel Err:    0.00 m/s
[Solver Step 024000] t= 9.775 | Pos Err:    0.04 km | Vel Err:    0.03 m/s
[Solver Step 025000] t=10.175 | Pos Err:    0.03 km | Vel Err:    0.00 m/s
[Solver Step 026000] t=10.575 | Pos Err:    0.02 km | Vel Err:    0.00 m/s
[Solver Step 027000] t=10.935 | Pos Err:    0.11 km | Vel Err:    0.09 m/s
[Solver Step 028000] t=11.354 | Pos Err:    0.10 km | Vel Err:    0.00 m/s
[Solver Step 029000] t=11.811 | Pos Err:    0.09 km | Vel Err:    0.00 m/s
[Solver Step 030000] t=12.179 | Pos Err:    0.08 km | Vel Err:    0.03 m/s
[Solver Step 001000] t= 0.411 | Pos Err:    4.14 km | Vel Err:    0.10 m/s
[Solver Step 002000] t= 0.815 | Pos Err:    0.12 km | Vel Err:    0.00 m/s
[Solver Step 003000] t= 1.257 | Pos Err:    0.01 km | Vel Err:    0.01 m/s
[Solver Step 004000] t= 1.604 | Pos Err:    0.04 km | Vel Err:    0.00 m/s
[Solver Step 005000] t= 1.989 | Pos Err:    0.11 km | Vel Err:    0.00 m/s
[Solver Step 006000] t= 2.442 | Pos Err:    0.12 km | Vel Err:    0.02 m/s
[Solver Step 007000] t= 2.843 | Pos Err:    0.10 km | Vel Err:    0.00 m/s
[Solver Step 008000] t= 3.242 | Pos Err:    0.08 km | Vel Err:    0.00 m/s
[Solver Step 009000] t= 3.616 | Pos Err:    0.09 km | Vel Err:    0.08 m/s
[Solver Step 010000] t= 4.029 | Pos Err:    0.09 km | Vel Err:    0.00 m/s
[Solver Step 011000] t= 4.449 | Pos Err:    0.11 km | Vel Err:    0.00 m/s
[Solver Step 012000] t= 4.891 | Pos Err:    0.10 km | Vel Err:    0.04 m/s
[Solver Step 013000] t= 5.230 | Pos Err:    0.12 km | Vel Err:    0.00 m/s
[Solver Step 014000] t= 5.627 | Pos Err:    0.06 km | Vel Err:    0.00 m/s
[Solver Step 015000] t= 6.106 | Pos Err:    0.02 km | Vel Err:    0.02 m/s
[Solver Step 016000] t= 6.493 | Pos Err:    0.04 km | Vel Err:    0.00 m/s
[Solver Step 017000] t= 6.921 | Pos Err:    0.07 km | Vel Err:    0.00 m/s
[Solver Step 018000] t= 7.264 | Pos Err:    0.14 km | Vel Err:    0.11 m/s
[Solver Step 019000] t= 7.684 | Pos Err:    0.10 km | Vel Err:    0.00 m/s
[Solver Step 020000] t= 8.164 | Pos Err:    0.07 km | Vel Err:    0.00 m/s
[Solver Step 021000] t= 8.550 | Pos Err:    0.05 km | Vel Err:    0.03 m/s
[Solver Step 022000] t= 8.920 | Pos Err:    0.01 km | Vel Err:    0.00 m/s
[Solver Step 023000] t= 9.311 | Pos Err:    0.10 km | Vel Err:    0.00 m/s
[Solver Step 024000] t= 9.769 | Pos Err:    0.12 km | Vel Err:    0.03 m/s
[Solver Step 025000] t=10.171 | Pos Err:    0.12 km | Vel Err:    0.00 m/s
[Solver Step 026000] t=10.570 | Pos Err:    0.11 km | Vel Err:    0.00 m/s
[Solver Step 027000] t=10.930 | Pos Err:    0.12 km | Vel Err:    0.09 m/s
[Solver Step 028000] t=11.350 | Pos Err:    0.05 km | Vel Err:    0.00 m/s
[Solver Step 029000] t=11.805 | Pos Err:    0.08 km | Vel Err:    0.00 m/s
[Solver Step 030000] t=12.174 | Pos Err:    0.09 km | Vel Err:    0.03 m/s
[Solver Step 031000] t=12.565 | Pos Err:    0.11 km | Vel Err:    0.00 m/s
[Multiple Shooting] Converged in 6 iterations with residual 1.53e-11
[Solver Step 001000] t= 0.306 | Pos Err: 1295.00 km | Vel Err:   29.55 m/s
[Solver Step 002000] t= 0.709 | Pos Err:  278.77 km | Vel Err:    6.37 m/s
[Solver Step 003000] t= 1.109 | Pos Err:  595.74 km | Vel Err:   57.86 m/s
[Solver Step 004000] t= 1.453 | Pos Err:  333.91 km | Vel Err:    7.05 m/s
[Solver Step 005000] t= 1.897 | Pos Err: 23702.69 km | Vel Err: 1600.49 m/s
[Multiple Shooting] Converged in 4 iterations with residual 3.44e-15
[Solver Step 001000] t= 0.377 | Pos Err:    6.66 km | Vel Err:    0.14 m/s
[Solver Step 002000] t= 0.750 | Pos Err:   13.42 km | Vel Err:    0.25 m/s
[Solver Step 003000] t= 1.112 | Pos Err:    2.86 km | Vel Err:    0.06 m/s
[Solver Step 004000] t= 1.477 | Pos Err:    8.65 km | Vel Err:    0.16 m/s
[Solver Step 005000] t= 1.857 | Pos Err:    1.43 km | Vel Err:    0.02 m/s
[Solver Step 006000] t= 2.236 | Pos Err:    9.67 km | Vel Err:    0.20 m/s
[Solver Step 001000] t= 0.418 | Pos Err:    0.69 km | Vel Err:    0.02 m/s
[Solver Step 002000] t= 0.792 | Pos Err:    0.07 km | Vel Err:    0.00 m/s
[Solver Step 003000] t= 1.101 | Pos Err:    0.01 km | Vel Err:    0.04 m/s
[Solver Step 004000] t= 1.554 | Pos Err:    0.05 km | Vel Err:    0.00 m/s
[Solver Step 005000] t= 2.104 | Pos Err:    0.05 km | Vel Err:    0.00 m/s
[Solver Step 006000] t= 2.517 | Pos Err:    0.05 km | Vel Err:    0.01 m/s
[Solver Step 007000] t= 3.017 | Pos Err:    0.05 km | Vel Err:    0.00 m/s
[Solver Step 008000] t= 3.570 | Pos Err:    0.05 km | Vel Err:    0.00 m/s
[Solver Step 009000] t= 4.059 | Pos Err:    0.05 km | Vel Err:    0.01 m/s
[Solver Step 010000] t= 4.461 | Pos Err:    0.05 km | Vel Err:    0.00 m/s
[Solver Step 011000] t= 5.000 | Pos Err:    0.06 km | Vel Err:    0.00 m/s
[Solver Step 012000] t= 5.587 | Pos Err:    0.05 km | Vel Err:    0.05 m/s
[Solver Step 013000] t= 6.068 | Pos Err:    0.06 km | Vel Err:    0.00 m/s
[Solver Step 014000] t= 6.470 | Pos Err:    0.07 km | Vel Err:    0.00 m/s
[Solver Step 015000] t= 7.028 | Pos Err:    0.04 km | Vel Err:    0.08 m/s
[Multiple Shooting] Converged in 7 iterations with residual 2.37e-14
[Solver Step 001000] t= 0.304 | Pos Err:  725.71 km | Vel Err:   15.60 m/s
[Solver Step 002000] t= 0.640 | Pos Err:  200.26 km | Vel Err:    3.61 m/s
[Solver Step 003000] t= 0.964 | Pos Err:  629.00 km | Vel Err:   12.02 m/s
[Solver Step 004000] t= 1.321 | Pos Err:  398.33 km | Vel Err:    8.08 m/s
[Solver Step 005000] t= 1.647 | Pos Err:  891.89 km | Vel Err:   12.94 m/s
[Solver Step 006000] t= 2.047 | Pos Err:  249.32 km | Vel Err:    5.62 m/s
[Solver Step 007000] t= 2.364 | Pos Err:  903.11 km | Vel Err:   14.61 m/s
[Solver Step 001000] t= 0.413 | Pos Err:    1.02 km | Vel Err:    0.02 m/s
[Solver Step 002000] t= 0.817 | Pos Err:    0.06 km | Vel Err:    0.00 m/s
[Solver Step 003000] t= 1.259 | Pos Err:    0.05 km | Vel Err:    0.01 m/s
[Solver Step 004000] t= 1.606 | Pos Err:    0.04 km | Vel Err:    0.00 m/s
[Solver Step 005000] t= 1.991 | Pos Err:    0.06 km | Vel Err:    0.00 m/s
[Solver Step 006000] t= 2.444 | Pos Err:    0.07 km | Vel Err:    0.02 m/s
[Solver Step 007000] t= 2.845 | Pos Err:    0.07 km | Vel Err:    0.00 m/s
[Solver Step 008000] t= 3.243 | Pos Err:    0.06 km | Vel Err:    0.00 m/s
[Solver Step 009000] t= 3.618 | Pos Err:    0.11 km | Vel Err:    0.08 m/s
[Solver Step 010000] t= 4.032 | Pos Err:    0.05 km | Vel Err:    0.00 m/s
[Solver Step 011000] t= 4.451 | Pos Err:    0.06 km | Vel Err:    0.00 m/s
[Solver Step 012000] t= 4.894 | Pos Err:    0.05 km | Vel Err:    0.04 m/s
[Solver Step 013000] t= 5.232 | Pos Err:    0.07 km | Vel Err:    0.00 m/s
[Solver Step 014000] t= 5.630 | Pos Err:    0.05 km | Vel Err:    0.00 m/s
[Solver Step 015000] t= 6.109 | Pos Err:    0.04 km | Vel Err:    0.02 m/s
[Solver Step 016000] t= 6.495 | Pos Err:    0.05 km | Vel Err:    0.00 m/s
[Solver Step 017000] t= 6.923 | Pos Err:    0.05 km | Vel Err:    0.00 m/s
[Solver Step 018000] t= 7.267 | Pos Err:    0.12 km | Vel Err:    0.10 m/s
[Solver Step 019000] t= 7.687 | Pos Err:    0.07 km | Vel Err:    0.00 m/s
[Solver Step 020000] t= 8.167 | Pos Err:    0.06 km | Vel Err:    0.00 m/s
[Solver Step 021000] t= 8.552 | Pos Err:    0.04 km | Vel Err:    0.03 m/s
[Solver Step 022000] t= 8.922 | Pos Err:    0.05 km | Vel Err:    0.00 m/s
[Solver Step 023000] t= 9.313 | Pos Err:    0.05 km | Vel Err:    0.00 m/s
[Solver Step 024000] t= 9.772 | Pos Err:    0.06 km | Vel Err:    0.03 m/s
[Solver Step 025000] t=10.173 | Pos Err:    0.07 km | Vel Err:    0.00 m/s
[Solver Step 026000] t=10.573 | Pos Err:    0.07 km | Vel Err:    0.00 m/s
[Solver Step 027000] t=10.932 | Pos Err:    0.13 km | Vel Err:    0.09 m/s
[Solver Step 028000] t=11.352 | Pos Err:    0.05 km | Vel Err:    0.00 m/s
[Solver Step 029000] t=11.807 | Pos Err:    0.05 km | Vel Err:    0.00 m/s
[Solver Step 030000] t=12.177 | Pos Err:    0.04 km | Vel Err:    0.03 m/s
[Solver Step 001000] t= 0.419 | Pos Err:    0.12 km | Vel Err:    0.00 m/s
[Solver Step 002000] t= 0.793 | Pos Err:    0.06 km | Vel Err:    0.00 m/s
[Solver Step 003000] t= 1.102 | Pos Err:    0.01 km | Vel Err:    0.04 m/s
[Solver Step 004000] t= 1.555 | Pos Err:    0.05 km | Vel Err:    0.00 m/s
[Solver Step 005000] t= 2.106 | Pos Err:    0.06 km | Vel Err:    0.00 m/s
[Solver Step 006000] t= 2.519 | Pos Err:    0.05 km | Vel Err:    0.01 m/s
[Solver Step 007000] t= 3.019 | Pos Err:    0.05 km | Vel Err:    0.00 m/s
[Solver Step 008000] t= 3.572 | Pos Err:    0.05 km | Vel Err:    0.00 m/s
[Solver Step 009000] t= 4.060 | Pos Err:    0.05 km | Vel Err:    0.01 m/s
[Solver Step 010000] t= 4.463 | Pos Err:    0.05 km | Vel Err:    0.00 m/s
[Solver Step 011000] t= 5.001 | Pos Err:    0.05 km | Vel Err:    0.00 m/s
[Solver Step 012000] t= 5.588 | Pos Err:    0.04 km | Vel Err:    0.05 m/s
[Solver Step 013000] t= 6.069 | Pos Err:    0.06 km | Vel Err:    0.00 m/s
[Solver Step 014000] t= 6.471 | Pos Err:    0.06 km | Vel Err:    0.00 m/s
[Solver Step 015000] t= 7.029 | Pos Err:    0.03 km | Vel Err:    0.08 m/s
[Multiple Shooting] Converged in 4 iterations with residual 1.61e-11
[Solver Step 001000] t= 0.341 | Pos Err:    3.56 km | Vel Err:    0.07 m/s
[Solver Step 002000] t= 0.689 | Pos Err:   63.54 km | Vel Err:    1.38 m/s
[Solver Step 003000] t= 1.039 | Pos Err:   28.27 km | Vel Err:    0.55 m/s
[Solver Step 004000] t= 1.397 | Pos Err:    1.73 km | Vel Err:    0.04 m/s
[Solver Step 005000] t= 1.757 | Pos Err:   24.63 km | Vel Err:    0.50 m/s
[Solver Step 006000] t= 2.090 | Pos Err:   56.08 km | Vel Err:    1.18 m/s
[Solver Step 007000] t= 2.458 | Pos Err:  142.82 km | Vel Err:    3.16 m/s
[Multiple Shooting] Converged in 4 iterations with residual 3.88e-15
[Solver Step 001000] t= 0.377 | Pos Err:    4.64 km | Vel Err:    0.11 m/s
[Solver Step 002000] t= 0.753 | Pos Err:   12.17 km | Vel Err:    0.23 m/s
[Solver Step 003000] t= 1.120 | Pos Err:    3.37 km | Vel Err:    0.08 m/s
[Solver Step 004000] t= 1.483 | Pos Err:    9.20 km | Vel Err:    0.16 m/s
[Solver Step 005000] t= 1.861 | Pos Err:    1.24 km | Vel Err:    0.02 m/s
[Solver Step 006000] t= 2.241 | Pos Err:   11.26 km | Vel Err:    0.23 m/s
[Multiple Shooting] Converged in 2 iterations with residual 1.56e-15
[Solver Step 001000] t= 0.472 | Pos Err:    0.29 km | Vel Err:    0.01 m/s
[Solver Step 002000] t= 0.986 | Pos Err:    0.10 km | Vel Err:    0.00 m/s
[Solver Step 003000] t= 1.416 | Pos Err:    0.30 km | Vel Err:    0.01 m/s
[Solver Step 004000] t= 1.905 | Pos Err:    0.21 km | Vel Err:    0.00 m/s
[Solver Step 005000] t= 2.442 | Pos Err:    0.25 km | Vel Err:    0.01 m/s
[Solver Step 006000] t= 2.957 | Pos Err:    0.48 km | Vel Err:    0.01 m/s
[Multiple Shooting] Converged in 2 iterations with residual 9.24e-12
[Solver Step 001000] t= 0.422 | Pos Err:    0.43 km | Vel Err:    0.01 m/s
[Solver Step 002000] t= 0.925 | Pos Err:    0.91 km | Vel Err:    0.02 m/s
[Solver Step 003000] t= 1.418 | Pos Err:    4.76 km | Vel Err:    0.12 m/s
[Solver Step 004000] t= 1.753 | Pos Err:   60.34 km | Vel Err:    1.12 m/s
[Solver Step 005000] t= 2.219 | Pos Err:   15.94 km | Vel Err:    0.36 m/s
[Solver Step 006000] t= 2.677 | Pos Err:    1.92 km | Vel Err:    0.04 m/s
[Solver Step 007000] t= 3.083 | Pos Err:   10.60 km | Vel Err:    0.24 m/s
[Solver Step 001000] t= 0.216 | Pos Err:   11.90 km | Vel Err:    0.32 m/s
[Solver Step 002000] t= 0.470 | Pos Err:    1.45 km | Vel Err:    0.04 m/s
[Solver Step 003000] t= 0.713 | Pos Err:    0.19 km | Vel Err:    0.04 m/s
[Solver Step 004000] t= 0.930 | Pos Err:    0.02 km | Vel Err:    0.00 m/s
[Solver Step 005000] t= 1.177 | Pos Err:    0.06 km | Vel Err:    0.00 m/s
[Solver Step 006000] t= 1.430 | Pos Err:    0.04 km | Vel Err:    0.04 m/s
[Solver Step 007000] t= 1.659 | Pos Err:    0.03 km | Vel Err:    0.00 m/s
[Solver Step 008000] t= 1.875 | Pos Err:    0.04 km | Vel Err:    0.00 m/s
[Solver Step 009000] t= 2.135 | Pos Err:    0.10 km | Vel Err:    0.09 m/s
[Solver Step 010000] t= 2.380 | Pos Err:    0.03 km | Vel Err:    0.00 m/s
[Solver Step 011000] t= 2.594 | Pos Err:    0.01 km | Vel Err:    0.00 m/s
[Solver Step 012000] t= 2.839 | Pos Err:    1.04 km | Vel Err:    0.82 m/s
[Solver Step 013000] t= 3.095 | Pos Err:    0.02 km | Vel Err:    0.00 m/s
[Solver Step 014000] t= 3.315 | Pos Err:    0.02 km | Vel Err:    0.00 m/s
[Solver Step 015000] t= 3.536 | Pos Err:    0.73 km | Vel Err:    0.53 m/s
[Solver Step 016000] t= 3.797 | Pos Err:    0.01 km | Vel Err:    0.00 m/s
[Solver Step 017000] t= 4.038 | Pos Err:    0.04 km | Vel Err:    0.00 m/s
[Solver Step 018000] t= 4.248 | Pos Err:    0.38 km | Vel Err:    0.21 m/s
[Solver Step 019000] t= 4.498 | Pos Err:    0.03 km | Vel Err:    0.02 m/s
[Solver Step 020000] t= 4.753 | Pos Err:    0.05 km | Vel Err:    0.00 m/s
[Solver Step 021000] t= 4.971 | Pos Err:    0.15 km | Vel Err:    0.11 m/s
[Solver Step 022000] t= 5.190 | Pos Err:    0.04 km | Vel Err:    0.01 m/s
[Solver Step 023000] t= 5.456 | Pos Err:    0.06 km | Vel Err:    0.00 m/s
[Solver Step 024000] t= 5.699 | Pos Err:    0.10 km | Vel Err:    0.12 m/s
[Solver Step 025000] t= 5.906 | Pos Err:    0.04 km | Vel Err:    0.00 m/s
[Solver Step 026000] t= 6.159 | Pos Err:    0.05 km | Vel Err:    0.00 m/s
[Solver Step 027000] t= 6.414 | Pos Err:    0.22 km | Vel Err:    0.24 m/s
[Solver Step 028000] t= 6.627 | Pos Err:    0.05 km | Vel Err:    0.00 m/s
[Solver Step 029000] t= 6.851 | Pos Err:    0.06 km | Vel Err:    0.00 m/s
[Multiple Shooting] Converged in 2 iterations with residual 1.13e-15
[Solver Step 001000] t= 0.491 | Pos Err:    0.42 km | Vel Err:    0.01 m/s
[Solver Step 002000] t= 0.957 | Pos Err:    0.21 km | Vel Err:    0.00 m/s
[Solver Step 003000] t= 1.442 | Pos Err:    0.08 km | Vel Err:    0.01 m/s
[Solver Step 004000] t= 1.989 | Pos Err:    0.06 km | Vel Err:    0.00 m/s
[Solver Step 005000] t= 2.535 | Pos Err:    0.17 km | Vel Err:    0.00 m/s
[Solver Step 006000] t= 2.928 | Pos Err:    1.63 km | Vel Err:    0.03 m/s
[Solver Step 001000] t= 0.411 | Pos Err:    2.87 km | Vel Err:    0.07 m/s
[Solver Step 002000] t= 0.815 | Pos Err:    0.08 km | Vel Err:    0.00 m/s
[Solver Step 003000] t= 1.258 | Pos Err:    0.04 km | Vel Err:    0.01 m/s
[Solver Step 004000] t= 1.604 | Pos Err:    0.01 km | Vel Err:    0.00 m/s
[Solver Step 005000] t= 1.989 | Pos Err:    0.08 km | Vel Err:    0.00 m/s
[Solver Step 006000] t= 2.443 | Pos Err:    0.10 km | Vel Err:    0.02 m/s
[Solver Step 007000] t= 2.844 | Pos Err:    0.10 km | Vel Err:    0.00 m/s
[Solver Step 008000] t= 3.242 | Pos Err:    0.09 km | Vel Err:    0.00 m/s
[Solver Step 009000] t= 3.616 | Pos Err:    0.12 km | Vel Err:    0.08 m/s
[Solver Step 010000] t= 4.030 | Pos Err:    0.05 km | Vel Err:    0.00 m/s
[Solver Step 011000] t= 4.450 | Pos Err:    0.07 km | Vel Err:    0.00 m/s
[Solver Step 012000] t= 4.892 | Pos Err:    0.07 km | Vel Err:    0.04 m/s
[Solver Step 013000] t= 5.231 | Pos Err:    0.10 km | Vel Err:    0.00 m/s
[Solver Step 014000] t= 5.628 | Pos Err:    0.07 km | Vel Err:    0.00 m/s
[Solver Step 015000] t= 6.107 | Pos Err:    0.03 km | Vel Err:    0.02 m/s
[Solver Step 016000] t= 6.494 | Pos Err:    0.02 km | Vel Err:    0.00 m/s
[Solver Step 017000] t= 6.921 | Pos Err:    0.03 km | Vel Err:    0.00 m/s
[Solver Step 018000] t= 7.265 | Pos Err:    0.10 km | Vel Err:    0.11 m/s
[Solver Step 019000] t= 7.685 | Pos Err:    0.10 km | Vel Err:    0.00 m/s
[Solver Step 020000] t= 8.165 | Pos Err:    0.09 km | Vel Err:    0.00 m/s
[Solver Step 021000] t= 8.550 | Pos Err:    0.06 km | Vel Err:    0.03 m/s
[Solver Step 022000] t= 8.921 | Pos Err:    0.04 km | Vel Err:    0.00 m/s
[Solver Step 023000] t= 9.312 | Pos Err:    0.06 km | Vel Err:    0.00 m/s
[Solver Step 024000] t= 9.770 | Pos Err:    0.09 km | Vel Err:    0.03 m/s
[Solver Step 025000] t=10.171 | Pos Err:    0.10 km | Vel Err:    0.00 m/s
[Solver Step 026000] t=10.571 | Pos Err:    0.10 km | Vel Err:    0.00 m/s
[Solver Step 027000] t=10.930 | Pos Err:    0.15 km | Vel Err:    0.09 m/s
[Solver Step 028000] t=11.351 | Pos Err:    0.02 km | Vel Err:    0.00 m/s
[Solver Step 029000] t=11.806 | Pos Err:    0.04 km | Vel Err:    0.00 m/s
[Solver Step 030000] t=12.175 | Pos Err:    0.05 km | Vel Err:    0.03 m/s
[Solver Step 031000] t=12.566 | Pos Err:    0.08 km | Vel Err:    0.00 m/s
[Multiple Shooting] Converged in 4 iterations with residual 4.37e-15
[Solver Step 001000] t= 0.372 | Pos Err:    2.60 km | Vel Err:    0.05 m/s
[Solver Step 002000] t= 0.744 | Pos Err:   13.64 km | Vel Err:    0.24 m/s
[Solver Step 003000] t= 1.105 | Pos Err:    2.00 km | Vel Err:    0.03 m/s
[Solver Step 004000] t= 1.470 | Pos Err:    9.16 km | Vel Err:    0.19 m/s
[Solver Step 005000] t= 1.850 | Pos Err:    0.90 km | Vel Err:    0.01 m/s
[Solver Step 006000] t= 2.229 | Pos Err:    8.30 km | Vel Err:    0.16 m/s
[Solver Step 001000] t= 0.414 | Pos Err:    0.71 km | Vel Err:    0.02 m/s
[Solver Step 002000] t= 0.788 | Pos Err:    0.05 km | Vel Err:    0.00 m/s
[Solver Step 003000] t= 1.098 | Pos Err:    0.01 km | Vel Err:    0.04 m/s
[Solver Step 004000] t= 1.548 | Pos Err:    0.06 km | Vel Err:    0.00 m/s
[Solver Step 005000] t= 2.100 | Pos Err:    0.06 km | Vel Err:    0.00 m/s
[Solver Step 006000] t= 2.513 | Pos Err:    0.06 km | Vel Err:    0.01 m/s
[Solver Step 007000] t= 3.012 | Pos Err:    0.06 km | Vel Err:    0.00 m/s
[Solver Step 008000] t= 3.565 | Pos Err:    0.06 km | Vel Err:    0.00 m/s
[Solver Step 009000] t= 4.056 | Pos Err:    0.06 km | Vel Err:    0.01 m/s
[Solver Step 010000] t= 4.457 | Pos Err:    0.06 km | Vel Err:    0.00 m/s
[Solver Step 011000] t= 4.994 | Pos Err:    0.05 km | Vel Err:    0.00 m/s
[Solver Step 012000] t= 5.582 | Pos Err:    0.03 km | Vel Err:    0.05 m/s
[Solver Step 013000] t= 6.065 | Pos Err:    0.05 km | Vel Err:    0.00 m/s
[Solver Step 014000] t= 6.465 | Pos Err:    0.05 km | Vel Err:    0.00 m/s
[Solver Step 015000] t= 7.022 | Pos Err:    0.02 km | Vel Err:    0.08 m/s
[Solver Step 001000] t= 0.412 | Pos Err:    2.11 km | Vel Err:    0.05 m/s
[Solver Step 002000] t= 0.816 | Pos Err:    0.06 km | Vel Err:    0.00 m/s
[Solver Step 003000] t= 1.258 | Pos Err:    0.05 km | Vel Err:    0.01 m/s
[Solver Step 004000] t= 1.605 | Pos Err:    0.03 km | Vel Err:    0.00 m/s
[Solver Step 005000] t= 1.990 | Pos Err:    0.06 km | Vel Err:    0.00 m/s
[Solver Step 006000] t= 2.443 | Pos Err:    0.09 km | Vel Err:    0.02 m/s
[Solver Step 007000] t= 2.845 | Pos Err:    0.09 km | Vel Err:    0.00 m/s
[Solver Step 008000] t= 3.243 | Pos Err:    0.09 km | Vel Err:    0.00 m/s
[Solver Step 009000] t= 3.617 | Pos Err:    0.12 km | Vel Err:    0.08 m/s
[Solver Step 010000] t= 4.031 | Pos Err:    0.03 km | Vel Err:    0.00 m/s
[Solver Step 011000] t= 4.451 | Pos Err:    0.06 km | Vel Err:    0.00 m/s
[Solver Step 012000] t= 4.893 | Pos Err:    0.05 km | Vel Err:    0.04 m/s
[Solver Step 013000] t= 5.231 | Pos Err:    0.08 km | Vel Err:    0.00 m/s
[Solver Step 014000] t= 5.629 | Pos Err:    0.07 km | Vel Err:    0.00 m/s
[Solver Step 015000] t= 6.108 | Pos Err:    0.04 km | Vel Err:    0.02 m/s
[Solver Step 016000] t= 6.494 | Pos Err:    0.03 km | Vel Err:    0.00 m/s
[Solver Step 017000] t= 6.922 | Pos Err:    0.03 km | Vel Err:    0.00 m/s
[Solver Step 018000] t= 7.266 | Pos Err:    0.10 km | Vel Err:    0.10 m/s
[Solver Step 019000] t= 7.686 | Pos Err:    0.09 km | Vel Err:    0.00 m/s
[Solver Step 020000] t= 8.166 | Pos Err:    0.08 km | Vel Err:    0.00 m/s
[Solver Step 021000] t= 8.551 | Pos Err:    0.06 km | Vel Err:    0.03 m/s
[Solver Step 022000] t= 8.921 | Pos Err:    0.05 km | Vel Err:    0.00 m/s
[Solver Step 023000] t= 9.313 | Pos Err:    0.04 km | Vel Err:    0.00 m/s
[Solver Step 024000] t= 9.771 | Pos Err:    0.07 km | Vel Err:    0.03 m/s
[Solver Step 025000] t=10.172 | Pos Err:    0.09 km | Vel Err:    0.00 m/s
[Solver Step 026000] t=10.572 | Pos Err:    0.09 km | Vel Err:    0.00 m/s
[Solver Step 027000] t=10.931 | Pos Err:    0.15 km | Vel Err:    0.09 m/s
[Solver Step 028000] t=11.352 | Pos Err:    0.02 km | Vel Err:    0.00 m/s
[Solver Step 029000] t=11.807 | Pos Err:    0.03 km | Vel Err:    0.00 m/s
[Solver Step 030000] t=12.176 | Pos Err:    0.03 km | Vel Err:    0.03 m/s
[Solver Step 031000] t=12.566 | Pos Err:    0.07 km | Vel Err:    0.00 m/s
[Solver Step 001000] t= 0.217 | Pos Err:   18.99 km | Vel Err:    0.34 m/s
[Solver Step 002000] t= 0.471 | Pos Err:    2.27 km | Vel Err:    0.02 m/s
[Solver Step 003000] t= 0.713 | Pos Err:    0.35 km | Vel Err:    0.03 m/s
[Solver Step 004000] t= 0.930 | Pos Err:    0.04 km | Vel Err:    0.00 m/s
[Solver Step 005000] t= 1.177 | Pos Err:    0.07 km | Vel Err:    0.00 m/s
[Solver Step 006000] t= 1.430 | Pos Err:    0.01 km | Vel Err:    0.04 m/s
[Solver Step 007000] t= 1.657 | Pos Err:    0.02 km | Vel Err:    0.00 m/s
[Solver Step 008000] t= 1.870 | Pos Err:    0.05 km | Vel Err:    0.00 m/s
[Solver Step 009000] t= 2.131 | Pos Err:    0.27 km | Vel Err:    0.24 m/s
[Solver Step 010000] t= 2.370 | Pos Err:    0.02 km | Vel Err:    0.00 m/s
[Solver Step 011000] t= 2.580 | Pos Err:    0.04 km | Vel Err:    0.00 m/s
[Solver Step 012000] t= 2.832 | Pos Err:    1.67 km | Vel Err:    1.34 m/s
[Solver Step 013000] t= 3.086 | Pos Err:    0.04 km | Vel Err:    0.00 m/s
[Solver Step 014000] t= 3.301 | Pos Err:    0.06 km | Vel Err:    0.00 m/s
[Solver Step 015000] t= 3.526 | Pos Err:    0.80 km | Vel Err:    0.61 m/s
[Solver Step 016000] t= 3.789 | Pos Err:    0.04 km | Vel Err:    0.01 m/s
[Solver Step 017000] t= 4.026 | Pos Err:    0.08 km | Vel Err:    0.00 m/s
[Solver Step 018000] t= 4.234 | Pos Err:    0.43 km | Vel Err:    0.25 m/s
[Solver Step 019000] t= 4.490 | Pos Err:    0.05 km | Vel Err:    0.02 m/s
[Solver Step 020000] t= 4.742 | Pos Err:    0.09 km | Vel Err:    0.00 m/s
[Solver Step 021000] t= 4.957 | Pos Err:    0.20 km | Vel Err:    0.12 m/s
[Solver Step 022000] t= 5.182 | Pos Err:    0.09 km | Vel Err:    0.01 m/s
[Solver Step 023000] t= 5.447 | Pos Err:    0.10 km | Vel Err:    0.00 m/s
[Solver Step 024000] t= 5.687 | Pos Err:    0.07 km | Vel Err:    0.11 m/s
[Solver Step 025000] t= 5.894 | Pos Err:    0.07 km | Vel Err:    0.01 m/s
[Solver Step 026000] t= 6.152 | Pos Err:    0.09 km | Vel Err:    0.00 m/s
[Solver Step 027000] t= 6.402 | Pos Err:    0.16 km | Vel Err:    0.24 m/s
[Solver Step 028000] t= 6.612 | Pos Err:    0.05 km | Vel Err:    0.00 m/s
[Solver Step 029000] t= 6.843 | Pos Err:    0.08 km | Vel Err:    0.00 m/s
[Multiple Shooting] Converged in 2 iterations with residual 4.03e-11
[Solver Step 001000] t= 0.426 | Pos Err:    0.66 km | Vel Err:    0.01 m/s
[Solver Step 002000] t= 0.903 | Pos Err:    0.19 km | Vel Err:    0.00 m/s
[Solver Step 003000] t= 1.400 | Pos Err:    1.86 km | Vel Err:    0.03 m/s
[Solver Step 004000] t= 1.811 | Pos Err:   14.72 km | Vel Err:    0.30 m/s
[Solver Step 005000] t= 2.167 | Pos Err:  145.23 km | Vel Err:    2.76 m/s
[Solver Step 006000] t= 2.632 | Pos Err:    0.77 km | Vel Err:    0.01 m/s
[Solver Step 007000] t= 3.103 | Pos Err:   23.92 km | Vel Err:    0.55 m/s
[Solver Step 001000] t= 0.413 | Pos Err:    1.18 km | Vel Err:    0.03 m/s
[Solver Step 002000] t= 0.817 | Pos Err:    0.07 km | Vel Err:    0.00 m/s
[Solver Step 003000] t= 1.259 | Pos Err:    0.04 km | Vel Err:    0.01 m/s
[Solver Step 004000] t= 1.606 | Pos Err:    0.04 km | Vel Err:    0.00 m/s
[Solver Step 005000] t= 1.992 | Pos Err:    0.06 km | Vel Err:    0.00 m/s
[Solver Step 006000] t= 2.444 | Pos Err:    0.08 km | Vel Err:    0.02 m/s
[Solver Step 007000] t= 2.846 | Pos Err:    0.07 km | Vel Err:    0.00 m/s
[Solver Step 008000] t= 3.243 | Pos Err:    0.06 km | Vel Err:    0.00 m/s
[Solver Step 009000] t= 3.618 | Pos Err:    0.10 km | Vel Err:    0.08 m/s
[Solver Step 010000] t= 4.032 | Pos Err:    0.05 km | Vel Err:    0.00 m/s
[Solver Step 011000] t= 4.451 | Pos Err:    0.07 km | Vel Err:    0.00 m/s
[Solver Step 012000] t= 4.894 | Pos Err:    0.05 km | Vel Err:    0.04 m/s
[Solver Step 013000] t= 5.232 | Pos Err:    0.07 km | Vel Err:    0.00 m/s
[Solver Step 014000] t= 5.630 | Pos Err:    0.05 km | Vel Err:    0.00 m/s
[Solver Step 015000] t= 6.109 | Pos Err:    0.03 km | Vel Err:    0.02 m/s
[Solver Step 016000] t= 6.496 | Pos Err:    0.04 km | Vel Err:    0.00 m/s
[Solver Step 017000] t= 6.923 | Pos Err:    0.05 km | Vel Err:    0.00 m/s
[Solver Step 018000] t= 7.267 | Pos Err:    0.12 km | Vel Err:    0.10 m/s
[Solver Step 019000] t= 7.687 | Pos Err:    0.07 km | Vel Err:    0.00 m/s
[Solver Step 020000] t= 8.167 | Pos Err:    0.06 km | Vel Err:    0.00 m/s
[Solver Step 021000] t= 8.552 | Pos Err:    0.04 km | Vel Err:    0.03 m/s
[Solver Step 022000] t= 8.922 | Pos Err:    0.04 km | Vel Err:    0.00 m/s
[Solver Step 023000] t= 9.314 | Pos Err:    0.05 km | Vel Err:    0.00 m/s
[Solver Step 024000] t= 9.772 | Pos Err:    0.07 km | Vel Err:    0.03 m/s
[Solver Step 025000] t=10.173 | Pos Err:    0.08 km | Vel Err:    0.00 m/s
[Solver Step 026000] t=10.573 | Pos Err:    0.07 km | Vel Err:    0.00 m/s
[Solver Step 027000] t=10.932 | Pos Err:    0.13 km | Vel Err:    0.09 m/s
[Solver Step 028000] t=11.352 | Pos Err:    0.04 km | Vel Err:    0.00 m/s
[Solver Step 029000] t=11.808 | Pos Err:    0.05 km | Vel Err:    0.00 m/s
[Solver Step 030000] t=12.177 | Pos Err:    0.05 km | Vel Err:    0.03 m/s
[Multiple Shooting] Converged in 3 iterations with residual 9.45e-13
[Solver Step 001000] t= 0.396 | Pos Err:    3.71 km | Vel Err:    0.08 m/s
[Solver Step 002000] t= 0.785 | Pos Err:    4.27 km | Vel Err:    0.06 m/s
[Solver Step 003000] t= 1.163 | Pos Err:    0.79 km | Vel Err:    0.05 m/s
[Solver Step 004000] t= 1.542 | Pos Err:    7.25 km | Vel Err:    0.13 m/s
[Solver Step 005000] t= 1.933 | Pos Err:    0.85 km | Vel Err:    0.02 m/s
[Solver Step 006000] t= 2.322 | Pos Err:   22.26 km | Vel Err:    0.47 m/s
[Solver Step 001000] t= 0.418 | Pos Err:    1.98 km | Vel Err:    0.05 m/s
[Solver Step 002000] t= 0.822 | Pos Err:    0.04 km | Vel Err:    0.00 m/s
[Solver Step 003000] t= 1.262 | Pos Err:    0.09 km | Vel Err:    0.01 m/s
[Solver Step 004000] t= 1.610 | Pos Err:    0.09 km | Vel Err:    0.00 m/s
[Solver Step 005000] t= 1.996 | Pos Err:    0.04 km | Vel Err:    0.00 m/s
[Solver Step 006000] t= 2.448 | Pos Err:    0.03 km | Vel Err:    0.02 m/s
[Solver Step 007000] t= 2.850 | Pos Err:    0.04 km | Vel Err:    0.00 m/s
[Solver Step 008000] t= 3.246 | Pos Err:    0.06 km | Vel Err:    0.00 m/s
[Solver Step 009000] t= 3.621 | Pos Err:    0.12 km | Vel Err:    0.08 m/s
[Solver Step 010000] t= 4.036 | Pos Err:    0.07 km | Vel Err:    0.00 m/s
[Solver Step 011000] t= 4.455 | Pos Err:    0.05 km | Vel Err:    0.00 m/s
[Solver Step 012000] t= 4.898 | Pos Err:    0.03 km | Vel Err:    0.04 m/s
[Solver Step 013000] t= 5.236 | Pos Err:    0.02 km | Vel Err:    0.00 m/s
[Solver Step 014000] t= 5.634 | Pos Err:    0.07 km | Vel Err:    0.00 m/s
[Solver Step 015000] t= 6.113 | Pos Err:    0.08 km | Vel Err:    0.02 m/s
[Solver Step 016000] t= 6.500 | Pos Err:    0.09 km | Vel Err:    0.00 m/s
[Solver Step 017000] t= 6.926 | Pos Err:    0.08 km | Vel Err:    0.00 m/s
[Solver Step 018000] t= 7.271 | Pos Err:    0.13 km | Vel Err:    0.10 m/s
[Solver Step 019000] t= 7.692 | Pos Err:    0.04 km | Vel Err:    0.00 m/s
[Solver Step 020000] t= 8.170 | Pos Err:    0.07 km | Vel Err:    0.00 m/s
[Solver Step 021000] t= 8.556 | Pos Err:    0.06 km | Vel Err:    0.03 m/s
[Solver Step 022000] t= 8.923 | Pos Err:    0.09 km | Vel Err:    0.00 m/s
[Solver Step 023000] t= 9.318 | Pos Err:    0.05 km | Vel Err:    0.00 m/s
[Solver Step 024000] t= 9.777 | Pos Err:    0.03 km | Vel Err:    0.03 m/s
[Solver Step 025000] t=10.176 | Pos Err:    0.03 km | Vel Err:    0.00 m/s
[Solver Step 026000] t=10.577 | Pos Err:    0.04 km | Vel Err:    0.00 m/s
[Solver Step 027000] t=10.936 | Pos Err:    0.13 km | Vel Err:    0.09 m/s
[Solver Step 028000] t=11.355 | Pos Err:    0.08 km | Vel Err:    0.00 m/s
[Solver Step 029000] t=11.812 | Pos Err:    0.07 km | Vel Err:    0.00 m/s
[Solver Step 030000] t=12.180 | Pos Err:    0.05 km | Vel Err:    0.03 m/s
[Multiple Shooting] Converged in 6 iterations with residual 4.33e-12
[Solver Step 001000] t= 0.320 | Pos Err:   96.59 km | Vel Err:    2.01 m/s
[Solver Step 002000] t= 0.643 | Pos Err:  426.04 km | Vel Err:    7.60 m/s
[Solver Step 003000] t= 1.004 | Pos Err:   28.77 km | Vel Err:    0.47 m/s
[Solver Step 004000] t= 1.321 | Pos Err:  467.01 km | Vel Err:   10.39 m/s
[Solver Step 005000] t= 1.658 | Pos Err:  104.06 km | Vel Err:    2.12 m/s
[Solver Step 006000] t= 1.991 | Pos Err:   53.88 km | Vel Err:    0.99 m/s
[Solver Step 007000] t= 2.314 | Pos Err:  742.42 km | Vel Err:   16.31 m/s
[Multiple Shooting] Converged in 12 iterations with residual 3.76e-15
[Solver Step 001000] t= 0.361 | Pos Err:    4.74 km | Vel Err:    0.11 m/s
[Solver Step 002000] t= 0.747 | Pos Err:    2.54 km | Vel Err:    0.06 m/s
[Solver Step 003000] t= 1.115 | Pos Err:   33.18 km | Vel Err:    0.59 m/s
[Solver Step 004000] t= 1.501 | Pos Err:    5.28 km | Vel Err:    0.10 m/s
[Solver Step 005000] t= 1.906 | Pos Err:    1.12 km | Vel Err:    0.03 m/s
[Solver Step 006000] t= 2.345 | Pos Err:    1.41 km | Vel Err:    0.03 m/s
[Solver Step 001000] t= 0.412 | Pos Err:    2.42 km | Vel Err:    0.06 m/s
[Solver Step 002000] t= 0.817 | Pos Err:    0.07 km | Vel Err:    0.00 m/s
[Solver Step 003000] t= 1.258 | Pos Err:    0.05 km | Vel Err:    0.01 m/s
[Solver Step 004000] t= 1.605 | Pos Err:    0.03 km | Vel Err:    0.00 m/s
[Solver Step 005000] t= 1.991 | Pos Err:    0.07 km | Vel Err:    0.00 m/s
[Solver Step 006000] t= 2.444 | Pos Err:    0.09 km | Vel Err:    0.02 m/s
[Solver Step 007000] t= 2.845 | Pos Err:    0.09 km | Vel Err:    0.00 m/s
[Solver Step 008000] t= 3.243 | Pos Err:    0.09 km | Vel Err:    0.00 m/s
[Solver Step 009000] t= 3.617 | Pos Err:    0.12 km | Vel Err:    0.08 m/s
[Solver Step 010000] t= 4.031 | Pos Err:    0.04 km | Vel Err:    0.00 m/s
[Solver Step 011000] t= 4.451 | Pos Err:    0.06 km | Vel Err:    0.00 m/s
[Solver Step 012000] t= 4.893 | Pos Err:    0.06 km | Vel Err:    0.04 m/s
[Solver Step 013000] t= 5.231 | Pos Err:    0.08 km | Vel Err:    0.00 m/s
[Solver Step 014000] t= 5.629 | Pos Err:    0.07 km | Vel Err:    0.00 m/s
[Solver Step 015000] t= 6.108 | Pos Err:    0.04 km | Vel Err:    0.02 m/s
[Solver Step 016000] t= 6.495 | Pos Err:    0.03 km | Vel Err:    0.00 m/s
[Solver Step 017000] t= 6.922 | Pos Err:    0.04 km | Vel Err:    0.00 m/s
[Solver Step 018000] t= 7.266 | Pos Err:    0.10 km | Vel Err:    0.10 m/s
[Solver Step 019000] t= 7.686 | Pos Err:    0.09 km | Vel Err:    0.00 m/s
[Solver Step 020000] t= 8.166 | Pos Err:    0.08 km | Vel Err:    0.00 m/s
[Solver Step 021000] t= 8.551 | Pos Err:    0.06 km | Vel Err:    0.03 m/s
[Solver Step 022000] t= 8.921 | Pos Err:    0.05 km | Vel Err:    0.00 m/s
[Solver Step 023000] t= 9.313 | Pos Err:    0.05 km | Vel Err:    0.00 m/s
[Solver Step 024000] t= 9.771 | Pos Err:    0.08 km | Vel Err:    0.03 m/s
[Solver Step 025000] t=10.172 | Pos Err:    0.09 km | Vel Err:    0.00 m/s
[Solver Step 026000] t=10.572 | Pos Err:    0.09 km | Vel Err:    0.00 m/s
[Solver Step 027000] t=10.931 | Pos Err:    0.15 km | Vel Err:    0.09 m/s
[Solver Step 028000] t=11.352 | Pos Err:    0.03 km | Vel Err:    0.00 m/s
[Solver Step 029000] t=11.807 | Pos Err:    0.04 km | Vel Err:    0.00 m/s
[Solver Step 030000] t=12.176 | Pos Err:    0.04 km | Vel Err:    0.03 m/s
[Solver Step 031000] t=12.566 | Pos Err:    0.07 km | Vel Err:    0.00 m/s
[Multiple Shooting] Converged in 2 iterations with residual 1.63e-15
[Solver Step 001000] t= 0.470 | Pos Err:    0.31 km | Vel Err:    0.01 m/s
[Solver Step 002000] t= 0.963 | Pos Err:    0.14 km | Vel Err:    0.00 m/s
[Solver Step 003000] t= 1.529 | Pos Err:    0.09 km | Vel Err:    0.01 m/s
[Solver Step 004000] t= 2.093 | Pos Err:    0.15 km | Vel Err:    0.00 m/s
[Solver Step 005000] t= 2.493 | Pos Err:    0.27 km | Vel Err:    0.00 m/s
[Solver Step 006000] t= 2.985 | Pos Err:    1.33 km | Vel Err:    0.04 m/s
[Solver Step 001000] t= 0.412 | Pos Err:    2.81 km | Vel Err:    0.07 m/s
[Solver Step 002000] t= 0.816 | Pos Err:    0.10 km | Vel Err:    0.00 m/s
[Solver Step 003000] t= 1.258 | Pos Err:    0.01 km | Vel Err:    0.01 m/s
[Solver Step 004000] t= 1.604 | Pos Err:    0.03 km | Vel Err:    0.00 m/s
[Solver Step 005000] t= 1.990 | Pos Err:    0.09 km | Vel Err:    0.00 m/s
[Solver Step 006000] t= 2.443 | Pos Err:    0.10 km | Vel Err:    0.02 m/s
[Solver Step 007000] t= 2.844 | Pos Err:    0.09 km | Vel Err:    0.00 m/s
[Solver Step 008000] t= 3.242 | Pos Err:    0.07 km | Vel Err:    0.00 m/s
[Solver Step 009000] t= 3.616 | Pos Err:    0.09 km | Vel Err:    0.08 m/s
[Solver Step 010000] t= 4.030 | Pos Err:    0.07 km | Vel Err:    0.00 m/s
[Solver Step 011000] t= 4.450 | Pos Err:    0.09 km | Vel Err:    0.00 m/s
[Solver Step 012000] t= 4.892 | Pos Err:    0.08 km | Vel Err:    0.04 m/s
[Solver Step 013000] t= 5.231 | Pos Err:    0.10 km | Vel Err:    0.00 m/s
[Solver Step 014000] t= 5.628 | Pos Err:    0.05 km | Vel Err:    0.00 m/s
[Solver Step 015000] t= 6.107 | Pos Err:    0.02 km | Vel Err:    0.02 m/s
[Solver Step 016000] t= 6.494 | Pos Err:    0.04 km | Vel Err:    0.00 m/s
[Solver Step 017000] t= 6.921 | Pos Err:    0.06 km | Vel Err:    0.00 m/s
[Solver Step 018000] t= 7.265 | Pos Err:    0.13 km | Vel Err:    0.10 m/s
[Solver Step 019000] t= 7.685 | Pos Err:    0.08 km | Vel Err:    0.00 m/s
[Solver Step 020000] t= 8.165 | Pos Err:    0.06 km | Vel Err:    0.00 m/s
[Solver Step 021000] t= 8.550 | Pos Err:    0.04 km | Vel Err:    0.03 m/s
[Solver Step 022000] t= 8.921 | Pos Err:    0.02 km | Vel Err:    0.00 m/s
[Solver Step 023000] t= 9.312 | Pos Err:    0.08 km | Vel Err:    0.00 m/s
[Solver Step 024000] t= 9.770 | Pos Err:    0.10 km | Vel Err:    0.03 m/s
[Solver Step 025000] t=10.172 | Pos Err:    0.10 km | Vel Err:    0.00 m/s
[Solver Step 026000] t=10.571 | Pos Err:    0.09 km | Vel Err:    0.00 m/s
[Solver Step 027000] t=10.931 | Pos Err:    0.12 km | Vel Err:    0.09 m/s
[Solver Step 028000] t=11.351 | Pos Err:    0.04 km | Vel Err:    0.00 m/s
[Solver Step 029000] t=11.806 | Pos Err:    0.07 km | Vel Err:    0.00 m/s
[Solver Step 030000] t=12.175 | Pos Err:    0.07 km | Vel Err:    0.03 m/s
[Solver Step 031000] t=12.566 | Pos Err:    0.09 km | Vel Err:    0.00 m/s
[Solver Step 001000] t= 0.416 | Pos Err:    0.60 km | Vel Err:    0.01 m/s
[Solver Step 002000] t= 0.790 | Pos Err:    0.06 km | Vel Err:    0.00 m/s
[Solver Step 003000] t= 1.099 | Pos Err:    0.01 km | Vel Err:    0.04 m/s
[Solver Step 004000] t= 1.551 | Pos Err:    0.06 km | Vel Err:    0.00 m/s
[Solver Step 005000] t= 2.102 | Pos Err:    0.06 km | Vel Err:    0.00 m/s
[Solver Step 006000] t= 2.515 | Pos Err:    0.06 km | Vel Err:    0.01 m/s
[Solver Step 007000] t= 3.014 | Pos Err:    0.06 km | Vel Err:    0.00 m/s
[Solver Step 008000] t= 3.567 | Pos Err:    0.06 km | Vel Err:    0.00 m/s
[Solver Step 009000] t= 4.057 | Pos Err:    0.06 km | Vel Err:    0.01 m/s
[Solver Step 010000] t= 4.459 | Pos Err:    0.06 km | Vel Err:    0.00 m/s
[Solver Step 011000] t= 4.997 | Pos Err:    0.06 km | Vel Err:    0.00 m/s
[Solver Step 012000] t= 5.584 | Pos Err:    0.05 km | Vel Err:    0.05 m/s
[Solver Step 013000] t= 6.066 | Pos Err:    0.06 km | Vel Err:    0.00 m/s
[Solver Step 014000] t= 6.467 | Pos Err:    0.06 km | Vel Err:    0.00 m/s
[Solver Step 015000] t= 7.025 | Pos Err:    0.04 km | Vel Err:    0.08 m/s
[Solver Step 001000] t= 0.216 | Pos Err:   17.83 km | Vel Err:    0.44 m/s
[Solver Step 002000] t= 0.469 | Pos Err:    2.26 km | Vel Err:    0.07 m/s
[Solver Step 003000] t= 0.712 | Pos Err:    0.35 km | Vel Err:    0.03 m/s
[Solver Step 004000] t= 0.926 | Pos Err:    0.04 km | Vel Err:    0.01 m/s
[Solver Step 005000] t= 1.175 | Pos Err:    0.03 km | Vel Err:    0.00 m/s
[Solver Step 006000] t= 1.429 | Pos Err:    0.06 km | Vel Err:    0.04 m/s
[Solver Step 007000] t= 1.660 | Pos Err:    0.06 km | Vel Err:    0.00 m/s
[Solver Step 008000] t= 1.874 | Pos Err:    0.05 km | Vel Err:    0.00 m/s
[Solver Step 009000] t= 2.133 | Pos Err:    0.17 km | Vel Err:    0.11 m/s
[Solver Step 010000] t= 2.376 | Pos Err:    0.08 km | Vel Err:    0.00 m/s
[Solver Step 011000] t= 2.588 | Pos Err:    0.07 km | Vel Err:    0.00 m/s
[Solver Step 012000] t= 2.836 | Pos Err:    0.99 km | Vel Err:    0.84 m/s
[Solver Step 013000] t= 3.091 | Pos Err:    0.09 km | Vel Err:    0.00 m/s
[Solver Step 014000] t= 3.311 | Pos Err:    0.09 km | Vel Err:    0.00 m/s
[Solver Step 015000] t= 3.533 | Pos Err:    0.69 km | Vel Err:    0.56 m/s
[Solver Step 016000] t= 3.795 | Pos Err:    0.09 km | Vel Err:    0.00 m/s
[Solver Step 017000] t= 4.037 | Pos Err:    0.10 km | Vel Err:    0.00 m/s
[Solver Step 018000] t= 4.244 | Pos Err:    0.35 km | Vel Err:    0.22 m/s
[Solver Step 019000] t= 4.496 | Pos Err:    0.07 km | Vel Err:    0.02 m/s
[Solver Step 020000] t= 4.750 | Pos Err:    0.09 km | Vel Err:    0.00 m/s
[Solver Step 021000] t= 4.967 | Pos Err:    0.10 km | Vel Err:    0.11 m/s
[Solver Step 022000] t= 5.188 | Pos Err:    0.09 km | Vel Err:    0.01 m/s
[Solver Step 023000] t= 5.454 | Pos Err:    0.09 km | Vel Err:    0.00 m/s
[Solver Step 024000] t= 5.696 | Pos Err:    0.04 km | Vel Err:    0.12 m/s
[Solver Step 025000] t= 5.903 | Pos Err:    0.06 km | Vel Err:    0.00 m/s
[Solver Step 026000] t= 6.157 | Pos Err:    0.08 km | Vel Err:    0.00 m/s
[Solver Step 027000] t= 6.411 | Pos Err:    0.21 km | Vel Err:    0.24 m/s
[Solver Step 028000] t= 6.622 | Pos Err:    0.03 km | Vel Err:    0.00 m/s
[Solver Step 029000] t= 6.849 | Pos Err:    0.05 km | Vel Err:    0.00 m/s
[Multiple Shooting] Converged in 4 iterations with residual 2.66e-15
[Solver Step 001000] t= 0.386 | Pos Err:    0.85 km | Vel Err:    0.02 m/s
[Solver Step 002000] t= 0.768 | Pos Err:    7.33 km | Vel Err:    0.14 m/s
[Solver Step 003000] t= 1.143 | Pos Err:    2.55 km | Vel Err:    0.08 m/s
[Solver Step 004000] t= 1.512 | Pos Err:   12.60 km | Vel Err:    0.25 m/s
[Solver Step 005000] t= 1.893 | Pos Err:    1.75 km | Vel Err:    0.04 m/s
[Solver Step 006000] t= 2.278 | Pos Err:   13.09 km | Vel Err:    0.23 m/s
[Solver Step 001000] t= 0.413 | Pos Err:    2.34 km | Vel Err:    0.05 m/s
[Solver Step 002000] t= 0.818 | Pos Err:    0.04 km | Vel Err:    0.00 m/s
[Solver Step 003000] t= 1.259 | Pos Err:    0.07 km | Vel Err:    0.01 m/s
[Solver Step 004000] t= 1.606 | Pos Err:    0.05 km | Vel Err:    0.00 m/s
[Solver Step 005000] t= 1.992 | Pos Err:    0.04 km | Vel Err:    0.00 m/s
[Solver Step 006000] t= 2.445 | Pos Err:    0.08 km | Vel Err:    0.02 m/s
[Solver Step 007000] t= 2.846 | Pos Err:    0.09 km | Vel Err:    0.00 m/s
[Solver Step 008000] t= 3.243 | Pos Err:    0.09 km | Vel Err:    0.00 m/s
[Solver Step 009000] t= 3.618 | Pos Err:    0.14 km | Vel Err:    0.08 m/s
[Solver Step 010000] t= 4.032 | Pos Err:    0.02 km | Vel Err:    0.00 m/s
[Solver Step 011000] t= 4.451 | Pos Err:    0.04 km | Vel Err:    0.00 m/s
[Solver Step 012000] t= 4.894 | Pos Err:    0.03 km | Vel Err:    0.04 m/s
[Solver Step 013000] t= 5.232 | Pos Err:    0.07 km | Vel Err:    0.00 m/s
[Solver Step 014000] t= 5.630 | Pos Err:    0.08 km | Vel Err:    0.00 m/s
[Solver Step 015000] t= 6.109 | Pos Err:    0.06 km | Vel Err:    0.02 m/s
[Solver Step 016000] t= 6.496 | Pos Err:    0.05 km | Vel Err:    0.00 m/s
[Solver Step 017000] t= 6.923 | Pos Err:    0.03 km | Vel Err:    0.00 m/s
[Solver Step 018000] t= 7.267 | Pos Err:    0.09 km | Vel Err:    0.10 m/s
[Solver Step 019000] t= 7.687 | Pos Err:    0.09 km | Vel Err:    0.00 m/s
[Solver Step 020000] t= 8.167 | Pos Err:    0.09 km | Vel Err:    0.00 m/s
[Solver Step 021000] t= 8.552 | Pos Err:    0.07 km | Vel Err:    0.03 m/s
[Solver Step 022000] t= 8.922 | Pos Err:    0.07 km | Vel Err:    0.00 m/s
[Solver Step 023000] t= 9.314 | Pos Err:    0.02 km | Vel Err:    0.00 m/s
[Solver Step 024000] t= 9.772 | Pos Err:    0.06 km | Vel Err:    0.03 m/s
[Solver Step 025000] t=10.173 | Pos Err:    0.07 km | Vel Err:    0.00 m/s
[Solver Step 026000] t=10.573 | Pos Err:    0.08 km | Vel Err:    0.00 m/s
[Solver Step 027000] t=10.932 | Pos Err:    0.16 km | Vel Err:    0.09 m/s
[Solver Step 028000] t=11.352 | Pos Err:    0.04 km | Vel Err:    0.00 m/s
[Solver Step 029000] t=11.808 | Pos Err:    0.03 km | Vel Err:    0.00 m/s
[Solver Step 030000] t=12.177 | Pos Err:    0.02 km | Vel Err:    0.03 m/s
[Multiple Shooting] Converged in 2 iterations with residual 9.52e-12
[Solver Step 001000] t= 0.428 | Pos Err:    0.66 km | Vel Err:    0.02 m/s
[Solver Step 002000] t= 0.926 | Pos Err:    0.51 km | Vel Err:    0.01 m/s
[Solver Step 003000] t= 1.425 | Pos Err:    3.16 km | Vel Err:    0.07 m/s
[Solver Step 004000] t= 1.795 | Pos Err:   52.76 km | Vel Err:    1.13 m/s
[Solver Step 005000] t= 2.207 | Pos Err:   49.00 km | Vel Err:    1.02 m/s
[Solver Step 006000] t= 2.672 | Pos Err:    3.22 km | Vel Err:    0.07 m/s
[Solver Step 007000] t= 3.114 | Pos Err:    9.65 km | Vel Err:    0.23 m/s
[Multiple Shooting] Converged in 7 iterations with residual 2.00e-14
[Solver Step 001000] t= 0.299 | Pos Err:  464.61 km | Vel Err:    9.71 m/s
[Solver Step 002000] t= 0.625 | Pos Err:   67.77 km | Vel Err:    0.87 m/s
[Solver Step 003000] t= 0.947 | Pos Err:  200.61 km | Vel Err:    4.10 m/s
[Solver Step 004000] t= 1.269 | Pos Err:  336.20 km | Vel Err:    6.27 m/s
[Solver Step 005000] t= 1.600 | Pos Err:  120.53 km | Vel Err:    2.35 m/s
[Solver Step 006000] t= 1.923 | Pos Err:  673.30 km | Vel Err:   14.05 m/s
[Solver Step 007000] t= 2.261 | Pos Err:  115.95 km | Vel Err:    1.75 m/s
[Multiple Shooting] Converged in 3 iterations with residual 3.06e-11
[Solver Step 001000] t= 0.388 | Pos Err:    7.16 km | Vel Err:    0.16 m/s
[Solver Step 002000] t= 0.773 | Pos Err:    5.75 km | Vel Err:    0.10 m/s
[Solver Step 003000] t= 1.149 | Pos Err:    1.95 km | Vel Err:    0.07 m/s
[Solver Step 004000] t= 1.521 | Pos Err:   10.28 km | Vel Err:    0.21 m/s
[Solver Step 005000] t= 1.907 | Pos Err:    0.91 km | Vel Err:    0.02 m/s
[Solver Step 006000] t= 2.293 | Pos Err:   20.18 km | Vel Err:    0.38 m/s
[Multiple Shooting] Converged in 2 iterations with residual 9.01e-12
[Solver Step 001000] t= 0.424 | Pos Err:    0.52 km | Vel Err:    0.01 m/s
[Solver Step 002000] t= 0.927 | Pos Err:    0.91 km | Vel Err:    0.02 m/s
[Solver Step 003000] t= 1.420 | Pos Err:    4.20 km | Vel Err:    0.11 m/s
[Solver Step 004000] t= 1.755 | Pos Err:   60.84 km | Vel Err:    1.13 m/s
[Solver Step 005000] t= 2.222 | Pos Err:   15.23 km | Vel Err:    0.35 m/s
[Solver Step 006000] t= 2.679 | Pos Err:    1.93 km | Vel Err:    0.04 m/s
[Solver Step 007000] t= 3.085 | Pos Err:   10.53 km | Vel Err:    0.24 m/s
[Solver Step 001000] t= 0.215 | Pos Err:   15.95 km | Vel Err:    0.44 m/s
[Solver Step 002000] t= 0.468 | Pos Err:    2.04 km | Vel Err:    0.05 m/s
[Solver Step 003000] t= 0.711 | Pos Err:    0.24 km | Vel Err:    0.04 m/s
[Solver Step 004000] t= 0.924 | Pos Err:    0.03 km | Vel Err:    0.01 m/s
[Solver Step 005000] t= 1.174 | Pos Err:    0.01 km | Vel Err:    0.00 m/s
[Solver Step 006000] t= 1.429 | Pos Err:    0.09 km | Vel Err:    0.05 m/s
[Solver Step 007000] t= 1.656 | Pos Err:    0.07 km | Vel Err:    0.00 m/s
[Solver Step 008000] t= 1.871 | Pos Err:    0.04 km | Vel Err:    0.00 m/s
[Solver Step 009000] t= 2.133 | Pos Err:    0.28 km | Vel Err:    0.19 m/s
[Solver Step 010000] t= 2.373 | Pos Err:    0.08 km | Vel Err:    0.00 m/s
[Solver Step 011000] t= 2.584 | Pos Err:    0.06 km | Vel Err:    0.00 m/s
[Solver Step 012000] t= 2.834 | Pos Err:    1.51 km | Vel Err:    1.23 m/s
[Solver Step 013000] t= 3.089 | Pos Err:    0.09 km | Vel Err:    0.00 m/s
[Solver Step 014000] t= 3.307 | Pos Err:    0.07 km | Vel Err:    0.00 m/s
[Solver Step 015000] t= 3.531 | Pos Err:    0.70 km | Vel Err:    0.58 m/s
[Solver Step 016000] t= 3.793 | Pos Err:    0.09 km | Vel Err:    0.00 m/s
[Solver Step 017000] t= 4.033 | Pos Err:    0.08 km | Vel Err:    0.00 m/s
[Solver Step 018000] t= 4.240 | Pos Err:    0.34 km | Vel Err:    0.23 m/s
[Solver Step 019000] t= 4.494 | Pos Err:    0.06 km | Vel Err:    0.02 m/s
[Solver Step 020000] t= 4.749 | Pos Err:    0.07 km | Vel Err:    0.00 m/s
[Solver Step 021000] t= 4.963 | Pos Err:    0.10 km | Vel Err:    0.11 m/s
[Solver Step 022000] t= 5.186 | Pos Err:    0.07 km | Vel Err:    0.01 m/s
[Solver Step 023000] t= 5.451 | Pos Err:    0.06 km | Vel Err:    0.00 m/s
[Solver Step 024000] t= 5.693 | Pos Err:    0.07 km | Vel Err:    0.11 m/s
[Solver Step 025000] t= 5.901 | Pos Err:    0.04 km | Vel Err:    0.00 m/s
[Solver Step 026000] t= 6.156 | Pos Err:    0.05 km | Vel Err:    0.00 m/s
[Solver Step 027000] t= 6.409 | Pos Err:    0.23 km | Vel Err:    0.24 m/s
[Solver Step 028000] t= 6.620 | Pos Err:    0.03 km | Vel Err:    0.00 m/s
[Solver Step 029000] t= 6.848 | Pos Err:    0.03 km | Vel Err:    0.00 m/s
[Solver Step 001000] t= 0.217 | Pos Err:   15.91 km | Vel Err:    0.40 m/s
[Solver Step 002000] t= 0.471 | Pos Err:    1.95 km | Vel Err:    0.06 m/s
[Solver Step 003000] t= 0.713 | Pos Err:    0.26 km | Vel Err:    0.03 m/s
[Solver Step 004000] t= 0.930 | Pos Err:    0.02 km | Vel Err:    0.00 m/s
[Solver Step 005000] t= 1.177 | Pos Err:    0.07 km | Vel Err:    0.00 m/s
[Solver Step 006000] t= 1.430 | Pos Err:    0.07 km | Vel Err:    0.04 m/s
[Solver Step 007000] t= 1.661 | Pos Err:    0.06 km | Vel Err:    0.00 m/s
[Solver Step 008000] t= 1.875 | Pos Err:    0.07 km | Vel Err:    0.00 m/s
[Solver Step 009000] t= 2.135 | Pos Err:    0.12 km | Vel Err:    0.09 m/s
[Solver Step 010000] t= 2.380 | Pos Err:    0.05 km | Vel Err:    0.00 m/s
[Solver Step 011000] t= 2.594 | Pos Err:    0.04 km | Vel Err:    0.00 m/s
[Solver Step 012000] t= 2.839 | Pos Err:    1.06 km | Vel Err:    0.82 m/s
[Solver Step 013000] t= 3.095 | Pos Err:    0.04 km | Vel Err:    0.00 m/s
[Solver Step 014000] t= 3.315 | Pos Err:    0.02 km | Vel Err:    0.00 m/s
[Solver Step 015000] t= 3.536 | Pos Err:    0.72 km | Vel Err:    0.53 m/s
[Solver Step 016000] t= 3.797 | Pos Err:    0.03 km | Vel Err:    0.00 m/s
[Solver Step 017000] t= 4.040 | Pos Err:    0.02 km | Vel Err:    0.00 m/s
[Solver Step 018000] t= 4.248 | Pos Err:    0.38 km | Vel Err:    0.21 m/s
[Solver Step 019000] t= 4.498 | Pos Err:    0.02 km | Vel Err:    0.02 m/s
[Solver Step 020000] t= 4.753 | Pos Err:    0.04 km | Vel Err:    0.00 m/s
[Solver Step 021000] t= 4.971 | Pos Err:    0.16 km | Vel Err:    0.11 m/s
[Solver Step 022000] t= 5.190 | Pos Err:    0.02 km | Vel Err:    0.01 m/s
[Solver Step 023000] t= 5.456 | Pos Err:    0.05 km | Vel Err:    0.00 m/s
[Solver Step 024000] t= 5.699 | Pos Err:    0.12 km | Vel Err:    0.12 m/s
[Solver Step 025000] t= 5.908 | Pos Err:    0.05 km | Vel Err:    0.00 m/s
[Solver Step 026000] t= 6.160 | Pos Err:    0.05 km | Vel Err:    0.00 m/s
[Solver Step 027000] t= 6.416 | Pos Err:    0.24 km | Vel Err:    0.24 m/s
[Solver Step 028000] t= 6.629 | Pos Err:    0.07 km | Vel Err:    0.00 m/s
[Solver Step 029000] t= 6.852 | Pos Err:    0.07 km | Vel Err:    0.00 m/s
[Solver Step 001000] t= 0.416 | Pos Err:    0.51 km | Vel Err:    0.01 m/s
[Solver Step 002000] t= 0.790 | Pos Err:    0.06 km | Vel Err:    0.00 m/s
[Solver Step 003000] t= 1.099 | Pos Err:    0.01 km | Vel Err:    0.04 m/s
[Solver Step 004000] t= 1.551 | Pos Err:    0.06 km | Vel Err:    0.00 m/s
[Solver Step 005000] t= 2.102 | Pos Err:    0.06 km | Vel Err:    0.00 m/s
[Solver Step 006000] t= 2.515 | Pos Err:    0.06 km | Vel Err:    0.01 m/s
[Solver Step 007000] t= 3.015 | Pos Err:    0.06 km | Vel Err:    0.00 m/s
[Solver Step 008000] t= 3.567 | Pos Err:    0.06 km | Vel Err:    0.00 m/s
[Solver Step 009000] t= 4.057 | Pos Err:    0.06 km | Vel Err:    0.01 m/s
[Solver Step 010000] t= 4.459 | Pos Err:    0.06 km | Vel Err:    0.00 m/s
[Solver Step 011000] t= 4.997 | Pos Err:    0.06 km | Vel Err:    0.00 m/s
[Solver Step 012000] t= 5.584 | Pos Err:    0.05 km | Vel Err:    0.05 m/s
[Solver Step 013000] t= 6.067 | Pos Err:    0.06 km | Vel Err:    0.00 m/s
[Solver Step 014000] t= 6.468 | Pos Err:    0.06 km | Vel Err:    0.00 m/s
[Solver Step 015000] t= 7.025 | Pos Err:    0.04 km | Vel Err:    0.08 m/s
[Multiple Shooting] Converged in 2 iterations with residual 1.64e-15
[Solver Step 001000] t= 0.461 | Pos Err:    0.22 km | Vel Err:    0.01 m/s
[Solver Step 002000] t= 1.000 | Pos Err:    0.11 km | Vel Err:    0.00 m/s
[Solver Step 003000] t= 1.598 | Pos Err:    0.12 km | Vel Err:    0.02 m/s
[Solver Step 004000] t= 2.087 | Pos Err:    0.13 km | Vel Err:    0.00 m/s
[Solver Step 005000] t= 2.504 | Pos Err:    0.31 km | Vel Err:    0.01 m/s
[Solver Step 006000] t= 3.038 | Pos Err:    4.56 km | Vel Err:    0.12 m/s
[Multiple Shooting] Converged in 2 iterations with residual 1.68e-15
[Solver Step 001000] t= 0.475 | Pos Err:    0.45 km | Vel Err:    0.01 m/s
[Solver Step 002000] t= 0.989 | Pos Err:    0.14 km | Vel Err:    0.00 m/s
[Solver Step 003000] t= 1.416 | Pos Err:    0.29 km | Vel Err:    0.01 m/s
[Solver Step 004000] t= 1.899 | Pos Err:    0.28 km | Vel Err:    0.01 m/s
[Solver Step 005000] t= 2.431 | Pos Err:    0.29 km | Vel Err:    0.01 m/s
[Solver Step 006000] t= 2.954 | Pos Err:    0.65 km | Vel Err:    0.02 m/s
[Multiple Shooting] Converged in 2 iterations with residual 2.86e-11
[Solver Step 001000] t= 0.433 | Pos Err:    0.47 km | Vel Err:    0.01 m/s
[Solver Step 002000] t= 0.875 | Pos Err:    0.38 km | Vel Err:    0.01 m/s
[Solver Step 003000] t= 1.359 | Pos Err:    0.36 km | Vel Err:    0.03 m/s
[Solver Step 004000] t= 1.788 | Pos Err:    5.94 km | Vel Err:    0.15 m/s
[Solver Step 005000] t= 2.146 | Pos Err:  233.57 km | Vel Err:    4.79 m/s
[Solver Step 006000] t= 2.585 | Pos Err:   36.14 km | Vel Err:    0.84 m/s
[Solver Step 007000] t= 3.068 | Pos Err:   48.39 km | Vel Err:    1.07 m/s
[Solver Step 001000] t= 0.418 | Pos Err:    3.36 km | Vel Err:    0.08 m/s
[Solver Step 002000] t= 0.823 | Pos Err:    0.01 km | Vel Err:    0.00 m/s
[Solver Step 003000] t= 1.262 | Pos Err:    0.10 km | Vel Err:    0.01 m/s
[Solver Step 004000] t= 1.611 | Pos Err:    0.09 km | Vel Err:    0.00 m/s
[Solver Step 005000] t= 1.997 | Pos Err:    0.01 km | Vel Err:    0.00 m/s
[Solver Step 006000] t= 2.449 | Pos Err:    0.06 km | Vel Err:    0.01 m/s
[Solver Step 007000] t= 2.851 | Pos Err:    0.08 km | Vel Err:    0.00 m/s
[Solver Step 008000] t= 3.246 | Pos Err:    0.10 km | Vel Err:    0.00 m/s
[Solver Step 009000] t= 3.622 | Pos Err:    0.16 km | Vel Err:    0.08 m/s
[Solver Step 010000] t= 4.037 | Pos Err:    0.05 km | Vel Err:    0.00 m/s
[Solver Step 011000] t= 4.455 | Pos Err:    0.02 km | Vel Err:    0.00 m/s
[Solver Step 012000] t= 4.899 | Pos Err:    0.02 km | Vel Err:    0.04 m/s
[Solver Step 013000] t= 5.236 | Pos Err:    0.04 km | Vel Err:    0.00 m/s
[Solver Step 014000] t= 5.635 | Pos Err:    0.10 km | Vel Err:    0.00 m/s
[Solver Step 015000] t= 6.114 | Pos Err:    0.10 km | Vel Err:    0.02 m/s
[Solver Step 016000] t= 6.500 | Pos Err:    0.09 km | Vel Err:    0.00 m/s
[Solver Step 017000] t= 6.927 | Pos Err:    0.07 km | Vel Err:    0.00 m/s
[Solver Step 018000] t= 7.271 | Pos Err:    0.09 km | Vel Err:    0.10 m/s
[Solver Step 019000] t= 7.693 | Pos Err:    0.08 km | Vel Err:    0.00 m/s
[Solver Step 020000] t= 8.171 | Pos Err:    0.10 km | Vel Err:    0.00 m/s
[Solver Step 021000] t= 8.557 | Pos Err:    0.09 km | Vel Err:    0.03 m/s
[Solver Step 022000] t= 8.924 | Pos Err:    0.11 km | Vel Err:    0.00 m/s
[Solver Step 023000] t= 9.318 | Pos Err:    0.03 km | Vel Err:    0.00 m/s
[Solver Step 024000] t= 9.778 | Pos Err:    0.02 km | Vel Err:    0.03 m/s
[Solver Step 025000] t=10.177 | Pos Err:    0.05 km | Vel Err:    0.00 m/s
[Solver Step 026000] t=10.577 | Pos Err:    0.07 km | Vel Err:    0.00 m/s
[Solver Step 027000] t=10.937 | Pos Err:    0.17 km | Vel Err:    0.09 m/s
[Solver Step 028000] t=11.356 | Pos Err:    0.08 km | Vel Err:    0.00 m/s
[Solver Step 029000] t=11.813 | Pos Err:    0.06 km | Vel Err:    0.00 m/s
[Solver Step 030000] t=12.181 | Pos Err:    0.04 km | Vel Err:    0.03 m/s
[Solver Step 001000] t= 0.414 | Pos Err:    0.54 km | Vel Err:    0.01 m/s
[Solver Step 002000] t= 0.789 | Pos Err:    0.05 km | Vel Err:    0.00 m/s
[Solver Step 003000] t= 1.098 | Pos Err:    0.01 km | Vel Err:    0.04 m/s
[Solver Step 004000] t= 1.549 | Pos Err:    0.06 km | Vel Err:    0.00 m/s
[Solver Step 005000] t= 2.100 | Pos Err:    0.06 km | Vel Err:    0.00 m/s
[Solver Step 006000] t= 2.513 | Pos Err:    0.06 km | Vel Err:    0.01 m/s
[Solver Step 007000] t= 3.013 | Pos Err:    0.06 km | Vel Err:    0.00 m/s
[Solver Step 008000] t= 3.565 | Pos Err:    0.06 km | Vel Err:    0.00 m/s
[Solver Step 009000] t= 4.056 | Pos Err:    0.06 km | Vel Err:    0.01 m/s
[Solver Step 010000] t= 4.457 | Pos Err:    0.06 km | Vel Err:    0.00 m/s
[Solver Step 011000] t= 4.995 | Pos Err:    0.06 km | Vel Err:    0.00 m/s
[Solver Step 012000] t= 5.582 | Pos Err:    0.04 km | Vel Err:    0.05 m/s
[Solver Step 013000] t= 6.065 | Pos Err:    0.06 km | Vel Err:    0.00 m/s
[Solver Step 014000] t= 6.466 | Pos Err:    0.06 km | Vel Err:    0.00 m/s
[Solver Step 015000] t= 7.023 | Pos Err:    0.03 km | Vel Err:    0.08 m/s
[Multiple Shooting] Converged in 2 iterations with residual 8.63e-12
[Solver Step 001000] t= 0.419 | Pos Err:    0.42 km | Vel Err:    0.01 m/s
[Solver Step 002000] t= 0.924 | Pos Err:    2.67 km | Vel Err:    0.05 m/s
[Solver Step 003000] t= 1.383 | Pos Err:   41.49 km | Vel Err:    0.80 m/s
[Solver Step 004000] t= 1.746 | Pos Err:  101.68 km | Vel Err:    2.08 m/s
[Solver Step 005000] t= 2.244 | Pos Err:    1.82 km | Vel Err:    0.04 m/s
[Solver Step 006000] t= 2.668 | Pos Err:    0.88 km | Vel Err:    0.01 m/s
[Solver Step 007000] t= 3.084 | Pos Err:    6.75 km | Vel Err:    0.15 m/s
[Solver Step 001000] t= 0.215 | Pos Err:   17.83 km | Vel Err:    0.37 m/s
[Solver Step 002000] t= 0.468 | Pos Err:    2.18 km | Vel Err:    0.02 m/s
[Solver Step 003000] t= 0.711 | Pos Err:    0.25 km | Vel Err:    0.04 m/s
[Solver Step 004000] t= 0.924 | Pos Err:    0.02 km | Vel Err:    0.01 m/s
[Solver Step 005000] t= 1.175 | Pos Err:    0.03 km | Vel Err:    0.00 m/s
[Solver Step 006000] t= 1.429 | Pos Err:    0.10 km | Vel Err:    0.05 m/s
[Solver Step 007000] t= 1.656 | Pos Err:    0.08 km | Vel Err:    0.00 m/s
[Solver Step 008000] t= 1.871 | Pos Err:    0.06 km | Vel Err:    0.00 m/s
[Solver Step 009000] t= 2.133 | Pos Err:    0.28 km | Vel Err:    0.19 m/s
[Solver Step 010000] t= 2.373 | Pos Err:    0.09 km | Vel Err:    0.00 m/s
[Solver Step 011000] t= 2.584 | Pos Err:    0.07 km | Vel Err:    0.00 m/s
[Solver Step 012000] t= 2.834 | Pos Err:    1.54 km | Vel Err:    1.23 m/s
[Solver Step 013000] t= 3.089 | Pos Err:    0.09 km | Vel Err:    0.00 m/s
[Solver Step 014000] t= 3.307 | Pos Err:    0.06 km | Vel Err:    0.00 m/s
[Solver Step 015000] t= 3.531 | Pos Err:    0.70 km | Vel Err:    0.58 m/s
[Solver Step 016000] t= 3.793 | Pos Err:    0.09 km | Vel Err:    0.00 m/s
[Solver Step 017000] t= 4.033 | Pos Err:    0.06 km | Vel Err:    0.00 m/s
[Solver Step 018000] t= 4.240 | Pos Err:    0.33 km | Vel Err:    0.23 m/s
[Solver Step 019000] t= 4.493 | Pos Err:    0.06 km | Vel Err:    0.02 m/s
[Solver Step 020000] t= 4.745 | Pos Err:    0.04 km | Vel Err:    0.00 m/s
[Solver Step 021000] t= 4.961 | Pos Err:    0.13 km | Vel Err:    0.12 m/s
[Solver Step 022000] t= 5.184 | Pos Err:    0.05 km | Vel Err:    0.01 m/s
[Solver Step 023000] t= 5.450 | Pos Err:    0.03 km | Vel Err:    0.00 m/s
[Solver Step 024000] t= 5.691 | Pos Err:    0.10 km | Vel Err:    0.11 m/s
[Solver Step 025000] t= 5.899 | Pos Err:    0.04 km | Vel Err:    0.00 m/s
[Solver Step 026000] t= 6.155 | Pos Err:    0.02 km | Vel Err:    0.00 m/s
[Solver Step 027000] t= 6.408 | Pos Err:    0.25 km | Vel Err:    0.24 m/s
[Solver Step 028000] t= 6.618 | Pos Err:    0.05 km | Vel Err:    0.00 m/s
[Solver Step 029000] t= 6.847 | Pos Err:    0.02 km | Vel Err:    0.00 m/s
[Multiple Shooting] Converged in 2 iterations with residual 1.55e-15
[Solver Step 001000] t= 0.475 | Pos Err:    0.39 km | Vel Err:    0.01 m/s
[Solver Step 002000] t= 0.944 | Pos Err:    0.26 km | Vel Err:    0.01 m/s
[Solver Step 003000] t= 1.492 | Pos Err:    0.18 km | Vel Err:    0.01 m/s
[Solver Step 004000] t= 2.069 | Pos Err:    0.11 km | Vel Err:    0.00 m/s
[Solver Step 005000] t= 2.487 | Pos Err:    0.22 km | Vel Err:    0.00 m/s
[Solver Step 006000] t= 2.956 | Pos Err:    0.43 km | Vel Err:    0.02 m/s
[Solver Step 001000] t= 0.414 | Pos Err:    1.32 km | Vel Err:    0.03 m/s
[Solver Step 002000] t= 0.818 | Pos Err:    0.06 km | Vel Err:    0.00 m/s
[Solver Step 003000] t= 1.259 | Pos Err:    0.06 km | Vel Err:    0.01 m/s
[Solver Step 004000] t= 1.606 | Pos Err:    0.05 km | Vel Err:    0.00 m/s
[Solver Step 005000] t= 1.992 | Pos Err:    0.05 km | Vel Err:    0.00 m/s
[Solver Step 006000] t= 2.445 | Pos Err:    0.07 km | Vel Err:    0.02 m/s
[Solver Step 007000] t= 2.846 | Pos Err:    0.07 km | Vel Err:    0.00 m/s
[Solver Step 008000] t= 3.244 | Pos Err:    0.07 km | Vel Err:    0.00 m/s
[Solver Step 009000] t= 3.618 | Pos Err:    0.11 km | Vel Err:    0.08 m/s
[Solver Step 010000] t= 4.032 | Pos Err:    0.05 km | Vel Err:    0.00 m/s
[Solver Step 011000] t= 4.452 | Pos Err:    0.06 km | Vel Err:    0.00 m/s
[Solver Step 012000] t= 4.894 | Pos Err:    0.04 km | Vel Err:    0.04 m/s
[Solver Step 013000] t= 5.233 | Pos Err:    0.06 km | Vel Err:    0.00 m/s
[Solver Step 014000] t= 5.631 | Pos Err:    0.06 km | Vel Err:    0.00 m/s
[Solver Step 015000] t= 6.109 | Pos Err:    0.05 km | Vel Err:    0.02 m/s
[Solver Step 016000] t= 6.496 | Pos Err:    0.05 km | Vel Err:    0.00 m/s
[Solver Step 017000] t= 6.923 | Pos Err:    0.05 km | Vel Err:    0.00 m/s
[Solver Step 018000] t= 7.267 | Pos Err:    0.11 km | Vel Err:    0.10 m/s
[Solver Step 019000] t= 7.688 | Pos Err:    0.07 km | Vel Err:    0.00 m/s
[Solver Step 020000] t= 8.167 | Pos Err:    0.07 km | Vel Err:    0.00 m/s
[Solver Step 021000] t= 8.553 | Pos Err:    0.05 km | Vel Err:    0.03 m/s
[Solver Step 022000] t= 8.922 | Pos Err:    0.06 km | Vel Err:    0.00 m/s
[Solver Step 023000] t= 9.314 | Pos Err:    0.05 km | Vel Err:    0.00 m/s
[Solver Step 024000] t= 9.773 | Pos Err:    0.06 km | Vel Err:    0.03 m/s
[Solver Step 025000] t=10.173 | Pos Err:    0.07 km | Vel Err:    0.00 m/s
[Solver Step 026000] t=10.573 | Pos Err:    0.07 km | Vel Err:    0.00 m/s
[Solver Step 027000] t=10.933 | Pos Err:    0.13 km | Vel Err:    0.09 m/s
[Solver Step 028000] t=11.353 | Pos Err:    0.05 km | Vel Err:    0.00 m/s
[Solver Step 029000] t=11.808 | Pos Err:    0.05 km | Vel Err:    0.00 m/s
[Solver Step 030000] t=12.177 | Pos Err:    0.04 km | Vel Err:    0.03 m/s
[Solver Step 001000] t= 0.215 | Pos Err:   26.01 km | Vel Err:    0.44 m/s
[Solver Step 002000] t= 0.468 | Pos Err:    3.12 km | Vel Err:    0.03 m/s
[Solver Step 003000] t= 0.711 | Pos Err:    0.40 km | Vel Err:    0.04 m/s
[Solver Step 004000] t= 0.924 | Pos Err:    0.03 km | Vel Err:    0.01 m/s
[Solver Step 005000] t= 1.174 | Pos Err:    0.06 km | Vel Err:    0.00 m/s
[Solver Step 006000] t= 1.428 | Pos Err:    0.13 km | Vel Err:    0.07 m/s
[Solver Step 007000] t= 1.655 | Pos Err:    0.10 km | Vel Err:    0.00 m/s
[Solver Step 008000] t= 1.872 | Pos Err:    0.09 km | Vel Err:    0.00 m/s
[Solver Step 009000] t= 2.133 | Pos Err:    0.20 km | Vel Err:    0.11 m/s
[Solver Step 010000] t= 2.376 | Pos Err:    0.11 km | Vel Err:    0.00 m/s
[Solver Step 011000] t= 2.586 | Pos Err:    0.09 km | Vel Err:    0.00 m/s
[Solver Step 012000] t= 2.835 | Pos Err:    1.37 km | Vel Err:    1.08 m/s
[Solver Step 013000] t= 3.090 | Pos Err:    0.11 km | Vel Err:    0.00 m/s
[Solver Step 014000] t= 3.309 | Pos Err:    0.07 km | Vel Err:    0.00 m/s
[Solver Step 015000] t= 3.532 | Pos Err:    0.68 km | Vel Err:    0.57 m/s
[Solver Step 016000] t= 3.794 | Pos Err:    0.10 km | Vel Err:    0.00 m/s
[Solver Step 017000] t= 4.033 | Pos Err:    0.06 km | Vel Err:    0.00 m/s
[Solver Step 018000] t= 4.242 | Pos Err:    0.31 km | Vel Err:    0.23 m/s
[Solver Step 019000] t= 4.495 | Pos Err:    0.07 km | Vel Err:    0.02 m/s
[Solver Step 020000] t= 4.748 | Pos Err:    0.04 km | Vel Err:    0.00 m/s
[Solver Step 021000] t= 4.965 | Pos Err:    0.12 km | Vel Err:    0.11 m/s
[Solver Step 022000] t= 5.187 | Pos Err:    0.06 km | Vel Err:    0.01 m/s
[Solver Step 023000] t= 5.453 | Pos Err:    0.03 km | Vel Err:    0.00 m/s
[Solver Step 024000] t= 5.694 | Pos Err:    0.13 km | Vel Err:    0.12 m/s
[Solver Step 025000] t= 5.901 | Pos Err:    0.06 km | Vel Err:    0.00 m/s
[Solver Step 026000] t= 6.156 | Pos Err:    0.03 km | Vel Err:    0.00 m/s
[Solver Step 027000] t= 6.409 | Pos Err:    0.28 km | Vel Err:    0.24 m/s
[Solver Step 028000] t= 6.620 | Pos Err:    0.08 km | Vel Err:    0.00 m/s
[Solver Step 029000] t= 6.848 | Pos Err:    0.05 km | Vel Err:    0.00 m/s
[Solver Step 001000] t= 0.416 | Pos Err:    0.65 km | Vel Err:    0.01 m/s
[Solver Step 002000] t= 0.790 | Pos Err:    0.07 km | Vel Err:    0.00 m/s
[Solver Step 003000] t= 1.099 | Pos Err:    0.01 km | Vel Err:    0.04 m/s
[Solver Step 004000] t= 1.551 | Pos Err:    0.05 km | Vel Err:    0.00 m/s
[Solver Step 005000] t= 2.102 | Pos Err:    0.05 km | Vel Err:    0.00 m/s
[Solver Step 006000] t= 2.515 | Pos Err:    0.05 km | Vel Err:    0.01 m/s
[Solver Step 007000] t= 3.015 | Pos Err:    0.04 km | Vel Err:    0.00 m/s
[Solver Step 008000] t= 3.567 | Pos Err:    0.04 km | Vel Err:    0.00 m/s
[Solver Step 009000] t= 4.057 | Pos Err:    0.04 km | Vel Err:    0.01 m/s
[Solver Step 010000] t= 4.459 | Pos Err:    0.04 km | Vel Err:    0.00 m/s
[Solver Step 011000] t= 4.997 | Pos Err:    0.04 km | Vel Err:    0.00 m/s
[Solver Step 012000] t= 5.584 | Pos Err:    0.03 km | Vel Err:    0.05 m/s
[Solver Step 013000] t= 6.067 | Pos Err:    0.05 km | Vel Err:    0.00 m/s
[Solver Step 014000] t= 6.468 | Pos Err:    0.06 km | Vel Err:    0.00 m/s
[Solver Step 015000] t= 7.025 | Pos Err:    0.03 km | Vel Err:    0.08 m/s
[Solver Step 001000] t= 0.217 | Pos Err:   16.32 km | Vel Err:    0.36 m/s
[Solver Step 002000] t= 0.471 | Pos Err:    1.98 km | Vel Err:    0.06 m/s
[Solver Step 003000] t= 0.713 | Pos Err:    0.27 km | Vel Err:    0.03 m/s
[Solver Step 004000] t= 0.932 | Pos Err:    0.02 km | Vel Err:    0.00 m/s
[Solver Step 005000] t= 1.178 | Pos Err:    0.07 km | Vel Err:    0.00 m/s
[Solver Step 006000] t= 1.430 | Pos Err:    0.08 km | Vel Err:    0.03 m/s
[Solver Step 007000] t= 1.661 | Pos Err:    0.07 km | Vel Err:    0.00 m/s
[Solver Step 008000] t= 1.877 | Pos Err:    0.07 km | Vel Err:    0.00 m/s
[Solver Step 009000] t= 2.135 | Pos Err:    0.18 km | Vel Err:    0.14 m/s
[Solver Step 010000] t= 2.381 | Pos Err:    0.06 km | Vel Err:    0.00 m/s
[Solver Step 011000] t= 2.597 | Pos Err:    0.05 km | Vel Err:    0.00 m/s
[Solver Step 012000] t= 2.841 | Pos Err:    1.07 km | Vel Err:    0.83 m/s
[Solver Step 013000] t= 3.096 | Pos Err:    0.05 km | Vel Err:    0.00 m/s
[Solver Step 014000] t= 3.317 | Pos Err:    0.02 km | Vel Err:    0.00 m/s
[Solver Step 015000] t= 3.538 | Pos Err:    0.69 km | Vel Err:    0.51 m/s
[Solver Step 016000] t= 3.798 | Pos Err:    0.04 km | Vel Err:    0.00 m/s
[Solver Step 017000] t= 4.041 | Pos Err:    0.00 km | Vel Err:    0.00 m/s
[Solver Step 018000] t= 4.250 | Pos Err:    0.36 km | Vel Err:    0.20 m/s
[Solver Step 019000] t= 4.499 | Pos Err:    0.02 km | Vel Err:    0.02 m/s
[Solver Step 020000] t= 4.754 | Pos Err:    0.03 km | Vel Err:    0.00 m/s
[Solver Step 021000] t= 4.973 | Pos Err:    0.15 km | Vel Err:    0.11 m/s
[Solver Step 022000] t= 5.192 | Pos Err:    0.02 km | Vel Err:    0.01 m/s
[Solver Step 023000] t= 5.458 | Pos Err:    0.03 km | Vel Err:    0.00 m/s
[Solver Step 024000] t= 5.701 | Pos Err:    0.12 km | Vel Err:    0.12 m/s
[Solver Step 025000] t= 5.910 | Pos Err:    0.05 km | Vel Err:    0.00 m/s
[Solver Step 026000] t= 6.161 | Pos Err:    0.05 km | Vel Err:    0.00 m/s
[Solver Step 027000] t= 6.417 | Pos Err:    0.25 km | Vel Err:    0.24 m/s
[Solver Step 028000] t= 6.631 | Pos Err:    0.07 km | Vel Err:    0.00 m/s
[Solver Step 029000] t= 6.853 | Pos Err:    0.07 km | Vel Err:    0.00 m/s
[Multiple Shooting] Converged in 2 iterations with residual 1.65e-11
[Solver Step 001000] t= 0.458 | Pos Err:    0.35 km | Vel Err:    0.01 m/s
[Solver Step 002000] t= 0.905 | Pos Err:    0.21 km | Vel Err:    0.00 m/s
[Solver Step 003000] t= 1.364 | Pos Err:    0.44 km | Vel Err:    0.01 m/s
[Solver Step 004000] t= 1.806 | Pos Err:    2.80 km | Vel Err:    0.06 m/s
[Solver Step 005000] t= 2.319 | Pos Err:    6.32 km | Vel Err:    0.12 m/s
[Solver Step 006000] t= 2.734 | Pos Err:  352.56 km | Vel Err:    7.44 m/s
[Solver Step 007000] t= 3.104 | Pos Err: 8943.31 km | Vel Err:  920.44 m/s
[Solver Step 001000] t= 0.415 | Pos Err:    0.42 km | Vel Err:    0.01 m/s
[Solver Step 002000] t= 0.789 | Pos Err:    0.05 km | Vel Err:    0.00 m/s
[Solver Step 003000] t= 1.099 | Pos Err:    0.01 km | Vel Err:    0.04 m/s
[Solver Step 004000] t= 1.550 | Pos Err:    0.06 km | Vel Err:    0.00 m/s
[Solver Step 005000] t= 2.101 | Pos Err:    0.06 km | Vel Err:    0.00 m/s
[Solver Step 006000] t= 2.514 | Pos Err:    0.06 km | Vel Err:    0.01 m/s
[Solver Step 007000] t= 3.014 | Pos Err:    0.06 km | Vel Err:    0.00 m/s
[Solver Step 008000] t= 3.566 | Pos Err:    0.06 km | Vel Err:    0.00 m/s
[Solver Step 009000] t= 4.057 | Pos Err:    0.06 km | Vel Err:    0.01 m/s
[Solver Step 010000] t= 4.458 | Pos Err:    0.06 km | Vel Err:    0.00 m/s
[Solver Step 011000] t= 4.996 | Pos Err:    0.06 km | Vel Err:    0.00 m/s
[Solver Step 012000] t= 5.583 | Pos Err:    0.04 km | Vel Err:    0.05 m/s
[Solver Step 013000] t= 6.066 | Pos Err:    0.06 km | Vel Err:    0.00 m/s
[Solver Step 014000] t= 6.467 | Pos Err:    0.06 km | Vel Err:    0.00 m/s
[Solver Step 015000] t= 7.024 | Pos Err:    0.03 km | Vel Err:    0.08 m/s
[Solver Step 001000] t= 0.413 | Pos Err:    0.69 km | Vel Err:    0.02 m/s
[Solver Step 002000] t= 0.788 | Pos Err:    0.05 km | Vel Err:    0.00 m/s
[Solver Step 003000] t= 1.097 | Pos Err:    0.01 km | Vel Err:    0.04 m/s
[Solver Step 004000] t= 1.547 | Pos Err:    0.06 km | Vel Err:    0.00 m/s
[Solver Step 005000] t= 2.099 | Pos Err:    0.06 km | Vel Err:    0.00 m/s
[Solver Step 006000] t= 2.512 | Pos Err:    0.06 km | Vel Err:    0.01 m/s
[Solver Step 007000] t= 3.011 | Pos Err:    0.06 km | Vel Err:    0.00 m/s
[Solver Step 008000] t= 3.564 | Pos Err:    0.06 km | Vel Err:    0.00 m/s
[Solver Step 009000] t= 4.055 | Pos Err:    0.06 km | Vel Err:    0.01 m/s
[Solver Step 010000] t= 4.456 | Pos Err:    0.07 km | Vel Err:    0.00 m/s
[Solver Step 011000] t= 4.993 | Pos Err:    0.07 km | Vel Err:    0.00 m/s
[Solver Step 012000] t= 5.581 | Pos Err:    0.05 km | Vel Err:    0.05 m/s
[Solver Step 013000] t= 6.064 | Pos Err:    0.06 km | Vel Err:    0.00 m/s
[Solver Step 014000] t= 6.464 | Pos Err:    0.06 km | Vel Err:    0.00 m/s
[Solver Step 015000] t= 7.021 | Pos Err:    0.03 km | Vel Err:    0.08 m/s
[Solver Step 001000] t= 0.415 | Pos Err:    0.57 km | Vel Err:    0.01 m/s
[Solver Step 002000] t= 0.789 | Pos Err:    0.07 km | Vel Err:    0.00 m/s
[Solver Step 003000] t= 1.099 | Pos Err:    0.01 km | Vel Err:    0.04 m/s
[Solver Step 004000] t= 1.550 | Pos Err:    0.05 km | Vel Err:    0.00 m/s
[Solver Step 005000] t= 2.101 | Pos Err:    0.05 km | Vel Err:    0.00 m/s
[Solver Step 006000] t= 2.514 | Pos Err:    0.05 km | Vel Err:    0.01 m/s
[Solver Step 007000] t= 3.014 | Pos Err:    0.05 km | Vel Err:    0.00 m/s
[Solver Step 008000] t= 3.566 | Pos Err:    0.05 km | Vel Err:    0.00 m/s
[Solver Step 009000] t= 4.056 | Pos Err:    0.05 km | Vel Err:    0.01 m/s
[Solver Step 010000] t= 4.458 | Pos Err:    0.05 km | Vel Err:    0.00 m/s
[Solver Step 011000] t= 4.996 | Pos Err:    0.05 km | Vel Err:    0.00 m/s
[Solver Step 012000] t= 5.583 | Pos Err:    0.04 km | Vel Err:    0.05 m/s
[Solver Step 013000] t= 6.066 | Pos Err:    0.06 km | Vel Err:    0.00 m/s
[Solver Step 014000] t= 6.467 | Pos Err:    0.06 km | Vel Err:    0.00 m/s
[Solver Step 015000] t= 7.024 | Pos Err:    0.04 km | Vel Err:    0.08 m/s
[Multiple Shooting] Converged in 6 iterations with residual 9.52e-11
[Solver Step 001000] t= 0.322 | Pos Err:  136.76 km | Vel Err:    2.83 m/s
[Solver Step 002000] t= 0.647 | Pos Err:  423.49 km | Vel Err:    7.75 m/s
[Solver Step 003000] t= 0.996 | Pos Err:   36.53 km | Vel Err:    0.56 m/s
[Solver Step 004000] t= 1.320 | Pos Err:  622.30 km | Vel Err:   14.08 m/s
[Solver Step 005000] t= 1.672 | Pos Err:   64.47 km | Vel Err:    1.38 m/s
[Solver Step 006000] t= 1.999 | Pos Err:  193.03 km | Vel Err:    3.40 m/s
[Solver Step 007000] t= 2.327 | Pos Err:  497.54 km | Vel Err:   10.68 m/s
[Multiple Shooting] Converged in 3 iterations with residual 3.07e-13
[Solver Step 001000] t= 0.398 | Pos Err:    3.44 km | Vel Err:    0.07 m/s
[Solver Step 002000] t= 0.787 | Pos Err:    4.20 km | Vel Err:    0.07 m/s
[Solver Step 003000] t= 1.167 | Pos Err:    0.86 km | Vel Err:    0.04 m/s
[Solver Step 004000] t= 1.546 | Pos Err:    7.31 km | Vel Err:    0.13 m/s
[Solver Step 005000] t= 1.938 | Pos Err:    1.15 km | Vel Err:    0.02 m/s
[Solver Step 006000] t= 2.327 | Pos Err:   19.56 km | Vel Err:    0.42 m/s
[Multiple Shooting] Converged in 2 iterations with residual 2.62e-11
[Solver Step 001000] t= 0.417 | Pos Err:    0.61 km | Vel Err:    0.01 m/s
[Solver Step 002000] t= 0.921 | Pos Err:    4.45 km | Vel Err:    0.09 m/s
[Solver Step 003000] t= 1.362 | Pos Err:   62.92 km | Vel Err:    1.29 m/s
[Solver Step 004000] t= 1.750 | Pos Err:   86.22 km | Vel Err:    1.84 m/s
[Solver Step 005000] t= 2.244 | Pos Err:    1.10 km | Vel Err:    0.03 m/s
[Solver Step 006000] t= 2.643 | Pos Err:    0.15 km | Vel Err:    0.00 m/s
[Solver Step 007000] t= 3.092 | Pos Err:    6.97 km | Vel Err:    0.16 m/s
[Solver Step 001000] t= 0.419 | Pos Err:    0.18 km | Vel Err:    0.00 m/s
[Solver Step 002000] t= 0.793 | Pos Err:    0.06 km | Vel Err:    0.00 m/s
[Solver Step 003000] t= 1.102 | Pos Err:    0.01 km | Vel Err:    0.04 m/s
[Solver Step 004000] t= 1.555 | Pos Err:    0.05 km | Vel Err:    0.00 m/s
[Solver Step 005000] t= 2.105 | Pos Err:    0.05 km | Vel Err:    0.00 m/s
[Solver Step 006000] t= 2.518 | Pos Err:    0.05 km | Vel Err:    0.01 m/s
[Solver Step 007000] t= 3.018 | Pos Err:    0.05 km | Vel Err:    0.00 m/s
[Solver Step 008000] t= 3.571 | Pos Err:    0.05 km | Vel Err:    0.00 m/s
[Solver Step 009000] t= 4.060 | Pos Err:    0.05 km | Vel Err:    0.01 m/s
[Solver Step 010000] t= 4.462 | Pos Err:    0.05 km | Vel Err:    0.00 m/s
[Solver Step 011000] t= 5.001 | Pos Err:    0.05 km | Vel Err:    0.00 m/s
[Solver Step 012000] t= 5.588 | Pos Err:    0.04 km | Vel Err:    0.05 m/s
[Solver Step 013000] t= 6.069 | Pos Err:    0.06 km | Vel Err:    0.00 m/s
[Solver Step 014000] t= 6.471 | Pos Err:    0.06 km | Vel Err:    0.00 m/s
[Solver Step 015000] t= 7.029 | Pos Err:    0.03 km | Vel Err:    0.08 m/s
[Solver Step 001000] t= 0.218 | Pos Err:    8.79 km | Vel Err:    0.22 m/s
[Solver Step 002000] t= 0.470 | Pos Err:    1.06 km | Vel Err:    0.02 m/s
[Solver Step 003000] t= 0.713 | Pos Err:    0.16 km | Vel Err:    0.03 m/s
[Solver Step 004000] t= 0.928 | Pos Err:    0.02 km | Vel Err:    0.00 m/s
[Solver Step 005000] t= 1.178 | Pos Err:    0.05 km | Vel Err:    0.00 m/s
[Solver Step 006000] t= 1.431 | Pos Err:    0.04 km | Vel Err:    0.04 m/s
[Solver Step 007000] t= 1.661 | Pos Err:    0.02 km | Vel Err:    0.00 m/s
[Solver Step 008000] t= 1.876 | Pos Err:    0.03 km | Vel Err:    0.00 m/s
[Solver Step 009000] t= 2.134 | Pos Err:    0.13 km | Vel Err:    0.11 m/s
[Solver Step 010000] t= 2.377 | Pos Err:    0.02 km | Vel Err:    0.00 m/s
[Solver Step 011000] t= 2.590 | Pos Err:    0.01 km | Vel Err:    0.00 m/s
[Solver Step 012000] t= 2.837 | Pos Err:    0.96 km | Vel Err:    0.77 m/s
[Solver Step 013000] t= 3.092 | Pos Err:    0.03 km | Vel Err:    0.00 m/s
[Solver Step 014000] t= 3.313 | Pos Err:    0.03 km | Vel Err:    0.00 m/s
[Solver Step 015000] t= 3.535 | Pos Err:    0.74 km | Vel Err:    0.54 m/s
[Solver Step 016000] t= 3.796 | Pos Err:    0.02 km | Vel Err:    0.00 m/s
[Solver Step 017000] t= 4.038 | Pos Err:    0.05 km | Vel Err:    0.00 m/s
[Solver Step 018000] t= 4.246 | Pos Err:    0.38 km | Vel Err:    0.22 m/s
[Solver Step 019000] t= 4.497 | Pos Err:    0.03 km | Vel Err:    0.02 m/s
[Solver Step 020000] t= 4.751 | Pos Err:    0.06 km | Vel Err:    0.00 m/s
[Solver Step 021000] t= 4.969 | Pos Err:    0.15 km | Vel Err:    0.11 m/s
[Solver Step 022000] t= 5.189 | Pos Err:    0.05 km | Vel Err:    0.01 m/s
[Solver Step 023000] t= 5.455 | Pos Err:    0.06 km | Vel Err:    0.00 m/s
[Solver Step 024000] t= 5.698 | Pos Err:    0.08 km | Vel Err:    0.12 m/s
[Solver Step 025000] t= 5.904 | Pos Err:    0.03 km | Vel Err:    0.00 m/s
[Solver Step 026000] t= 6.158 | Pos Err:    0.05 km | Vel Err:    0.00 m/s
[Solver Step 027000] t= 6.412 | Pos Err:    0.21 km | Vel Err:    0.24 m/s
[Solver Step 028000] t= 6.624 | Pos Err:    0.04 km | Vel Err:    0.00 m/s
[Solver Step 029000] t= 6.850 | Pos Err:    0.05 km | Vel Err:    0.00 m/s
[Solver Step 001000] t= 0.414 | Pos Err:    0.62 km | Vel Err:    0.01 m/s
[Solver Step 002000] t= 0.789 | Pos Err:    0.05 km | Vel Err:    0.00 m/s
[Solver Step 003000] t= 1.098 | Pos Err:    0.01 km | Vel Err:    0.04 m/s
[Solver Step 004000] t= 1.549 | Pos Err:    0.06 km | Vel Err:    0.00 m/s
[Solver Step 005000] t= 2.101 | Pos Err:    0.06 km | Vel Err:    0.00 m/s
[Solver Step 006000] t= 2.514 | Pos Err:    0.06 km | Vel Err:    0.01 m/s
[Solver Step 007000] t= 3.013 | Pos Err:    0.06 km | Vel Err:    0.00 m/s
[Solver Step 008000] t= 3.566 | Pos Err:    0.06 km | Vel Err:    0.00 m/s
[Solver Step 009000] t= 4.056 | Pos Err:    0.06 km | Vel Err:    0.01 m/s
[Solver Step 010000] t= 4.458 | Pos Err:    0.06 km | Vel Err:    0.00 m/s
[Solver Step 011000] t= 4.995 | Pos Err:    0.06 km | Vel Err:    0.00 m/s
[Solver Step 012000] t= 5.583 | Pos Err:    0.05 km | Vel Err:    0.05 m/s
[Solver Step 013000] t= 6.065 | Pos Err:    0.06 km | Vel Err:    0.00 m/s
[Solver Step 014000] t= 6.466 | Pos Err:    0.06 km | Vel Err:    0.00 m/s
[Solver Step 015000] t= 7.023 | Pos Err:    0.03 km | Vel Err:    0.08 m/s
[Multiple Shooting] Converged in 2 iterations with residual 1.30e-11
[Solver Step 001000] t= 0.419 | Pos Err:    0.73 km | Vel Err:    0.02 m/s
[Solver Step 002000] t= 0.923 | Pos Err:    0.95 km | Vel Err:    0.02 m/s
[Solver Step 003000] t= 1.415 | Pos Err:    5.37 km | Vel Err:    0.13 m/s
[Solver Step 004000] t= 1.748 | Pos Err:   62.36 km | Vel Err:    1.17 m/s
[Solver Step 005000] t= 2.219 | Pos Err:   13.83 km | Vel Err:    0.32 m/s
[Solver Step 006000] t= 2.676 | Pos Err:    1.83 km | Vel Err:    0.04 m/s
[Solver Step 007000] t= 3.079 | Pos Err:   10.28 km | Vel Err:    0.23 m/s
[Multiple Shooting] Converged in 2 iterations with residual 1.13e-11
[Solver Step 001000] t= 0.420 | Pos Err:    0.81 km | Vel Err:    0.02 m/s
[Solver Step 002000] t= 0.924 | Pos Err:    1.17 km | Vel Err:    0.02 m/s
[Solver Step 003000] t= 1.412 | Pos Err:    7.32 km | Vel Err:    0.16 m/s
[Solver Step 004000] t= 1.741 | Pos Err:   74.92 km | Vel Err:    1.46 m/s
[Solver Step 005000] t= 2.226 | Pos Err:    6.45 km | Vel Err:    0.16 m/s
[Solver Step 006000] t= 2.678 | Pos Err:    1.59 km | Vel Err:    0.03 m/s
[Solver Step 007000] t= 3.075 | Pos Err:    9.00 km | Vel Err:    0.20 m/s
[Multiple Shooting] Converged in 4 iterations with residual 3.30e-15
[Solver Step 001000] t= 0.373 | Pos Err:    4.86 km | Vel Err:    0.10 m/s
[Solver Step 002000] t= 0.746 | Pos Err:   13.44 km | Vel Err:    0.24 m/s
[Solver Step 003000] t= 1.108 | Pos Err:    2.28 km | Vel Err:    0.04 m/s
[Solver Step 004000] t= 1.472 | Pos Err:    8.95 km | Vel Err:    0.18 m/s
[Solver Step 005000] t= 1.852 | Pos Err:    1.00 km | Vel Err:    0.01 m/s
[Solver Step 006000] t= 2.231 | Pos Err:    8.94 km | Vel Err:    0.18 m/s
[Solver Step 001000] t= 0.417 | Pos Err:    0.42 km | Vel Err:    0.01 m/s
[Solver Step 002000] t= 0.791 | Pos Err:    0.05 km | Vel Err:    0.00 m/s
[Solver Step 003000] t= 1.100 | Pos Err:    0.01 km | Vel Err:    0.04 m/s
[Solver Step 004000] t= 1.552 | Pos Err:    0.06 km | Vel Err:    0.00 m/s
[Solver Step 005000] t= 2.103 | Pos Err:    0.06 km | Vel Err:    0.00 m/s
[Solver Step 006000] t= 2.516 | Pos Err:    0.06 km | Vel Err:    0.01 m/s
[Solver Step 007000] t= 3.016 | Pos Err:    0.06 km | Vel Err:    0.00 m/s
[Solver Step 008000] t= 3.569 | Pos Err:    0.06 km | Vel Err:    0.00 m/s
[Solver Step 009000] t= 4.058 | Pos Err:    0.06 km | Vel Err:    0.01 m/s
[Solver Step 010000] t= 4.460 | Pos Err:    0.06 km | Vel Err:    0.00 m/s
[Solver Step 011000] t= 4.999 | Pos Err:    0.06 km | Vel Err:    0.00 m/s
[Solver Step 012000] t= 5.586 | Pos Err:    0.05 km | Vel Err:    0.05 m/s
[Solver Step 013000] t= 6.068 | Pos Err:    0.06 km | Vel Err:    0.00 m/s
[Solver Step 014000] t= 6.469 | Pos Err:    0.06 km | Vel Err:    0.00 m/s
[Solver Step 015000] t= 7.027 | Pos Err:    0.03 km | Vel Err:    0.08 m/s
[Multiple Shooting] Converged in 2 iterations with residual 1.24e-15
[Solver Step 001000] t= 0.494 | Pos Err:    0.26 km | Vel Err:    0.01 m/s
[Solver Step 002000] t= 0.947 | Pos Err:    0.27 km | Vel Err:    0.01 m/s
[Solver Step 003000] t= 1.454 | Pos Err:    0.05 km | Vel Err:    0.01 m/s
[Solver Step 004000] t= 2.020 | Pos Err:    0.28 km | Vel Err:    0.00 m/s
[Solver Step 005000] t= 2.533 | Pos Err:    0.18 km | Vel Err:    0.00 m/s
[Solver Step 006000] t= 2.931 | Pos Err:    1.49 km | Vel Err:    0.03 m/s
[Multiple Shooting] Converged in 7 iterations with residual 4.33e-11
[Solver Step 001000] t= 0.310 | Pos Err: 1291.32 km | Vel Err:   29.77 m/s
[Solver Step 002000] t= 0.730 | Pos Err:  312.85 km | Vel Err:    6.00 m/s
[Solver Step 003000] t= 1.151 | Pos Err: 16940.27 km | Vel Err: 1079.65 m/s
[Solver Step 004000] t= 1.284 | Pos Err: 23737.74 km | Vel Err: 2060.62 m/s
[Multiple Shooting] Converged in 4 iterations with residual 6.27e-15
[Solver Step 001000] t= 0.363 | Pos Err:    2.06 km | Vel Err:    0.05 m/s
[Solver Step 002000] t= 0.723 | Pos Err:   14.73 km | Vel Err:    0.26 m/s
[Solver Step 003000] t= 1.081 | Pos Err:    2.88 km | Vel Err:    0.07 m/s
[Solver Step 004000] t= 1.456 | Pos Err:    9.38 km | Vel Err:    0.20 m/s
[Solver Step 005000] t= 1.836 | Pos Err:    2.32 km | Vel Err:    0.05 m/s
[Solver Step 006000] t= 2.213 | Pos Err:    0.36 km | Vel Err:    0.03 m/s
[Solver Step 001000] t= 0.218 | Pos Err:   30.63 km | Vel Err:    0.72 m/s
[Solver Step 002000] t= 0.471 | Pos Err:    3.77 km | Vel Err:    0.06 m/s
[Solver Step 003000] t= 0.714 | Pos Err:    0.50 km | Vel Err:    0.03 m/s
[Solver Step 004000] t= 0.932 | Pos Err:    0.05 km | Vel Err:    0.00 m/s
[Solver Step 005000] t= 1.179 | Pos Err:    0.09 km | Vel Err:    0.00 m/s
[Solver Step 006000] t= 1.432 | Pos Err:    0.02 km | Vel Err:    0.06 m/s
[Solver Step 007000] t= 1.663 | Pos Err:    0.05 km | Vel Err:    0.00 m/s
[Solver Step 008000] t= 1.877 | Pos Err:    0.08 km | Vel Err:    0.00 m/s
[Solver Step 009000] t= 2.135 | Pos Err:    0.06 km | Vel Err:    0.09 m/s
[Solver Step 010000] t= 2.378 | Pos Err:    0.04 km | Vel Err:    0.00 m/s
[Solver Step 011000] t= 2.592 | Pos Err:    0.06 km | Vel Err:    0.00 m/s
[Solver Step 012000] t= 2.838 | Pos Err:    1.03 km | Vel Err:    0.80 m/s
[Solver Step 013000] t= 3.094 | Pos Err:    0.03 km | Vel Err:    0.00 m/s
[Solver Step 014000] t= 3.315 | Pos Err:    0.07 km | Vel Err:    0.00 m/s
[Solver Step 015000] t= 3.536 | Pos Err:    0.78 km | Vel Err:    0.53 m/s
[Solver Step 016000] t= 3.797 | Pos Err:    0.04 km | Vel Err:    0.00 m/s
[Solver Step 017000] t= 4.040 | Pos Err:    0.09 km | Vel Err:    0.00 m/s
[Solver Step 018000] t= 4.248 | Pos Err:    0.44 km | Vel Err:    0.21 m/s
[Solver Step 019000] t= 4.497 | Pos Err:    0.10 km | Vel Err:    0.02 m/s
[Solver Step 020000] t= 4.751 | Pos Err:    0.10 km | Vel Err:    0.00 m/s
[Solver Step 021000] t= 4.969 | Pos Err:    0.20 km | Vel Err:    0.11 m/s
[Solver Step 022000] t= 5.189 | Pos Err:    0.10 km | Vel Err:    0.01 m/s
[Solver Step 023000] t= 5.455 | Pos Err:    0.11 km | Vel Err:    0.00 m/s
[Solver Step 024000] t= 5.698 | Pos Err:    0.11 km | Vel Err:    0.12 m/s
[Solver Step 025000] t= 5.906 | Pos Err:    0.09 km | Vel Err:    0.00 m/s
[Solver Step 026000] t= 6.159 | Pos Err:    0.10 km | Vel Err:    0.00 m/s
[Solver Step 027000] t= 6.414 | Pos Err:    0.18 km | Vel Err:    0.24 m/s
[Solver Step 028000] t= 6.627 | Pos Err:    0.09 km | Vel Err:    0.00 m/s
[Solver Step 029000] t= 6.851 | Pos Err:    0.11 km | Vel Err:    0.00 m/s
[Multiple Shooting] Converged in 7 iterations with residual 2.42e-14
[Solver Step 001000] t= 0.306 | Pos Err:  656.11 km | Vel Err:   14.12 m/s
[Solver Step 002000] t= 0.638 | Pos Err:  217.27 km | Vel Err:    3.81 m/s
[Solver Step 003000] t= 0.965 | Pos Err:  493.03 km | Vel Err:    9.73 m/s
[Solver Step 004000] t= 1.307 | Pos Err:  465.87 km | Vel Err:    9.98 m/s
[Solver Step 005000] t= 1.640 | Pos Err:  552.14 km | Vel Err:    7.35 m/s
[Solver Step 006000] t= 1.970 | Pos Err:  805.52 km | Vel Err:   17.15 m/s
[Solver Step 007000] t= 2.300 | Pos Err:  526.90 km | Vel Err:    9.96 m/s
[Multiple Shooting] Converged in 2 iterations with residual 2.90e-12
[Solver Step 001000] t= 0.411 | Pos Err:    0.55 km | Vel Err:    0.01 m/s
[Solver Step 002000] t= 0.914 | Pos Err:    5.65 km | Vel Err:    0.10 m/s
[Solver Step 003000] t= 1.339 | Pos Err:  100.26 km | Vel Err:    2.21 m/s
[Solver Step 004000] t= 1.743 | Pos Err:   78.81 km | Vel Err:    1.67 m/s
[Solver Step 005000] t= 2.235 | Pos Err:    1.34 km | Vel Err:    0.03 m/s
[Solver Step 006000] t= 2.627 | Pos Err:    0.24 km | Vel Err:    0.01 m/s
[Solver Step 007000] t= 3.086 | Pos Err:    9.33 km | Vel Err:    0.21 m/s
[Multiple Shooting] Converged in 2 iterations with residual 5.67e-12
[Solver Step 001000] t= 0.425 | Pos Err:    0.25 km | Vel Err:    0.01 m/s
[Solver Step 002000] t= 0.924 | Pos Err:    0.60 km | Vel Err:    0.01 m/s
[Solver Step 003000] t= 1.423 | Pos Err:    3.75 km | Vel Err:    0.09 m/s
[Solver Step 004000] t= 1.783 | Pos Err:   57.26 km | Vel Err:    1.18 m/s
[Solver Step 005000] t= 2.209 | Pos Err:   38.17 km | Vel Err:    0.81 m/s
[Solver Step 006000] t= 2.673 | Pos Err:    2.74 km | Vel Err:    0.06 m/s
[Solver Step 007000] t= 3.106 | Pos Err:   10.67 km | Vel Err:    0.25 m/s
[Solver Step 001000] t= 0.411 | Pos Err:    3.72 km | Vel Err:    0.09 m/s
[Solver Step 002000] t= 0.815 | Pos Err:    0.09 km | Vel Err:    0.00 m/s
[Solver Step 003000] t= 1.257 | Pos Err:    0.04 km | Vel Err:    0.01 m/s
[Solver Step 004000] t= 1.604 | Pos Err:    0.02 km | Vel Err:    0.00 m/s
[Solver Step 005000] t= 1.989 | Pos Err:    0.09 km | Vel Err:    0.00 m/s
[Solver Step 006000] t= 2.442 | Pos Err:    0.12 km | Vel Err:    0.02 m/s
[Solver Step 007000] t= 2.843 | Pos Err:    0.11 km | Vel Err:    0.00 m/s
[Solver Step 008000] t= 3.242 | Pos Err:    0.10 km | Vel Err:    0.00 m/s
[Solver Step 009000] t= 3.616 | Pos Err:    0.13 km | Vel Err:    0.08 m/s
[Solver Step 010000] t= 4.029 | Pos Err:    0.05 km | Vel Err:    0.00 m/s
[Solver Step 011000] t= 4.449 | Pos Err:    0.08 km | Vel Err:    0.00 m/s
[Solver Step 012000] t= 4.891 | Pos Err:    0.08 km | Vel Err:    0.04 m/s
[Solver Step 013000] t= 5.230 | Pos Err:    0.11 km | Vel Err:    0.00 m/s
[Solver Step 014000] t= 5.627 | Pos Err:    0.08 km | Vel Err:    0.00 m/s
[Solver Step 015000] t= 6.106 | Pos Err:    0.03 km | Vel Err:    0.02 m/s
[Solver Step 016000] t= 6.493 | Pos Err:    0.02 km | Vel Err:    0.00 m/s
[Solver Step 017000] t= 6.921 | Pos Err:    0.03 km | Vel Err:    0.00 m/s
[Solver Step 018000] t= 7.264 | Pos Err:    0.10 km | Vel Err:    0.11 m/s
[Solver Step 019000] t= 7.684 | Pos Err:    0.11 km | Vel Err:    0.00 m/s
[Solver Step 020000] t= 8.164 | Pos Err:    0.10 km | Vel Err:    0.00 m/s
[Solver Step 021000] t= 8.550 | Pos Err:    0.08 km | Vel Err:    0.03 m/s
[Solver Step 022000] t= 8.920 | Pos Err:    0.05 km | Vel Err:    0.00 m/s
[Solver Step 023000] t= 9.311 | Pos Err:    0.06 km | Vel Err:    0.00 m/s
[Solver Step 024000] t= 9.769 | Pos Err:    0.10 km | Vel Err:    0.03 m/s
[Solver Step 025000] t=10.171 | Pos Err:    0.11 km | Vel Err:    0.00 m/s
[Solver Step 026000] t=10.570 | Pos Err:    0.11 km | Vel Err:    0.00 m/s
[Solver Step 027000] t=10.930 | Pos Err:    0.16 km | Vel Err:    0.09 m/s
[Solver Step 028000] t=11.350 | Pos Err:    0.02 km | Vel Err:    0.00 m/s
[Solver Step 029000] t=11.805 | Pos Err:    0.04 km | Vel Err:    0.00 m/s
[Solver Step 030000] t=12.174 | Pos Err:    0.06 km | Vel Err:    0.03 m/s
[Solver Step 031000] t=12.565 | Pos Err:    0.09 km | Vel Err:    0.00 m/s
[Multiple Shooting] Converged in 3 iterations with residual 3.56e-13
[Solver Step 001000] t= 0.394 | Pos Err:    4.60 km | Vel Err:    0.10 m/s
[Solver Step 002000] t= 0.783 | Pos Err:    3.69 km | Vel Err:    0.06 m/s
[Solver Step 003000] t= 1.162 | Pos Err:    1.41 km | Vel Err:    0.06 m/s
[Solver Step 004000] t= 1.541 | Pos Err:    6.76 km | Vel Err:    0.12 m/s
[Solver Step 005000] t= 1.933 | Pos Err:    0.77 km | Vel Err:    0.02 m/s
[Solver Step 006000] t= 2.321 | Pos Err:   19.96 km | Vel Err:    0.42 m/s
[Solver Step 001000] t= 0.419 | Pos Err:    0.43 km | Vel Err:    0.01 m/s
[Solver Step 002000] t= 0.793 | Pos Err:    0.07 km | Vel Err:    0.00 m/s
[Solver Step 003000] t= 1.102 | Pos Err:    0.01 km | Vel Err:    0.04 m/s
[Solver Step 004000] t= 1.555 | Pos Err:    0.05 km | Vel Err:    0.00 m/s
[Solver Step 005000] t= 2.105 | Pos Err:    0.05 km | Vel Err:    0.00 m/s
[Solver Step 006000] t= 2.518 | Pos Err:    0.05 km | Vel Err:    0.01 m/s
[Solver Step 007000] t= 3.018 | Pos Err:    0.05 km | Vel Err:    0.00 m/s
[Solver Step 008000] t= 3.571 | Pos Err:    0.05 km | Vel Err:    0.00 m/s
[Solver Step 009000] t= 4.060 | Pos Err:    0.05 km | Vel Err:    0.01 m/s
[Solver Step 010000] t= 4.462 | Pos Err:    0.05 km | Vel Err:    0.00 m/s
[Solver Step 011000] t= 5.001 | Pos Err:    0.05 km | Vel Err:    0.00 m/s
[Solver Step 012000] t= 5.588 | Pos Err:    0.04 km | Vel Err:    0.05 m/s
[Solver Step 013000] t= 6.069 | Pos Err:    0.06 km | Vel Err:    0.00 m/s
[Solver Step 014000] t= 6.471 | Pos Err:    0.06 km | Vel Err:    0.00 m/s
[Solver Step 015000] t= 7.029 | Pos Err:    0.03 km | Vel Err:    0.08 m/s
[Solver Step 001000] t= 0.416 | Pos Err:    1.43 km | Vel Err:    0.03 m/s
[Solver Step 002000] t= 0.820 | Pos Err:    0.07 km | Vel Err:    0.00 m/s
[Solver Step 003000] t= 1.261 | Pos Err:    0.05 km | Vel Err:    0.01 m/s
[Solver Step 004000] t= 1.609 | Pos Err:    0.07 km | Vel Err:    0.00 m/s
[Solver Step 005000] t= 1.994 | Pos Err:    0.07 km | Vel Err:    0.00 m/s
[Solver Step 006000] t= 2.447 | Pos Err:    0.05 km | Vel Err:    0.02 m/s
[Solver Step 007000] t= 2.849 | Pos Err:    0.04 km | Vel Err:    0.00 m/s
[Solver Step 008000] t= 3.245 | Pos Err:    0.04 km | Vel Err:    0.00 m/s
[Solver Step 009000] t= 3.620 | Pos Err:    0.09 km | Vel Err:    0.08 m/s
[Solver Step 010000] t= 4.035 | Pos Err:    0.07 km | Vel Err:    0.00 m/s
[Solver Step 011000] t= 4.454 | Pos Err:    0.07 km | Vel Err:    0.00 m/s
[Solver Step 012000] t= 4.897 | Pos Err:    0.05 km | Vel Err:    0.04 m/s
[Solver Step 013000] t= 5.234 | Pos Err:    0.06 km | Vel Err:    0.00 m/s
[Solver Step 014000] t= 5.633 | Pos Err:    0.04 km | Vel Err:    0.00 m/s
[Solver Step 015000] t= 6.112 | Pos Err:    0.06 km | Vel Err:    0.02 m/s
[Solver Step 016000] t= 6.498 | Pos Err:    0.07 km | Vel Err:    0.00 m/s
[Solver Step 017000] t= 6.925 | Pos Err:    0.08 km | Vel Err:    0.00 m/s
[Solver Step 018000] t= 7.269 | Pos Err:    0.14 km | Vel Err:    0.10 m/s
[Solver Step 019000] t= 7.690 | Pos Err:    0.04 km | Vel Err:    0.00 m/s
[Solver Step 020000] t= 8.169 | Pos Err:    0.04 km | Vel Err:    0.00 m/s
[Solver Step 021000] t= 8.555 | Pos Err:    0.03 km | Vel Err:    0.03 m/s
[Solver Step 022000] t= 8.923 | Pos Err:    0.06 km | Vel Err:    0.00 m/s
[Solver Step 023000] t= 9.316 | Pos Err:    0.07 km | Vel Err:    0.00 m/s
[Solver Step 024000] t= 9.775 | Pos Err:    0.06 km | Vel Err:    0.03 m/s
[Solver Step 025000] t=10.175 | Pos Err:    0.06 km | Vel Err:    0.00 m/s
[Solver Step 026000] t=10.575 | Pos Err:    0.05 km | Vel Err:    0.00 m/s
[Solver Step 027000] t=10.935 | Pos Err:    0.10 km | Vel Err:    0.09 m/s
[Solver Step 028000] t=11.354 | Pos Err:    0.07 km | Vel Err:    0.00 m/s
[Solver Step 029000] t=11.810 | Pos Err:    0.07 km | Vel Err:    0.00 m/s
[Solver Step 030000] t=12.179 | Pos Err:    0.06 km | Vel Err:    0.03 m/s
[Solver Step 001000] t= 0.414 | Pos Err:    1.33 km | Vel Err:    0.03 m/s
[Solver Step 002000] t= 0.819 | Pos Err:    0.07 km | Vel Err:    0.00 m/s
[Solver Step 003000] t= 1.260 | Pos Err:    0.04 km | Vel Err:    0.01 m/s
[Solver Step 004000] t= 1.607 | Pos Err:    0.06 km | Vel Err:    0.00 m/s
[Solver Step 005000] t= 1.993 | Pos Err:    0.07 km | Vel Err:    0.00 m/s
[Solver Step 006000] t= 2.445 | Pos Err:    0.06 km | Vel Err:    0.02 m/s
[Solver Step 007000] t= 2.847 | Pos Err:    0.06 km | Vel Err:    0.00 m/s
[Solver Step 008000] t= 3.244 | Pos Err:    0.05 km | Vel Err:    0.00 m/s
[Solver Step 009000] t= 3.619 | Pos Err:    0.09 km | Vel Err:    0.08 m/s
[Solver Step 010000] t= 4.033 | Pos Err:    0.07 km | Vel Err:    0.00 m/s
[Solver Step 011000] t= 4.452 | Pos Err:    0.08 km | Vel Err:    0.00 m/s
[Solver Step 012000] t= 4.895 | Pos Err:    0.06 km | Vel Err:    0.04 m/s
[Solver Step 013000] t= 5.233 | Pos Err:    0.07 km | Vel Err:    0.00 m/s
[Solver Step 014000] t= 5.631 | Pos Err:    0.04 km | Vel Err:    0.00 m/s
[Solver Step 015000] t= 6.110 | Pos Err:    0.04 km | Vel Err:    0.02 m/s
[Solver Step 016000] t= 6.497 | Pos Err:    0.06 km | Vel Err:    0.00 m/s
[Solver Step 017000] t= 6.924 | Pos Err:    0.07 km | Vel Err:    0.00 m/s
[Solver Step 018000] t= 7.268 | Pos Err:    0.13 km | Vel Err:    0.10 m/s
[Solver Step 019000] t= 7.688 | Pos Err:    0.05 km | Vel Err:    0.00 m/s
[Solver Step 020000] t= 8.168 | Pos Err:    0.05 km | Vel Err:    0.00 m/s
[Solver Step 021000] t= 8.553 | Pos Err:    0.03 km | Vel Err:    0.03 m/s
[Solver Step 022000] t= 8.922 | Pos Err:    0.05 km | Vel Err:    0.00 m/s
[Solver Step 023000] t= 9.315 | Pos Err:    0.07 km | Vel Err:    0.00 m/s
[Solver Step 024000] t= 9.773 | Pos Err:    0.07 km | Vel Err:    0.03 m/s
[Solver Step 025000] t=10.174 | Pos Err:    0.07 km | Vel Err:    0.00 m/s
[Solver Step 026000] t=10.574 | Pos Err:    0.06 km | Vel Err:    0.00 m/s
[Solver Step 027000] t=10.933 | Pos Err:    0.11 km | Vel Err:    0.09 m/s
[Solver Step 028000] t=11.353 | Pos Err:    0.06 km | Vel Err:    0.00 m/s
[Solver Step 029000] t=11.809 | Pos Err:    0.07 km | Vel Err:    0.00 m/s
[Solver Step 030000] t=12.178 | Pos Err:    0.06 km | Vel Err:    0.03 m/s
[Multiple Shooting] Converged in 2 iterations with residual 1.29e-15
[Solver Step 001000] t= 0.457 | Pos Err:    0.52 km | Vel Err:    0.01 m/s
[Solver Step 002000] t= 1.012 | Pos Err:    0.15 km | Vel Err:    0.00 m/s
[Solver Step 003000] t= 1.610 | Pos Err:    0.06 km | Vel Err:    0.01 m/s
[Solver Step 004000] t= 2.051 | Pos Err:    0.29 km | Vel Err:    0.01 m/s
[Solver Step 005000] t= 2.501 | Pos Err:    0.32 km | Vel Err:    0.01 m/s
[Solver Step 006000] t= 3.051 | Pos Err:    5.19 km | Vel Err:    0.14 m/s
[Solver Step 001000] t= 0.411 | Pos Err:    3.12 km | Vel Err:    0.07 m/s
[Solver Step 002000] t= 0.815 | Pos Err:    0.10 km | Vel Err:    0.00 m/s
[Solver Step 003000] t= 1.257 | Pos Err:    0.01 km | Vel Err:    0.01 m/s
[Solver Step 004000] t= 1.604 | Pos Err:    0.03 km | Vel Err:    0.00 m/s
[Solver Step 005000] t= 1.989 | Pos Err:    0.09 km | Vel Err:    0.00 m/s
[Solver Step 006000] t= 2.443 | Pos Err:    0.10 km | Vel Err:    0.02 m/s
[Solver Step 007000] t= 2.843 | Pos Err:    0.09 km | Vel Err:    0.00 m/s
[Solver Step 008000] t= 3.242 | Pos Err:    0.08 km | Vel Err:    0.00 m/s
[Solver Step 009000] t= 3.616 | Pos Err:    0.10 km | Vel Err:    0.08 m/s
[Solver Step 010000] t= 4.030 | Pos Err:    0.07 km | Vel Err:    0.00 m/s
[Solver Step 011000] t= 4.450 | Pos Err:    0.09 km | Vel Err:    0.00 m/s
[Solver Step 012000] t= 4.892 | Pos Err:    0.08 km | Vel Err:    0.04 m/s
[Solver Step 013000] t= 5.231 | Pos Err:    0.10 km | Vel Err:    0.00 m/s
[Solver Step 014000] t= 5.628 | Pos Err:    0.06 km | Vel Err:    0.00 m/s
[Solver Step 015000] t= 6.107 | Pos Err:    0.01 km | Vel Err:    0.02 m/s
[Solver Step 016000] t= 6.493 | Pos Err:    0.03 km | Vel Err:    0.00 m/s
[Solver Step 017000] t= 6.921 | Pos Err:    0.06 km | Vel Err:    0.00 m/s
[Solver Step 018000] t= 7.265 | Pos Err:    0.13 km | Vel Err:    0.11 m/s
[Solver Step 019000] t= 7.685 | Pos Err:    0.09 km | Vel Err:    0.00 m/s
[Solver Step 020000] t= 8.165 | Pos Err:    0.07 km | Vel Err:    0.00 m/s
[Solver Step 021000] t= 8.550 | Pos Err:    0.05 km | Vel Err:    0.03 m/s
[Solver Step 022000] t= 8.921 | Pos Err:    0.02 km | Vel Err:    0.00 m/s
[Solver Step 023000] t= 9.312 | Pos Err:    0.08 km | Vel Err:    0.00 m/s
[Solver Step 024000] t= 9.770 | Pos Err:    0.10 km | Vel Err:    0.03 m/s
[Solver Step 025000] t=10.171 | Pos Err:    0.11 km | Vel Err:    0.00 m/s
[Solver Step 026000] t=10.571 | Pos Err:    0.10 km | Vel Err:    0.00 m/s
[Solver Step 027000] t=10.930 | Pos Err:    0.13 km | Vel Err:    0.09 m/s
[Solver Step 028000] t=11.351 | Pos Err:    0.04 km | Vel Err:    0.00 m/s
[Solver Step 029000] t=11.805 | Pos Err:    0.06 km | Vel Err:    0.00 m/s
[Solver Step 030000] t=12.175 | Pos Err:    0.07 km | Vel Err:    0.03 m/s
[Solver Step 031000] t=12.566 | Pos Err:    0.10 km | Vel Err:    0.00 m/s
[Multiple Shooting] Converged in 4 iterations with residual 3.76e-14
[Solver Step 001000] t= 0.362 | Pos Err:    4.39 km | Vel Err:    0.10 m/s
[Solver Step 002000] t= 0.715 | Pos Err:   17.20 km | Vel Err:    0.33 m/s
[Solver Step 003000] t= 1.075 | Pos Err:    6.39 km | Vel Err:    0.14 m/s
[Solver Step 004000] t= 1.454 | Pos Err:    7.44 km | Vel Err:    0.16 m/s
[Solver Step 005000] t= 1.832 | Pos Err:    5.85 km | Vel Err:    0.13 m/s
[Solver Step 006000] t= 2.203 | Pos Err:    5.29 km | Vel Err:    0.14 m/s
[Solver Step 001000] t= 0.412 | Pos Err:    4.12 km | Vel Err:    0.10 m/s
[Solver Step 002000] t= 0.816 | Pos Err:    0.06 km | Vel Err:    0.00 m/s
[Solver Step 003000] t= 1.258 | Pos Err:    0.09 km | Vel Err:    0.01 m/s
[Solver Step 004000] t= 1.605 | Pos Err:    0.06 km | Vel Err:    0.00 m/s
[Solver Step 005000] t= 1.990 | Pos Err:    0.05 km | Vel Err:    0.00 m/s
[Solver Step 006000] t= 2.443 | Pos Err:    0.11 km | Vel Err:    0.02 m/s
[Solver Step 007000] t= 2.844 | Pos Err:    0.11 km | Vel Err:    0.00 m/s
[Solver Step 008000] t= 3.242 | Pos Err:    0.12 km | Vel Err:    0.00 m/s
[Solver Step 009000] t= 3.617 | Pos Err:    0.16 km | Vel Err:    0.08 m/s
[Solver Step 010000] t= 4.030 | Pos Err:    0.02 km | Vel Err:    0.00 m/s
[Solver Step 011000] t= 4.450 | Pos Err:    0.04 km | Vel Err:    0.00 m/s
[Solver Step 012000] t= 4.892 | Pos Err:    0.05 km | Vel Err:    0.04 m/s
[Solver Step 013000] t= 5.231 | Pos Err:    0.09 km | Vel Err:    0.00 m/s
[Solver Step 014000] t= 5.629 | Pos Err:    0.11 km | Vel Err:    0.00 m/s
[Solver Step 015000] t= 6.107 | Pos Err:    0.08 km | Vel Err:    0.02 m/s
[Solver Step 016000] t= 6.494 | Pos Err:    0.06 km | Vel Err:    0.00 m/s
[Solver Step 017000] t= 6.922 | Pos Err:    0.03 km | Vel Err:    0.00 m/s
[Solver Step 018000] t= 7.266 | Pos Err:    0.06 km | Vel Err:    0.10 m/s
[Solver Step 019000] t= 7.686 | Pos Err:    0.11 km | Vel Err:    0.00 m/s
[Solver Step 020000] t= 8.166 | Pos Err:    0.12 km | Vel Err:    0.00 m/s
[Solver Step 021000] t= 8.551 | Pos Err:    0.10 km | Vel Err:    0.03 m/s
[Solver Step 022000] t= 8.921 | Pos Err:    0.09 km | Vel Err:    0.00 m/s
[Solver Step 023000] t= 9.312 | Pos Err:    0.02 km | Vel Err:    0.00 m/s
[Solver Step 024000] t= 9.770 | Pos Err:    0.07 km | Vel Err:    0.03 m/s
[Solver Step 025000] t=10.172 | Pos Err:    0.10 km | Vel Err:    0.00 m/s
[Solver Step 026000] t=10.572 | Pos Err:    0.11 km | Vel Err:    0.00 m/s
[Solver Step 027000] t=10.931 | Pos Err:    0.18 km | Vel Err:    0.09 m/s
[Solver Step 028000] t=11.351 | Pos Err:    0.05 km | Vel Err:    0.00 m/s
[Solver Step 029000] t=11.806 | Pos Err:    0.02 km | Vel Err:    0.00 m/s
[Solver Step 030000] t=12.176 | Pos Err:    0.03 km | Vel Err:    0.03 m/s
[Solver Step 031000] t=12.566 | Pos Err:    0.06 km | Vel Err:    0.00 m/s
[Multiple Shooting] Converged in 4 iterations with residual 1.61e-12
[Solver Step 001000] t= 0.345 | Pos Err:    8.93 km | Vel Err:    0.19 m/s
[Solver Step 002000] t= 0.694 | Pos Err:   58.39 km | Vel Err:    1.29 m/s
[Solver Step 003000] t= 1.047 | Pos Err:   27.40 km | Vel Err:    0.53 m/s
[Solver Step 004000] t= 1.403 | Pos Err:    2.21 km | Vel Err:    0.04 m/s
[Solver Step 005000] t= 1.764 | Pos Err:   25.23 km | Vel Err:    0.53 m/s
[Solver Step 006000] t= 2.105 | Pos Err:   48.37 km | Vel Err:    0.90 m/s
[Solver Step 007000] t= 2.464 | Pos Err:  145.21 km | Vel Err:    3.24 m/s
[Multiple Shooting] Converged in 2 iterations with residual 1.65e-15
[Solver Step 001000] t= 0.482 | Pos Err:    0.17 km | Vel Err:    0.01 m/s
[Solver Step 002000] t= 0.942 | Pos Err:    0.27 km | Vel Err:    0.01 m/s
[Solver Step 003000] t= 1.483 | Pos Err:    0.17 km | Vel Err:    0.01 m/s
[Solver Step 004000] t= 2.062 | Pos Err:    0.20 km | Vel Err:    0.00 m/s
[Solver Step 005000] t= 2.493 | Pos Err:    0.28 km | Vel Err:    0.00 m/s
[Solver Step 006000] t= 2.949 | Pos Err:    0.74 km | Vel Err:    0.02 m/s
[Solver Step 001000] t= 0.416 | Pos Err:    0.25 km | Vel Err:    0.01 m/s
[Solver Step 002000] t= 0.790 | Pos Err:    0.05 km | Vel Err:    0.00 m/s
[Solver Step 003000] t= 1.100 | Pos Err:    0.01 km | Vel Err:    0.04 m/s
[Solver Step 004000] t= 1.551 | Pos Err:    0.06 km | Vel Err:    0.00 m/s
[Solver Step 005000] t= 2.102 | Pos Err:    0.06 km | Vel Err:    0.00 m/s
[Solver Step 006000] t= 2.516 | Pos Err:    0.06 km | Vel Err:    0.01 m/s
[Solver Step 007000] t= 3.015 | Pos Err:    0.06 km | Vel Err:    0.00 m/s
[Solver Step 008000] t= 3.568 | Pos Err:    0.06 km | Vel Err:    0.00 m/s
[Solver Step 009000] t= 4.058 | Pos Err:    0.05 km | Vel Err:    0.01 m/s
[Solver Step 010000] t= 4.459 | Pos Err:    0.06 km | Vel Err:    0.00 m/s
[Solver Step 011000] t= 4.998 | Pos Err:    0.06 km | Vel Err:    0.00 m/s
[Solver Step 012000] t= 5.585 | Pos Err:    0.04 km | Vel Err:    0.05 m/s
[Solver Step 013000] t= 6.067 | Pos Err:    0.06 km | Vel Err:    0.00 m/s
[Solver Step 014000] t= 6.468 | Pos Err:    0.05 km | Vel Err:    0.00 m/s
[Solver Step 015000] t= 7.026 | Pos Err:    0.03 km | Vel Err:    0.08 m/s
[Multiple Shooting] Converged in 2 iterations with residual 1.50e-15
[Solver Step 001000] t= 0.490 | Pos Err:    0.23 km | Vel Err:    0.01 m/s
[Solver Step 002000] t= 0.940 | Pos Err:    0.28 km | Vel Err:    0.01 m/s
[Solver Step 003000] t= 1.461 | Pos Err:    0.09 km | Vel Err:    0.01 m/s
[Solver Step 004000] t= 2.036 | Pos Err:    0.36 km | Vel Err:    0.01 m/s
[Solver Step 005000] t= 2.519 | Pos Err:    0.31 km | Vel Err:    0.01 m/s
[Solver Step 006000] t= 2.934 | Pos Err:    1.37 km | Vel Err:    0.03 m/s
[Multiple Shooting] Converged in 4 iterations with residual 3.48e-15
[Solver Step 001000] t= 0.367 | Pos Err:    3.84 km | Vel Err:    0.09 m/s
[Solver Step 002000] t= 0.733 | Pos Err:   14.23 km | Vel Err:    0.24 m/s
[Solver Step 003000] t= 1.091 | Pos Err:    0.40 km | Vel Err:    0.02 m/s
[Solver Step 004000] t= 1.461 | Pos Err:   10.22 km | Vel Err:    0.22 m/s
[Solver Step 005000] t= 1.841 | Pos Err:    0.54 km | Vel Err:    0.01 m/s
[Solver Step 006000] t= 2.221 | Pos Err:    3.72 km | Vel Err:    0.06 m/s
[Multiple Shooting] Converged in 2 iterations with residual 1.01e-11
[Solver Step 001000] t= 0.421 | Pos Err:    0.44 km | Vel Err:    0.01 m/s
[Solver Step 002000] t= 0.926 | Pos Err:    1.40 km | Vel Err:    0.03 m/s
[Solver Step 003000] t= 1.408 | Pos Err:   11.80 km | Vel Err:    0.24 m/s
[Solver Step 004000] t= 1.740 | Pos Err:   87.50 km | Vel Err:    1.73 m/s
[Solver Step 005000] t= 2.234 | Pos Err:    2.43 km | Vel Err:    0.06 m/s
[Solver Step 006000] t= 2.681 | Pos Err:    1.39 km | Vel Err:    0.03 m/s
[Solver Step 007000] t= 3.076 | Pos Err:    8.07 km | Vel Err:    0.18 m/s
[Solver Step 001000] t= 0.416 | Pos Err:    0.30 km | Vel Err:    0.01 m/s
[Solver Step 002000] t= 0.791 | Pos Err:    0.05 km | Vel Err:    0.00 m/s
[Solver Step 003000] t= 1.100 | Pos Err:    0.01 km | Vel Err:    0.04 m/s
[Solver Step 004000] t= 1.552 | Pos Err:    0.06 km | Vel Err:    0.00 m/s
[Solver Step 005000] t= 2.103 | Pos Err:    0.06 km | Vel Err:    0.00 m/s
[Solver Step 006000] t= 2.516 | Pos Err:    0.06 km | Vel Err:    0.01 m/s
[Solver Step 007000] t= 3.016 | Pos Err:    0.06 km | Vel Err:    0.00 m/s
[Solver Step 008000] t= 3.568 | Pos Err:    0.06 km | Vel Err:    0.00 m/s
[Solver Step 009000] t= 4.058 | Pos Err:    0.06 km | Vel Err:    0.01 m/s
[Solver Step 010000] t= 4.460 | Pos Err:    0.06 km | Vel Err:    0.00 m/s
[Solver Step 011000] t= 4.998 | Pos Err:    0.06 km | Vel Err:    0.00 m/s
[Solver Step 012000] t= 5.585 | Pos Err:    0.04 km | Vel Err:    0.05 m/s
[Solver Step 013000] t= 6.067 | Pos Err:    0.06 km | Vel Err:    0.00 m/s
[Solver Step 014000] t= 6.468 | Pos Err:    0.06 km | Vel Err:    0.00 m/s
[Solver Step 015000] t= 7.026 | Pos Err:    0.03 km | Vel Err:    0.08 m/s
[Solver Step 001000] t= 0.414 | Pos Err:    3.74 km | Vel Err:    0.09 m/s
[Solver Step 002000] t= 0.818 | Pos Err:    0.09 km | Vel Err:    0.00 m/s
[Solver Step 003000] t= 1.259 | Pos Err:    0.09 km | Vel Err:    0.01 m/s
[Solver Step 004000] t= 1.606 | Pos Err:    0.11 km | Vel Err:    0.00 m/s
[Solver Step 005000] t= 1.992 | Pos Err:    0.08 km | Vel Err:    0.00 m/s
[Solver Step 006000] t= 2.445 | Pos Err:    0.03 km | Vel Err:    0.02 m/s
[Solver Step 007000] t= 2.846 | Pos Err:    0.00 km | Vel Err:    0.00 m/s
[Solver Step 008000] t= 3.243 | Pos Err:    0.03 km | Vel Err:    0.00 m/s
[Solver Step 009000] t= 3.618 | Pos Err:    0.09 km | Vel Err:    0.08 m/s
[Solver Step 010000] t= 4.032 | Pos Err:    0.11 km | Vel Err:    0.00 m/s
[Solver Step 011000] t= 4.452 | Pos Err:    0.10 km | Vel Err:    0.00 m/s
[Solver Step 012000] t= 4.894 | Pos Err:    0.07 km | Vel Err:    0.04 m/s
[Solver Step 013000] t= 5.232 | Pos Err:    0.05 km | Vel Err:    0.00 m/s
[Solver Step 014000] t= 5.630 | Pos Err:    0.05 km | Vel Err:    0.00 m/s
[Solver Step 015000] t= 6.109 | Pos Err:    0.10 km | Vel Err:    0.02 m/s
[Solver Step 016000] t= 6.496 | Pos Err:    0.11 km | Vel Err:    0.00 m/s
[Solver Step 017000] t= 6.923 | Pos Err:    0.12 km | Vel Err:    0.00 m/s
[Solver Step 018000] t= 7.267 | Pos Err:    0.17 km | Vel Err:    0.10 m/s
[Solver Step 019000] t= 7.687 | Pos Err:    0.00 km | Vel Err:    0.00 m/s
[Solver Step 020000] t= 8.167 | Pos Err:    0.04 km | Vel Err:    0.00 m/s
[Solver Step 021000] t= 8.552 | Pos Err:    0.05 km | Vel Err:    0.03 m/s
[Solver Step 022000] t= 8.922 | Pos Err:    0.10 km | Vel Err:    0.00 m/s
[Solver Step 023000] t= 9.314 | Pos Err:    0.10 km | Vel Err:    0.00 m/s
[Solver Step 024000] t= 9.772 | Pos Err:    0.06 km | Vel Err:    0.03 m/s
[Solver Step 025000] t=10.173 | Pos Err:    0.05 km | Vel Err:    0.00 m/s
[Solver Step 026000] t=10.573 | Pos Err:    0.01 km | Vel Err:    0.00 m/s
[Solver Step 027000] t=10.933 | Pos Err:    0.09 km | Vel Err:    0.09 m/s
[Solver Step 028000] t=11.352 | Pos Err:    0.11 km | Vel Err:    0.00 m/s
[Solver Step 029000] t=11.808 | Pos Err:    0.11 km | Vel Err:    0.00 m/s
[Solver Step 030000] t=12.177 | Pos Err:    0.09 km | Vel Err:    0.03 m/s
[Solver Step 001000] t= 0.414 | Pos Err:    1.29 km | Vel Err:    0.03 m/s
[Solver Step 002000] t= 0.819 | Pos Err:    0.04 km | Vel Err:    0.00 m/s
[Solver Step 003000] t= 1.260 | Pos Err:    0.06 km | Vel Err:    0.01 m/s
[Solver Step 004000] t= 1.607 | Pos Err:    0.05 km | Vel Err:    0.00 m/s
[Solver Step 005000] t= 1.993 | Pos Err:    0.04 km | Vel Err:    0.00 m/s
[Solver Step 006000] t= 2.445 | Pos Err:    0.07 km | Vel Err:    0.02 m/s
[Solver Step 007000] t= 2.847 | Pos Err:    0.07 km | Vel Err:    0.00 m/s
[Solver Step 008000] t= 3.244 | Pos Err:    0.07 km | Vel Err:    0.00 m/s
[Solver Step 009000] t= 3.619 | Pos Err:    0.12 km | Vel Err:    0.08 m/s
[Solver Step 010000] t= 4.033 | Pos Err:    0.03 km | Vel Err:    0.00 m/s
[Solver Step 011000] t= 4.452 | Pos Err:    0.04 km | Vel Err:    0.00 m/s
[Solver Step 012000] t= 4.895 | Pos Err:    0.03 km | Vel Err:    0.04 m/s
[Solver Step 013000] t= 5.233 | Pos Err:    0.06 km | Vel Err:    0.00 m/s
[Solver Step 014000] t= 5.631 | Pos Err:    0.07 km | Vel Err:    0.00 m/s
[Solver Step 015000] t= 6.110 | Pos Err:    0.06 km | Vel Err:    0.02 m/s
[Solver Step 016000] t= 6.497 | Pos Err:    0.05 km | Vel Err:    0.00 m/s
[Solver Step 017000] t= 6.924 | Pos Err:    0.05 km | Vel Err:    0.00 m/s
[Solver Step 018000] t= 7.268 | Pos Err:    0.10 km | Vel Err:    0.10 m/s
[Solver Step 019000] t= 7.688 | Pos Err:    0.07 km | Vel Err:    0.00 m/s
[Solver Step 020000] t= 8.168 | Pos Err:    0.08 km | Vel Err:    0.00 m/s
[Solver Step 021000] t= 8.553 | Pos Err:    0.06 km | Vel Err:    0.03 m/s
[Solver Step 022000] t= 8.922 | Pos Err:    0.07 km | Vel Err:    0.00 m/s
[Solver Step 023000] t= 9.315 | Pos Err:    0.03 km | Vel Err:    0.00 m/s
[Solver Step 024000] t= 9.773 | Pos Err:    0.05 km | Vel Err:    0.03 m/s
[Solver Step 025000] t=10.174 | Pos Err:    0.06 km | Vel Err:    0.00 m/s
[Solver Step 026000] t=10.574 | Pos Err:    0.07 km | Vel Err:    0.00 m/s
[Solver Step 027000] t=10.933 | Pos Err:    0.14 km | Vel Err:    0.09 m/s
[Solver Step 028000] t=11.353 | Pos Err:    0.05 km | Vel Err:    0.00 m/s
[Solver Step 029000] t=11.809 | Pos Err:    0.04 km | Vel Err:    0.00 m/s
[Solver Step 030000] t=12.178 | Pos Err:    0.03 km | Vel Err:    0.03 m/s
[Solver Step 001000] t= 0.419 | Pos Err:    0.38 km | Vel Err:    0.01 m/s
[Solver Step 002000] t= 0.793 | Pos Err:    0.06 km | Vel Err:    0.00 m/s
[Solver Step 003000] t= 1.102 | Pos Err:    0.01 km | Vel Err:    0.04 m/s
[Solver Step 004000] t= 1.555 | Pos Err:    0.05 km | Vel Err:    0.00 m/s
[Solver Step 005000] t= 2.105 | Pos Err:    0.05 km | Vel Err:    0.00 m/s
[Solver Step 006000] t= 2.518 | Pos Err:    0.05 km | Vel Err:    0.01 m/s
[Solver Step 007000] t= 3.018 | Pos Err:    0.05 km | Vel Err:    0.00 m/s
[Solver Step 008000] t= 3.571 | Pos Err:    0.05 km | Vel Err:    0.00 m/s
[Solver Step 009000] t= 4.060 | Pos Err:    0.05 km | Vel Err:    0.01 m/s
[Solver Step 010000] t= 4.462 | Pos Err:    0.05 km | Vel Err:    0.00 m/s
[Solver Step 011000] t= 5.001 | Pos Err:    0.05 km | Vel Err:    0.00 m/s
[Solver Step 012000] t= 5.588 | Pos Err:    0.04 km | Vel Err:    0.05 m/s
[Solver Step 013000] t= 6.069 | Pos Err:    0.05 km | Vel Err:    0.00 m/s
[Solver Step 014000] t= 6.471 | Pos Err:    0.05 km | Vel Err:    0.00 m/s
[Solver Step 015000] t= 7.029 | Pos Err:    0.03 km | Vel Err:    0.08 m/s
[Solver Step 001000] t= 0.215 | Pos Err:   20.29 km | Vel Err:    0.35 m/s
[Solver Step 002000] t= 0.468 | Pos Err:    2.38 km | Vel Err:    0.03 m/s
[Solver Step 003000] t= 0.712 | Pos Err:    0.37 km | Vel Err:    0.04 m/s
[Solver Step 004000] t= 0.926 | Pos Err:    0.04 km | Vel Err:    0.00 m/s
[Solver Step 005000] t= 1.175 | Pos Err:    0.07 km | Vel Err:    0.00 m/s
[Solver Step 006000] t= 1.429 | Pos Err:    0.02 km | Vel Err:    0.03 m/s
[Solver Step 007000] t= 1.658 | Pos Err:    0.03 km | Vel Err:    0.00 m/s
[Solver Step 008000] t= 1.873 | Pos Err:    0.05 km | Vel Err:    0.00 m/s
[Solver Step 009000] t= 2.133 | Pos Err:    0.17 km | Vel Err:    0.15 m/s
[Solver Step 010000] t= 2.374 | Pos Err:    0.03 km | Vel Err:    0.00 m/s
[Solver Step 011000] t= 2.586 | Pos Err:    0.05 km | Vel Err:    0.00 m/s
[Solver Step 012000] t= 2.835 | Pos Err:    1.31 km | Vel Err:    1.06 m/s
[Solver Step 013000] t= 3.090 | Pos Err:    0.04 km | Vel Err:    0.00 m/s
[Solver Step 014000] t= 3.309 | Pos Err:    0.07 km | Vel Err:    0.00 m/s
[Solver Step 015000] t= 3.532 | Pos Err:    0.78 km | Vel Err:    0.57 m/s
[Solver Step 016000] t= 3.794 | Pos Err:    0.05 km | Vel Err:    0.01 m/s
[Solver Step 017000] t= 4.035 | Pos Err:    0.08 km | Vel Err:    0.00 m/s
[Solver Step 018000] t= 4.242 | Pos Err:    0.42 km | Vel Err:    0.23 m/s
[Solver Step 019000] t= 4.495 | Pos Err:    0.07 km | Vel Err:    0.02 m/s
[Solver Step 020000] t= 4.750 | Pos Err:    0.09 km | Vel Err:    0.00 m/s
[Solver Step 021000] t= 4.965 | Pos Err:    0.17 km | Vel Err:    0.11 m/s
[Solver Step 022000] t= 5.187 | Pos Err:    0.09 km | Vel Err:    0.01 m/s
[Solver Step 023000] t= 5.453 | Pos Err:    0.10 km | Vel Err:    0.00 m/s
[Solver Step 024000] t= 5.694 | Pos Err:    0.07 km | Vel Err:    0.12 m/s
[Solver Step 025000] t= 5.903 | Pos Err:    0.07 km | Vel Err:    0.01 m/s
[Solver Step 026000] t= 6.157 | Pos Err:    0.09 km | Vel Err:    0.00 m/s
[Solver Step 027000] t= 6.411 | Pos Err:    0.18 km | Vel Err:    0.24 m/s
[Solver Step 028000] t= 6.622 | Pos Err:    0.05 km | Vel Err:    0.00 m/s
[Solver Step 029000] t= 6.849 | Pos Err:    0.08 km | Vel Err:    0.00 m/s
[Multiple Shooting] Converged in 2 iterations with residual 1.51e-15
[Solver Step 001000] t= 0.460 | Pos Err:    0.46 km | Vel Err:    0.01 m/s
[Solver Step 002000] t= 1.010 | Pos Err:    0.14 km | Vel Err:    0.00 m/s
[Solver Step 003000] t= 1.609 | Pos Err:    0.06 km | Vel Err:    0.01 m/s
[Solver Step 004000] t= 2.065 | Pos Err:    0.16 km | Vel Err:    0.00 m/s
[Solver Step 005000] t= 2.505 | Pos Err:    0.33 km | Vel Err:    0.01 m/s
[Solver Step 006000] t= 3.049 | Pos Err:    5.07 km | Vel Err:    0.13 m/s
[Solver Step 001000] t= 0.416 | Pos Err:    3.60 km | Vel Err:    0.08 m/s
[Solver Step 002000] t= 0.820 | Pos Err:    0.08 km | Vel Err:    0.00 m/s
[Solver Step 003000] t= 1.261 | Pos Err:    0.09 km | Vel Err:    0.01 m/s
[Solver Step 004000] t= 1.609 | Pos Err:    0.11 km | Vel Err:    0.00 m/s
[Solver Step 005000] t= 1.994 | Pos Err:    0.08 km | Vel Err:    0.00 m/s
[Solver Step 006000] t= 2.447 | Pos Err:    0.03 km | Vel Err:    0.02 m/s
[Solver Step 007000] t= 2.849 | Pos Err:    0.01 km | Vel Err:    0.00 m/s
[Solver Step 008000] t= 3.245 | Pos Err:    0.03 km | Vel Err:    0.00 m/s
[Solver Step 009000] t= 3.620 | Pos Err:    0.10 km | Vel Err:    0.08 m/s
[Solver Step 010000] t= 4.035 | Pos Err:    0.10 km | Vel Err:    0.00 m/s
[Solver Step 011000] t= 4.454 | Pos Err:    0.09 km | Vel Err:    0.00 m/s
[Solver Step 012000] t= 4.897 | Pos Err:    0.07 km | Vel Err:    0.04 m/s
[Solver Step 013000] t= 5.235 | Pos Err:    0.04 km | Vel Err:    0.00 m/s
[Solver Step 014000] t= 5.633 | Pos Err:    0.06 km | Vel Err:    0.00 m/s
[Solver Step 015000] t= 6.112 | Pos Err:    0.10 km | Vel Err:    0.02 m/s
[Solver Step 016000] t= 6.498 | Pos Err:    0.11 km | Vel Err:    0.00 m/s
[Solver Step 017000] t= 6.925 | Pos Err:    0.11 km | Vel Err:    0.00 m/s
[Solver Step 018000] t= 7.269 | Pos Err:    0.17 km | Vel Err:    0.10 m/s
[Solver Step 019000] t= 7.690 | Pos Err:    0.01 km | Vel Err:    0.00 m/s
[Solver Step 020000] t= 8.169 | Pos Err:    0.04 km | Vel Err:    0.00 m/s
[Solver Step 021000] t= 8.555 | Pos Err:    0.05 km | Vel Err:    0.03 m/s
[Solver Step 022000] t= 8.923 | Pos Err:    0.10 km | Vel Err:    0.00 m/s
[Solver Step 023000] t= 9.316 | Pos Err:    0.10 km | Vel Err:    0.00 m/s
[Solver Step 024000] t= 9.775 | Pos Err:    0.06 km | Vel Err:    0.03 m/s
[Solver Step 025000] t=10.175 | Pos Err:    0.04 km | Vel Err:    0.00 m/s
[Solver Step 026000] t=10.575 | Pos Err:    0.01 km | Vel Err:    0.00 m/s
[Solver Step 027000] t=10.935 | Pos Err:    0.09 km | Vel Err:    0.09 m/s
[Solver Step 028000] t=11.354 | Pos Err:    0.11 km | Vel Err:    0.00 m/s
[Solver Step 029000] t=11.811 | Pos Err:    0.11 km | Vel Err:    0.00 m/s
[Solver Step 030000] t=12.179 | Pos Err:    0.09 km | Vel Err:    0.03 m/s
[Solver Step 001000] t= 0.421 | Pos Err:    0.22 km | Vel Err:    0.00 m/s
[Solver Step 002000] t= 0.794 | Pos Err:    0.06 km | Vel Err:    0.00 m/s
[Solver Step 003000] t= 1.103 | Pos Err:    0.01 km | Vel Err:    0.04 m/s
[Solver Step 004000] t= 1.557 | Pos Err:    0.05 km | Vel Err:    0.00 m/s
[Solver Step 005000] t= 2.107 | Pos Err:    0.05 km | Vel Err:    0.00 m/s
[Solver Step 006000] t= 2.520 | Pos Err:    0.05 km | Vel Err:    0.01 m/s
[Solver Step 007000] t= 3.021 | Pos Err:    0.05 km | Vel Err:    0.00 m/s
[Solver Step 008000] t= 3.574 | Pos Err:    0.05 km | Vel Err:    0.00 m/s
[Solver Step 009000] t= 4.061 | Pos Err:    0.05 km | Vel Err:    0.01 m/s
[Solver Step 010000] t= 4.464 | Pos Err:    0.05 km | Vel Err:    0.00 m/s
[Solver Step 011000] t= 5.003 | Pos Err:    0.05 km | Vel Err:    0.00 m/s
[Solver Step 012000] t= 5.591 | Pos Err:    0.04 km | Vel Err:    0.05 m/s
[Solver Step 013000] t= 6.071 | Pos Err:    0.05 km | Vel Err:    0.00 m/s
[Solver Step 014000] t= 6.473 | Pos Err:    0.06 km | Vel Err:    0.00 m/s
[Solver Step 015000] t= 7.032 | Pos Err:    0.03 km | Vel Err:    0.08 m/s
[Multiple Shooting] Converged in 4 iterations with residual 3.68e-13
[Solver Step 001000] t= 0.356 | Pos Err:   10.44 km | Vel Err:    0.23 m/s
[Solver Step 002000] t= 0.702 | Pos Err:   25.40 km | Vel Err:    0.55 m/s
[Solver Step 003000] t= 1.067 | Pos Err:   15.71 km | Vel Err:    0.32 m/s
[Solver Step 004000] t= 1.446 | Pos Err:    3.82 km | Vel Err:    0.08 m/s
[Solver Step 005000] t= 1.815 | Pos Err:   14.43 km | Vel Err:    0.30 m/s
[Solver Step 006000] t= 2.164 | Pos Err:   12.57 km | Vel Err:    0.25 m/s
[Multiple Shooting] Converged in 2 iterations with residual 3.03e-11
[Solver Step 001000] t= 0.454 | Pos Err:    0.60 km | Vel Err:    0.01 m/s
[Solver Step 002000] t= 0.877 | Pos Err:    0.37 km | Vel Err:    0.01 m/s
[Solver Step 003000] t= 1.354 | Pos Err:    0.47 km | Vel Err:    0.03 m/s
[Solver Step 004000] t= 1.786 | Pos Err:   12.11 km | Vel Err:    0.28 m/s
[Solver Step 005000] t= 2.154 | Pos Err:  288.53 km | Vel Err:    5.75 m/s
[Solver Step 006000] t= 2.574 | Pos Err:   92.44 km | Vel Err:    2.16 m/s
[Solver Step 007000] t= 3.064 | Pos Err:   60.19 km | Vel Err:    1.33 m/s
[Solver Step 001000] t= 0.215 | Pos Err:   26.93 km | Vel Err:    0.62 m/s
[Solver Step 002000] t= 0.468 | Pos Err:    3.36 km | Vel Err:    0.10 m/s
[Solver Step 003000] t= 0.710 | Pos Err:    0.49 km | Vel Err:    0.06 m/s
[Solver Step 004000] t= 0.922 | Pos Err:    0.04 km | Vel Err:    0.00 m/s
[Solver Step 005000] t= 1.174 | Pos Err:    0.09 km | Vel Err:    0.00 m/s
[Solver Step 006000] t= 1.428 | Pos Err:    0.10 km | Vel Err:    0.07 m/s
[Solver Step 007000] t= 1.655 | Pos Err:    0.09 km | Vel Err:    0.00 m/s
[Solver Step 008000] t= 1.870 | Pos Err:    0.11 km | Vel Err:    0.00 m/s
[Solver Step 009000] t= 2.132 | Pos Err:    0.25 km | Vel Err:    0.22 m/s
[Solver Step 010000] t= 2.371 | Pos Err:    0.08 km | Vel Err:    0.00 m/s
[Solver Step 011000] t= 2.582 | Pos Err:    0.08 km | Vel Err:    0.00 m/s
[Solver Step 012000] t= 2.833 | Pos Err:    1.74 km | Vel Err:    1.31 m/s
[Solver Step 013000] t= 3.087 | Pos Err:    0.07 km | Vel Err:    0.00 m/s
[Solver Step 014000] t= 3.305 | Pos Err:    0.05 km | Vel Err:    0.00 m/s
[Solver Step 015000] t= 3.529 | Pos Err:    0.80 km | Vel Err:    0.60 m/s
[Solver Step 016000] t= 3.792 | Pos Err:    0.06 km | Vel Err:    0.01 m/s
[Solver Step 017000] t= 4.032 | Pos Err:    0.03 km | Vel Err:    0.00 m/s
[Solver Step 018000] t= 4.238 | Pos Err:    0.41 km | Vel Err:    0.24 m/s
[Solver Step 019000] t= 4.491 | Pos Err:    0.06 km | Vel Err:    0.03 m/s
[Solver Step 020000] t= 4.743 | Pos Err:    0.05 km | Vel Err:    0.00 m/s
[Solver Step 021000] t= 4.959 | Pos Err:    0.22 km | Vel Err:    0.12 m/s
[Solver Step 022000] t= 5.183 | Pos Err:    0.04 km | Vel Err:    0.01 m/s
[Solver Step 023000] t= 5.448 | Pos Err:    0.06 km | Vel Err:    0.00 m/s
[Solver Step 024000] t= 5.689 | Pos Err:    0.15 km | Vel Err:    0.11 m/s
[Solver Step 025000] t= 5.897 | Pos Err:    0.08 km | Vel Err:    0.00 m/s
[Solver Step 026000] t= 6.154 | Pos Err:    0.08 km | Vel Err:    0.00 m/s
[Solver Step 027000] t= 6.406 | Pos Err:    0.26 km | Vel Err:    0.24 m/s
[Solver Step 028000] t= 6.616 | Pos Err:    0.10 km | Vel Err:    0.00 m/s
[Solver Step 029000] t= 6.845 | Pos Err:    0.11 km | Vel Err:    0.00 m/s
[Multiple Shooting] Converged in 4 iterations with residual 2.44e-15
[Solver Step 001000] t= 0.381 | Pos Err:    4.32 km | Vel Err:    0.10 m/s
[Solver Step 002000] t= 0.761 | Pos Err:    9.65 km | Vel Err:    0.19 m/s
[Solver Step 003000] t= 1.133 | Pos Err:    3.34 km | Vel Err:    0.09 m/s
[Solver Step 004000] t= 1.498 | Pos Err:   12.45 km | Vel Err:    0.22 m/s
[Solver Step 005000] t= 1.876 | Pos Err:    1.93 km | Vel Err:    0.04 m/s
[Solver Step 006000] t= 2.257 | Pos Err:   10.69 km | Vel Err:    0.21 m/s
[Solver Step 001000] t= 0.419 | Pos Err:    0.43 km | Vel Err:    0.01 m/s
[Solver Step 002000] t= 0.792 | Pos Err:    0.07 km | Vel Err:    0.00 m/s
[Solver Step 003000] t= 1.101 | Pos Err:    0.01 km | Vel Err:    0.04 m/s
[Solver Step 004000] t= 1.554 | Pos Err:    0.05 km | Vel Err:    0.00 m/s
[Solver Step 005000] t= 2.105 | Pos Err:    0.05 km | Vel Err:    0.00 m/s
[Solver Step 006000] t= 2.518 | Pos Err:    0.05 km | Vel Err:    0.01 m/s
[Solver Step 007000] t= 3.018 | Pos Err:    0.05 km | Vel Err:    0.00 m/s
[Solver Step 008000] t= 3.571 | Pos Err:    0.05 km | Vel Err:    0.00 m/s
[Solver Step 009000] t= 4.060 | Pos Err:    0.05 km | Vel Err:    0.01 m/s
[Solver Step 010000] t= 4.462 | Pos Err:    0.05 km | Vel Err:    0.00 m/s
[Solver Step 011000] t= 5.000 | Pos Err:    0.05 km | Vel Err:    0.00 m/s
[Solver Step 012000] t= 5.588 | Pos Err:    0.04 km | Vel Err:    0.05 m/s
[Solver Step 013000] t= 6.069 | Pos Err:    0.06 km | Vel Err:    0.00 m/s
[Solver Step 014000] t= 6.471 | Pos Err:    0.06 km | Vel Err:    0.00 m/s
[Solver Step 015000] t= 7.029 | Pos Err:    0.04 km | Vel Err:    0.08 m/s
[Multiple Shooting] Converged in 2 iterations with residual 1.47e-15
[Solver Step 001000] t= 0.464 | Pos Err:    0.26 km | Vel Err:    0.01 m/s
[Solver Step 002000] t= 0.986 | Pos Err:    0.05 km | Vel Err:    0.00 m/s
[Solver Step 003000] t= 1.575 | Pos Err:    0.30 km | Vel Err:    0.02 m/s
[Solver Step 004000] t= 2.101 | Pos Err:    0.20 km | Vel Err:    0.00 m/s
[Solver Step 005000] t= 2.501 | Pos Err:    0.31 km | Vel Err:    0.01 m/s
[Solver Step 006000] t= 3.019 | Pos Err:    3.55 km | Vel Err:    0.09 m/s
[Multiple Shooting] Converged in 2 iterations with residual 1.95e-15
[Solver Step 001000] t= 0.491 | Pos Err:    0.14 km | Vel Err:    0.00 m/s
[Solver Step 002000] t= 0.957 | Pos Err:    0.21 km | Vel Err:    0.00 m/s
[Solver Step 003000] t= 1.442 | Pos Err:    0.10 km | Vel Err:    0.01 m/s
[Solver Step 004000] t= 1.990 | Pos Err:    0.05 km | Vel Err:    0.00 m/s
[Solver Step 005000] t= 2.535 | Pos Err:    0.18 km | Vel Err:    0.00 m/s
[Solver Step 006000] t= 2.928 | Pos Err:    1.64 km | Vel Err:    0.03 m/s
[Multiple Shooting] Converged in 4 iterations with residual 2.84e-15
[Solver Step 001000] t= 0.383 | Pos Err:    5.13 km | Vel Err:    0.11 m/s
[Solver Step 002000] t= 0.763 | Pos Err:    9.53 km | Vel Err:    0.18 m/s
[Solver Step 003000] t= 1.134 | Pos Err:    3.24 km | Vel Err:    0.09 m/s
[Solver Step 004000] t= 1.498 | Pos Err:   12.45 km | Vel Err:    0.22 m/s
[Solver Step 005000] t= 1.876 | Pos Err:    2.03 km | Vel Err:    0.04 m/s
[Solver Step 006000] t= 2.257 | Pos Err:   10.64 km | Vel Err:    0.21 m/s
[Solver Step 001000] t= 0.218 | Pos Err:   33.58 km | Vel Err:    0.74 m/s
[Solver Step 002000] t= 0.470 | Pos Err:    4.12 km | Vel Err:    0.05 m/s
[Solver Step 003000] t= 0.713 | Pos Err:    0.57 km | Vel Err:    0.04 m/s
[Solver Step 004000] t= 0.928 | Pos Err:    0.06 km | Vel Err:    0.00 m/s
[Solver Step 005000] t= 1.176 | Pos Err:    0.10 km | Vel Err:    0.00 m/s
[Solver Step 006000] t= 1.429 | Pos Err:    0.03 km | Vel Err:    0.04 m/s
[Solver Step 007000] t= 1.655 | Pos Err:    0.06 km | Vel Err:    0.00 m/s
[Solver Step 008000] t= 1.869 | Pos Err:    0.09 km | Vel Err:    0.00 m/s
[Solver Step 009000] t= 2.130 | Pos Err:    0.26 km | Vel Err:    0.27 m/s
[Solver Step 010000] t= 2.367 | Pos Err:    0.05 km | Vel Err:    0.00 m/s
[Solver Step 011000] t= 2.576 | Pos Err:    0.07 km | Vel Err:    0.00 m/s
[Solver Step 012000] t= 2.830 | Pos Err:    1.70 km | Vel Err:    1.35 m/s
[Solver Step 013000] t= 3.083 | Pos Err:    0.05 km | Vel Err:    0.00 m/s
[Solver Step 014000] t= 3.299 | Pos Err:    0.08 km | Vel Err:    0.00 m/s
[Solver Step 015000] t= 3.525 | Pos Err:    0.85 km | Vel Err:    0.62 m/s
[Solver Step 016000] t= 3.788 | Pos Err:    0.05 km | Vel Err:    0.01 m/s
[Solver Step 017000] t= 4.027 | Pos Err:    0.10 km | Vel Err:    0.00 m/s
[Solver Step 018000] t= 4.233 | Pos Err:    0.49 km | Vel Err:    0.25 m/s
[Solver Step 019000] t= 4.489 | Pos Err:    0.09 km | Vel Err:    0.01 m/s
[Solver Step 020000] t= 4.740 | Pos Err:    0.12 km | Vel Err:    0.00 m/s
[Solver Step 021000] t= 4.955 | Pos Err:    0.25 km | Vel Err:    0.12 m/s
[Solver Step 022000] t= 5.181 | Pos Err:    0.12 km | Vel Err:    0.01 m/s
[Solver Step 023000] t= 5.446 | Pos Err:    0.13 km | Vel Err:    0.00 m/s
[Solver Step 024000] t= 5.686 | Pos Err:    0.11 km | Vel Err:    0.10 m/s
[Solver Step 025000] t= 5.892 | Pos Err:    0.10 km | Vel Err:    0.01 m/s
[Solver Step 026000] t= 6.151 | Pos Err:    0.12 km | Vel Err:    0.00 m/s
[Solver Step 027000] t= 6.401 | Pos Err:    0.14 km | Vel Err:    0.24 m/s
[Solver Step 028000] t= 6.610 | Pos Err:    0.09 km | Vel Err:    0.00 m/s
[Solver Step 029000] t= 6.842 | Pos Err:    0.12 km | Vel Err:    0.00 m/s
[Solver Step 001000] t= 0.219 | Pos Err:   31.53 km | Vel Err:    0.75 m/s
[Solver Step 002000] t= 0.472 | Pos Err:    3.98 km | Vel Err:    0.06 m/s
[Solver Step 003000] t= 0.714 | Pos Err:    0.49 km | Vel Err:    0.02 m/s
[Solver Step 004000] t= 0.934 | Pos Err:    0.03 km | Vel Err:    0.01 m/s
[Solver Step 005000] t= 1.179 | Pos Err:    0.05 km | Vel Err:    0.00 m/s
[Solver Step 006000] t= 1.431 | Pos Err:    0.13 km | Vel Err:    0.05 m/s
[Solver Step 007000] t= 1.662 | Pos Err:    0.12 km | Vel Err:    0.00 m/s
[Solver Step 008000] t= 1.878 | Pos Err:    0.09 km | Vel Err:    0.00 m/s
[Solver Step 009000] t= 2.135 | Pos Err:    0.25 km | Vel Err:    0.13 m/s
[Solver Step 010000] t= 2.381 | Pos Err:    0.13 km | Vel Err:    0.00 m/s
[Solver Step 011000] t= 2.594 | Pos Err:    0.10 km | Vel Err:    0.00 m/s
[Solver Step 012000] t= 2.839 | Pos Err:    0.96 km | Vel Err:    0.82 m/s
[Solver Step 013000] t= 3.095 | Pos Err:    0.13 km | Vel Err:    0.00 m/s
[Solver Step 014000] t= 3.317 | Pos Err:    0.10 km | Vel Err:    0.00 m/s
[Solver Step 015000] t= 3.538 | Pos Err:    0.58 km | Vel Err:    0.51 m/s
[Solver Step 016000] t= 3.798 | Pos Err:    0.13 km | Vel Err:    0.00 m/s
[Solver Step 017000] t= 4.040 | Pos Err:    0.09 km | Vel Err:    0.00 m/s
[Solver Step 018000] t= 4.250 | Pos Err:    0.25 km | Vel Err:    0.20 m/s
[Solver Step 019000] t= 4.499 | Pos Err:    0.10 km | Vel Err:    0.02 m/s
[Solver Step 020000] t= 4.754 | Pos Err:    0.07 km | Vel Err:    0.00 m/s
[Solver Step 021000] t= 4.973 | Pos Err:    0.06 km | Vel Err:    0.11 m/s
[Solver Step 022000] t= 5.192 | Pos Err:    0.09 km | Vel Err:    0.01 m/s
[Solver Step 023000] t= 5.458 | Pos Err:    0.06 km | Vel Err:    0.00 m/s
[Solver Step 024000] t= 5.701 | Pos Err:    0.12 km | Vel Err:    0.12 m/s
[Solver Step 025000] t= 5.910 | Pos Err:    0.07 km | Vel Err:    0.00 m/s
[Solver Step 026000] t= 6.161 | Pos Err:    0.06 km | Vel Err:    0.00 m/s
[Solver Step 027000] t= 6.417 | Pos Err:    0.28 km | Vel Err:    0.24 m/s
[Solver Step 028000] t= 6.631 | Pos Err:    0.08 km | Vel Err:    0.00 m/s
[Solver Step 029000] t= 6.853 | Pos Err:    0.06 km | Vel Err:    0.00 m/s
[Solver Step 001000] t= 0.216 | Pos Err:   25.69 km | Vel Err:    0.66 m/s
[Solver Step 002000] t= 0.470 | Pos Err:    3.14 km | Vel Err:    0.10 m/s
[Solver Step 003000] t= 0.713 | Pos Err:    0.43 km | Vel Err:    0.04 m/s
[Solver Step 004000] t= 0.930 | Pos Err:    0.04 km | Vel Err:    0.00 m/s
[Solver Step 005000] t= 1.177 | Pos Err:    0.09 km | Vel Err:    0.00 m/s
[Solver Step 006000] t= 1.431 | Pos Err:    0.09 km | Vel Err:    0.04 m/s
[Solver Step 007000] t= 1.663 | Pos Err:    0.08 km | Vel Err:    0.00 m/s
[Solver Step 008000] t= 1.877 | Pos Err:    0.10 km | Vel Err:    0.00 m/s
[Solver Step 009000] t= 2.135 | Pos Err:    0.13 km | Vel Err:    0.09 m/s
[Solver Step 010000] t= 2.378 | Pos Err:    0.07 km | Vel Err:    0.00 m/s
[Solver Step 011000] t= 2.592 | Pos Err:    0.07 km | Vel Err:    0.00 m/s
[Solver Step 012000] t= 2.838 | Pos Err:    1.07 km | Vel Err:    0.80 m/s
[Solver Step 013000] t= 3.094 | Pos Err:    0.06 km | Vel Err:    0.00 m/s
[Solver Step 014000] t= 3.315 | Pos Err:    0.04 km | Vel Err:    0.00 m/s
[Solver Step 015000] t= 3.536 | Pos Err:    0.74 km | Vel Err:    0.53 m/s
[Solver Step 016000] t= 3.797 | Pos Err:    0.05 km | Vel Err:    0.00 m/s
[Solver Step 017000] t= 4.040 | Pos Err:    0.04 km | Vel Err:    0.00 m/s
[Solver Step 018000] t= 4.248 | Pos Err:    0.39 km | Vel Err:    0.21 m/s
[Solver Step 019000] t= 4.498 | Pos Err:    0.05 km | Vel Err:    0.02 m/s
[Solver Step 020000] t= 4.753 | Pos Err:    0.05 km | Vel Err:    0.00 m/s
[Solver Step 021000] t= 4.971 | Pos Err:    0.19 km | Vel Err:    0.11 m/s
[Solver Step 022000] t= 5.190 | Pos Err:    0.05 km | Vel Err:    0.01 m/s
[Solver Step 023000] t= 5.456 | Pos Err:    0.06 km | Vel Err:    0.00 m/s
[Solver Step 024000] t= 5.699 | Pos Err:    0.15 km | Vel Err:    0.12 m/s
[Solver Step 025000] t= 5.906 | Pos Err:    0.08 km | Vel Err:    0.00 m/s
[Solver Step 026000] t= 6.159 | Pos Err:    0.08 km | Vel Err:    0.00 m/s
[Solver Step 027000] t= 6.414 | Pos Err:    0.25 km | Vel Err:    0.24 m/s
[Solver Step 028000] t= 6.627 | Pos Err:    0.10 km | Vel Err:    0.00 m/s
[Solver Step 029000] t= 6.851 | Pos Err:    0.10 km | Vel Err:    0.00 m/s
[Solver Step 001000] t= 0.215 | Pos Err:   28.85 km | Vel Err:    0.68 m/s
[Solver Step 002000] t= 0.468 | Pos Err:    3.60 km | Vel Err:    0.11 m/s
[Solver Step 003000] t= 0.711 | Pos Err:    0.51 km | Vel Err:    0.05 m/s
[Solver Step 004000] t= 0.924 | Pos Err:    0.04 km | Vel Err:    0.00 m/s
[Solver Step 005000] t= 1.174 | Pos Err:    0.09 km | Vel Err:    0.00 m/s
[Solver Step 006000] t= 1.429 | Pos Err:    0.10 km | Vel Err:    0.05 m/s
[Solver Step 007000] t= 1.656 | Pos Err:    0.10 km | Vel Err:    0.00 m/s
[Solver Step 008000] t= 1.871 | Pos Err:    0.11 km | Vel Err:    0.00 m/s
[Solver Step 009000] t= 2.132 | Pos Err:    0.22 km | Vel Err:    0.19 m/s
[Solver Step 010000] t= 2.373 | Pos Err:    0.08 km | Vel Err:    0.00 m/s
[Solver Step 011000] t= 2.584 | Pos Err:    0.09 km | Vel Err:    0.00 m/s
[Solver Step 012000] t= 2.834 | Pos Err:    1.63 km | Vel Err:    1.23 m/s
[Solver Step 013000] t= 3.089 | Pos Err:    0.07 km | Vel Err:    0.00 m/s
[Solver Step 014000] t= 3.307 | Pos Err:    0.06 km | Vel Err:    0.00 m/s
[Solver Step 015000] t= 3.531 | Pos Err:    0.80 km | Vel Err:    0.58 m/s
[Solver Step 016000] t= 3.793 | Pos Err:    0.06 km | Vel Err:    0.01 m/s
[Solver Step 017000] t= 4.033 | Pos Err:    0.04 km | Vel Err:    0.00 m/s
[Solver Step 018000] t= 4.240 | Pos Err:    0.41 km | Vel Err:    0.23 m/s
[Solver Step 019000] t= 4.494 | Pos Err:    0.06 km | Vel Err:    0.02 m/s
[Solver Step 020000] t= 4.747 | Pos Err:    0.05 km | Vel Err:    0.00 m/s
[Solver Step 021000] t= 4.963 | Pos Err:    0.21 km | Vel Err:    0.12 m/s
[Solver Step 022000] t= 5.186 | Pos Err:    0.05 km | Vel Err:    0.01 m/s
[Solver Step 023000] t= 5.451 | Pos Err:    0.06 km | Vel Err:    0.00 m/s
[Solver Step 024000] t= 5.693 | Pos Err:    0.15 km | Vel Err:    0.11 m/s
[Solver Step 025000] t= 5.899 | Pos Err:    0.08 km | Vel Err:    0.01 m/s
[Solver Step 026000] t= 6.155 | Pos Err:    0.08 km | Vel Err:    0.00 m/s
[Solver Step 027000] t= 6.408 | Pos Err:    0.26 km | Vel Err:    0.24 m/s
[Solver Step 028000] t= 6.618 | Pos Err:    0.11 km | Vel Err:    0.00 m/s
[Solver Step 029000] t= 6.846 | Pos Err:    0.11 km | Vel Err:    0.00 m/s
[Multiple Shooting] Converged in 4 iterations with residual 3.88e-15
[Solver Step 001000] t= 0.369 | Pos Err:    1.13 km | Vel Err:    0.03 m/s
[Solver Step 002000] t= 0.731 | Pos Err:   15.00 km | Vel Err:    0.25 m/s
[Solver Step 003000] t= 1.090 | Pos Err:    1.04 km | Vel Err:    0.03 m/s
[Solver Step 004000] t= 1.463 | Pos Err:    9.10 km | Vel Err:    0.19 m/s
[Solver Step 005000] t= 1.844 | Pos Err:    1.73 km | Vel Err:    0.02 m/s
[Solver Step 006000] t= 2.222 | Pos Err:    1.86 km | Vel Err:    0.04 m/s
[Multiple Shooting] Converged in 2 iterations with residual 1.60e-15
[Solver Step 001000] t= 0.494 | Pos Err:    0.15 km | Vel Err:    0.00 m/s
[Solver Step 002000] t= 0.962 | Pos Err:    0.17 km | Vel Err:    0.00 m/s
[Solver Step 003000] t= 1.443 | Pos Err:    0.08 km | Vel Err:    0.01 m/s
[Solver Step 004000] t= 1.988 | Pos Err:    0.06 km | Vel Err:    0.00 m/s
[Solver Step 005000] t= 2.537 | Pos Err:    0.17 km | Vel Err:    0.00 m/s
[Solver Step 006000] t= 2.931 | Pos Err:    1.55 km | Vel Err:    0.03 m/s
[Solver Step 001000] t= 0.215 | Pos Err:   26.78 km | Vel Err:    0.67 m/s
[Solver Step 002000] t= 0.468 | Pos Err:    3.36 km | Vel Err:    0.10 m/s
[Solver Step 003000] t= 0.711 | Pos Err:    0.47 km | Vel Err:    0.05 m/s
[Solver Step 004000] t= 0.924 | Pos Err:    0.04 km | Vel Err:    0.00 m/s
[Solver Step 005000] t= 1.174 | Pos Err:    0.09 km | Vel Err:    0.00 m/s
[Solver Step 006000] t= 1.429 | Pos Err:    0.09 km | Vel Err:    0.05 m/s
[Solver Step 007000] t= 1.656 | Pos Err:    0.09 km | Vel Err:    0.00 m/s
[Solver Step 008000] t= 1.871 | Pos Err:    0.10 km | Vel Err:    0.00 m/s
[Solver Step 009000] t= 2.133 | Pos Err:    0.22 km | Vel Err:    0.19 m/s
[Solver Step 010000] t= 2.373 | Pos Err:    0.07 km | Vel Err:    0.00 m/s
[Solver Step 011000] t= 2.584 | Pos Err:    0.08 km | Vel Err:    0.00 m/s
[Solver Step 012000] t= 2.834 | Pos Err:    1.62 km | Vel Err:    1.23 m/s
[Solver Step 013000] t= 3.089 | Pos Err:    0.06 km | Vel Err:    0.00 m/s
[Solver Step 014000] t= 3.307 | Pos Err:    0.05 km | Vel Err:    0.00 m/s
[Solver Step 015000] t= 3.531 | Pos Err:    0.80 km | Vel Err:    0.58 m/s
[Solver Step 016000] t= 3.793 | Pos Err:    0.05 km | Vel Err:    0.01 m/s
[Solver Step 017000] t= 4.033 | Pos Err:    0.03 km | Vel Err:    0.00 m/s
[Solver Step 018000] t= 4.240 | Pos Err:    0.42 km | Vel Err:    0.23 m/s
[Solver Step 019000] t= 4.494 | Pos Err:    0.05 km | Vel Err:    0.02 m/s
[Solver Step 020000] t= 4.749 | Pos Err:    0.05 km | Vel Err:    0.00 m/s
[Solver Step 021000] t= 4.963 | Pos Err:    0.21 km | Vel Err:    0.12 m/s
[Solver Step 022000] t= 5.186 | Pos Err:    0.04 km | Vel Err:    0.01 m/s
[Solver Step 023000] t= 5.451 | Pos Err:    0.06 km | Vel Err:    0.00 m/s
[Solver Step 024000] t= 5.693 | Pos Err:    0.15 km | Vel Err:    0.11 m/s
[Solver Step 025000] t= 5.901 | Pos Err:    0.08 km | Vel Err:    0.00 m/s
[Solver Step 026000] t= 6.156 | Pos Err:    0.08 km | Vel Err:    0.00 m/s
[Solver Step 027000] t= 6.409 | Pos Err:    0.25 km | Vel Err:    0.24 m/s
[Solver Step 028000] t= 6.620 | Pos Err:    0.10 km | Vel Err:    0.00 m/s
[Solver Step 029000] t= 6.848 | Pos Err:    0.11 km | Vel Err:    0.00 m/s
[Solver Step 001000] t= 0.415 | Pos Err:    3.43 km | Vel Err:    0.08 m/s
[Solver Step 002000] t= 0.819 | Pos Err:    0.11 km | Vel Err:    0.00 m/s
[Solver Step 003000] t= 1.260 | Pos Err:    0.05 km | Vel Err:    0.01 m/s
[Solver Step 004000] t= 1.607 | Pos Err:    0.08 km | Vel Err:    0.00 m/s
[Solver Step 005000] t= 1.993 | Pos Err:    0.10 km | Vel Err:    0.00 m/s
[Solver Step 006000] t= 2.446 | Pos Err:    0.08 km | Vel Err:    0.02 m/s
[Solver Step 007000] t= 2.847 | Pos Err:    0.06 km | Vel Err:    0.00 m/s
[Solver Step 008000] t= 3.244 | Pos Err:    0.04 km | Vel Err:    0.00 m/s
[Solver Step 009000] t= 3.619 | Pos Err:    0.05 km | Vel Err:    0.08 m/s
[Solver Step 010000] t= 4.033 | Pos Err:    0.10 km | Vel Err:    0.00 m/s
[Solver Step 011000] t= 4.452 | Pos Err:    0.11 km | Vel Err:    0.00 m/s
[Solver Step 012000] t= 4.895 | Pos Err:    0.09 km | Vel Err:    0.04 m/s
[Solver Step 013000] t= 5.233 | Pos Err:    0.09 km | Vel Err:    0.00 m/s
[Solver Step 014000] t= 5.631 | Pos Err:    0.01 km | Vel Err:    0.00 m/s
[Solver Step 015000] t= 6.110 | Pos Err:    0.06 km | Vel Err:    0.02 m/s
[Solver Step 016000] t= 6.497 | Pos Err:    0.08 km | Vel Err:    0.00 m/s
[Solver Step 017000] t= 6.924 | Pos Err:    0.10 km | Vel Err:    0.00 m/s
[Solver Step 018000] t= 7.268 | Pos Err:    0.17 km | Vel Err:    0.10 m/s
[Solver Step 019000] t= 7.689 | Pos Err:    0.06 km | Vel Err:    0.00 m/s
[Solver Step 020000] t= 8.168 | Pos Err:    0.03 km | Vel Err:    0.00 m/s
[Solver Step 021000] t= 8.553 | Pos Err:    0.02 km | Vel Err:    0.03 m/s
[Solver Step 022000] t= 8.922 | Pos Err:    0.05 km | Vel Err:    0.00 m/s
[Solver Step 023000] t= 9.315 | Pos Err:    0.10 km | Vel Err:    0.00 m/s
[Solver Step 024000] t= 9.773 | Pos Err:    0.10 km | Vel Err:    0.03 m/s
[Solver Step 025000] t=10.174 | Pos Err:    0.09 km | Vel Err:    0.00 m/s
[Solver Step 026000] t=10.574 | Pos Err:    0.07 km | Vel Err:    0.00 m/s
[Solver Step 027000] t=10.934 | Pos Err:    0.08 km | Vel Err:    0.09 m/s
[Solver Step 028000] t=11.353 | Pos Err:    0.08 km | Vel Err:    0.00 m/s
[Solver Step 029000] t=11.809 | Pos Err:    0.10 km | Vel Err:    0.00 m/s
[Solver Step 030000] t=12.178 | Pos Err:    0.09 km | Vel Err:    0.03 m/s
[Solver Step 001000] t= 0.412 | Pos Err:    2.88 km | Vel Err:    0.07 m/s
[Solver Step 002000] t= 0.816 | Pos Err:    0.08 km | Vel Err:    0.00 m/s
[Solver Step 003000] t= 1.258 | Pos Err:    0.04 km | Vel Err:    0.01 m/s
[Solver Step 004000] t= 1.605 | Pos Err:    0.03 km | Vel Err:    0.00 m/s
[Solver Step 005000] t= 1.990 | Pos Err:    0.08 km | Vel Err:    0.00 m/s
[Solver Step 006000] t= 2.443 | Pos Err:    0.10 km | Vel Err:    0.02 m/s
[Solver Step 007000] t= 2.844 | Pos Err:    0.10 km | Vel Err:    0.00 m/s
[Solver Step 008000] t= 3.242 | Pos Err:    0.09 km | Vel Err:    0.00 m/s
[Solver Step 009000] t= 3.616 | Pos Err:    0.12 km | Vel Err:    0.08 m/s
[Solver Step 010000] t= 4.030 | Pos Err:    0.05 km | Vel Err:    0.00 m/s
[Solver Step 011000] t= 4.450 | Pos Err:    0.07 km | Vel Err:    0.00 m/s
[Solver Step 012000] t= 4.892 | Pos Err:    0.07 km | Vel Err:    0.04 m/s
[Solver Step 013000] t= 5.231 | Pos Err:    0.09 km | Vel Err:    0.00 m/s
[Solver Step 014000] t= 5.628 | Pos Err:    0.07 km | Vel Err:    0.00 m/s
[Solver Step 015000] t= 6.107 | Pos Err:    0.04 km | Vel Err:    0.02 m/s
[Solver Step 016000] t= 6.494 | Pos Err:    0.03 km | Vel Err:    0.00 m/s
[Solver Step 017000] t= 6.921 | Pos Err:    0.04 km | Vel Err:    0.00 m/s
[Solver Step 018000] t= 7.265 | Pos Err:    0.10 km | Vel Err:    0.10 m/s
[Solver Step 019000] t= 7.685 | Pos Err:    0.10 km | Vel Err:    0.00 m/s
[Solver Step 020000] t= 8.165 | Pos Err:    0.09 km | Vel Err:    0.00 m/s
[Solver Step 021000] t= 8.550 | Pos Err:    0.06 km | Vel Err:    0.03 m/s
[Solver Step 022000] t= 8.921 | Pos Err:    0.05 km | Vel Err:    0.00 m/s
[Solver Step 023000] t= 9.312 | Pos Err:    0.06 km | Vel Err:    0.00 m/s
[Solver Step 024000] t= 9.770 | Pos Err:    0.09 km | Vel Err:    0.03 m/s
[Solver Step 025000] t=10.172 | Pos Err:    0.10 km | Vel Err:    0.00 m/s
[Solver Step 026000] t=10.571 | Pos Err:    0.10 km | Vel Err:    0.00 m/s
[Solver Step 027000] t=10.931 | Pos Err:    0.15 km | Vel Err:    0.09 m/s
[Solver Step 028000] t=11.351 | Pos Err:    0.03 km | Vel Err:    0.00 m/s
[Solver Step 029000] t=11.806 | Pos Err:    0.04 km | Vel Err:    0.00 m/s
[Solver Step 030000] t=12.175 | Pos Err:    0.05 km | Vel Err:    0.03 m/s
[Solver Step 031000] t=12.566 | Pos Err:    0.08 km | Vel Err:    0.00 m/s
[Solver Step 001000] t= 0.415 | Pos Err:    0.58 km | Vel Err:    0.01 m/s
[Solver Step 002000] t= 0.789 | Pos Err:    0.05 km | Vel Err:    0.00 m/s
[Solver Step 003000] t= 1.099 | Pos Err:    0.01 km | Vel Err:    0.04 m/s
[Solver Step 004000] t= 1.550 | Pos Err:    0.06 km | Vel Err:    0.00 m/s
[Solver Step 005000] t= 2.101 | Pos Err:    0.06 km | Vel Err:    0.00 m/s
[Solver Step 006000] t= 2.514 | Pos Err:    0.06 km | Vel Err:    0.01 m/s
[Solver Step 007000] t= 3.014 | Pos Err:    0.06 km | Vel Err:    0.00 m/s
[Solver Step 008000] t= 3.566 | Pos Err:    0.06 km | Vel Err:    0.00 m/s
[Solver Step 009000] t= 4.057 | Pos Err:    0.05 km | Vel Err:    0.01 m/s
[Solver Step 010000] t= 4.458 | Pos Err:    0.05 km | Vel Err:    0.00 m/s
[Solver Step 011000] t= 4.996 | Pos Err:    0.05 km | Vel Err:    0.00 m/s
[Solver Step 012000] t= 5.583 | Pos Err:    0.03 km | Vel Err:    0.05 m/s
[Solver Step 013000] t= 6.066 | Pos Err:    0.05 km | Vel Err:    0.00 m/s
[Solver Step 014000] t= 6.467 | Pos Err:    0.05 km | Vel Err:    0.00 m/s
[Solver Step 015000] t= 7.024 | Pos Err:    0.02 km | Vel Err:    0.08 m/s
[Multiple Shooting] Converged in 2 iterations with residual 5.47e-12
[Solver Step 001000] t= 0.422 | Pos Err:    0.40 km | Vel Err:    0.01 m/s
[Solver Step 002000] t= 0.921 | Pos Err:    0.60 km | Vel Err:    0.01 m/s
[Solver Step 003000] t= 1.420 | Pos Err:    4.30 km | Vel Err:    0.10 m/s
[Solver Step 004000] t= 1.779 | Pos Err:   57.08 km | Vel Err:    1.15 m/s
[Solver Step 005000] t= 2.207 | Pos Err:   37.54 km | Vel Err:    0.79 m/s
[Solver Step 006000] t= 2.671 | Pos Err:    2.62 km | Vel Err:    0.05 m/s
[Solver Step 007000] t= 3.103 | Pos Err:   11.22 km | Vel Err:    0.26 m/s
[Multiple Shooting] Converged in 2 iterations with residual 7.54e-12
[Solver Step 001000] t= 0.422 | Pos Err:    0.64 km | Vel Err:    0.01 m/s
[Solver Step 002000] t= 0.925 | Pos Err:    0.86 km | Vel Err:    0.02 m/s
[Solver Step 003000] t= 1.419 | Pos Err:    4.54 km | Vel Err:    0.11 m/s
[Solver Step 004000] t= 1.756 | Pos Err:   59.36 km | Vel Err:    1.10 m/s
[Solver Step 005000] t= 2.218 | Pos Err:   17.87 km | Vel Err:    0.40 m/s
[Solver Step 006000] t= 2.677 | Pos Err:    2.00 km | Vel Err:    0.04 m/s
[Solver Step 007000] t= 3.085 | Pos Err:   10.84 km | Vel Err:    0.24 m/s
[Multiple Shooting] Converged in 2 iterations with residual 8.04e-12
[Solver Step 001000] t= 0.421 | Pos Err:    0.48 km | Vel Err:    0.01 m/s
[Solver Step 002000] t= 0.927 | Pos Err:    1.59 km | Vel Err:    0.03 m/s
[Solver Step 003000] t= 1.403 | Pos Err:   17.64 km | Vel Err:    0.35 m/s
[Solver Step 004000] t= 1.740 | Pos Err:   96.77 km | Vel Err:    1.92 m/s
[Solver Step 005000] t= 2.238 | Pos Err:    1.72 km | Vel Err:    0.04 m/s
[Solver Step 006000] t= 2.681 | Pos Err:    1.26 km | Vel Err:    0.02 m/s
[Solver Step 007000] t= 3.077 | Pos Err:    7.52 km | Vel Err:    0.17 m/s
[Multiple Shooting] Converged in 2 iterations with residual 1.95e-14
[Solver Step 001000] t= 0.466 | Pos Err:    0.43 km | Vel Err:    0.01 m/s
[Solver Step 002000] t= 0.965 | Pos Err:    0.12 km | Vel Err:    0.00 m/s
[Solver Step 003000] t= 1.360 | Pos Err:    0.14 km | Vel Err:    0.00 m/s
[Solver Step 004000] t= 1.816 | Pos Err:    0.08 km | Vel Err:    0.00 m/s
[Solver Step 005000] t= 2.221 | Pos Err:    0.24 km | Vel Err:    0.01 m/s
[Solver Step 006000] t= 2.735 | Pos Err:    0.20 km | Vel Err:    0.03 m/s
[Solver Step 001000] t= 0.416 | Pos Err:    3.14 km | Vel Err:    0.07 m/s
[Solver Step 002000] t= 0.820 | Pos Err:    0.09 km | Vel Err:    0.00 m/s
[Solver Step 003000] t= 1.261 | Pos Err:    0.07 km | Vel Err:    0.01 m/s
[Solver Step 004000] t= 1.608 | Pos Err:    0.09 km | Vel Err:    0.00 m/s
[Solver Step 005000] t= 1.994 | Pos Err:    0.09 km | Vel Err:    0.00 m/s
[Solver Step 006000] t= 2.447 | Pos Err:    0.06 km | Vel Err:    0.02 m/s
[Solver Step 007000] t= 2.848 | Pos Err:    0.04 km | Vel Err:    0.00 m/s
[Solver Step 008000] t= 3.245 | Pos Err:    0.03 km | Vel Err:    0.00 m/s
[Solver Step 009000] t= 3.620 | Pos Err:    0.07 km | Vel Err:    0.08 m/s
[Solver Step 010000] t= 4.035 | Pos Err:    0.10 km | Vel Err:    0.00 m/s
[Solver Step 011000] t= 4.453 | Pos Err:    0.10 km | Vel Err:    0.00 m/s
[Solver Step 012000] t= 4.896 | Pos Err:    0.08 km | Vel Err:    0.04 m/s
[Solver Step 013000] t= 5.234 | Pos Err:    0.07 km | Vel Err:    0.00 m/s
[Solver Step 014000] t= 5.633 | Pos Err:    0.03 km | Vel Err:    0.00 m/s
[Solver Step 015000] t= 6.112 | Pos Err:    0.07 km | Vel Err:    0.02 m/s
[Solver Step 016000] t= 6.498 | Pos Err:    0.09 km | Vel Err:    0.00 m/s
[Solver Step 017000] t= 6.925 | Pos Err:    0.10 km | Vel Err:    0.00 m/s
[Solver Step 018000] t= 7.269 | Pos Err:    0.16 km | Vel Err:    0.10 m/s
[Solver Step 019000] t= 7.690 | Pos Err:    0.04 km | Vel Err:    0.00 m/s
[Solver Step 020000] t= 8.169 | Pos Err:    0.03 km | Vel Err:    0.00 m/s
[Solver Step 021000] t= 8.555 | Pos Err:    0.03 km | Vel Err:    0.03 m/s
[Solver Step 022000] t= 8.923 | Pos Err:    0.07 km | Vel Err:    0.00 m/s
[Solver Step 023000] t= 9.316 | Pos Err:    0.10 km | Vel Err:    0.00 m/s
[Solver Step 024000] t= 9.775 | Pos Err:    0.08 km | Vel Err:    0.03 m/s
[Solver Step 025000] t=10.175 | Pos Err:    0.07 km | Vel Err:    0.00 m/s
[Solver Step 026000] t=10.575 | Pos Err:    0.05 km | Vel Err:    0.00 m/s
[Solver Step 027000] t=10.935 | Pos Err:    0.08 km | Vel Err:    0.09 m/s
[Solver Step 028000] t=11.354 | Pos Err:    0.09 km | Vel Err:    0.00 m/s
[Solver Step 029000] t=11.810 | Pos Err:    0.10 km | Vel Err:    0.00 m/s
[Solver Step 030000] t=12.179 | Pos Err:    0.09 km | Vel Err:    0.03 m/s
[Solver Step 001000] t= 0.416 | Pos Err:    3.33 km | Vel Err:    0.08 m/s
[Solver Step 002000] t= 0.820 | Pos Err:    0.06 km | Vel Err:    0.00 m/s
[Solver Step 003000] t= 1.261 | Pos Err:    0.10 km | Vel Err:    0.01 m/s
[Solver Step 004000] t= 1.609 | Pos Err:    0.11 km | Vel Err:    0.00 m/s
[Solver Step 005000] t= 1.994 | Pos Err:    0.06 km | Vel Err:    0.00 m/s
[Solver Step 006000] t= 2.447 | Pos Err:    0.01 km | Vel Err:    0.02 m/s
[Solver Step 007000] t= 2.849 | Pos Err:    0.03 km | Vel Err:    0.00 m/s
[Solver Step 008000] t= 3.245 | Pos Err:    0.05 km | Vel Err:    0.00 m/s
[Solver Step 009000] t= 3.620 | Pos Err:    0.12 km | Vel Err:    0.08 m/s
[Solver Step 010000] t= 4.035 | Pos Err:    0.09 km | Vel Err:    0.00 m/s
[Solver Step 011000] t= 4.454 | Pos Err:    0.08 km | Vel Err:    0.00 m/s
[Solver Step 012000] t= 4.897 | Pos Err:    0.05 km | Vel Err:    0.04 m/s
[Solver Step 013000] t= 5.235 | Pos Err:    0.02 km | Vel Err:    0.00 m/s
[Solver Step 014000] t= 5.633 | Pos Err:    0.07 km | Vel Err:    0.00 m/s
[Solver Step 015000] t= 6.112 | Pos Err:    0.10 km | Vel Err:    0.02 m/s
[Solver Step 016000] t= 6.498 | Pos Err:    0.11 km | Vel Err:    0.00 m/s
[Solver Step 017000] t= 6.925 | Pos Err:    0.11 km | Vel Err:    0.00 m/s
[Solver Step 018000] t= 7.269 | Pos Err:    0.15 km | Vel Err:    0.10 m/s
[Solver Step 019000] t= 7.690 | Pos Err:    0.03 km | Vel Err:    0.00 m/s
[Solver Step 020000] t= 8.169 | Pos Err:    0.06 km | Vel Err:    0.00 m/s
[Solver Step 021000] t= 8.555 | Pos Err:    0.07 km | Vel Err:    0.03 m/s
[Solver Step 022000] t= 8.923 | Pos Err:    0.11 km | Vel Err:    0.00 m/s
[Solver Step 023000] t= 9.316 | Pos Err:    0.08 km | Vel Err:    0.00 m/s
[Solver Step 024000] t= 9.775 | Pos Err:    0.04 km | Vel Err:    0.03 m/s
[Solver Step 025000] t=10.175 | Pos Err:    0.02 km | Vel Err:    0.00 m/s
[Solver Step 026000] t=10.575 | Pos Err:    0.02 km | Vel Err:    0.00 m/s
[Solver Step 027000] t=10.935 | Pos Err:    0.12 km | Vel Err:    0.09 m/s
[Solver Step 028000] t=11.354 | Pos Err:    0.11 km | Vel Err:    0.00 m/s
[Solver Step 029000] t=11.811 | Pos Err:    0.10 km | Vel Err:    0.00 m/s
[Solver Step 030000] t=12.179 | Pos Err:    0.08 km | Vel Err:    0.03 m/s
[Multiple Shooting] Converged in 2 iterations with residual 1.71e-14
[Solver Step 001000] t= 0.465 | Pos Err:    0.16 km | Vel Err:    0.00 m/s
[Solver Step 002000] t= 0.939 | Pos Err:    0.31 km | Vel Err:    0.01 m/s
[Solver Step 003000] t= 1.341 | Pos Err:    0.34 km | Vel Err:    0.01 m/s
[Solver Step 004000] t= 1.806 | Pos Err:    0.37 km | Vel Err:    0.01 m/s
[Solver Step 005000] t= 2.218 | Pos Err:    0.29 km | Vel Err:    0.01 m/s
[Solver Step 006000] t= 2.673 | Pos Err:    0.59 km | Vel Err:    0.03 m/s
[Multiple Shooting] Converged in 2 iterations with residual 3.07e-12
[Solver Step 001000] t= 0.417 | Pos Err:    0.57 km | Vel Err:    0.01 m/s
[Solver Step 002000] t= 0.920 | Pos Err:    6.43 km | Vel Err:    0.12 m/s
[Solver Step 003000] t= 1.341 | Pos Err:  103.19 km | Vel Err:    2.27 m/s
[Solver Step 004000] t= 1.750 | Pos Err:   71.83 km | Vel Err:    1.56 m/s
[Solver Step 005000] t= 2.241 | Pos Err:    0.82 km | Vel Err:    0.02 m/s
[Solver Step 006000] t= 2.632 | Pos Err:    0.11 km | Vel Err:    0.01 m/s
[Solver Step 007000] t= 3.092 | Pos Err:    8.61 km | Vel Err:    0.20 m/s
[Solver Step 001000] t= 0.419 | Pos Err:    0.31 km | Vel Err:    0.01 m/s
[Solver Step 002000] t= 0.792 | Pos Err:    0.06 km | Vel Err:    0.00 m/s
[Solver Step 003000] t= 1.102 | Pos Err:    0.01 km | Vel Err:    0.04 m/s
[Solver Step 004000] t= 1.554 | Pos Err:    0.06 km | Vel Err:    0.00 m/s
[Solver Step 005000] t= 2.105 | Pos Err:    0.06 km | Vel Err:    0.00 m/s
[Solver Step 006000] t= 2.518 | Pos Err:    0.05 km | Vel Err:    0.01 m/s
[Solver Step 007000] t= 3.018 | Pos Err:    0.05 km | Vel Err:    0.00 m/s
[Solver Step 008000] t= 3.571 | Pos Err:    0.05 km | Vel Err:    0.00 m/s
[Solver Step 009000] t= 4.060 | Pos Err:    0.05 km | Vel Err:    0.01 m/s
[Solver Step 010000] t= 4.462 | Pos Err:    0.05 km | Vel Err:    0.00 m/s
[Solver Step 011000] t= 5.001 | Pos Err:    0.05 km | Vel Err:    0.00 m/s
[Solver Step 012000] t= 5.588 | Pos Err:    0.04 km | Vel Err:    0.05 m/s
[Solver Step 013000] t= 6.069 | Pos Err:    0.05 km | Vel Err:    0.00 m/s
[Solver Step 014000] t= 6.471 | Pos Err:    0.05 km | Vel Err:    0.00 m/s
[Solver Step 015000] t= 7.029 | Pos Err:    0.03 km | Vel Err:    0.08 m/s
[Multiple Shooting] Converged in 2 iterations with residual 9.79e-12
[Solver Step 001000] t= 0.460 | Pos Err:    0.55 km | Vel Err:    0.01 m/s
[Solver Step 002000] t= 0.906 | Pos Err:    0.22 km | Vel Err:    0.00 m/s
[Solver Step 003000] t= 1.367 | Pos Err:    0.50 km | Vel Err:    0.01 m/s
[Solver Step 004000] t= 1.808 | Pos Err:    2.79 km | Vel Err:    0.06 m/s
[Solver Step 005000] t= 2.321 | Pos Err:    7.88 km | Vel Err:    0.15 m/s
[Solver Step 006000] t= 2.732 | Pos Err:  416.17 km | Vel Err:    8.73 m/s
[Solver Step 007000] t= 3.122 | Pos Err: 17776.64 km | Vel Err: 1343.95 m/s
[Solver Step 001000] t= 0.217 | Pos Err:   25.76 km | Vel Err:    0.60 m/s
[Solver Step 002000] t= 0.471 | Pos Err:    3.16 km | Vel Err:    0.05 m/s
[Solver Step 003000] t= 0.713 | Pos Err:    0.43 km | Vel Err:    0.03 m/s
[Solver Step 004000] t= 0.930 | Pos Err:    0.04 km | Vel Err:    0.00 m/s
[Solver Step 005000] t= 1.177 | Pos Err:    0.08 km | Vel Err:    0.00 m/s
[Solver Step 006000] t= 1.430 | Pos Err:    0.03 km | Vel Err:    0.03 m/s
[Solver Step 007000] t= 1.661 | Pos Err:    0.04 km | Vel Err:    0.00 m/s
[Solver Step 008000] t= 1.877 | Pos Err:    0.07 km | Vel Err:    0.00 m/s
[Solver Step 009000] t= 2.135 | Pos Err:    0.12 km | Vel Err:    0.14 m/s
[Solver Step 010000] t= 2.380 | Pos Err:    0.02 km | Vel Err:    0.00 m/s
[Solver Step 011000] t= 2.592 | Pos Err:    0.05 km | Vel Err:    0.00 m/s
[Solver Step 012000] t= 2.838 | Pos Err:    1.02 km | Vel Err:    0.79 m/s
[Solver Step 013000] t= 3.094 | Pos Err:    0.02 km | Vel Err:    0.00 m/s
[Solver Step 014000] t= 3.315 | Pos Err:    0.06 km | Vel Err:    0.00 m/s
[Solver Step 015000] t= 3.536 | Pos Err:    0.77 km | Vel Err:    0.53 m/s
[Solver Step 016000] t= 3.797 | Pos Err:    0.03 km | Vel Err:    0.00 m/s
[Solver Step 017000] t= 4.038 | Pos Err:    0.08 km | Vel Err:    0.00 m/s
[Solver Step 018000] t= 4.248 | Pos Err:    0.43 km | Vel Err:    0.21 m/s
[Solver Step 019000] t= 4.498 | Pos Err:    0.08 km | Vel Err:    0.02 m/s
[Solver Step 020000] t= 4.753 | Pos Err:    0.09 km | Vel Err:    0.00 m/s
[Solver Step 021000] t= 4.971 | Pos Err:    0.18 km | Vel Err:    0.11 m/s
[Solver Step 022000] t= 5.190 | Pos Err:    0.09 km | Vel Err:    0.01 m/s
[Solver Step 023000] t= 5.456 | Pos Err:    0.10 km | Vel Err:    0.00 m/s
[Solver Step 024000] t= 5.699 | Pos Err:    0.10 km | Vel Err:    0.12 m/s
[Solver Step 025000] t= 5.906 | Pos Err:    0.08 km | Vel Err:    0.00 m/s
[Solver Step 026000] t= 6.159 | Pos Err:    0.09 km | Vel Err:    0.00 m/s
[Solver Step 027000] t= 6.414 | Pos Err:    0.18 km | Vel Err:    0.24 m/s
[Solver Step 028000] t= 6.627 | Pos Err:    0.07 km | Vel Err:    0.00 m/s
[Solver Step 029000] t= 6.851 | Pos Err:    0.10 km | Vel Err:    0.00 m/s
[Multiple Shooting] Converged in 4 iterations with residual 3.78e-13
[Solver Step 001000] t= 0.343 | Pos Err:    2.32 km | Vel Err:    0.06 m/s
[Solver Step 002000] t= 0.691 | Pos Err:   57.99 km | Vel Err:    1.27 m/s
[Solver Step 003000] t= 1.047 | Pos Err:   27.35 km | Vel Err:    0.53 m/s
[Solver Step 004000] t= 1.401 | Pos Err:    1.89 km | Vel Err:    0.04 m/s
[Solver Step 005000] t= 1.763 | Pos Err:   26.85 km | Vel Err:    0.55 m/s
[Solver Step 006000] t= 2.109 | Pos Err:   49.10 km | Vel Err:    0.86 m/s
[Solver Step 007000] t= 2.462 | Pos Err:  152.59 km | Vel Err:    3.39 m/s
[Solver Step 001000] t= 0.218 | Pos Err:   13.23 km | Vel Err:    0.33 m/s
[Solver Step 002000] t= 0.470 | Pos Err:    1.68 km | Vel Err:    0.03 m/s
[Solver Step 003000] t= 0.713 | Pos Err:    0.19 km | Vel Err:    0.03 m/s
[Solver Step 004000] t= 0.928 | Pos Err:    0.01 km | Vel Err:    0.00 m/s
[Solver Step 005000] t= 1.176 | Pos Err:    0.02 km | Vel Err:    0.00 m/s
[Solver Step 006000] t= 1.430 | Pos Err:    0.08 km | Vel Err:    0.04 m/s
[Solver Step 007000] t= 1.661 | Pos Err:    0.07 km | Vel Err:    0.00 m/s
[Solver Step 008000] t= 1.876 | Pos Err:    0.04 km | Vel Err:    0.00 m/s
[Solver Step 009000] t= 2.134 | Pos Err:    0.18 km | Vel Err:    0.11 m/s
[Solver Step 010000] t= 2.377 | Pos Err:    0.08 km | Vel Err:    0.00 m/s
[Solver Step 011000] t= 2.590 | Pos Err:    0.05 km | Vel Err:    0.00 m/s
[Solver Step 012000] t= 2.837 | Pos Err:    0.93 km | Vel Err:    0.77 m/s
[Solver Step 013000] t= 3.092 | Pos Err:    0.08 km | Vel Err:    0.00 m/s
[Solver Step 014000] t= 3.313 | Pos Err:    0.06 km | Vel Err:    0.00 m/s
[Solver Step 015000] t= 3.535 | Pos Err:    0.67 km | Vel Err:    0.54 m/s
[Solver Step 016000] t= 3.796 | Pos Err:    0.08 km | Vel Err:    0.00 m/s
[Solver Step 017000] t= 4.038 | Pos Err:    0.06 km | Vel Err:    0.00 m/s
[Solver Step 018000] t= 4.246 | Pos Err:    0.32 km | Vel Err:    0.22 m/s
[Solver Step 019000] t= 4.497 | Pos Err:    0.05 km | Vel Err:    0.02 m/s
[Solver Step 020000] t= 4.751 | Pos Err:    0.05 km | Vel Err:    0.00 m/s
[Solver Step 021000] t= 4.969 | Pos Err:    0.10 km | Vel Err:    0.11 m/s
[Solver Step 022000] t= 5.189 | Pos Err:    0.05 km | Vel Err:    0.01 m/s
[Solver Step 023000] t= 5.455 | Pos Err:    0.04 km | Vel Err:    0.00 m/s
[Solver Step 024000] t= 5.698 | Pos Err:    0.09 km | Vel Err:    0.12 m/s
[Solver Step 025000] t= 5.904 | Pos Err:    0.03 km | Vel Err:    0.00 m/s
[Solver Step 026000] t= 6.158 | Pos Err:    0.03 km | Vel Err:    0.00 m/s
[Solver Step 027000] t= 6.412 | Pos Err:    0.24 km | Vel Err:    0.24 m/s
[Solver Step 028000] t= 6.624 | Pos Err:    0.04 km | Vel Err:    0.00 m/s
[Solver Step 029000] t= 6.850 | Pos Err:    0.01 km | Vel Err:    0.00 m/s
[Solver Step 001000] t= 0.217 | Pos Err:   12.86 km | Vel Err:    0.20 m/s
[Solver Step 002000] t= 0.471 | Pos Err:    1.56 km | Vel Err:    0.01 m/s
[Solver Step 003000] t= 0.713 | Pos Err:    0.19 km | Vel Err:    0.02 m/s
[Solver Step 004000] t= 0.930 | Pos Err:    0.00 km | Vel Err:    0.00 m/s
[Solver Step 005000] t= 1.177 | Pos Err:    0.04 km | Vel Err:    0.00 m/s
[Solver Step 006000] t= 1.430 | Pos Err:    0.08 km | Vel Err:    0.04 m/s
[Solver Step 007000] t= 1.657 | Pos Err:    0.07 km | Vel Err:    0.00 m/s
[Solver Step 008000] t= 1.873 | Pos Err:    0.06 km | Vel Err:    0.00 m/s
[Solver Step 009000] t= 2.133 | Pos Err:    0.25 km | Vel Err:    0.18 m/s
[Solver Step 010000] t= 2.371 | Pos Err:    0.07 km | Vel Err:    0.00 m/s
[Solver Step 011000] t= 2.582 | Pos Err:    0.05 km | Vel Err:    0.00 m/s
[Solver Step 012000] t= 2.832 | Pos Err:    1.73 km | Vel Err:    1.34 m/s
[Solver Step 013000] t= 3.086 | Pos Err:    0.07 km | Vel Err:    0.00 m/s
[Solver Step 014000] t= 3.303 | Pos Err:    0.04 km | Vel Err:    0.00 m/s
[Solver Step 015000] t= 3.528 | Pos Err:    0.74 km | Vel Err:    0.60 m/s
[Solver Step 016000] t= 3.791 | Pos Err:    0.07 km | Vel Err:    0.01 m/s
[Solver Step 017000] t= 4.030 | Pos Err:    0.03 km | Vel Err:    0.00 m/s
[Solver Step 018000] t= 4.236 | Pos Err:    0.36 km | Vel Err:    0.24 m/s
[Solver Step 019000] t= 4.491 | Pos Err:    0.04 km | Vel Err:    0.02 m/s
[Solver Step 020000] t= 4.744 | Pos Err:    0.02 km | Vel Err:    0.00 m/s
[Solver Step 021000] t= 4.959 | Pos Err:    0.15 km | Vel Err:    0.12 m/s
[Solver Step 022000] t= 5.183 | Pos Err:    0.03 km | Vel Err:    0.01 m/s
[Solver Step 023000] t= 5.448 | Pos Err:    0.01 km | Vel Err:    0.00 m/s
[Solver Step 024000] t= 5.689 | Pos Err:    0.10 km | Vel Err:    0.11 m/s
[Solver Step 025000] t= 5.896 | Pos Err:    0.03 km | Vel Err:    0.01 m/s
[Solver Step 026000] t= 6.153 | Pos Err:    0.01 km | Vel Err:    0.00 m/s
[Solver Step 027000] t= 6.404 | Pos Err:    0.24 km | Vel Err:    0.24 m/s
[Solver Step 028000] t= 6.614 | Pos Err:    0.05 km | Vel Err:    0.00 m/s
[Solver Step 029000] t= 6.844 | Pos Err:    0.03 km | Vel Err:    0.00 m/s
[Multiple Shooting] Converged in 2 iterations with residual 3.38e-14
[Solver Step 001000] t= 0.464 | Pos Err:    0.38 km | Vel Err:    0.01 m/s
[Solver Step 002000] t= 0.933 | Pos Err:    0.30 km | Vel Err:    0.01 m/s
[Solver Step 003000] t= 1.342 | Pos Err:    0.37 km | Vel Err:    0.01 m/s
[Solver Step 004000] t= 1.801 | Pos Err:    0.50 km | Vel Err:    0.01 m/s
[Solver Step 005000] t= 2.233 | Pos Err:    0.05 km | Vel Err:    0.00 m/s
[Solver Step 006000] t= 2.663 | Pos Err:    0.51 km | Vel Err:    0.02 m/s
[Solver Step 001000] t= 0.216 | Pos Err:    5.00 km | Vel Err:    0.11 m/s
[Solver Step 002000] t= 0.469 | Pos Err:    0.63 km | Vel Err:    0.01 m/s
[Solver Step 003000] t= 0.712 | Pos Err:    0.05 km | Vel Err:    0.04 m/s
[Solver Step 004000] t= 0.926 | Pos Err:    0.01 km | Vel Err:    0.00 m/s
[Solver Step 005000] t= 1.177 | Pos Err:    0.03 km | Vel Err:    0.00 m/s
[Solver Step 006000] t= 1.430 | Pos Err:    0.06 km | Vel Err:    0.04 m/s
[Solver Step 007000] t= 1.660 | Pos Err:    0.05 km | Vel Err:    0.00 m/s
[Solver Step 008000] t= 1.874 | Pos Err:    0.02 km | Vel Err:    0.00 m/s
[Solver Step 009000] t= 2.133 | Pos Err:    0.15 km | Vel Err:    0.11 m/s
[Solver Step 010000] t= 2.376 | Pos Err:    0.06 km | Vel Err:    0.00 m/s
[Solver Step 011000] t= 2.588 | Pos Err:    0.03 km | Vel Err:    0.00 m/s
[Solver Step 012000] t= 2.836 | Pos Err:    1.05 km | Vel Err:    0.84 m/s
[Solver Step 013000] t= 3.091 | Pos Err:    0.06 km | Vel Err:    0.00 m/s
[Solver Step 014000] t= 3.311 | Pos Err:    0.04 km | Vel Err:    0.00 m/s
[Solver Step 015000] t= 3.533 | Pos Err:    0.71 km | Vel Err:    0.56 m/s
[Solver Step 016000] t= 3.795 | Pos Err:    0.06 km | Vel Err:    0.00 m/s
[Solver Step 017000] t= 4.037 | Pos Err:    0.05 km | Vel Err:    0.00 m/s
[Solver Step 018000] t= 4.244 | Pos Err:    0.35 km | Vel Err:    0.22 m/s
[Solver Step 019000] t= 4.496 | Pos Err:    0.02 km | Vel Err:    0.02 m/s
[Solver Step 020000] t= 4.750 | Pos Err:    0.04 km | Vel Err:    0.00 m/s
[Solver Step 021000] t= 4.967 | Pos Err:    0.12 km | Vel Err:    0.11 m/s
[Solver Step 022000] t= 5.188 | Pos Err:    0.04 km | Vel Err:    0.01 m/s
[Solver Step 023000] t= 5.454 | Pos Err:    0.04 km | Vel Err:    0.00 m/s
[Solver Step 024000] t= 5.696 | Pos Err:    0.08 km | Vel Err:    0.12 m/s
[Solver Step 025000] t= 5.903 | Pos Err:    0.01 km | Vel Err:    0.00 m/s
[Solver Step 026000] t= 6.157 | Pos Err:    0.03 km | Vel Err:    0.00 m/s
[Solver Step 027000] t= 6.411 | Pos Err:    0.23 km | Vel Err:    0.24 m/s
[Solver Step 028000] t= 6.622 | Pos Err:    0.03 km | Vel Err:    0.00 m/s
[Solver Step 029000] t= 6.849 | Pos Err:    0.02 km | Vel Err:    0.00 m/s
[Solver Step 001000] t= 0.418 | Pos Err:    0.18 km | Vel Err:    0.00 m/s
[Solver Step 002000] t= 0.792 | Pos Err:    0.06 km | Vel Err:    0.00 m/s
[Solver Step 003000] t= 1.101 | Pos Err:    0.01 km | Vel Err:    0.04 m/s
[Solver Step 004000] t= 1.553 | Pos Err:    0.06 km | Vel Err:    0.00 m/s
[Solver Step 005000] t= 2.104 | Pos Err:    0.06 km | Vel Err:    0.00 m/s
[Solver Step 006000] t= 2.517 | Pos Err:    0.05 km | Vel Err:    0.01 m/s
[Solver Step 007000] t= 3.017 | Pos Err:    0.05 km | Vel Err:    0.00 m/s
[Solver Step 008000] t= 3.570 | Pos Err:    0.05 km | Vel Err:    0.00 m/s
[Solver Step 009000] t= 4.059 | Pos Err:    0.05 km | Vel Err:    0.01 m/s
[Solver Step 010000] t= 4.461 | Pos Err:    0.06 km | Vel Err:    0.00 m/s
[Solver Step 011000] t= 5.000 | Pos Err:    0.06 km | Vel Err:    0.00 m/s
[Solver Step 012000] t= 5.587 | Pos Err:    0.04 km | Vel Err:    0.05 m/s
[Solver Step 013000] t= 6.068 | Pos Err:    0.06 km | Vel Err:    0.00 m/s
[Solver Step 014000] t= 6.470 | Pos Err:    0.06 km | Vel Err:    0.00 m/s
[Solver Step 015000] t= 7.028 | Pos Err:    0.03 km | Vel Err:    0.08 m/s
[Solver Step 001000] t= 0.420 | Pos Err:   17.45 km | Vel Err:    0.55 m/s
[Solver Step 002000] t= 0.809 | Pos Err:   60.99 km | Vel Err:    0.85 m/s
[Solver Step 003000] t= 1.285 | Pos Err: 7903.19 km | Vel Err:  723.71 m/s
[Solver Step 001000] t= 0.218 | Pos Err:   10.66 km | Vel Err:    0.19 m/s
[Solver Step 002000] t= 0.471 | Pos Err:    1.24 km | Vel Err:    0.01 m/s
[Solver Step 003000] t= 0.714 | Pos Err:    0.21 km | Vel Err:    0.02 m/s
[Solver Step 004000] t= 0.933 | Pos Err:    0.03 km | Vel Err:    0.00 m/s
[Solver Step 005000] t= 1.179 | Pos Err:    0.05 km | Vel Err:    0.00 m/s
[Solver Step 006000] t= 1.432 | Pos Err:    0.04 km | Vel Err:    0.06 m/s
[Solver Step 007000] t= 1.663 | Pos Err:    0.01 km | Vel Err:    0.00 m/s
[Solver Step 008000] t= 1.877 | Pos Err:    0.02 km | Vel Err:    0.00 m/s
[Solver Step 009000] t= 2.135 | Pos Err:    0.11 km | Vel Err:    0.09 m/s
[Solver Step 010000] t= 2.378 | Pos Err:    0.02 km | Vel Err:    0.00 m/s
[Solver Step 011000] t= 2.592 | Pos Err:    0.02 km | Vel Err:    0.00 m/s
[Solver Step 012000] t= 2.838 | Pos Err:    0.98 km | Vel Err:    0.80 m/s
[Solver Step 013000] t= 3.094 | Pos Err:    0.04 km | Vel Err:    0.00 m/s
[Solver Step 014000] t= 3.315 | Pos Err:    0.05 km | Vel Err:    0.00 m/s
[Solver Step 015000] t= 3.536 | Pos Err:    0.72 km | Vel Err:    0.53 m/s
[Solver Step 016000] t= 3.797 | Pos Err:    0.04 km | Vel Err:    0.00 m/s
[Solver Step 017000] t= 4.040 | Pos Err:    0.06 km | Vel Err:    0.00 m/s
[Solver Step 018000] t= 4.248 | Pos Err:    0.38 km | Vel Err:    0.21 m/s
[Solver Step 019000] t= 4.497 | Pos Err:    0.05 km | Vel Err:    0.02 m/s
[Solver Step 020000] t= 4.751 | Pos Err:    0.07 km | Vel Err:    0.00 m/s
[Solver Step 021000] t= 4.969 | Pos Err:    0.14 km | Vel Err:    0.11 m/s
[Solver Step 022000] t= 5.189 | Pos Err:    0.06 km | Vel Err:    0.01 m/s
[Solver Step 023000] t= 5.455 | Pos Err:    0.08 km | Vel Err:    0.00 m/s
[Solver Step 024000] t= 5.698 | Pos Err:    0.07 km | Vel Err:    0.12 m/s
[Solver Step 025000] t= 5.906 | Pos Err:    0.04 km | Vel Err:    0.00 m/s
[Solver Step 026000] t= 6.159 | Pos Err:    0.06 km | Vel Err:    0.00 m/s
[Solver Step 027000] t= 6.414 | Pos Err:    0.20 km | Vel Err:    0.24 m/s
[Solver Step 028000] t= 6.627 | Pos Err:    0.03 km | Vel Err:    0.00 m/s
[Solver Step 029000] t= 6.851 | Pos Err:    0.05 km | Vel Err:    0.00 m/s
[Solver Step 001000] t= 0.217 | Pos Err:   14.44 km | Vel Err:    0.35 m/s
[Solver Step 002000] t= 0.469 | Pos Err:    1.81 km | Vel Err:    0.06 m/s
[Solver Step 003000] t= 0.711 | Pos Err:    0.28 km | Vel Err:    0.04 m/s
[Solver Step 004000] t= 0.927 | Pos Err:    0.03 km | Vel Err:    0.00 m/s
[Solver Step 005000] t= 1.176 | Pos Err:    0.03 km | Vel Err:    0.00 m/s
[Solver Step 006000] t= 1.429 | Pos Err:    0.05 km | Vel Err:    0.03 m/s
[Solver Step 007000] t= 1.658 | Pos Err:    0.05 km | Vel Err:    0.00 m/s
[Solver Step 008000] t= 1.873 | Pos Err:    0.03 km | Vel Err:    0.00 m/s
[Solver Step 009000] t= 2.132 | Pos Err:    0.26 km | Vel Err:    0.19 m/s
[Solver Step 010000] t= 2.373 | Pos Err:    0.07 km | Vel Err:    0.00 m/s
[Solver Step 011000] t= 2.584 | Pos Err:    0.06 km | Vel Err:    0.00 m/s
[Solver Step 012000] t= 2.834 | Pos Err:    1.49 km | Vel Err:    1.23 m/s
[Solver Step 013000] t= 3.089 | Pos Err:    0.08 km | Vel Err:    0.00 m/s
[Solver Step 014000] t= 3.307 | Pos Err:    0.08 km | Vel Err:    0.00 m/s
[Solver Step 015000] t= 3.531 | Pos Err:    0.72 km | Vel Err:    0.58 m/s
[Solver Step 016000] t= 3.793 | Pos Err:    0.08 km | Vel Err:    0.01 m/s
[Solver Step 017000] t= 4.033 | Pos Err:    0.09 km | Vel Err:    0.00 m/s
[Solver Step 018000] t= 4.240 | Pos Err:    0.36 km | Vel Err:    0.23 m/s
[Solver Step 019000] t= 4.494 | Pos Err:    0.06 km | Vel Err:    0.02 m/s
[Solver Step 020000] t= 4.747 | Pos Err:    0.08 km | Vel Err:    0.00 m/s
[Solver Step 021000] t= 4.963 | Pos Err:    0.12 km | Vel Err:    0.11 m/s
[Solver Step 022000] t= 5.186 | Pos Err:    0.08 km | Vel Err:    0.01 m/s
[Solver Step 023000] t= 5.451 | Pos Err:    0.08 km | Vel Err:    0.00 m/s
[Solver Step 024000] t= 5.693 | Pos Err:    0.05 km | Vel Err:    0.11 m/s
[Solver Step 025000] t= 5.899 | Pos Err:    0.05 km | Vel Err:    0.01 m/s
[Solver Step 026000] t= 6.155 | Pos Err:    0.07 km | Vel Err:    0.00 m/s
[Solver Step 027000] t= 6.408 | Pos Err:    0.20 km | Vel Err:    0.24 m/s
[Solver Step 028000] t= 6.618 | Pos Err:    0.03 km | Vel Err:    0.00 m/s
[Solver Step 029000] t= 6.846 | Pos Err:    0.05 km | Vel Err:    0.00 m/s
[Multiple Shooting] Converged in 2 iterations with residual 2.68e-11
[Solver Step 001000] t= 0.416 | Pos Err:    0.13 km | Vel Err:    0.00 m/s
[Solver Step 002000] t= 0.920 | Pos Err:    4.04 km | Vel Err:    0.08 m/s
[Solver Step 003000] t= 1.364 | Pos Err:   57.56 km | Vel Err:    1.17 m/s
[Solver Step 004000] t= 1.748 | Pos Err:   90.47 km | Vel Err:    1.91 m/s
[Solver Step 005000] t= 2.243 | Pos Err:    1.31 km | Vel Err:    0.03 m/s
[Solver Step 006000] t= 2.645 | Pos Err:    0.20 km | Vel Err:    0.00 m/s
[Solver Step 007000] t= 3.089 | Pos Err:    7.00 km | Vel Err:    0.16 m/s
[Multiple Shooting] Converged in 2 iterations with residual 2.95e-11
[Solver Step 001000] t= 0.443 | Pos Err:    0.22 km | Vel Err:    0.01 m/s
[Solver Step 002000] t= 0.877 | Pos Err:    0.37 km | Vel Err:    0.01 m/s
[Solver Step 003000] t= 1.357 | Pos Err:    0.42 km | Vel Err:    0.03 m/s
[Solver Step 004000] t= 1.788 | Pos Err:    9.11 km | Vel Err:    0.22 m/s
[Solver Step 005000] t= 2.150 | Pos Err:  257.97 km | Vel Err:    5.19 m/s
[Solver Step 006000] t= 2.581 | Pos Err:   56.68 km | Vel Err:    1.32 m/s
[Solver Step 007000] t= 3.067 | Pos Err:   53.71 km | Vel Err:    1.19 m/s
[Multiple Shooting] Converged in 2 iterations with residual 1.43e-15
[Solver Step 001000] t= 0.492 | Pos Err:    0.30 km | Vel Err:    0.01 m/s
[Solver Step 002000] t= 0.952 | Pos Err:    0.25 km | Vel Err:    0.01 m/s
[Solver Step 003000] t= 1.445 | Pos Err:    0.07 km | Vel Err:    0.01 m/s
[Solver Step 004000] t= 2.001 | Pos Err:    0.08 km | Vel Err:    0.00 m/s
[Solver Step 005000] t= 2.536 | Pos Err:    0.16 km | Vel Err:    0.00 m/s
[Solver Step 006000] t= 2.927 | Pos Err:    1.62 km | Vel Err:    0.03 m/s
[Multiple Shooting] Converged in 2 iterations with residual 1.03e-11
[Solver Step 001000] t= 0.423 | Pos Err:    0.19 km | Vel Err:    0.00 m/s
[Solver Step 002000] t= 0.928 | Pos Err:    1.46 km | Vel Err:    0.03 m/s
[Solver Step 003000] t= 1.408 | Pos Err:   13.12 km | Vel Err:    0.26 m/s
[Solver Step 004000] t= 1.741 | Pos Err:   89.21 km | Vel Err:    1.76 m/s
[Solver Step 005000] t= 2.237 | Pos Err:    1.69 km | Vel Err:    0.04 m/s
[Solver Step 006000] t= 2.683 | Pos Err:    1.33 km | Vel Err:    0.03 m/s
[Solver Step 007000] t= 3.078 | Pos Err:    7.86 km | Vel Err:    0.17 m/s
[Multiple Shooting] Converged in 2 iterations with residual 1.78e-15
[Solver Step 001000] t= 0.479 | Pos Err:    0.29 km | Vel Err:    0.01 m/s
[Solver Step 002000] t= 0.973 | Pos Err:    0.06 km | Vel Err:    0.00 m/s
[Solver Step 003000] t= 1.426 | Pos Err:    0.24 km | Vel Err:    0.01 m/s
[Solver Step 004000] t= 1.948 | Pos Err:    0.25 km | Vel Err:    0.01 m/s
[Solver Step 005000] t= 2.506 | Pos Err:    0.41 km | Vel Err:    0.01 m/s
[Solver Step 006000] t= 2.938 | Pos Err:    1.40 km | Vel Err:    0.03 m/s
[Multiple Shooting] Converged in 7 iterations with residual 2.04e-14
[Solver Step 001000] t= 0.321 | Pos Err:  144.00 km | Vel Err:    2.99 m/s
[Solver Step 002000] t= 0.645 | Pos Err:  465.17 km | Vel Err:    8.41 m/s
[Solver Step 003000] t= 0.990 | Pos Err:   38.20 km | Vel Err:    0.62 m/s
[Solver Step 004000] t= 1.312 | Pos Err:  672.26 km | Vel Err:   14.92 m/s
[Solver Step 005000] t= 1.657 | Pos Err:   64.43 km | Vel Err:    1.26 m/s
[Solver Step 006000] t= 1.985 | Pos Err:  234.59 km | Vel Err:    4.07 m/s
[Solver Step 007000] t= 2.307 | Pos Err:  283.57 km | Vel Err:    5.89 m/s
[Multiple Shooting] Converged in 2 iterations with residual 1.76e-15
[Solver Step 001000] t= 0.484 | Pos Err:    0.39 km | Vel Err:    0.01 m/s
[Solver Step 002000] t= 0.970 | Pos Err:    0.08 km | Vel Err:    0.00 m/s
[Solver Step 003000] t= 1.431 | Pos Err:    0.18 km | Vel Err:    0.01 m/s
[Solver Step 004000] t= 1.960 | Pos Err:    0.26 km | Vel Err:    0.01 m/s
[Solver Step 005000] t= 2.517 | Pos Err:    0.37 km | Vel Err:    0.01 m/s
[Solver Step 006000] t= 2.934 | Pos Err:    1.51 km | Vel Err:    0.03 m/s
[Solver Step 001000] t= 0.420 | Pos Err:    0.40 km | Vel Err:    0.01 m/s
[Solver Step 002000] t= 0.793 | Pos Err:    0.06 km | Vel Err:    0.00 m/s
[Solver Step 003000] t= 1.102 | Pos Err:    0.01 km | Vel Err:    0.04 m/s
[Solver Step 004000] t= 1.556 | Pos Err:    0.05 km | Vel Err:    0.00 m/s
[Solver Step 005000] t= 2.106 | Pos Err:    0.05 km | Vel Err:    0.00 m/s
[Solver Step 006000] t= 2.519 | Pos Err:    0.05 km | Vel Err:    0.01 m/s
[Solver Step 007000] t= 3.019 | Pos Err:    0.05 km | Vel Err:    0.00 m/s
[Solver Step 008000] t= 3.572 | Pos Err:    0.05 km | Vel Err:    0.00 m/s
[Solver Step 009000] t= 4.061 | Pos Err:    0.05 km | Vel Err:    0.01 m/s
[Solver Step 010000] t= 4.463 | Pos Err:    0.05 km | Vel Err:    0.00 m/s
[Solver Step 011000] t= 5.002 | Pos Err:    0.05 km | Vel Err:    0.00 m/s
[Solver Step 012000] t= 5.589 | Pos Err:    0.03 km | Vel Err:    0.05 m/s
[Solver Step 013000] t= 6.070 | Pos Err:    0.05 km | Vel Err:    0.00 m/s
[Solver Step 014000] t= 6.472 | Pos Err:    0.05 km | Vel Err:    0.00 m/s
[Solver Step 015000] t= 7.030 | Pos Err:    0.03 km | Vel Err:    0.08 m/s
[Solver Step 001000] t= 0.419 | Pos Err:    0.55 km | Vel Err:    0.01 m/s
[Solver Step 002000] t= 0.793 | Pos Err:    0.07 km | Vel Err:    0.00 m/s
[Solver Step 003000] t= 1.102 | Pos Err:    0.01 km | Vel Err:    0.04 m/s
[Solver Step 004000] t= 1.555 | Pos Err:    0.05 km | Vel Err:    0.00 m/s
[Solver Step 005000] t= 2.106 | Pos Err:    0.05 km | Vel Err:    0.00 m/s
[Solver Step 006000] t= 2.519 | Pos Err:    0.05 km | Vel Err:    0.01 m/s
[Solver Step 007000] t= 3.019 | Pos Err:    0.05 km | Vel Err:    0.00 m/s
[Solver Step 008000] t= 3.572 | Pos Err:    0.05 km | Vel Err:    0.00 m/s
[Solver Step 009000] t= 4.060 | Pos Err:    0.05 km | Vel Err:    0.01 m/s
[Solver Step 010000] t= 4.463 | Pos Err:    0.05 km | Vel Err:    0.00 m/s
[Solver Step 011000] t= 5.001 | Pos Err:    0.06 km | Vel Err:    0.00 m/s
[Solver Step 012000] t= 5.589 | Pos Err:    0.04 km | Vel Err:    0.05 m/s
[Solver Step 013000] t= 6.069 | Pos Err:    0.06 km | Vel Err:    0.00 m/s
[Solver Step 014000] t= 6.472 | Pos Err:    0.06 km | Vel Err:    0.00 m/s
[Solver Step 015000] t= 7.030 | Pos Err:    0.04 km | Vel Err:    0.08 m/s
[Solver Step 001000] t= 0.215 | Pos Err:   18.71 km | Vel Err:    0.51 m/s
[Solver Step 002000] t= 0.468 | Pos Err:    2.34 km | Vel Err:    0.06 m/s
[Solver Step 003000] t= 0.711 | Pos Err:    0.31 km | Vel Err:    0.05 m/s
[Solver Step 004000] t= 0.927 | Pos Err:    0.03 km | Vel Err:    0.00 m/s
[Solver Step 005000] t= 1.176 | Pos Err:    0.07 km | Vel Err:    0.00 m/s
[Solver Step 006000] t= 1.429 | Pos Err:    0.06 km | Vel Err:    0.03 m/s
[Solver Step 007000] t= 1.658 | Pos Err:    0.05 km | Vel Err:    0.00 m/s
[Solver Step 008000] t= 1.873 | Pos Err:    0.06 km | Vel Err:    0.00 m/s
[Solver Step 009000] t= 2.132 | Pos Err:    0.20 km | Vel Err:    0.19 m/s
[Solver Step 010000] t= 2.373 | Pos Err:    0.03 km | Vel Err:    0.00 m/s
[Solver Step 011000] t= 2.584 | Pos Err:    0.04 km | Vel Err:    0.00 m/s
[Solver Step 012000] t= 2.834 | Pos Err:    1.58 km | Vel Err:    1.23 m/s
[Solver Step 013000] t= 3.089 | Pos Err:    0.02 km | Vel Err:    0.00 m/s
[Solver Step 014000] t= 3.307 | Pos Err:    0.03 km | Vel Err:    0.00 m/s
[Solver Step 015000] t= 3.531 | Pos Err:    0.80 km | Vel Err:    0.58 m/s
[Solver Step 016000] t= 3.793 | Pos Err:    0.01 km | Vel Err:    0.01 m/s
[Solver Step 017000] t= 4.033 | Pos Err:    0.04 km | Vel Err:    0.00 m/s
[Solver Step 018000] t= 4.240 | Pos Err:    0.42 km | Vel Err:    0.23 m/s
[Solver Step 019000] t= 4.494 | Pos Err:    0.04 km | Vel Err:    0.02 m/s
[Solver Step 020000] t= 4.747 | Pos Err:    0.06 km | Vel Err:    0.00 m/s
[Solver Step 021000] t= 4.963 | Pos Err:    0.20 km | Vel Err:    0.11 m/s
[Solver Step 022000] t= 5.186 | Pos Err:    0.05 km | Vel Err:    0.01 m/s
[Solver Step 023000] t= 5.451 | Pos Err:    0.07 km | Vel Err:    0.00 m/s
[Solver Step 024000] t= 5.693 | Pos Err:    0.11 km | Vel Err:    0.11 m/s
[Solver Step 025000] t= 5.899 | Pos Err:    0.06 km | Vel Err:    0.01 m/s
[Solver Step 026000] t= 6.155 | Pos Err:    0.06 km | Vel Err:    0.00 m/s
[Solver Step 027000] t= 6.408 | Pos Err:    0.21 km | Vel Err:    0.24 m/s
[Solver Step 028000] t= 6.618 | Pos Err:    0.07 km | Vel Err:    0.00 m/s
[Solver Step 029000] t= 6.846 | Pos Err:    0.08 km | Vel Err:    0.00 m/s
[Solver Step 001000] t= 0.215 | Pos Err:   16.41 km | Vel Err:    0.42 m/s
[Solver Step 002000] t= 0.469 | Pos Err:    1.96 km | Vel Err:    0.04 m/s
[Solver Step 003000] t= 0.713 | Pos Err:    0.26 km | Vel Err:    0.03 m/s
[Solver Step 004000] t= 0.928 | Pos Err:    0.03 km | Vel Err:    0.00 m/s
[Solver Step 005000] t= 1.177 | Pos Err:    0.06 km | Vel Err:    0.00 m/s
[Solver Step 006000] t= 1.430 | Pos Err:    0.04 km | Vel Err:    0.04 m/s
[Solver Step 007000] t= 1.660 | Pos Err:    0.03 km | Vel Err:    0.00 m/s
[Solver Step 008000] t= 1.874 | Pos Err:    0.05 km | Vel Err:    0.00 m/s
[Solver Step 009000] t= 2.133 | Pos Err:    0.11 km | Vel Err:    0.11 m/s
[Solver Step 010000] t= 2.376 | Pos Err:    0.02 km | Vel Err:    0.00 m/s
[Solver Step 011000] t= 2.588 | Pos Err:    0.03 km | Vel Err:    0.00 m/s
[Solver Step 012000] t= 2.836 | Pos Err:    1.07 km | Vel Err:    0.84 m/s
[Solver Step 013000] t= 3.091 | Pos Err:    0.02 km | Vel Err:    0.00 m/s
[Solver Step 014000] t= 3.311 | Pos Err:    0.04 km | Vel Err:    0.00 m/s
[Solver Step 015000] t= 3.533 | Pos Err:    0.77 km | Vel Err:    0.56 m/s
[Solver Step 016000] t= 3.795 | Pos Err:    0.02 km | Vel Err:    0.01 m/s
[Solver Step 017000] t= 4.037 | Pos Err:    0.05 km | Vel Err:    0.00 m/s
[Solver Step 018000] t= 4.244 | Pos Err:    0.41 km | Vel Err:    0.22 m/s
[Solver Step 019000] t= 4.496 | Pos Err:    0.05 km | Vel Err:    0.02 m/s
[Solver Step 020000] t= 4.751 | Pos Err:    0.07 km | Vel Err:    0.00 m/s
[Solver Step 021000] t= 4.967 | Pos Err:    0.17 km | Vel Err:    0.11 m/s
[Solver Step 022000] t= 5.188 | Pos Err:    0.06 km | Vel Err:    0.01 m/s
[Solver Step 023000] t= 5.454 | Pos Err:    0.07 km | Vel Err:    0.00 m/s
[Solver Step 024000] t= 5.696 | Pos Err:    0.10 km | Vel Err:    0.12 m/s
[Solver Step 025000] t= 5.905 | Pos Err:    0.05 km | Vel Err:    0.00 m/s
[Solver Step 026000] t= 6.158 | Pos Err:    0.06 km | Vel Err:    0.00 m/s
[Solver Step 027000] t= 6.412 | Pos Err:    0.20 km | Vel Err:    0.24 m/s
[Solver Step 028000] t= 6.625 | Pos Err:    0.06 km | Vel Err:    0.00 m/s
[Solver Step 029000] t= 6.850 | Pos Err:    0.07 km | Vel Err:    0.00 m/s
[Multiple Shooting] Converged in 3 iterations with residual 2.64e-15
[Solver Step 001000] t= 0.471 | Pos Err:    0.48 km | Vel Err:    0.01 m/s
[Solver Step 002000] t= 0.883 | Pos Err:    0.32 km | Vel Err:    0.01 m/s
[Solver Step 003000] t= 1.319 | Pos Err:    0.31 km | Vel Err:    0.01 m/s
[Solver Step 004000] t= 1.748 | Pos Err:   13.01 km | Vel Err:    0.22 m/s
[Solver Step 005000] t= 2.170 | Pos Err:  455.17 km | Vel Err:    8.73 m/s
[Solver Step 006000] t= 2.539 | Pos Err:  680.68 km | Vel Err:   14.58 m/s
[Solver Step 007000] t= 3.050 | Pos Err:   98.85 km | Vel Err:    2.19 m/s
[Solver Step 001000] t= 0.218 | Pos Err:   27.75 km | Vel Err:    0.67 m/s
[Solver Step 002000] t= 0.470 | Pos Err:    3.44 km | Vel Err:    0.06 m/s
[Solver Step 003000] t= 0.713 | Pos Err:    0.46 km | Vel Err:    0.04 m/s
[Solver Step 004000] t= 0.928 | Pos Err:    0.05 km | Vel Err:    0.00 m/s
[Solver Step 005000] t= 1.176 | Pos Err:    0.09 km | Vel Err:    0.00 m/s
[Solver Step 006000] t= 1.429 | Pos Err:    0.03 km | Vel Err:    0.04 m/s
[Solver Step 007000] t= 1.657 | Pos Err:    0.05 km | Vel Err:    0.00 m/s
[Solver Step 008000] t= 1.874 | Pos Err:    0.07 km | Vel Err:    0.00 m/s
[Solver Step 009000] t= 2.134 | Pos Err:    0.09 km | Vel Err:    0.11 m/s
[Solver Step 010000] t= 2.378 | Pos Err:    0.03 km | Vel Err:    0.00 m/s
[Solver Step 011000] t= 2.592 | Pos Err:    0.05 km | Vel Err:    0.00 m/s
[Solver Step 012000] t= 2.838 | Pos Err:    1.03 km | Vel Err:    0.80 m/s
[Solver Step 013000] t= 3.094 | Pos Err:    0.02 km | Vel Err:    0.00 m/s
[Solver Step 014000] t= 3.313 | Pos Err:    0.06 km | Vel Err:    0.00 m/s
[Solver Step 015000] t= 3.535 | Pos Err:    0.79 km | Vel Err:    0.55 m/s
[Solver Step 016000] t= 3.796 | Pos Err:    0.03 km | Vel Err:    0.01 m/s
[Solver Step 017000] t= 4.038 | Pos Err:    0.08 km | Vel Err:    0.00 m/s
[Solver Step 018000] t= 4.246 | Pos Err:    0.44 km | Vel Err:    0.22 m/s
[Solver Step 019000] t= 4.497 | Pos Err:    0.08 km | Vel Err:    0.02 m/s
[Solver Step 020000] t= 4.751 | Pos Err:    0.10 km | Vel Err:    0.00 m/s
[Solver Step 021000] t= 4.969 | Pos Err:    0.20 km | Vel Err:    0.11 m/s
[Solver Step 022000] t= 5.189 | Pos Err:    0.09 km | Vel Err:    0.01 m/s
[Solver Step 023000] t= 5.455 | Pos Err:    0.10 km | Vel Err:    0.00 m/s
[Solver Step 024000] t= 5.698 | Pos Err:    0.11 km | Vel Err:    0.12 m/s
[Solver Step 025000] t= 5.906 | Pos Err:    0.08 km | Vel Err:    0.00 m/s
[Solver Step 026000] t= 6.159 | Pos Err:    0.09 km | Vel Err:    0.00 m/s
[Solver Step 027000] t= 6.414 | Pos Err:    0.19 km | Vel Err:    0.24 m/s
[Solver Step 028000] t= 6.627 | Pos Err:    0.08 km | Vel Err:    0.00 m/s
[Solver Step 029000] t= 6.851 | Pos Err:    0.11 km | Vel Err:    0.00 m/s
[Multiple Shooting] Converged in 2 iterations with residual 1.35e-15
[Solver Step 001000] t= 0.465 | Pos Err:    0.04 km | Vel Err:    0.00 m/s
[Solver Step 002000] t= 1.005 | Pos Err:    0.13 km | Vel Err:    0.00 m/s
[Solver Step 003000] t= 1.603 | Pos Err:    0.08 km | Vel Err:    0.02 m/s
[Solver Step 004000] t= 2.089 | Pos Err:    0.14 km | Vel Err:    0.00 m/s
[Solver Step 005000] t= 2.508 | Pos Err:    0.32 km | Vel Err:    0.01 m/s
[Solver Step 006000] t= 3.043 | Pos Err:    4.77 km | Vel Err:    0.12 m/s
[Multiple Shooting] Converged in 4 iterations with residual 2.47e-15
[Solver Step 001000] t= 0.376 | Pos Err:    6.45 km | Vel Err:    0.14 m/s
[Solver Step 002000] t= 0.752 | Pos Err:   12.06 km | Vel Err:    0.22 m/s
[Solver Step 003000] t= 1.119 | Pos Err:    3.24 km | Vel Err:    0.07 m/s
[Solver Step 004000] t= 1.481 | Pos Err:    9.10 km | Vel Err:    0.16 m/s
[Solver Step 005000] t= 1.860 | Pos Err:    1.22 km | Vel Err:    0.02 m/s
[Solver Step 006000] t= 2.239 | Pos Err:   11.09 km | Vel Err:    0.22 m/s
[Solver Step 001000] t= 0.420 | Pos Err:    0.44 km | Vel Err:    0.01 m/s
[Solver Step 002000] t= 0.793 | Pos Err:    0.07 km | Vel Err:    0.00 m/s
[Solver Step 003000] t= 1.102 | Pos Err:    0.01 km | Vel Err:    0.04 m/s
[Solver Step 004000] t= 1.556 | Pos Err:    0.05 km | Vel Err:    0.00 m/s
[Solver Step 005000] t= 2.106 | Pos Err:    0.05 km | Vel Err:    0.00 m/s
[Solver Step 006000] t= 2.519 | Pos Err:    0.05 km | Vel Err:    0.01 m/s
[Solver Step 007000] t= 3.019 | Pos Err:    0.05 km | Vel Err:    0.00 m/s
[Solver Step 008000] t= 3.572 | Pos Err:    0.05 km | Vel Err:    0.00 m/s
[Solver Step 009000] t= 4.060 | Pos Err:    0.05 km | Vel Err:    0.01 m/s
[Solver Step 010000] t= 4.463 | Pos Err:    0.05 km | Vel Err:    0.00 m/s
[Solver Step 011000] t= 5.002 | Pos Err:    0.05 km | Vel Err:    0.00 m/s
[Solver Step 012000] t= 5.589 | Pos Err:    0.04 km | Vel Err:    0.05 m/s
[Solver Step 013000] t= 6.070 | Pos Err:    0.06 km | Vel Err:    0.00 m/s
[Solver Step 014000] t= 6.472 | Pos Err:    0.06 km | Vel Err:    0.00 m/s
[Solver Step 015000] t= 7.030 | Pos Err:    0.04 km | Vel Err:    0.08 m/s
[Solver Step 001000] t= 0.413 | Pos Err:    0.61 km | Vel Err:    0.01 m/s
[Solver Step 002000] t= 0.788 | Pos Err:    0.05 km | Vel Err:    0.00 m/s
[Solver Step 003000] t= 1.097 | Pos Err:    0.02 km | Vel Err:    0.04 m/s
[Solver Step 004000] t= 1.547 | Pos Err:    0.06 km | Vel Err:    0.00 m/s
[Solver Step 005000] t= 2.099 | Pos Err:    0.06 km | Vel Err:    0.00 m/s
[Solver Step 006000] t= 2.512 | Pos Err:    0.06 km | Vel Err:    0.01 m/s
[Solver Step 007000] t= 3.011 | Pos Err:    0.06 km | Vel Err:    0.00 m/s
[Solver Step 008000] t= 3.564 | Pos Err:    0.06 km | Vel Err:    0.00 m/s
[Solver Step 009000] t= 4.055 | Pos Err:    0.06 km | Vel Err:    0.01 m/s
[Solver Step 010000] t= 4.456 | Pos Err:    0.06 km | Vel Err:    0.00 m/s
[Solver Step 011000] t= 4.993 | Pos Err:    0.06 km | Vel Err:    0.00 m/s
[Solver Step 012000] t= 5.581 | Pos Err:    0.04 km | Vel Err:    0.05 m/s
[Solver Step 013000] t= 6.064 | Pos Err:    0.05 km | Vel Err:    0.00 m/s
[Solver Step 014000] t= 6.464 | Pos Err:    0.05 km | Vel Err:    0.00 m/s
[Solver Step 015000] t= 7.021 | Pos Err:    0.02 km | Vel Err:    0.08 m/s
[Multiple Shooting] Converged in 15 iterations with residual 1.61e-13
[Solver Step 001000] t= 0.509 | Pos Err: 2001.22 km | Vel Err:   41.81 m/s
[Solver Step 002000] t= 0.888 | Pos Err: 21872.01 km | Vel Err: 2111.74 m/s
[Solver Step 001000] t= 0.215 | Pos Err:   10.57 km | Vel Err:    0.29 m/s
[Solver Step 002000] t= 0.468 | Pos Err:    1.26 km | Vel Err:    0.03 m/s
[Solver Step 003000] t= 0.712 | Pos Err:    0.17 km | Vel Err:    0.04 m/s
[Solver Step 004000] t= 0.926 | Pos Err:    0.02 km | Vel Err:    0.00 m/s
[Solver Step 005000] t= 1.175 | Pos Err:    0.05 km | Vel Err:    0.00 m/s
[Solver Step 006000] t= 1.429 | Pos Err:    0.05 km | Vel Err:    0.03 m/s
[Solver Step 007000] t= 1.658 | Pos Err:    0.04 km | Vel Err:    0.00 m/s
[Solver Step 008000] t= 1.873 | Pos Err:    0.04 km | Vel Err:    0.00 m/s
[Solver Step 009000] t= 2.133 | Pos Err:    0.18 km | Vel Err:    0.16 m/s
[Solver Step 010000] t= 2.374 | Pos Err:    0.03 km | Vel Err:    0.00 m/s
[Solver Step 011000] t= 2.586 | Pos Err:    0.02 km | Vel Err:    0.00 m/s
[Solver Step 012000] t= 2.835 | Pos Err:    1.35 km | Vel Err:    1.06 m/s
[Solver Step 013000] t= 3.090 | Pos Err:    0.03 km | Vel Err:    0.00 m/s
[Solver Step 014000] t= 3.309 | Pos Err:    0.02 km | Vel Err:    0.00 m/s
[Solver Step 015000] t= 3.532 | Pos Err:    0.76 km | Vel Err:    0.57 m/s
[Solver Step 016000] t= 3.794 | Pos Err:    0.03 km | Vel Err:    0.01 m/s
[Solver Step 017000] t= 4.035 | Pos Err:    0.04 km | Vel Err:    0.00 m/s
[Solver Step 018000] t= 4.242 | Pos Err:    0.39 km | Vel Err:    0.23 m/s
[Solver Step 019000] t= 4.495 | Pos Err:    0.03 km | Vel Err:    0.02 m/s
[Solver Step 020000] t= 4.748 | Pos Err:    0.05 km | Vel Err:    0.00 m/s
[Solver Step 021000] t= 4.965 | Pos Err:    0.17 km | Vel Err:    0.11 m/s
[Solver Step 022000] t= 5.187 | Pos Err:    0.04 km | Vel Err:    0.01 m/s
[Solver Step 023000] t= 5.453 | Pos Err:    0.06 km | Vel Err:    0.00 m/s
[Solver Step 024000] t= 5.694 | Pos Err:    0.10 km | Vel Err:    0.12 m/s
[Solver Step 025000] t= 5.901 | Pos Err:    0.03 km | Vel Err:    0.00 m/s
[Solver Step 026000] t= 6.156 | Pos Err:    0.05 km | Vel Err:    0.00 m/s
[Solver Step 027000] t= 6.409 | Pos Err:    0.21 km | Vel Err:    0.24 m/s
[Solver Step 028000] t= 6.620 | Pos Err:    0.05 km | Vel Err:    0.00 m/s
[Solver Step 029000] t= 6.848 | Pos Err:    0.06 km | Vel Err:    0.00 m/s
[Solver Step 001000] t= 0.217 | Pos Err:   23.77 km | Vel Err:    0.46 m/s
[Solver Step 002000] t= 0.469 | Pos Err:    2.95 km | Vel Err:    0.09 m/s
[Solver Step 003000] t= 0.711 | Pos Err:    0.49 km | Vel Err:    0.04 m/s
[Solver Step 004000] t= 0.925 | Pos Err:    0.05 km | Vel Err:    0.00 m/s
[Solver Step 005000] t= 1.175 | Pos Err:    0.06 km | Vel Err:    0.00 m/s
[Solver Step 006000] t= 1.429 | Pos Err:    0.07 km | Vel Err:    0.05 m/s
[Solver Step 007000] t= 1.656 | Pos Err:    0.06 km | Vel Err:    0.00 m/s
[Solver Step 008000] t= 1.871 | Pos Err:    0.06 km | Vel Err:    0.00 m/s
[Solver Step 009000] t= 2.133 | Pos Err:    0.26 km | Vel Err:    0.19 m/s
[Solver Step 010000] t= 2.373 | Pos Err:    0.08 km | Vel Err:    0.00 m/s
[Solver Step 011000] t= 2.584 | Pos Err:    0.08 km | Vel Err:    0.00 m/s
[Solver Step 012000] t= 2.834 | Pos Err:    1.45 km | Vel Err:    1.22 m/s
[Solver Step 013000] t= 3.089 | Pos Err:    0.10 km | Vel Err:    0.00 m/s
[Solver Step 014000] t= 3.307 | Pos Err:    0.10 km | Vel Err:    0.00 m/s
[Solver Step 015000] t= 3.531 | Pos Err:    0.73 km | Vel Err:    0.58 m/s
[Solver Step 016000] t= 3.793 | Pos Err:    0.09 km | Vel Err:    0.01 m/s
[Solver Step 017000] t= 4.033 | Pos Err:    0.12 km | Vel Err:    0.00 m/s
[Solver Step 018000] t= 4.240 | Pos Err:    0.38 km | Vel Err:    0.23 m/s
[Solver Step 019000] t= 4.493 | Pos Err:    0.08 km | Vel Err:    0.02 m/s
[Solver Step 020000] t= 4.745 | Pos Err:    0.11 km | Vel Err:    0.00 m/s
[Solver Step 021000] t= 4.961 | Pos Err:    0.13 km | Vel Err:    0.12 m/s
[Solver Step 022000] t= 5.184 | Pos Err:    0.11 km | Vel Err:    0.01 m/s
[Solver Step 023000] t= 5.450 | Pos Err:    0.11 km | Vel Err:    0.00 m/s
[Solver Step 024000] t= 5.691 | Pos Err:    0.02 km | Vel Err:    0.11 m/s
[Solver Step 025000] t= 5.899 | Pos Err:    0.08 km | Vel Err:    0.01 m/s
[Solver Step 026000] t= 6.155 | Pos Err:    0.11 km | Vel Err:    0.00 m/s
[Solver Step 027000] t= 6.408 | Pos Err:    0.18 km | Vel Err:    0.24 m/s
[Solver Step 028000] t= 6.618 | Pos Err:    0.05 km | Vel Err:    0.00 m/s
[Solver Step 029000] t= 6.847 | Pos Err:    0.08 km | Vel Err:    0.00 m/s
[Solver Step 001000] t= 0.216 | Pos Err:   25.01 km | Vel Err:    0.47 m/s
[Solver Step 002000] t= 0.470 | Pos Err:    3.05 km | Vel Err:    0.02 m/s
[Solver Step 003000] t= 0.713 | Pos Err:    0.39 km | Vel Err:    0.02 m/s
[Solver Step 004000] t= 0.930 | Pos Err:    0.02 km | Vel Err:    0.01 m/s
[Solver Step 005000] t= 1.178 | Pos Err:    0.05 km | Vel Err:    0.00 m/s
[Solver Step 006000] t= 1.431 | Pos Err:    0.11 km | Vel Err:    0.04 m/s
[Solver Step 007000] t= 1.661 | Pos Err:    0.10 km | Vel Err:    0.00 m/s
[Solver Step 008000] t= 1.876 | Pos Err:    0.08 km | Vel Err:    0.00 m/s
[Solver Step 009000] t= 2.134 | Pos Err:    0.20 km | Vel Err:    0.11 m/s
[Solver Step 010000] t= 2.377 | Pos Err:    0.11 km | Vel Err:    0.00 m/s
[Solver Step 011000] t= 2.590 | Pos Err:    0.08 km | Vel Err:    0.00 m/s
[Solver Step 012000] t= 2.837 | Pos Err:    0.95 km | Vel Err:    0.77 m/s
[Solver Step 013000] t= 3.092 | Pos Err:    0.11 km | Vel Err:    0.00 m/s
[Solver Step 014000] t= 3.313 | Pos Err:    0.07 km | Vel Err:    0.00 m/s
[Solver Step 015000] t= 3.535 | Pos Err:    0.65 km | Vel Err:    0.55 m/s
[Solver Step 016000] t= 3.796 | Pos Err:    0.10 km | Vel Err:    0.00 m/s
[Solver Step 017000] t= 4.038 | Pos Err:    0.06 km | Vel Err:    0.00 m/s
[Solver Step 018000] t= 4.246 | Pos Err:    0.29 km | Vel Err:    0.22 m/s
[Solver Step 019000] t= 4.497 | Pos Err:    0.07 km | Vel Err:    0.02 m/s
[Solver Step 020000] t= 4.751 | Pos Err:    0.04 km | Vel Err:    0.00 m/s
[Solver Step 021000] t= 4.969 | Pos Err:    0.10 km | Vel Err:    0.11 m/s
[Solver Step 022000] t= 5.189 | Pos Err:    0.06 km | Vel Err:    0.01 m/s
[Solver Step 023000] t= 5.455 | Pos Err:    0.03 km | Vel Err:    0.00 m/s
[Solver Step 024000] t= 5.698 | Pos Err:    0.12 km | Vel Err:    0.12 m/s
[Solver Step 025000] t= 5.904 | Pos Err:    0.06 km | Vel Err:    0.00 m/s
[Solver Step 026000] t= 6.158 | Pos Err:    0.03 km | Vel Err:    0.00 m/s
[Solver Step 027000] t= 6.412 | Pos Err:    0.28 km | Vel Err:    0.24 m/s
[Solver Step 028000] t= 6.624 | Pos Err:    0.08 km | Vel Err:    0.00 m/s
[Solver Step 029000] t= 6.850 | Pos Err:    0.04 km | Vel Err:    0.00 m/s
[Multiple Shooting] Converged in 7 iterations with residual 2.71e-11
[Solver Step 001000] t= 0.304 | Pos Err: 1266.78 km | Vel Err:   28.42 m/s
[Solver Step 002000] t= 0.725 | Pos Err:  300.92 km | Vel Err:    5.90 m/s
[Solver Step 003000] t= 1.151 | Pos Err: 16652.43 km | Vel Err: 1040.39 m/s
[Solver Step 004000] t= 1.286 | Pos Err: 23311.08 km | Vel Err: 1874.49 m/s
[Solver Step 001000] t= 0.416 | Pos Err:    0.68 km | Vel Err:    0.01 m/s
[Solver Step 002000] t= 0.790 | Pos Err:    0.07 km | Vel Err:    0.00 m/s
[Solver Step 003000] t= 1.099 | Pos Err:    0.01 km | Vel Err:    0.04 m/s
[Solver Step 004000] t= 1.551 | Pos Err:    0.05 km | Vel Err:    0.00 m/s
[Solver Step 005000] t= 2.102 | Pos Err:    0.05 km | Vel Err:    0.00 m/s
[Solver Step 006000] t= 2.515 | Pos Err:    0.05 km | Vel Err:    0.01 m/s
[Solver Step 007000] t= 3.015 | Pos Err:    0.05 km | Vel Err:    0.00 m/s
[Solver Step 008000] t= 3.568 | Pos Err:    0.05 km | Vel Err:    0.00 m/s
[Solver Step 009000] t= 4.057 | Pos Err:    0.05 km | Vel Err:    0.01 m/s
[Solver Step 010000] t= 4.459 | Pos Err:    0.05 km | Vel Err:    0.00 m/s
[Solver Step 011000] t= 4.997 | Pos Err:    0.06 km | Vel Err:    0.00 m/s
[Solver Step 012000] t= 5.584 | Pos Err:    0.05 km | Vel Err:    0.05 m/s
[Solver Step 013000] t= 6.067 | Pos Err:    0.06 km | Vel Err:    0.00 m/s
[Solver Step 014000] t= 6.468 | Pos Err:    0.07 km | Vel Err:    0.00 m/s
[Solver Step 015000] t= 7.025 | Pos Err:    0.04 km | Vel Err:    0.08 m/s
[Solver Step 001000] t= 0.218 | Pos Err:   31.22 km | Vel Err:    0.68 m/s
[Solver Step 002000] t= 0.470 | Pos Err:    3.83 km | Vel Err:    0.05 m/s
[Solver Step 003000] t= 0.713 | Pos Err:    0.52 km | Vel Err:    0.03 m/s
[Solver Step 004000] t= 0.930 | Pos Err:    0.05 km | Vel Err:    0.00 m/s
[Solver Step 005000] t= 1.178 | Pos Err:    0.09 km | Vel Err:    0.00 m/s
[Solver Step 006000] t= 1.431 | Pos Err:    0.03 km | Vel Err:    0.04 m/s
[Solver Step 007000] t= 1.661 | Pos Err:    0.05 km | Vel Err:    0.00 m/s
[Solver Step 008000] t= 1.876 | Pos Err:    0.08 km | Vel Err:    0.00 m/s
[Solver Step 009000] t= 2.134 | Pos Err:    0.07 km | Vel Err:    0.11 m/s
[Solver Step 010000] t= 2.377 | Pos Err:    0.04 km | Vel Err:    0.00 m/s
[Solver Step 011000] t= 2.590 | Pos Err:    0.06 km | Vel Err:    0.00 m/s
[Solver Step 012000] t= 2.837 | Pos Err:    0.97 km | Vel Err:    0.76 m/s
[Solver Step 013000] t= 3.092 | Pos Err:    0.04 km | Vel Err:    0.00 m/s
[Solver Step 014000] t= 3.313 | Pos Err:    0.08 km | Vel Err:    0.00 m/s
[Solver Step 015000] t= 3.535 | Pos Err:    0.80 km | Vel Err:    0.54 m/s
[Solver Step 016000] t= 3.796 | Pos Err:    0.05 km | Vel Err:    0.01 m/s
[Solver Step 017000] t= 4.038 | Pos Err:    0.09 km | Vel Err:    0.00 m/s
[Solver Step 018000] t= 4.246 | Pos Err:    0.44 km | Vel Err:    0.22 m/s
[Solver Step 019000] t= 4.496 | Pos Err:    0.10 km | Vel Err:    0.02 m/s
[Solver Step 020000] t= 4.750 | Pos Err:    0.11 km | Vel Err:    0.00 m/s
[Solver Step 021000] t= 4.967 | Pos Err:    0.20 km | Vel Err:    0.11 m/s
[Solver Step 022000] t= 5.188 | Pos Err:    0.11 km | Vel Err:    0.01 m/s
[Solver Step 023000] t= 5.454 | Pos Err:    0.12 km | Vel Err:    0.00 m/s
[Solver Step 024000] t= 5.696 | Pos Err:    0.10 km | Vel Err:    0.12 m/s
[Solver Step 025000] t= 5.905 | Pos Err:    0.09 km | Vel Err:    0.00 m/s
[Solver Step 026000] t= 6.158 | Pos Err:    0.10 km | Vel Err:    0.00 m/s
[Solver Step 027000] t= 6.412 | Pos Err:    0.17 km | Vel Err:    0.24 m/s
[Solver Step 028000] t= 6.625 | Pos Err:    0.08 km | Vel Err:    0.00 m/s
[Solver Step 029000] t= 6.850 | Pos Err:    0.11 km | Vel Err:    0.00 m/s
[Solver Step 001000] t= 0.414 | Pos Err:    0.53 km | Vel Err:    0.01 m/s
[Solver Step 002000] t= 0.788 | Pos Err:    0.05 km | Vel Err:    0.00 m/s
[Solver Step 003000] t= 1.098 | Pos Err:    0.01 km | Vel Err:    0.04 m/s
[Solver Step 004000] t= 1.548 | Pos Err:    0.06 km | Vel Err:    0.00 m/s
[Solver Step 005000] t= 2.100 | Pos Err:    0.06 km | Vel Err:    0.00 m/s
[Solver Step 006000] t= 2.513 | Pos Err:    0.06 km | Vel Err:    0.01 m/s
[Solver Step 007000] t= 3.012 | Pos Err:    0.06 km | Vel Err:    0.00 m/s
[Solver Step 008000] t= 3.565 | Pos Err:    0.06 km | Vel Err:    0.00 m/s
[Solver Step 009000] t= 4.056 | Pos Err:    0.06 km | Vel Err:    0.01 m/s
[Solver Step 010000] t= 4.457 | Pos Err:    0.06 km | Vel Err:    0.00 m/s
[Solver Step 011000] t= 4.994 | Pos Err:    0.06 km | Vel Err:    0.00 m/s
[Solver Step 012000] t= 5.582 | Pos Err:    0.04 km | Vel Err:    0.05 m/s
[Solver Step 013000] t= 6.065 | Pos Err:    0.05 km | Vel Err:    0.00 m/s
[Solver Step 014000] t= 6.465 | Pos Err:    0.05 km | Vel Err:    0.00 m/s
[Solver Step 015000] t= 7.022 | Pos Err:    0.02 km | Vel Err:    0.08 m/s
[Multiple Shooting] Converged in 4 iterations with residual 4.68e-15
[Solver Step 001000] t= 0.375 | Pos Err:    3.53 km | Vel Err:    0.07 m/s
[Solver Step 002000] t= 0.752 | Pos Err:   11.97 km | Vel Err:    0.22 m/s
[Solver Step 003000] t= 1.120 | Pos Err:    3.27 km | Vel Err:    0.07 m/s
[Solver Step 004000] t= 1.482 | Pos Err:    9.14 km | Vel Err:    0.16 m/s
[Solver Step 005000] t= 1.860 | Pos Err:    1.17 km | Vel Err:    0.02 m/s
[Solver Step 006000] t= 2.240 | Pos Err:   11.23 km | Vel Err:    0.22 m/s
[Multiple Shooting] Converged in 2 iterations with residual 1.48e-15
[Solver Step 001000] t= 0.462 | Pos Err:    0.52 km | Vel Err:    0.01 m/s
[Solver Step 002000] t= 0.995 | Pos Err:    0.10 km | Vel Err:    0.00 m/s
[Solver Step 003000] t= 1.591 | Pos Err:    0.19 km | Vel Err:    0.02 m/s
[Solver Step 004000] t= 2.095 | Pos Err:    0.17 km | Vel Err:    0.00 m/s
[Solver Step 005000] t= 2.503 | Pos Err:    0.32 km | Vel Err:    0.01 m/s
[Solver Step 006000] t= 3.032 | Pos Err:    4.25 km | Vel Err:    0.11 m/s
[Solver Step 001000] t= 0.420 | Pos Err:    0.59 km | Vel Err:    0.01 m/s
[Solver Step 002000] t= 0.794 | Pos Err:    0.06 km | Vel Err:    0.00 m/s
[Solver Step 003000] t= 1.103 | Pos Err:    0.01 km | Vel Err:    0.04 m/s
[Solver Step 004000] t= 1.556 | Pos Err:    0.05 km | Vel Err:    0.00 m/s
[Solver Step 005000] t= 2.106 | Pos Err:    0.05 km | Vel Err:    0.00 m/s
[Solver Step 006000] t= 2.519 | Pos Err:    0.05 km | Vel Err:    0.01 m/s
[Solver Step 007000] t= 3.020 | Pos Err:    0.05 km | Vel Err:    0.00 m/s
[Solver Step 008000] t= 3.573 | Pos Err:    0.05 km | Vel Err:    0.00 m/s
[Solver Step 009000] t= 4.061 | Pos Err:    0.05 km | Vel Err:    0.01 m/s
[Solver Step 010000] t= 4.463 | Pos Err:    0.06 km | Vel Err:    0.00 m/s
[Solver Step 011000] t= 5.002 | Pos Err:    0.06 km | Vel Err:    0.00 m/s
[Solver Step 012000] t= 5.589 | Pos Err:    0.05 km | Vel Err:    0.05 m/s
[Solver Step 013000] t= 6.070 | Pos Err:    0.07 km | Vel Err:    0.00 m/s
[Solver Step 014000] t= 6.472 | Pos Err:    0.07 km | Vel Err:    0.00 m/s
[Solver Step 015000] t= 7.030 | Pos Err:    0.04 km | Vel Err:    0.08 m/s
[Multiple Shooting] Converged in 2 iterations with residual 1.56e-15
[Solver Step 001000] t= 0.457 | Pos Err:    0.41 km | Vel Err:    0.01 m/s
[Solver Step 002000] t= 1.018 | Pos Err:    0.14 km | Vel Err:    0.00 m/s
[Solver Step 003000] t= 1.612 | Pos Err:    0.08 km | Vel Err:    0.01 m/s
[Solver Step 004000] t= 2.038 | Pos Err:    0.33 km | Vel Err:    0.01 m/s
[Solver Step 005000] t= 2.500 | Pos Err:    0.32 km | Vel Err:    0.01 m/s
[Solver Step 006000] t= 3.056 | Pos Err:    5.40 km | Vel Err:    0.14 m/s
[Multiple Shooting] Converged in 2 iterations with residual 1.13e-15
[Solver Step 001000] t= 0.479 | Pos Err:    0.29 km | Vel Err:    0.01 m/s
[Solver Step 002000] t= 0.975 | Pos Err:    0.03 km | Vel Err:    0.00 m/s
[Solver Step 003000] t= 1.426 | Pos Err:    0.24 km | Vel Err:    0.01 m/s
[Solver Step 004000] t= 1.945 | Pos Err:    0.24 km | Vel Err:    0.01 m/s
[Solver Step 005000] t= 2.502 | Pos Err:    0.40 km | Vel Err:    0.01 m/s
[Solver Step 006000] t= 2.942 | Pos Err:    1.22 km | Vel Err:    0.03 m/s
[Solver Step 001000] t= 0.216 | Pos Err:   23.89 km | Vel Err:    0.48 m/s
[Solver Step 002000] t= 0.469 | Pos Err:    2.91 km | Vel Err:    0.08 m/s
[Solver Step 003000] t= 0.713 | Pos Err:    0.41 km | Vel Err:    0.04 m/s
[Solver Step 004000] t= 0.928 | Pos Err:    0.03 km | Vel Err:    0.00 m/s
[Solver Step 005000] t= 1.177 | Pos Err:    0.08 km | Vel Err:    0.00 m/s
[Solver Step 006000] t= 1.430 | Pos Err:    0.10 km | Vel Err:    0.03 m/s
[Solver Step 007000] t= 1.660 | Pos Err:    0.09 km | Vel Err:    0.00 m/s
[Solver Step 008000] t= 1.874 | Pos Err:    0.10 km | Vel Err:    0.00 m/s
[Solver Step 009000] t= 2.133 | Pos Err:    0.16 km | Vel Err:    0.10 m/s
[Solver Step 010000] t= 2.376 | Pos Err:    0.08 km | Vel Err:    0.00 m/s
[Solver Step 011000] t= 2.588 | Pos Err:    0.07 km | Vel Err:    0.00 m/s
[Solver Step 012000] t= 2.836 | Pos Err:    1.12 km | Vel Err:    0.84 m/s
[Solver Step 013000] t= 3.091 | Pos Err:    0.07 km | Vel Err:    0.00 m/s
[Solver Step 014000] t= 3.311 | Pos Err:    0.05 km | Vel Err:    0.00 m/s
[Solver Step 015000] t= 3.533 | Pos Err:    0.74 km | Vel Err:    0.56 m/s
[Solver Step 016000] t= 3.795 | Pos Err:    0.06 km | Vel Err:    0.00 m/s
[Solver Step 017000] t= 4.037 | Pos Err:    0.03 km | Vel Err:    0.00 m/s
[Solver Step 018000] t= 4.244 | Pos Err:    0.38 km | Vel Err:    0.22 m/s
[Solver Step 019000] t= 4.495 | Pos Err:    0.05 km | Vel Err:    0.02 m/s
[Solver Step 020000] t= 4.748 | Pos Err:    0.04 km | Vel Err:    0.00 m/s
[Solver Step 021000] t= 4.965 | Pos Err:    0.19 km | Vel Err:    0.11 m/s
[Solver Step 022000] t= 5.187 | Pos Err:    0.04 km | Vel Err:    0.01 m/s
[Solver Step 023000] t= 5.453 | Pos Err:    0.05 km | Vel Err:    0.00 m/s
[Solver Step 024000] t= 5.694 | Pos Err:    0.14 km | Vel Err:    0.12 m/s
[Solver Step 025000] t= 5.903 | Pos Err:    0.07 km | Vel Err:    0.00 m/s
[Solver Step 026000] t= 6.157 | Pos Err:    0.06 km | Vel Err:    0.00 m/s
[Solver Step 027000] t= 6.411 | Pos Err:    0.27 km | Vel Err:    0.24 m/s
[Solver Step 028000] t= 6.622 | Pos Err:    0.09 km | Vel Err:    0.00 m/s
[Solver Step 029000] t= 6.849 | Pos Err:    0.09 km | Vel Err:    0.00 m/s
[Solver Step 001000] t= 0.218 | Pos Err:   18.33 km | Vel Err:    0.28 m/s
[Solver Step 002000] t= 0.471 | Pos Err:    2.21 km | Vel Err:    0.02 m/s
[Solver Step 003000] t= 0.713 | Pos Err:    0.29 km | Vel Err:    0.02 m/s
[Solver Step 004000] t= 0.930 | Pos Err:    0.01 km | Vel Err:    0.00 m/s
[Solver Step 005000] t= 1.177 | Pos Err:    0.05 km | Vel Err:    0.00 m/s
[Solver Step 006000] t= 1.431 | Pos Err:    0.10 km | Vel Err:    0.04 m/s
[Solver Step 007000] t= 1.663 | Pos Err:    0.08 km | Vel Err:    0.00 m/s
[Solver Step 008000] t= 1.877 | Pos Err:    0.07 km | Vel Err:    0.00 m/s
[Solver Step 009000] t= 2.135 | Pos Err:    0.16 km | Vel Err:    0.09 m/s
[Solver Step 010000] t= 2.378 | Pos Err:    0.09 km | Vel Err:    0.00 m/s
[Solver Step 011000] t= 2.592 | Pos Err:    0.06 km | Vel Err:    0.00 m/s
[Solver Step 012000] t= 2.838 | Pos Err:    1.00 km | Vel Err:    0.80 m/s
[Solver Step 013000] t= 3.094 | Pos Err:    0.09 km | Vel Err:    0.00 m/s
[Solver Step 014000] t= 3.315 | Pos Err:    0.05 km | Vel Err:    0.00 m/s
[Solver Step 015000] t= 3.536 | Pos Err:    0.66 km | Vel Err:    0.53 m/s
[Solver Step 016000] t= 3.797 | Pos Err:    0.08 km | Vel Err:    0.00 m/s
[Solver Step 017000] t= 4.040 | Pos Err:    0.04 km | Vel Err:    0.00 m/s
[Solver Step 018000] t= 4.248 | Pos Err:    0.32 km | Vel Err:    0.21 m/s
[Solver Step 019000] t= 4.498 | Pos Err:    0.05 km | Vel Err:    0.02 m/s
[Solver Step 020000] t= 4.753 | Pos Err:    0.02 km | Vel Err:    0.00 m/s
[Solver Step 021000] t= 4.971 | Pos Err:    0.12 km | Vel Err:    0.11 m/s
[Solver Step 022000] t= 5.190 | Pos Err:    0.04 km | Vel Err:    0.01 m/s
[Solver Step 023000] t= 5.456 | Pos Err:    0.00 km | Vel Err:    0.00 m/s
[Solver Step 024000] t= 5.699 | Pos Err:    0.12 km | Vel Err:    0.12 m/s
[Solver Step 025000] t= 5.906 | Pos Err:    0.04 km | Vel Err:    0.00 m/s
[Solver Step 026000] t= 6.159 | Pos Err:    0.02 km | Vel Err:    0.00 m/s
[Solver Step 027000] t= 6.414 | Pos Err:    0.27 km | Vel Err:    0.24 m/s
[Solver Step 028000] t= 6.627 | Pos Err:    0.07 km | Vel Err:    0.00 m/s
[Solver Step 029000] t= 6.851 | Pos Err:    0.04 km | Vel Err:    0.00 m/s
[Solver Step 001000] t= 0.417 | Pos Err:    0.51 km | Vel Err:    0.01 m/s
[Solver Step 002000] t= 0.791 | Pos Err:    0.06 km | Vel Err:    0.00 m/s
[Solver Step 003000] t= 1.100 | Pos Err:    0.01 km | Vel Err:    0.04 m/s
[Solver Step 004000] t= 1.552 | Pos Err:    0.06 km | Vel Err:    0.00 m/s
[Solver Step 005000] t= 2.103 | Pos Err:    0.06 km | Vel Err:    0.00 m/s
[Solver Step 006000] t= 2.516 | Pos Err:    0.06 km | Vel Err:    0.01 m/s
[Solver Step 007000] t= 3.016 | Pos Err:    0.06 km | Vel Err:    0.00 m/s
[Solver Step 008000] t= 3.569 | Pos Err:    0.06 km | Vel Err:    0.00 m/s
[Solver Step 009000] t= 4.058 | Pos Err:    0.06 km | Vel Err:    0.01 m/s
[Solver Step 010000] t= 4.460 | Pos Err:    0.06 km | Vel Err:    0.00 m/s
[Solver Step 011000] t= 4.998 | Pos Err:    0.06 km | Vel Err:    0.00 m/s
[Solver Step 012000] t= 5.585 | Pos Err:    0.05 km | Vel Err:    0.05 m/s
[Solver Step 013000] t= 6.067 | Pos Err:    0.06 km | Vel Err:    0.00 m/s
[Solver Step 014000] t= 6.469 | Pos Err:    0.06 km | Vel Err:    0.00 m/s
[Solver Step 015000] t= 7.026 | Pos Err:    0.04 km | Vel Err:    0.08 m/s
[Multiple Shooting] Converged in 3 iterations with residual 3.01e-13
[Solver Step 001000] t= 0.395 | Pos Err:    5.82 km | Vel Err:    0.13 m/s
[Solver Step 002000] t= 0.785 | Pos Err:    3.86 km | Vel Err:    0.06 m/s
[Solver Step 003000] t= 1.164 | Pos Err:    1.13 km | Vel Err:    0.05 m/s
[Solver Step 004000] t= 1.543 | Pos Err:    6.91 km | Vel Err:    0.12 m/s
[Solver Step 005000] t= 1.935 | Pos Err:    0.94 km | Vel Err:    0.02 m/s
[Solver Step 006000] t= 2.324 | Pos Err:   19.56 km | Vel Err:    0.41 m/s
[Solver Step 001000] t= 0.175 | Pos Err: 16056.41 km | Vel Err: 2788.45 m/s
[Solver Step 001000] t= 0.217 | Pos Err:   22.38 km | Vel Err:    0.33 m/s
[Solver Step 002000] t= 0.470 | Pos Err:    2.65 km | Vel Err:    0.03 m/s
[Solver Step 003000] t= 0.711 | Pos Err:    0.44 km | Vel Err:    0.04 m/s
[Solver Step 004000] t= 0.930 | Pos Err:    0.04 km | Vel Err:    0.00 m/s
[Solver Step 005000] t= 1.177 | Pos Err:    0.07 km | Vel Err:    0.00 m/s
[Solver Step 006000] t= 1.430 | Pos Err:    0.02 km | Vel Err:    0.03 m/s
[Solver Step 007000] t= 1.660 | Pos Err:    0.03 km | Vel Err:    0.00 m/s
[Solver Step 008000] t= 1.873 | Pos Err:    0.05 km | Vel Err:    0.00 m/s
[Solver Step 009000] t= 2.133 | Pos Err:    0.21 km | Vel Err:    0.19 m/s
[Solver Step 010000] t= 2.371 | Pos Err:    0.04 km | Vel Err:    0.00 m/s
[Solver Step 011000] t= 2.582 | Pos Err:    0.06 km | Vel Err:    0.00 m/s
[Solver Step 012000] t= 2.833 | Pos Err:    1.60 km | Vel Err:    1.31 m/s
[Solver Step 013000] t= 3.087 | Pos Err:    0.06 km | Vel Err:    0.00 m/s
[Solver Step 014000] t= 3.305 | Pos Err:    0.08 km | Vel Err:    0.00 m/s
[Solver Step 015000] t= 3.529 | Pos Err:    0.78 km | Vel Err:    0.59 m/s
[Solver Step 016000] t= 3.792 | Pos Err:    0.06 km | Vel Err:    0.01 m/s
[Solver Step 017000] t= 4.032 | Pos Err:    0.10 km | Vel Err:    0.00 m/s
[Solver Step 018000] t= 4.238 | Pos Err:    0.42 km | Vel Err:    0.24 m/s
[Solver Step 019000] t= 4.491 | Pos Err:    0.07 km | Vel Err:    0.02 m/s
[Solver Step 020000] t= 4.743 | Pos Err:    0.11 km | Vel Err:    0.00 m/s
[Solver Step 021000] t= 4.959 | Pos Err:    0.18 km | Vel Err:    0.12 m/s
[Solver Step 022000] t= 5.183 | Pos Err:    0.11 km | Vel Err:    0.01 m/s
[Solver Step 023000] t= 5.448 | Pos Err:    0.11 km | Vel Err:    0.00 m/s
[Solver Step 024000] t= 5.689 | Pos Err:    0.05 km | Vel Err:    0.11 m/s
[Solver Step 025000] t= 5.897 | Pos Err:    0.08 km | Vel Err:    0.01 m/s
[Solver Step 026000] t= 6.154 | Pos Err:    0.10 km | Vel Err:    0.00 m/s
[Solver Step 027000] t= 6.406 | Pos Err:    0.16 km | Vel Err:    0.24 m/s
[Solver Step 028000] t= 6.616 | Pos Err:    0.05 km | Vel Err:    0.00 m/s
[Solver Step 029000] t= 6.845 | Pos Err:    0.08 km | Vel Err:    0.00 m/s
[Solver Step 001000] t= 0.413 | Pos Err:    0.67 km | Vel Err:    0.02 m/s
[Solver Step 002000] t= 0.788 | Pos Err:    0.05 km | Vel Err:    0.00 m/s
[Solver Step 003000] t= 1.097 | Pos Err:    0.01 km | Vel Err:    0.04 m/s
[Solver Step 004000] t= 1.547 | Pos Err:    0.06 km | Vel Err:    0.00 m/s
[Solver Step 005000] t= 2.099 | Pos Err:    0.06 km | Vel Err:    0.00 m/s
[Solver Step 006000] t= 2.512 | Pos Err:    0.06 km | Vel Err:    0.01 m/s
[Solver Step 007000] t= 3.011 | Pos Err:    0.06 km | Vel Err:    0.00 m/s
[Solver Step 008000] t= 3.564 | Pos Err:    0.06 km | Vel Err:    0.00 m/s
[Solver Step 009000] t= 4.055 | Pos Err:    0.06 km | Vel Err:    0.01 m/s
[Solver Step 010000] t= 4.456 | Pos Err:    0.07 km | Vel Err:    0.00 m/s
[Solver Step 011000] t= 4.993 | Pos Err:    0.06 km | Vel Err:    0.00 m/s
[Solver Step 012000] t= 5.581 | Pos Err:    0.05 km | Vel Err:    0.05 m/s
[Solver Step 013000] t= 6.064 | Pos Err:    0.06 km | Vel Err:    0.00 m/s
[Solver Step 014000] t= 6.465 | Pos Err:    0.06 km | Vel Err:    0.00 m/s
[Solver Step 015000] t= 7.021 | Pos Err:    0.03 km | Vel Err:    0.08 m/s
[Multiple Shooting] Converged in 2 iterations with residual 9.30e-12
[Solver Step 001000] t= 0.424 | Pos Err:    0.55 km | Vel Err:    0.01 m/s
[Solver Step 002000] t= 0.921 | Pos Err:    0.51 km | Vel Err:    0.01 m/s
[Solver Step 003000] t= 1.421 | Pos Err:    3.77 km | Vel Err:    0.08 m/s
[Solver Step 004000] t= 1.792 | Pos Err:   52.88 km | Vel Err:    1.13 m/s
[Solver Step 005000] t= 2.203 | Pos Err:   49.83 km | Vel Err:    1.02 m/s
[Solver Step 006000] t= 2.669 | Pos Err:    3.07 km | Vel Err:    0.06 m/s
[Solver Step 007000] t= 3.110 | Pos Err:   10.68 km | Vel Err:    0.25 m/s
[Multiple Shooting] Converged in 3 iterations with residual 1.63e-12
[Solver Step 001000] t= 0.393 | Pos Err:    2.99 km | Vel Err:    0.07 m/s
[Solver Step 002000] t= 0.781 | Pos Err:    4.09 km | Vel Err:    0.06 m/s
[Solver Step 003000] t= 1.160 | Pos Err:    1.23 km | Vel Err:    0.06 m/s
[Solver Step 004000] t= 1.538 | Pos Err:    7.08 km | Vel Err:    0.12 m/s
[Solver Step 005000] t= 1.928 | Pos Err:    0.57 km | Vel Err:    0.01 m/s
[Solver Step 006000] t= 2.317 | Pos Err:   22.97 km | Vel Err:    0.48 m/s
[Solver Step 001000] t= 0.414 | Pos Err:    1.20 km | Vel Err:    0.03 m/s
[Solver Step 002000] t= 0.818 | Pos Err:    0.06 km | Vel Err:    0.00 m/s
[Solver Step 003000] t= 1.259 | Pos Err:    0.05 km | Vel Err:    0.01 m/s
[Solver Step 004000] t= 1.606 | Pos Err:    0.05 km | Vel Err:    0.00 m/s
[Solver Step 005000] t= 1.992 | Pos Err:    0.06 km | Vel Err:    0.00 m/s
[Solver Step 006000] t= 2.445 | Pos Err:    0.07 km | Vel Err:    0.02 m/s
[Solver Step 007000] t= 2.846 | Pos Err:    0.06 km | Vel Err:    0.00 m/s
[Solver Step 008000] t= 3.244 | Pos Err:    0.06 km | Vel Err:    0.00 m/s
[Solver Step 009000] t= 3.618 | Pos Err:    0.11 km | Vel Err:    0.08 m/s
[Solver Step 010000] t= 4.032 | Pos Err:    0.05 km | Vel Err:    0.00 m/s
[Solver Step 011000] t= 4.452 | Pos Err:    0.06 km | Vel Err:    0.00 m/s
[Solver Step 012000] t= 4.894 | Pos Err:    0.05 km | Vel Err:    0.04 m/s
[Solver Step 013000] t= 5.233 | Pos Err:    0.06 km | Vel Err:    0.00 m/s
[Solver Step 014000] t= 5.630 | Pos Err:    0.05 km | Vel Err:    0.00 m/s
[Solver Step 015000] t= 6.109 | Pos Err:    0.05 km | Vel Err:    0.02 m/s
[Solver Step 016000] t= 6.496 | Pos Err:    0.05 km | Vel Err:    0.00 m/s
[Solver Step 017000] t= 6.923 | Pos Err:    0.06 km | Vel Err:    0.00 m/s
[Solver Step 018000] t= 7.267 | Pos Err:    0.12 km | Vel Err:    0.10 m/s
[Solver Step 019000] t= 7.688 | Pos Err:    0.06 km | Vel Err:    0.00 m/s
[Solver Step 020000] t= 8.167 | Pos Err:    0.06 km | Vel Err:    0.00 m/s
[Solver Step 021000] t= 8.552 | Pos Err:    0.04 km | Vel Err:    0.03 m/s
[Solver Step 022000] t= 8.922 | Pos Err:    0.06 km | Vel Err:    0.00 m/s
[Solver Step 023000] t= 9.314 | Pos Err:    0.05 km | Vel Err:    0.00 m/s
[Solver Step 024000] t= 9.772 | Pos Err:    0.06 km | Vel Err:    0.03 m/s
[Solver Step 025000] t=10.173 | Pos Err:    0.07 km | Vel Err:    0.00 m/s
[Solver Step 026000] t=10.573 | Pos Err:    0.07 km | Vel Err:    0.00 m/s
[Solver Step 027000] t=10.933 | Pos Err:    0.13 km | Vel Err:    0.09 m/s
[Solver Step 028000] t=11.352 | Pos Err:    0.05 km | Vel Err:    0.00 m/s
[Solver Step 029000] t=11.808 | Pos Err:    0.05 km | Vel Err:    0.00 m/s
[Solver Step 030000] t=12.177 | Pos Err:    0.05 km | Vel Err:    0.03 m/s
[Solver Step 001000] t= 0.216 | Pos Err:   18.89 km | Vel Err:    0.52 m/s
[Solver Step 002000] t= 0.469 | Pos Err:    2.44 km | Vel Err:    0.07 m/s
[Solver Step 003000] t= 0.712 | Pos Err:    0.34 km | Vel Err:    0.03 m/s
[Solver Step 004000] t= 0.926 | Pos Err:    0.03 km | Vel Err:    0.01 m/s
[Solver Step 005000] t= 1.175 | Pos Err:    0.02 km | Vel Err:    0.00 m/s
[Solver Step 006000] t= 1.430 | Pos Err:    0.07 km | Vel Err:    0.04 m/s
[Solver Step 007000] t= 1.661 | Pos Err:    0.07 km | Vel Err:    0.00 m/s
[Solver Step 008000] t= 1.876 | Pos Err:    0.05 km | Vel Err:    0.00 m/s
[Solver Step 009000] t= 2.134 | Pos Err:    0.18 km | Vel Err:    0.11 m/s
[Solver Step 010000] t= 2.377 | Pos Err:    0.09 km | Vel Err:    0.00 m/s
[Solver Step 011000] t= 2.590 | Pos Err:    0.07 km | Vel Err:    0.00 m/s
[Solver Step 012000] t= 2.837 | Pos Err:    0.89 km | Vel Err:    0.77 m/s
[Solver Step 013000] t= 3.092 | Pos Err:    0.10 km | Vel Err:    0.00 m/s
[Solver Step 014000] t= 3.313 | Pos Err:    0.09 km | Vel Err:    0.00 m/s
[Solver Step 015000] t= 3.535 | Pos Err:    0.66 km | Vel Err:    0.54 m/s
[Solver Step 016000] t= 3.796 | Pos Err:    0.10 km | Vel Err:    0.00 m/s
[Solver Step 017000] t= 4.038 | Pos Err:    0.09 km | Vel Err:    0.00 m/s
[Solver Step 018000] t= 4.246 | Pos Err:    0.32 km | Vel Err:    0.22 m/s
[Solver Step 019000] t= 4.497 | Pos Err:    0.07 km | Vel Err:    0.02 m/s
[Solver Step 020000] t= 4.751 | Pos Err:    0.08 km | Vel Err:    0.00 m/s
[Solver Step 021000] t= 4.969 | Pos Err:    0.08 km | Vel Err:    0.11 m/s
[Solver Step 022000] t= 5.189 | Pos Err:    0.09 km | Vel Err:    0.01 m/s
[Solver Step 023000] t= 5.455 | Pos Err:    0.08 km | Vel Err:    0.00 m/s
[Solver Step 024000] t= 5.698 | Pos Err:    0.06 km | Vel Err:    0.12 m/s
[Solver Step 025000] t= 5.904 | Pos Err:    0.05 km | Vel Err:    0.00 m/s
[Solver Step 026000] t= 6.158 | Pos Err:    0.07 km | Vel Err:    0.00 m/s
[Solver Step 027000] t= 6.412 | Pos Err:    0.22 km | Vel Err:    0.24 m/s
[Solver Step 028000] t= 6.624 | Pos Err:    0.03 km | Vel Err:    0.00 m/s
[Solver Step 029000] t= 6.850 | Pos Err:    0.05 km | Vel Err:    0.00 m/s
[Solver Step 001000] t= 0.418 | Pos Err:    0.28 km | Vel Err:    0.01 m/s
[Solver Step 002000] t= 0.792 | Pos Err:    0.06 km | Vel Err:    0.00 m/s
[Solver Step 003000] t= 1.101 | Pos Err:    0.01 km | Vel Err:    0.04 m/s
[Solver Step 004000] t= 1.553 | Pos Err:    0.06 km | Vel Err:    0.00 m/s
[Solver Step 005000] t= 2.104 | Pos Err:    0.06 km | Vel Err:    0.00 m/s
[Solver Step 006000] t= 2.517 | Pos Err:    0.05 km | Vel Err:    0.01 m/s
[Solver Step 007000] t= 3.017 | Pos Err:    0.05 km | Vel Err:    0.00 m/s
[Solver Step 008000] t= 3.570 | Pos Err:    0.05 km | Vel Err:    0.00 m/s
[Solver Step 009000] t= 4.059 | Pos Err:    0.05 km | Vel Err:    0.01 m/s
[Solver Step 010000] t= 4.461 | Pos Err:    0.05 km | Vel Err:    0.00 m/s
[Solver Step 011000] t= 5.000 | Pos Err:    0.05 km | Vel Err:    0.00 m/s
[Solver Step 012000] t= 5.587 | Pos Err:    0.04 km | Vel Err:    0.05 m/s
[Solver Step 013000] t= 6.068 | Pos Err:    0.05 km | Vel Err:    0.00 m/s
[Solver Step 014000] t= 6.470 | Pos Err:    0.05 km | Vel Err:    0.00 m/s
[Solver Step 015000] t= 7.028 | Pos Err:    0.03 km | Vel Err:    0.08 m/s
[Multiple Shooting] Converged in 3 iterations with residual 4.98e-15
[Solver Step 001000] t= 0.406 | Pos Err:    4.66 km | Vel Err:    0.11 m/s
[Solver Step 002000] t= 0.797 | Pos Err:    3.69 km | Vel Err:    0.07 m/s
[Solver Step 003000] t= 1.177 | Pos Err:    3.00 km | Vel Err:    0.04 m/s
[Solver Step 004000] t= 1.559 | Pos Err:    6.10 km | Vel Err:    0.12 m/s
[Solver Step 005000] t= 1.952 | Pos Err:    2.25 km | Vel Err:    0.05 m/s
[Solver Step 006000] t= 2.340 | Pos Err:    8.41 km | Vel Err:    0.18 m/s
[Solver Step 001000] t= 0.421 | Pos Err:    0.19 km | Vel Err:    0.00 m/s
[Solver Step 002000] t= 0.795 | Pos Err:    0.06 km | Vel Err:    0.00 m/s
[Solver Step 003000] t= 1.104 | Pos Err:    0.01 km | Vel Err:    0.04 m/s
[Solver Step 004000] t= 1.557 | Pos Err:    0.05 km | Vel Err:    0.00 m/s
[Solver Step 005000] t= 2.108 | Pos Err:    0.06 km | Vel Err:    0.00 m/s
[Solver Step 006000] t= 2.521 | Pos Err:    0.05 km | Vel Err:    0.01 m/s
[Solver Step 007000] t= 3.021 | Pos Err:    0.05 km | Vel Err:    0.00 m/s
[Solver Step 008000] t= 3.574 | Pos Err:    0.05 km | Vel Err:    0.00 m/s
[Solver Step 009000] t= 4.062 | Pos Err:    0.05 km | Vel Err:    0.01 m/s
[Solver Step 010000] t= 4.465 | Pos Err:    0.05 km | Vel Err:    0.00 m/s
[Solver Step 011000] t= 5.004 | Pos Err:    0.05 km | Vel Err:    0.00 m/s
[Solver Step 012000] t= 5.591 | Pos Err:    0.04 km | Vel Err:    0.05 m/s
[Solver Step 013000] t= 6.071 | Pos Err:    0.05 km | Vel Err:    0.00 m/s
[Solver Step 014000] t= 6.474 | Pos Err:    0.05 km | Vel Err:    0.00 m/s
[Solver Step 015000] t= 7.032 | Pos Err:    0.03 km | Vel Err:    0.08 m/s
[Multiple Shooting] Converged in 2 iterations with residual 8.88e-12
[Solver Step 001000] t= 0.423 | Pos Err:    0.66 km | Vel Err:    0.01 m/s
[Solver Step 002000] t= 0.926 | Pos Err:    0.90 km | Vel Err:    0.02 m/s
[Solver Step 003000] t= 1.420 | Pos Err:    4.38 km | Vel Err:    0.11 m/s
[Solver Step 004000] t= 1.755 | Pos Err:   60.50 km | Vel Err:    1.13 m/s
[Solver Step 005000] t= 2.221 | Pos Err:   15.71 km | Vel Err:    0.36 m/s
[Solver Step 006000] t= 2.678 | Pos Err:    1.93 km | Vel Err:    0.04 m/s
[Solver Step 007000] t= 3.085 | Pos Err:   10.59 km | Vel Err:    0.24 m/s
[Multiple Shooting] Converged in 4 iterations with residual 2.39e-15
[Solver Step 001000] t= 0.368 | Pos Err:    7.32 km | Vel Err:    0.16 m/s
[Solver Step 002000] t= 0.728 | Pos Err:   15.18 km | Vel Err:    0.26 m/s
[Solver Step 003000] t= 1.087 | Pos Err:    1.64 km | Vel Err:    0.05 m/s
[Solver Step 004000] t= 1.461 | Pos Err:    8.97 km | Vel Err:    0.19 m/s
[Solver Step 005000] t= 1.842 | Pos Err:    1.92 km | Vel Err:    0.03 m/s
[Solver Step 006000] t= 2.219 | Pos Err:    0.84 km | Vel Err:    0.03 m/s
[Multiple Shooting] Converged in 2 iterations with residual 1.72e-12
[Solver Step 001000] t= 0.421 | Pos Err:    0.58 km | Vel Err:    0.01 m/s
[Solver Step 002000] t= 0.927 | Pos Err:    1.85 km | Vel Err:    0.04 m/s
[Solver Step 003000] t= 1.398 | Pos Err:   25.48 km | Vel Err:    0.49 m/s
[Solver Step 004000] t= 1.741 | Pos Err:  102.65 km | Vel Err:    2.05 m/s
[Solver Step 005000] t= 2.241 | Pos Err:    1.92 km | Vel Err:    0.04 m/s
[Solver Step 006000] t= 2.680 | Pos Err:    1.14 km | Vel Err:    0.02 m/s
[Solver Step 007000] t= 3.079 | Pos Err:    7.09 km | Vel Err:    0.16 m/s
[Multiple Shooting] Converged in 7 iterations with residual 1.19e-14
[Solver Step 001000] t= 0.324 | Pos Err:  151.38 km | Vel Err:    3.12 m/s
[Solver Step 002000] t= 0.648 | Pos Err:  455.24 km | Vel Err:    8.33 m/s
[Solver Step 003000] t= 0.993 | Pos Err:   39.59 km | Vel Err:    0.62 m/s
[Solver Step 004000] t= 1.315 | Pos Err:  672.34 km | Vel Err:   15.04 m/s
[Solver Step 005000] t= 1.660 | Pos Err:   64.69 km | Vel Err:    1.29 m/s
[Solver Step 006000] t= 1.989 | Pos Err:  242.30 km | Vel Err:    4.21 m/s
[Solver Step 007000] t= 2.311 | Pos Err:  302.89 km | Vel Err:    6.34 m/s
[Solver Step 001000] t= 0.414 | Pos Err:    3.20 km | Vel Err:    0.07 m/s
[Solver Step 002000] t= 0.818 | Pos Err:    0.11 km | Vel Err:    0.00 m/s
[Solver Step 003000] t= 1.259 | Pos Err:    0.04 km | Vel Err:    0.01 m/s
[Solver Step 004000] t= 1.607 | Pos Err:    0.07 km | Vel Err:    0.00 m/s
[Solver Step 005000] t= 1.992 | Pos Err:    0.10 km | Vel Err:    0.00 m/s
[Solver Step 006000] t= 2.445 | Pos Err:    0.08 km | Vel Err:    0.02 m/s
[Solver Step 007000] t= 2.846 | Pos Err:    0.06 km | Vel Err:    0.00 m/s
[Solver Step 008000] t= 3.244 | Pos Err:    0.04 km | Vel Err:    0.00 m/s
[Solver Step 009000] t= 3.618 | Pos Err:    0.06 km | Vel Err:    0.08 m/s
[Solver Step 010000] t= 4.033 | Pos Err:    0.10 km | Vel Err:    0.00 m/s
[Solver Step 011000] t= 4.452 | Pos Err:    0.11 km | Vel Err:    0.00 m/s
[Solver Step 012000] t= 4.894 | Pos Err:    0.09 km | Vel Err:    0.04 m/s
[Solver Step 013000] t= 5.233 | Pos Err:    0.09 km | Vel Err:    0.00 m/s
[Solver Step 014000] t= 5.631 | Pos Err:    0.01 km | Vel Err:    0.00 m/s
[Solver Step 015000] t= 6.110 | Pos Err:    0.05 km | Vel Err:    0.02 m/s
[Solver Step 016000] t= 6.496 | Pos Err:    0.07 km | Vel Err:    0.00 m/s
[Solver Step 017000] t= 6.923 | Pos Err:    0.09 km | Vel Err:    0.00 m/s
[Solver Step 018000] t= 7.267 | Pos Err:    0.16 km | Vel Err:    0.10 m/s
[Solver Step 019000] t= 7.688 | Pos Err:    0.06 km | Vel Err:    0.00 m/s
[Solver Step 020000] t= 8.167 | Pos Err:    0.03 km | Vel Err:    0.00 m/s
[Solver Step 021000] t= 8.553 | Pos Err:    0.02 km | Vel Err:    0.03 m/s
[Solver Step 022000] t= 8.922 | Pos Err:    0.04 km | Vel Err:    0.00 m/s
[Solver Step 023000] t= 9.314 | Pos Err:    0.10 km | Vel Err:    0.00 m/s
[Solver Step 024000] t= 9.773 | Pos Err:    0.10 km | Vel Err:    0.03 m/s
[Solver Step 025000] t=10.174 | Pos Err:    0.09 km | Vel Err:    0.00 m/s
[Solver Step 026000] t=10.573 | Pos Err:    0.07 km | Vel Err:    0.00 m/s
[Solver Step 027000] t=10.933 | Pos Err:    0.08 km | Vel Err:    0.09 m/s
[Solver Step 028000] t=11.353 | Pos Err:    0.08 km | Vel Err:    0.00 m/s
[Solver Step 029000] t=11.808 | Pos Err:    0.09 km | Vel Err:    0.00 m/s
[Solver Step 030000] t=12.177 | Pos Err:    0.09 km | Vel Err:    0.03 m/s
[Multiple Shooting] Converged in 2 iterations with residual 7.89e-12
[Solver Step 001000] t= 0.428 | Pos Err:    0.57 km | Vel Err:    0.01 m/s
[Solver Step 002000] t= 0.915 | Pos Err:    0.25 km | Vel Err:    0.00 m/s
[Solver Step 003000] t= 1.414 | Pos Err:    2.27 km | Vel Err:    0.04 m/s
[Solver Step 004000] t= 1.815 | Pos Err:   26.02 km | Vel Err:    0.56 m/s
[Solver Step 005000] t= 2.184 | Pos Err:  113.57 km | Vel Err:    2.14 m/s
[Solver Step 006000] t= 2.651 | Pos Err:    3.91 km | Vel Err:    0.07 m/s
[Solver Step 007000] t= 3.116 | Pos Err:   13.80 km | Vel Err:    0.33 m/s
[Multiple Shooting] Converged in 18 iterations with residual 6.28e-14
[Solver Step 001000] t= 0.515 | Pos Err:    2.38 km | Vel Err:    0.05 m/s
[Solver Step 002000] t= 0.969 | Pos Err:    0.13 km | Vel Err:    0.00 m/s
[Solver Step 003000] t= 1.399 | Pos Err:    0.63 km | Vel Err:    0.01 m/s
[Solver Step 004000] t= 1.824 | Pos Err:    1.04 km | Vel Err:    0.02 m/s
[Solver Step 005000] t= 2.240 | Pos Err:    0.42 km | Vel Err:    0.01 m/s
[Multiple Shooting] Converged in 2 iterations with residual 3.02e-14
[Solver Step 001000] t= 0.468 | Pos Err:    0.33 km | Vel Err:    0.01 m/s
[Solver Step 002000] t= 0.958 | Pos Err:    0.19 km | Vel Err:    0.00 m/s
[Solver Step 003000] t= 1.351 | Pos Err:    0.23 km | Vel Err:    0.00 m/s
[Solver Step 004000] t= 1.821 | Pos Err:    0.15 km | Vel Err:    0.00 m/s
[Solver Step 005000] t= 2.213 | Pos Err:    0.38 km | Vel Err:    0.01 m/s
[Solver Step 006000] t= 2.714 | Pos Err:    0.28 km | Vel Err:    0.03 m/s
[Multiple Shooting] Converged in 2 iterations with residual 1.55e-15
[Solver Step 001000] t= 0.464 | Pos Err:    0.15 km | Vel Err:    0.00 m/s
[Solver Step 002000] t= 1.001 | Pos Err:    0.12 km | Vel Err:    0.00 m/s
[Solver Step 003000] t= 1.599 | Pos Err:    0.11 km | Vel Err:    0.02 m/s
[Solver Step 004000] t= 2.091 | Pos Err:    0.15 km | Vel Err:    0.00 m/s
[Solver Step 005000] t= 2.506 | Pos Err:    0.32 km | Vel Err:    0.01 m/s
[Solver Step 006000] t= 3.039 | Pos Err:    4.60 km | Vel Err:    0.12 m/s
[Solver Step 001000] t= 0.217 | Pos Err:   19.91 km | Vel Err:    0.51 m/s
[Solver Step 002000] t= 0.471 | Pos Err:    2.45 km | Vel Err:    0.08 m/s
[Solver Step 003000] t= 0.713 | Pos Err:    0.33 km | Vel Err:    0.03 m/s
[Solver Step 004000] t= 0.932 | Pos Err:    0.03 km | Vel Err:    0.00 m/s
[Solver Step 005000] t= 1.178 | Pos Err:    0.08 km | Vel Err:    0.00 m/s
[Solver Step 006000] t= 1.430 | Pos Err:    0.08 km | Vel Err:    0.03 m/s
[Solver Step 007000] t= 1.661 | Pos Err:    0.07 km | Vel Err:    0.00 m/s
[Solver Step 008000] t= 1.877 | Pos Err:    0.08 km | Vel Err:    0.00 m/s
[Solver Step 009000] t= 2.135 | Pos Err:    0.17 km | Vel Err:    0.14 m/s
[Solver Step 010000] t= 2.381 | Pos Err:    0.06 km | Vel Err:    0.00 m/s
[Solver Step 011000] t= 2.597 | Pos Err:    0.05 km | Vel Err:    0.00 m/s
[Solver Step 012000] t= 2.841 | Pos Err:    1.08 km | Vel Err:    0.83 m/s
[Solver Step 013000] t= 3.096 | Pos Err:    0.04 km | Vel Err:    0.00 m/s
[Solver Step 014000] t= 3.317 | Pos Err:    0.03 km | Vel Err:    0.00 m/s
[Solver Step 015000] t= 3.538 | Pos Err:    0.71 km | Vel Err:    0.51 m/s
[Solver Step 016000] t= 3.798 | Pos Err:    0.03 km | Vel Err:    0.00 m/s
[Solver Step 017000] t= 4.041 | Pos Err:    0.02 km | Vel Err:    0.00 m/s
[Solver Step 018000] t= 4.250 | Pos Err:    0.38 km | Vel Err:    0.20 m/s
[Solver Step 019000] t= 4.499 | Pos Err:    0.03 km | Vel Err:    0.02 m/s
[Solver Step 020000] t= 4.754 | Pos Err:    0.04 km | Vel Err:    0.00 m/s
[Solver Step 021000] t= 4.973 | Pos Err:    0.17 km | Vel Err:    0.11 m/s
[Solver Step 022000] t= 5.192 | Pos Err:    0.03 km | Vel Err:    0.01 m/s
[Solver Step 023000] t= 5.458 | Pos Err:    0.05 km | Vel Err:    0.00 m/s
[Solver Step 024000] t= 5.701 | Pos Err:    0.13 km | Vel Err:    0.12 m/s
[Solver Step 025000] t= 5.910 | Pos Err:    0.06 km | Vel Err:    0.00 m/s
[Solver Step 026000] t= 6.161 | Pos Err:    0.06 km | Vel Err:    0.00 m/s
[Solver Step 027000] t= 6.417 | Pos Err:    0.25 km | Vel Err:    0.24 m/s
[Solver Step 028000] t= 6.631 | Pos Err:    0.08 km | Vel Err:    0.00 m/s
[Solver Step 029000] t= 6.853 | Pos Err:    0.09 km | Vel Err:    0.00 m/s
[Multiple Shooting] Converged in 4 iterations with residual 9.12e-14
[Solver Step 001000] t= 0.344 | Pos Err:    9.06 km | Vel Err:    0.20 m/s
[Solver Step 002000] t= 0.690 | Pos Err:   52.74 km | Vel Err:    1.15 m/s
[Solver Step 003000] t= 1.051 | Pos Err:   27.60 km | Vel Err:    0.53 m/s
[Solver Step 004000] t= 1.407 | Pos Err:    1.33 km | Vel Err:    0.03 m/s
[Solver Step 005000] t= 1.765 | Pos Err:   26.37 km | Vel Err:    0.52 m/s
[Solver Step 006000] t= 2.123 | Pos Err:   54.45 km | Vel Err:    0.94 m/s
[Solver Step 007000] t= 2.468 | Pos Err:  193.65 km | Vel Err:    4.29 m/s
[Multiple Shooting] Converged in 2 iterations with residual 1.37e-15
[Solver Step 001000] t= 0.463 | Pos Err:    0.30 km | Vel Err:    0.01 m/s
[Solver Step 002000] t= 0.994 | Pos Err:    0.10 km | Vel Err:    0.00 m/s
[Solver Step 003000] t= 1.588 | Pos Err:    0.20 km | Vel Err:    0.02 m/s
[Solver Step 004000] t= 2.096 | Pos Err:    0.18 km | Vel Err:    0.00 m/s
[Solver Step 005000] t= 2.503 | Pos Err:    0.31 km | Vel Err:    0.01 m/s
[Solver Step 006000] t= 3.030 | Pos Err:    4.16 km | Vel Err:    0.11 m/s
[Solver Step 001000] t= 0.417 | Pos Err:    0.57 km | Vel Err:    0.01 m/s
[Solver Step 002000] t= 0.791 | Pos Err:    0.07 km | Vel Err:    0.00 m/s
[Solver Step 003000] t= 1.100 | Pos Err:    0.01 km | Vel Err:    0.04 m/s
[Solver Step 004000] t= 1.552 | Pos Err:    0.05 km | Vel Err:    0.00 m/s
[Solver Step 005000] t= 2.103 | Pos Err:    0.05 km | Vel Err:    0.00 m/s
[Solver Step 006000] t= 2.516 | Pos Err:    0.05 km | Vel Err:    0.01 m/s
[Solver Step 007000] t= 3.016 | Pos Err:    0.05 km | Vel Err:    0.00 m/s
[Solver Step 008000] t= 3.568 | Pos Err:    0.05 km | Vel Err:    0.00 m/s
[Solver Step 009000] t= 4.058 | Pos Err:    0.05 km | Vel Err:    0.01 m/s
[Solver Step 010000] t= 4.460 | Pos Err:    0.06 km | Vel Err:    0.00 m/s
[Solver Step 011000] t= 4.998 | Pos Err:    0.06 km | Vel Err:    0.00 m/s
[Solver Step 012000] t= 5.585 | Pos Err:    0.05 km | Vel Err:    0.05 m/s
[Solver Step 013000] t= 6.067 | Pos Err:    0.06 km | Vel Err:    0.00 m/s
[Solver Step 014000] t= 6.469 | Pos Err:    0.07 km | Vel Err:    0.00 m/s
[Solver Step 015000] t= 7.026 | Pos Err:    0.04 km | Vel Err:    0.08 m/s
[Solver Step 001000] t= 0.420 | Pos Err:    0.38 km | Vel Err:    0.01 m/s
[Solver Step 002000] t= 0.793 | Pos Err:    0.06 km | Vel Err:    0.00 m/s
[Solver Step 003000] t= 1.102 | Pos Err:    0.01 km | Vel Err:    0.04 m/s
[Solver Step 004000] t= 1.555 | Pos Err:    0.05 km | Vel Err:    0.00 m/s
[Solver Step 005000] t= 2.106 | Pos Err:    0.06 km | Vel Err:    0.00 m/s
[Solver Step 006000] t= 2.519 | Pos Err:    0.05 km | Vel Err:    0.01 m/s
[Solver Step 007000] t= 3.019 | Pos Err:    0.05 km | Vel Err:    0.00 m/s
[Solver Step 008000] t= 3.572 | Pos Err:    0.05 km | Vel Err:    0.00 m/s
[Solver Step 009000] t= 4.060 | Pos Err:    0.05 km | Vel Err:    0.01 m/s
[Solver Step 010000] t= 4.463 | Pos Err:    0.05 km | Vel Err:    0.00 m/s
[Solver Step 011000] t= 5.002 | Pos Err:    0.05 km | Vel Err:    0.00 m/s
[Solver Step 012000] t= 5.589 | Pos Err:    0.03 km | Vel Err:    0.05 m/s
[Solver Step 013000] t= 6.070 | Pos Err:    0.05 km | Vel Err:    0.00 m/s
[Solver Step 014000] t= 6.472 | Pos Err:    0.05 km | Vel Err:    0.00 m/s
[Solver Step 015000] t= 7.030 | Pos Err:    0.03 km | Vel Err:    0.08 m/s
[Solver Step 001000] t= 0.217 | Pos Err:   30.18 km | Vel Err:    0.63 m/s
[Solver Step 002000] t= 0.471 | Pos Err:    3.66 km | Vel Err:    0.04 m/s
[Solver Step 003000] t= 0.713 | Pos Err:    0.52 km | Vel Err:    0.03 m/s
[Solver Step 004000] t= 0.930 | Pos Err:    0.05 km | Vel Err:    0.00 m/s
[Solver Step 005000] t= 1.177 | Pos Err:    0.09 km | Vel Err:    0.00 m/s
[Solver Step 006000] t= 1.430 | Pos Err:    0.03 km | Vel Err:    0.03 m/s
[Solver Step 007000] t= 1.661 | Pos Err:    0.05 km | Vel Err:    0.00 m/s
[Solver Step 008000] t= 1.877 | Pos Err:    0.08 km | Vel Err:    0.00 m/s
[Solver Step 009000] t= 2.135 | Pos Err:    0.12 km | Vel Err:    0.14 m/s
[Solver Step 010000] t= 2.380 | Pos Err:    0.04 km | Vel Err:    0.00 m/s
[Solver Step 011000] t= 2.592 | Pos Err:    0.06 km | Vel Err:    0.00 m/s
[Solver Step 012000] t= 2.838 | Pos Err:    1.00 km | Vel Err:    0.79 m/s
[Solver Step 013000] t= 3.094 | Pos Err:    0.04 km | Vel Err:    0.00 m/s
[Solver Step 014000] t= 3.315 | Pos Err:    0.08 km | Vel Err:    0.00 m/s
[Solver Step 015000] t= 3.536 | Pos Err:    0.78 km | Vel Err:    0.53 m/s
[Solver Step 016000] t= 3.797 | Pos Err:    0.05 km | Vel Err:    0.00 m/s
[Solver Step 017000] t= 4.038 | Pos Err:    0.10 km | Vel Err:    0.00 m/s
[Solver Step 018000] t= 4.248 | Pos Err:    0.44 km | Vel Err:    0.21 m/s
[Solver Step 019000] t= 4.498 | Pos Err:    0.10 km | Vel Err:    0.02 m/s
[Solver Step 020000] t= 4.753 | Pos Err:    0.11 km | Vel Err:    0.00 m/s
[Solver Step 021000] t= 4.971 | Pos Err:    0.18 km | Vel Err:    0.11 m/s
[Solver Step 022000] t= 5.190 | Pos Err:    0.11 km | Vel Err:    0.01 m/s
[Solver Step 023000] t= 5.456 | Pos Err:    0.12 km | Vel Err:    0.00 m/s
[Solver Step 024000] t= 5.699 | Pos Err:    0.09 km | Vel Err:    0.12 m/s
[Solver Step 025000] t= 5.906 | Pos Err:    0.09 km | Vel Err:    0.00 m/s
[Solver Step 026000] t= 6.159 | Pos Err:    0.10 km | Vel Err:    0.00 m/s
[Solver Step 027000] t= 6.414 | Pos Err:    0.17 km | Vel Err:    0.24 m/s
[Solver Step 028000] t= 6.627 | Pos Err:    0.08 km | Vel Err:    0.00 m/s
[Solver Step 029000] t= 6.851 | Pos Err:    0.11 km | Vel Err:    0.00 m/s
[Multiple Shooting] Converged in 2 iterations with residual 9.52e-12
[Solver Step 001000] t= 0.420 | Pos Err:    0.72 km | Vel Err:    0.02 m/s
[Solver Step 002000] t= 0.925 | Pos Err:    1.51 km | Vel Err:    0.03 m/s
[Solver Step 003000] t= 1.404 | Pos Err:   15.52 km | Vel Err:    0.31 m/s
[Solver Step 004000] t= 1.738 | Pos Err:   94.79 km | Vel Err:    1.87 m/s
[Solver Step 005000] t= 2.235 | Pos Err:    1.97 km | Vel Err:    0.05 m/s
[Solver Step 006000] t= 2.680 | Pos Err:    1.32 km | Vel Err:    0.02 m/s
[Solver Step 007000] t= 3.075 | Pos Err:    7.71 km | Vel Err:    0.17 m/s
[Solver Step 001000] t= 0.415 | Pos Err:    0.54 km | Vel Err:    0.01 m/s
[Solver Step 002000] t= 0.789 | Pos Err:    0.07 km | Vel Err:    0.00 m/s
[Solver Step 003000] t= 1.098 | Pos Err:    0.01 km | Vel Err:    0.04 m/s
[Solver Step 004000] t= 1.549 | Pos Err:    0.05 km | Vel Err:    0.00 m/s
[Solver Step 005000] t= 2.101 | Pos Err:    0.05 km | Vel Err:    0.00 m/s
[Solver Step 006000] t= 2.514 | Pos Err:    0.05 km | Vel Err:    0.01 m/s
[Solver Step 007000] t= 3.013 | Pos Err:    0.05 km | Vel Err:    0.00 m/s
[Solver Step 008000] t= 3.566 | Pos Err:    0.05 km | Vel Err:    0.00 m/s
[Solver Step 009000] t= 4.056 | Pos Err:    0.04 km | Vel Err:    0.01 m/s
[Solver Step 010000] t= 4.458 | Pos Err:    0.05 km | Vel Err:    0.00 m/s
[Solver Step 011000] t= 4.995 | Pos Err:    0.05 km | Vel Err:    0.00 m/s
[Solver Step 012000] t= 5.583 | Pos Err:    0.04 km | Vel Err:    0.05 m/s
[Solver Step 013000] t= 6.066 | Pos Err:    0.06 km | Vel Err:    0.00 m/s
[Solver Step 014000] t= 6.466 | Pos Err:    0.06 km | Vel Err:    0.00 m/s
[Solver Step 015000] t= 7.023 | Pos Err:    0.04 km | Vel Err:    0.08 m/s
[Multiple Shooting] Converged in 2 iterations with residual 1.49e-15
[Solver Step 001000] t= 0.468 | Pos Err:    0.27 km | Vel Err:    0.01 m/s
[Solver Step 002000] t= 0.961 | Pos Err:    0.15 km | Vel Err:    0.00 m/s
[Solver Step 003000] t= 1.527 | Pos Err:    0.08 km | Vel Err:    0.01 m/s
[Solver Step 004000] t= 2.091 | Pos Err:    0.15 km | Vel Err:    0.00 m/s
[Solver Step 005000] t= 2.491 | Pos Err:    0.26 km | Vel Err:    0.00 m/s
[Solver Step 006000] t= 2.983 | Pos Err:    1.20 km | Vel Err:    0.04 m/s
[Multiple Shooting] Converged in 2 iterations with residual 2.68e-11
[Solver Step 001000] t= 0.419 | Pos Err:    0.65 km | Vel Err:    0.01 m/s
[Solver Step 002000] t= 0.923 | Pos Err:    4.26 km | Vel Err:    0.08 m/s
[Solver Step 003000] t= 1.365 | Pos Err:   60.15 km | Vel Err:    1.22 m/s
[Solver Step 004000] t= 1.751 | Pos Err:   86.58 km | Vel Err:    1.84 m/s
[Solver Step 005000] t= 2.246 | Pos Err:    1.04 km | Vel Err:    0.03 m/s
[Solver Step 006000] t= 2.646 | Pos Err:    0.25 km | Vel Err:    0.00 m/s
[Solver Step 007000] t= 3.093 | Pos Err:    6.71 km | Vel Err:    0.16 m/s
[Multiple Shooting] Converged in 2 iterations with residual 2.78e-11
[Solver Step 001000] t= 0.464 | Pos Err:    0.31 km | Vel Err:    0.01 m/s
[Solver Step 002000] t= 0.879 | Pos Err:    0.36 km | Vel Err:    0.01 m/s
[Solver Step 003000] t= 1.347 | Pos Err:    0.47 km | Vel Err:    0.02 m/s
[Solver Step 004000] t= 1.781 | Pos Err:   15.43 km | Vel Err:    0.34 m/s
[Solver Step 005000] t= 2.166 | Pos Err:  352.69 km | Vel Err:    6.86 m/s
[Solver Step 006000] t= 2.566 | Pos Err:  179.15 km | Vel Err:    4.13 m/s
[Solver Step 007000] t= 3.063 | Pos Err:   73.18 km | Vel Err:    1.62 m/s
[Solver Step 001000] t= 0.416 | Pos Err:    2.54 km | Vel Err:    0.06 m/s
[Solver Step 002000] t= 0.820 | Pos Err:    0.07 km | Vel Err:    0.00 m/s
[Solver Step 003000] t= 1.261 | Pos Err:    0.08 km | Vel Err:    0.01 m/s
[Solver Step 004000] t= 1.608 | Pos Err:    0.09 km | Vel Err:    0.00 m/s
[Solver Step 005000] t= 1.994 | Pos Err:    0.07 km | Vel Err:    0.00 m/s
[Solver Step 006000] t= 2.447 | Pos Err:    0.04 km | Vel Err:    0.02 m/s
[Solver Step 007000] t= 2.849 | Pos Err:    0.03 km | Vel Err:    0.00 m/s
[Solver Step 008000] t= 3.245 | Pos Err:    0.04 km | Vel Err:    0.00 m/s
[Solver Step 009000] t= 3.620 | Pos Err:    0.10 km | Vel Err:    0.08 m/s
[Solver Step 010000] t= 4.035 | Pos Err:    0.09 km | Vel Err:    0.00 m/s
[Solver Step 011000] t= 4.453 | Pos Err:    0.08 km | Vel Err:    0.00 m/s
[Solver Step 012000] t= 4.896 | Pos Err:    0.06 km | Vel Err:    0.04 m/s
[Solver Step 013000] t= 5.234 | Pos Err:    0.05 km | Vel Err:    0.00 m/s
[Solver Step 014000] t= 5.633 | Pos Err:    0.05 km | Vel Err:    0.00 m/s
[Solver Step 015000] t= 6.112 | Pos Err:    0.08 km | Vel Err:    0.02 m/s
[Solver Step 016000] t= 6.498 | Pos Err:    0.09 km | Vel Err:    0.00 m/s
[Solver Step 017000] t= 6.925 | Pos Err:    0.09 km | Vel Err:    0.00 m/s
[Solver Step 018000] t= 7.269 | Pos Err:    0.15 km | Vel Err:    0.10 m/s
[Solver Step 019000] t= 7.690 | Pos Err:    0.03 km | Vel Err:    0.00 m/s
[Solver Step 020000] t= 8.169 | Pos Err:    0.04 km | Vel Err:    0.00 m/s
[Solver Step 021000] t= 8.555 | Pos Err:    0.04 km | Vel Err:    0.03 m/s
[Solver Step 022000] t= 8.923 | Pos Err:    0.08 km | Vel Err:    0.00 m/s
[Solver Step 023000] t= 9.316 | Pos Err:    0.08 km | Vel Err:    0.00 m/s
[Solver Step 024000] t= 9.775 | Pos Err:    0.06 km | Vel Err:    0.03 m/s
[Solver Step 025000] t=10.175 | Pos Err:    0.05 km | Vel Err:    0.00 m/s
[Solver Step 026000] t=10.575 | Pos Err:    0.04 km | Vel Err:    0.00 m/s
[Solver Step 027000] t=10.935 | Pos Err:    0.10 km | Vel Err:    0.09 m/s
[Solver Step 028000] t=11.354 | Pos Err:    0.09 km | Vel Err:    0.00 m/s
[Solver Step 029000] t=11.810 | Pos Err:    0.09 km | Vel Err:    0.00 m/s
[Solver Step 030000] t=12.179 | Pos Err:    0.08 km | Vel Err:    0.03 m/s
[Solver Step 001000] t= 0.215 | Pos Err:   23.27 km | Vel Err:    0.38 m/s
[Solver Step 002000] t= 0.469 | Pos Err:    2.77 km | Vel Err:    0.07 m/s
[Solver Step 003000] t= 0.713 | Pos Err:    0.39 km | Vel Err:    0.03 m/s
[Solver Step 004000] t= 0.928 | Pos Err:    0.03 km | Vel Err:    0.00 m/s
[Solver Step 005000] t= 1.177 | Pos Err:    0.08 km | Vel Err:    0.00 m/s
[Solver Step 006000] t= 1.430 | Pos Err:    0.11 km | Vel Err:    0.03 m/s
[Solver Step 007000] t= 1.660 | Pos Err:    0.09 km | Vel Err:    0.00 m/s
[Solver Step 008000] t= 1.874 | Pos Err:    0.09 km | Vel Err:    0.00 m/s
[Solver Step 009000] t= 2.133 | Pos Err:    0.17 km | Vel Err:    0.11 m/s
[Solver Step 010000] t= 2.376 | Pos Err:    0.09 km | Vel Err:    0.00 m/s
[Solver Step 011000] t= 2.588 | Pos Err:    0.08 km | Vel Err:    0.00 m/s
[Solver Step 012000] t= 2.836 | Pos Err:    1.11 km | Vel Err:    0.84 m/s
[Solver Step 013000] t= 3.091 | Pos Err:    0.08 km | Vel Err:    0.00 m/s
[Solver Step 014000] t= 3.311 | Pos Err:    0.05 km | Vel Err:    0.00 m/s
[Solver Step 015000] t= 3.533 | Pos Err:    0.72 km | Vel Err:    0.56 m/s
[Solver Step 016000] t= 3.795 | Pos Err:    0.07 km | Vel Err:    0.00 m/s
[Solver Step 017000] t= 4.037 | Pos Err:    0.03 km | Vel Err:    0.00 m/s
[Solver Step 018000] t= 4.244 | Pos Err:    0.36 km | Vel Err:    0.22 m/s
[Solver Step 019000] t= 4.496 | Pos Err:    0.05 km | Vel Err:    0.02 m/s
[Solver Step 020000] t= 4.752 | Pos Err:    0.03 km | Vel Err:    0.00 m/s
[Solver Step 021000] t= 4.967 | Pos Err:    0.16 km | Vel Err:    0.11 m/s
[Solver Step 022000] t= 5.188 | Pos Err:    0.04 km | Vel Err:    0.01 m/s
[Solver Step 023000] t= 5.454 | Pos Err:    0.03 km | Vel Err:    0.00 m/s
[Solver Step 024000] t= 5.696 | Pos Err:    0.14 km | Vel Err:    0.12 m/s
[Solver Step 025000] t= 5.905 | Pos Err:    0.07 km | Vel Err:    0.00 m/s
[Solver Step 026000] t= 6.158 | Pos Err:    0.05 km | Vel Err:    0.00 m/s
[Solver Step 027000] t= 6.412 | Pos Err:    0.27 km | Vel Err:    0.24 m/s
[Solver Step 028000] t= 6.625 | Pos Err:    0.09 km | Vel Err:    0.00 m/s
[Solver Step 029000] t= 6.850 | Pos Err:    0.08 km | Vel Err:    0.00 m/s
[Solver Step 001000] t= 0.417 | Pos Err:    0.38 km | Vel Err:    0.01 m/s
[Solver Step 002000] t= 0.791 | Pos Err:    0.06 km | Vel Err:    0.00 m/s
[Solver Step 003000] t= 1.101 | Pos Err:    0.01 km | Vel Err:    0.04 m/s
[Solver Step 004000] t= 1.553 | Pos Err:    0.05 km | Vel Err:    0.00 m/s
[Solver Step 005000] t= 2.104 | Pos Err:    0.05 km | Vel Err:    0.00 m/s
[Solver Step 006000] t= 2.517 | Pos Err:    0.05 km | Vel Err:    0.01 m/s
[Solver Step 007000] t= 3.017 | Pos Err:    0.05 km | Vel Err:    0.00 m/s
[Solver Step 008000] t= 3.569 | Pos Err:    0.05 km | Vel Err:    0.00 m/s
[Solver Step 009000] t= 4.059 | Pos Err:    0.05 km | Vel Err:    0.01 m/s
[Solver Step 010000] t= 4.461 | Pos Err:    0.05 km | Vel Err:    0.00 m/s
[Solver Step 011000] t= 4.999 | Pos Err:    0.05 km | Vel Err:    0.00 m/s
[Solver Step 012000] t= 5.586 | Pos Err:    0.03 km | Vel Err:    0.05 m/s
[Solver Step 013000] t= 6.068 | Pos Err:    0.05 km | Vel Err:    0.00 m/s
[Solver Step 014000] t= 6.469 | Pos Err:    0.05 km | Vel Err:    0.00 m/s
[Solver Step 015000] t= 7.027 | Pos Err:    0.03 km | Vel Err:    0.08 m/s
[Solver Step 001000] t= 0.410 | Pos Err:    4.39 km | Vel Err:    0.10 m/s
[Solver Step 002000] t= 0.815 | Pos Err:    0.08 km | Vel Err:    0.00 m/s
[Solver Step 003000] t= 1.257 | Pos Err:    0.07 km | Vel Err:    0.01 m/s
[Solver Step 004000] t= 1.603 | Pos Err:    0.04 km | Vel Err:    0.00 m/s
[Solver Step 005000] t= 1.989 | Pos Err:    0.07 km | Vel Err:    0.00 m/s
[Solver Step 006000] t= 2.442 | Pos Err:    0.12 km | Vel Err:    0.02 m/s
[Solver Step 007000] t= 2.843 | Pos Err:    0.12 km | Vel Err:    0.00 m/s
[Solver Step 008000] t= 3.242 | Pos Err:    0.12 km | Vel Err:    0.00 m/s
[Solver Step 009000] t= 3.615 | Pos Err:    0.16 km | Vel Err:    0.08 m/s
[Solver Step 010000] t= 4.029 | Pos Err:    0.03 km | Vel Err:    0.00 m/s
[Solver Step 011000] t= 4.449 | Pos Err:    0.06 km | Vel Err:    0.00 m/s
[Solver Step 012000] t= 4.891 | Pos Err:    0.07 km | Vel Err:    0.04 m/s
[Solver Step 013000] t= 5.230 | Pos Err:    0.11 km | Vel Err:    0.00 m/s
[Solver Step 014000] t= 5.627 | Pos Err:    0.11 km | Vel Err:    0.00 m/s
[Solver Step 015000] t= 6.106 | Pos Err:    0.06 km | Vel Err:    0.02 m/s
[Solver Step 016000] t= 6.493 | Pos Err:    0.04 km | Vel Err:    0.00 m/s
[Solver Step 017000] t= 6.920 | Pos Err:    0.01 km | Vel Err:    0.00 m/s
[Solver Step 018000] t= 7.264 | Pos Err:    0.07 km | Vel Err:    0.11 m/s
[Solver Step 019000] t= 7.684 | Pos Err:    0.12 km | Vel Err:    0.00 m/s
[Solver Step 020000] t= 8.164 | Pos Err:    0.12 km | Vel Err:    0.00 m/s
[Solver Step 021000] t= 8.549 | Pos Err:    0.10 km | Vel Err:    0.03 m/s
[Solver Step 022000] t= 8.920 | Pos Err:    0.07 km | Vel Err:    0.00 m/s
[Solver Step 023000] t= 9.311 | Pos Err:    0.04 km | Vel Err:    0.00 m/s
[Solver Step 024000] t= 9.769 | Pos Err:    0.09 km | Vel Err:    0.03 m/s
[Solver Step 025000] t=10.171 | Pos Err:    0.11 km | Vel Err:    0.00 m/s
[Solver Step 026000] t=10.570 | Pos Err:    0.12 km | Vel Err:    0.00 m/s
[Solver Step 027000] t=10.930 | Pos Err:    0.18 km | Vel Err:    0.09 m/s
[Solver Step 028000] t=11.350 | Pos Err:    0.03 km | Vel Err:    0.00 m/s
[Solver Step 029000] t=11.805 | Pos Err:    0.02 km | Vel Err:    0.00 m/s
[Solver Step 030000] t=12.174 | Pos Err:    0.04 km | Vel Err:    0.03 m/s
[Solver Step 031000] t=12.565 | Pos Err:    0.08 km | Vel Err:    0.00 m/s
[Solver Step 001000] t= 0.402 | Pos Err: 1277.35 km | Vel Err:   25.98 m/s
[Solver Step 002000] t= 0.768 | Pos Err: 1453.90 km | Vel Err:   13.64 m/s
[Solver Step 003000] t= 1.292 | Pos Err: 4911.18 km | Vel Err:  110.99 m/s
[Solver Step 004000] t= 1.757 | Pos Err: 39222.30 km | Vel Err: 1099.85 m/s
[Multiple Shooting] Converged in 2 iterations with residual 1.47e-11
[Solver Step 001000] t= 0.423 | Pos Err:    0.75 km | Vel Err:    0.02 m/s
[Solver Step 002000] t= 0.926 | Pos Err:    0.99 km | Vel Err:    0.02 m/s
[Solver Step 003000] t= 1.418 | Pos Err:    4.84 km | Vel Err:    0.12 m/s
[Solver Step 004000] t= 1.750 | Pos Err:   63.55 km | Vel Err:    1.20 m/s
[Solver Step 005000] t= 2.223 | Pos Err:   11.93 km | Vel Err:    0.28 m/s
[Solver Step 006000] t= 2.679 | Pos Err:    1.81 km | Vel Err:    0.04 m/s
[Solver Step 007000] t= 3.081 | Pos Err:   10.09 km | Vel Err:    0.23 m/s
[Solver Step 001000] t= 0.417 | Pos Err:    0.51 km | Vel Err:    0.01 m/s
[Solver Step 002000] t= 0.791 | Pos Err:    0.06 km | Vel Err:    0.00 m/s
[Solver Step 003000] t= 1.100 | Pos Err:    0.01 km | Vel Err:    0.04 m/s
[Solver Step 004000] t= 1.552 | Pos Err:    0.06 km | Vel Err:    0.00 m/s
[Solver Step 005000] t= 2.103 | Pos Err:    0.06 km | Vel Err:    0.00 m/s
[Solver Step 006000] t= 2.516 | Pos Err:    0.06 km | Vel Err:    0.01 m/s
[Solver Step 007000] t= 3.016 | Pos Err:    0.06 km | Vel Err:    0.00 m/s
[Solver Step 008000] t= 3.569 | Pos Err:    0.05 km | Vel Err:    0.00 m/s
[Solver Step 009000] t= 4.058 | Pos Err:    0.05 km | Vel Err:    0.01 m/s
[Solver Step 010000] t= 4.460 | Pos Err:    0.05 km | Vel Err:    0.00 m/s
[Solver Step 011000] t= 4.998 | Pos Err:    0.05 km | Vel Err:    0.00 m/s
[Solver Step 012000] t= 5.585 | Pos Err:    0.03 km | Vel Err:    0.05 m/s
[Solver Step 013000] t= 6.067 | Pos Err:    0.05 km | Vel Err:    0.00 m/s
[Solver Step 014000] t= 6.469 | Pos Err:    0.05 km | Vel Err:    0.00 m/s
[Solver Step 015000] t= 7.026 | Pos Err:    0.02 km | Vel Err:    0.08 m/s
[Solver Step 001000] t= 0.418 | Pos Err:    2.31 km | Vel Err:    0.05 m/s
[Solver Step 002000] t= 0.822 | Pos Err:    0.08 km | Vel Err:    0.00 m/s
[Solver Step 003000] t= 1.262 | Pos Err:    0.07 km | Vel Err:    0.01 m/s
[Solver Step 004000] t= 1.610 | Pos Err:    0.09 km | Vel Err:    0.00 m/s
[Solver Step 005000] t= 1.996 | Pos Err:    0.07 km | Vel Err:    0.00 m/s
[Solver Step 006000] t= 2.449 | Pos Err:    0.04 km | Vel Err:    0.01 m/s
[Solver Step 007000] t= 2.851 | Pos Err:    0.03 km | Vel Err:    0.00 m/s
[Solver Step 008000] t= 3.246 | Pos Err:    0.02 km | Vel Err:    0.00 m/s
[Solver Step 009000] t= 3.622 | Pos Err:    0.08 km | Vel Err:    0.08 m/s
[Solver Step 010000] t= 4.037 | Pos Err:    0.09 km | Vel Err:    0.00 m/s
[Solver Step 011000] t= 4.455 | Pos Err:    0.09 km | Vel Err:    0.00 m/s
[Solver Step 012000] t= 4.898 | Pos Err:    0.06 km | Vel Err:    0.04 m/s
[Solver Step 013000] t= 5.236 | Pos Err:    0.05 km | Vel Err:    0.00 m/s
[Solver Step 014000] t= 5.635 | Pos Err:    0.04 km | Vel Err:    0.00 m/s
[Solver Step 015000] t= 6.114 | Pos Err:    0.07 km | Vel Err:    0.02 m/s
[Solver Step 016000] t= 6.500 | Pos Err:    0.09 km | Vel Err:    0.00 m/s
[Solver Step 017000] t= 6.927 | Pos Err:    0.09 km | Vel Err:    0.00 m/s
[Solver Step 018000] t= 7.271 | Pos Err:    0.15 km | Vel Err:    0.10 m/s
[Solver Step 019000] t= 7.692 | Pos Err:    0.03 km | Vel Err:    0.00 m/s
[Solver Step 020000] t= 8.170 | Pos Err:    0.03 km | Vel Err:    0.00 m/s
[Solver Step 021000] t= 8.557 | Pos Err:    0.03 km | Vel Err:    0.03 m/s
[Solver Step 022000] t= 8.924 | Pos Err:    0.07 km | Vel Err:    0.00 m/s
[Solver Step 023000] t= 9.318 | Pos Err:    0.08 km | Vel Err:    0.00 m/s
[Solver Step 024000] t= 9.777 | Pos Err:    0.06 km | Vel Err:    0.03 m/s
[Solver Step 025000] t=10.177 | Pos Err:    0.05 km | Vel Err:    0.00 m/s
[Solver Step 026000] t=10.577 | Pos Err:    0.03 km | Vel Err:    0.00 m/s
[Solver Step 027000] t=10.937 | Pos Err:    0.09 km | Vel Err:    0.09 m/s
[Solver Step 028000] t=11.355 | Pos Err:    0.09 km | Vel Err:    0.00 m/s
[Solver Step 029000] t=11.812 | Pos Err:    0.09 km | Vel Err:    0.00 m/s
[Solver Step 030000] t=12.181 | Pos Err:    0.08 km | Vel Err:    0.03 m/s
[Multiple Shooting] Converged in 6 iterations with residual 9.36e-15
[Solver Step 001000] t= 0.317 | Pos Err:   15.30 km | Vel Err:    0.31 m/s
[Solver Step 002000] t= 0.654 | Pos Err:   97.61 km | Vel Err:    1.93 m/s
[Solver Step 003000] t= 1.000 | Pos Err:   16.23 km | Vel Err:    0.34 m/s
[Solver Step 004000] t= 1.334 | Pos Err:   84.49 km | Vel Err:    1.68 m/s
[Solver Step 005000] t= 1.668 | Pos Err:   93.09 km | Vel Err:    1.79 m/s
[Solver Step 006000] t= 2.011 | Pos Err:    8.47 km | Vel Err:    0.23 m/s
[Solver Step 007000] t= 2.350 | Pos Err:  196.59 km | Vel Err:    4.69 m/s
[Multiple Shooting] Converged in 4 iterations with residual 1.07e-11
[Solver Step 001000] t= 0.344 | Pos Err:    2.79 km | Vel Err:    0.07 m/s
[Solver Step 002000] t= 0.693 | Pos Err:   61.47 km | Vel Err:    1.35 m/s
[Solver Step 003000] t= 1.042 | Pos Err:   27.54 km | Vel Err:    0.53 m/s
[Solver Step 004000] t= 1.401 | Pos Err:    2.28 km | Vel Err:    0.04 m/s
[Solver Step 005000] t= 1.761 | Pos Err:   24.25 km | Vel Err:    0.51 m/s
[Solver Step 006000] t= 2.095 | Pos Err:   52.81 km | Vel Err:    1.09 m/s
[Solver Step 007000] t= 2.462 | Pos Err:  140.91 km | Vel Err:    3.15 m/s
[Solver Step 001000] t= 0.470 | Pos Err:    0.77 km | Vel Err:    0.02 m/s
[Solver Step 002000] t= 0.908 | Pos Err:    1.09 km | Vel Err:    0.02 m/s
[Solver Step 003000] t= 1.347 | Pos Err:    0.25 km | Vel Err:    0.14 m/s
[Solver Step 004000] t= 1.836 | Pos Err:    0.88 km | Vel Err:    0.02 m/s
[Solver Step 001000] t= 0.416 | Pos Err:    0.43 km | Vel Err:    0.01 m/s
[Solver Step 002000] t= 0.790 | Pos Err:    0.05 km | Vel Err:    0.00 m/s
[Solver Step 003000] t= 1.099 | Pos Err:    0.01 km | Vel Err:    0.04 m/s
[Solver Step 004000] t= 1.551 | Pos Err:    0.06 km | Vel Err:    0.00 m/s
[Solver Step 005000] t= 2.102 | Pos Err:    0.06 km | Vel Err:    0.00 m/s
[Solver Step 006000] t= 2.515 | Pos Err:    0.06 km | Vel Err:    0.01 m/s
[Solver Step 007000] t= 3.014 | Pos Err:    0.06 km | Vel Err:    0.00 m/s
[Solver Step 008000] t= 3.567 | Pos Err:    0.06 km | Vel Err:    0.00 m/s
[Solver Step 009000] t= 4.057 | Pos Err:    0.06 km | Vel Err:    0.01 m/s
[Solver Step 010000] t= 4.459 | Pos Err:    0.06 km | Vel Err:    0.00 m/s
[Solver Step 011000] t= 4.997 | Pos Err:    0.06 km | Vel Err:    0.00 m/s
[Solver Step 012000] t= 5.584 | Pos Err:    0.05 km | Vel Err:    0.05 m/s
[Solver Step 013000] t= 6.066 | Pos Err:    0.06 km | Vel Err:    0.00 m/s
[Solver Step 014000] t= 6.467 | Pos Err:    0.06 km | Vel Err:    0.00 m/s
[Solver Step 015000] t= 7.025 | Pos Err:    0.03 km | Vel Err:    0.08 m/s
[Multiple Shooting] Converged in 4 iterations with residual 2.31e-15
[Solver Step 001000] t= 0.378 | Pos Err:    2.62 km | Vel Err:    0.05 m/s
[Solver Step 002000] t= 0.756 | Pos Err:   11.13 km | Vel Err:    0.21 m/s
[Solver Step 003000] t= 1.125 | Pos Err:    3.47 km | Vel Err:    0.09 m/s
[Solver Step 004000] t= 1.488 | Pos Err:   10.24 km | Vel Err:    0.17 m/s
[Solver Step 005000] t= 1.866 | Pos Err:    1.48 km | Vel Err:    0.03 m/s
[Solver Step 006000] t= 2.246 | Pos Err:   11.45 km | Vel Err:    0.23 m/s
[Multiple Shooting] Converged in 3 iterations with residual 2.86e-15
[Solver Step 001000] t= 0.407 | Pos Err:    2.30 km | Vel Err:    0.05 m/s
[Solver Step 002000] t= 0.798 | Pos Err:    3.22 km | Vel Err:    0.06 m/s
[Solver Step 003000] t= 1.178 | Pos Err:    3.75 km | Vel Err:    0.05 m/s
[Solver Step 004000] t= 1.560 | Pos Err:    5.59 km | Vel Err:    0.11 m/s
[Solver Step 005000] t= 1.952 | Pos Err:    2.49 km | Vel Err:    0.05 m/s
[Solver Step 006000] t= 2.342 | Pos Err:    6.50 km | Vel Err:    0.14 m/s
[Multiple Shooting] Converged in 4 iterations with residual 3.81e-14
[Solver Step 001000] t= 0.360 | Pos Err:    3.21 km | Vel Err:    0.07 m/s
[Solver Step 002000] t= 0.713 | Pos Err:   17.38 km | Vel Err:    0.35 m/s
[Solver Step 003000] t= 1.073 | Pos Err:    6.89 km | Vel Err:    0.15 m/s
[Solver Step 004000] t= 1.452 | Pos Err:    7.48 km | Vel Err:    0.16 m/s
[Solver Step 005000] t= 1.830 | Pos Err:    6.28 km | Vel Err:    0.14 m/s
[Solver Step 006000] t= 2.200 | Pos Err:    5.57 km | Vel Err:    0.14 m/s
[Multiple Shooting] Converged in 2 iterations with residual 1.51e-15
[Solver Step 001000] t= 0.480 | Pos Err:    0.20 km | Vel Err:    0.01 m/s
[Solver Step 002000] t= 0.939 | Pos Err:    0.27 km | Vel Err:    0.01 m/s
[Solver Step 003000] t= 1.479 | Pos Err:    0.17 km | Vel Err:    0.01 m/s
[Solver Step 004000] t= 2.059 | Pos Err:    0.23 km | Vel Err:    0.00 m/s
[Solver Step 005000] t= 2.492 | Pos Err:    0.26 km | Vel Err:    0.00 m/s
[Solver Step 006000] t= 2.946 | Pos Err:    0.89 km | Vel Err:    0.02 m/s
[Solver Step 001000] t= 0.420 | Pos Err:    0.42 km | Vel Err:    0.01 m/s
[Solver Step 002000] t= 0.793 | Pos Err:    0.06 km | Vel Err:    0.00 m/s
[Solver Step 003000] t= 1.102 | Pos Err:    0.01 km | Vel Err:    0.04 m/s
[Solver Step 004000] t= 1.556 | Pos Err:    0.05 km | Vel Err:    0.00 m/s
[Solver Step 005000] t= 2.106 | Pos Err:    0.05 km | Vel Err:    0.00 m/s
[Solver Step 006000] t= 2.519 | Pos Err:    0.05 km | Vel Err:    0.01 m/s
[Solver Step 007000] t= 3.019 | Pos Err:    0.05 km | Vel Err:    0.00 m/s
[Solver Step 008000] t= 3.572 | Pos Err:    0.05 km | Vel Err:    0.00 m/s
[Solver Step 009000] t= 4.061 | Pos Err:    0.05 km | Vel Err:    0.01 m/s
[Solver Step 010000] t= 4.463 | Pos Err:    0.05 km | Vel Err:    0.00 m/s
[Solver Step 011000] t= 5.002 | Pos Err:    0.05 km | Vel Err:    0.00 m/s
[Solver Step 012000] t= 5.589 | Pos Err:    0.03 km | Vel Err:    0.05 m/s
[Solver Step 013000] t= 6.070 | Pos Err:    0.05 km | Vel Err:    0.00 m/s
[Solver Step 014000] t= 6.472 | Pos Err:    0.05 km | Vel Err:    0.00 m/s
[Solver Step 015000] t= 7.030 | Pos Err:    0.03 km | Vel Err:    0.08 m/s
[Multiple Shooting] Converged in 2 iterations with residual 1.59e-15
[Solver Step 001000] t= 0.479 | Pos Err:    0.47 km | Vel Err:    0.01 m/s
[Solver Step 002000] t= 0.975 | Pos Err:    0.03 km | Vel Err:    0.00 m/s
[Solver Step 003000] t= 1.427 | Pos Err:    0.22 km | Vel Err:    0.01 m/s
[Solver Step 004000] t= 1.947 | Pos Err:    0.25 km | Vel Err:    0.01 m/s
[Solver Step 005000] t= 2.504 | Pos Err:    0.41 km | Vel Err:    0.01 m/s
[Solver Step 006000] t= 2.941 | Pos Err:    1.27 km | Vel Err:    0.03 m/s
[Multiple Shooting] Converged in 2 iterations with residual 3.65e-12
[Solver Step 001000] t= 0.416 | Pos Err:    0.47 km | Vel Err:    0.01 m/s
[Solver Step 002000] t= 0.922 | Pos Err:    2.28 km | Vel Err:    0.04 m/s
[Solver Step 003000] t= 1.385 | Pos Err:   35.38 km | Vel Err:    0.68 m/s
[Solver Step 004000] t= 1.741 | Pos Err:  106.96 km | Vel Err:    2.16 m/s
[Solver Step 005000] t= 2.240 | Pos Err:    2.14 km | Vel Err:    0.05 m/s
[Solver Step 006000] t= 2.670 | Pos Err:    0.95 km | Vel Err:    0.02 m/s
[Solver Step 007000] t= 3.079 | Pos Err:    6.94 km | Vel Err:    0.16 m/s
[Solver Step 001000] t= 0.218 | Pos Err:   11.97 km | Vel Err:    0.22 m/s
[Solver Step 002000] t= 0.470 | Pos Err:    1.44 km | Vel Err:    0.04 m/s
[Solver Step 003000] t= 0.713 | Pos Err:    0.26 km | Vel Err:    0.03 m/s
[Solver Step 004000] t= 0.928 | Pos Err:    0.03 km | Vel Err:    0.00 m/s
[Solver Step 005000] t= 1.178 | Pos Err:    0.04 km | Vel Err:    0.00 m/s
[Solver Step 006000] t= 1.431 | Pos Err:    0.04 km | Vel Err:    0.04 m/s
[Solver Step 007000] t= 1.661 | Pos Err:    0.03 km | Vel Err:    0.00 m/s
[Solver Step 008000] t= 1.876 | Pos Err:    0.02 km | Vel Err:    0.00 m/s
[Solver Step 009000] t= 2.134 | Pos Err:    0.15 km | Vel Err:    0.11 m/s
[Solver Step 010000] t= 2.377 | Pos Err:    0.05 km | Vel Err:    0.00 m/s
[Solver Step 011000] t= 2.590 | Pos Err:    0.05 km | Vel Err:    0.00 m/s
[Solver Step 012000] t= 2.837 | Pos Err:    0.91 km | Vel Err:    0.76 m/s
[Solver Step 013000] t= 3.092 | Pos Err:    0.07 km | Vel Err:    0.00 m/s
[Solver Step 014000] t= 3.313 | Pos Err:    0.07 km | Vel Err:    0.00 m/s
[Solver Step 015000] t= 3.535 | Pos Err:    0.71 km | Vel Err:    0.54 m/s
[Solver Step 016000] t= 3.796 | Pos Err:    0.06 km | Vel Err:    0.00 m/s
[Solver Step 017000] t= 4.038 | Pos Err:    0.08 km | Vel Err:    0.00 m/s
[Solver Step 018000] t= 4.246 | Pos Err:    0.36 km | Vel Err:    0.22 m/s
[Solver Step 019000] t= 4.497 | Pos Err:    0.06 km | Vel Err:    0.02 m/s
[Solver Step 020000] t= 4.751 | Pos Err:    0.08 km | Vel Err:    0.00 m/s
[Solver Step 021000] t= 4.969 | Pos Err:    0.12 km | Vel Err:    0.11 m/s
[Solver Step 022000] t= 5.189 | Pos Err:    0.08 km | Vel Err:    0.01 m/s
[Solver Step 023000] t= 5.455 | Pos Err:    0.08 km | Vel Err:    0.00 m/s
[Solver Step 024000] t= 5.698 | Pos Err:    0.05 km | Vel Err:    0.12 m/s
[Solver Step 025000] t= 5.904 | Pos Err:    0.04 km | Vel Err:    0.00 m/s
[Solver Step 026000] t= 6.158 | Pos Err:    0.07 km | Vel Err:    0.00 m/s
[Solver Step 027000] t= 6.412 | Pos Err:    0.20 km | Vel Err:    0.24 m/s
[Solver Step 028000] t= 6.624 | Pos Err:    0.02 km | Vel Err:    0.00 m/s
[Solver Step 029000] t= 6.850 | Pos Err:    0.05 km | Vel Err:    0.00 m/s
[Multiple Shooting] Converged in 2 iterations with residual 1.44e-15
[Solver Step 001000] t= 0.454 | Pos Err:    0.28 km | Vel Err:    0.01 m/s
[Solver Step 002000] t= 1.017 | Pos Err:    0.14 km | Vel Err:    0.00 m/s
[Solver Step 003000] t= 1.608 | Pos Err:    0.08 km | Vel Err:    0.01 m/s
[Solver Step 004000] t= 2.027 | Pos Err:    0.30 km | Vel Err:    0.01 m/s
[Solver Step 005000] t= 2.495 | Pos Err:    0.28 km | Vel Err:    0.01 m/s
[Solver Step 006000] t= 3.055 | Pos Err:    5.44 km | Vel Err:    0.14 m/s
[Multiple Shooting] Converged in 7 iterations with residual 1.41e-14
[Solver Step 001000] t= 0.319 | Pos Err:  128.48 km | Vel Err:    2.55 m/s
[Solver Step 002000] t= 0.638 | Pos Err:  288.32 km | Vel Err:    5.16 m/s
[Solver Step 003000] t= 0.971 | Pos Err:   43.38 km | Vel Err:    0.81 m/s
[Solver Step 004000] t= 1.282 | Pos Err:  442.96 km | Vel Err:    8.37 m/s
[Solver Step 005000] t= 1.615 | Pos Err:   35.74 km | Vel Err:    0.60 m/s
[Solver Step 006000] t= 1.941 | Pos Err:  256.33 km | Vel Err:    5.45 m/s
[Solver Step 007000] t= 2.267 | Pos Err:   70.55 km | Vel Err:    1.17 m/s
[Multiple Shooting] Converged in 4 iterations with residual 3.21e-15
[Solver Step 001000] t= 0.384 | Pos Err:    4.89 km | Vel Err:    0.11 m/s
[Solver Step 002000] t= 0.765 | Pos Err:    8.56 km | Vel Err:    0.16 m/s
[Solver Step 003000] t= 1.137 | Pos Err:    2.97 km | Vel Err:    0.09 m/s
[Solver Step 004000] t= 1.504 | Pos Err:   13.25 km | Vel Err:    0.25 m/s
[Solver Step 005000] t= 1.882 | Pos Err:    2.11 km | Vel Err:    0.05 m/s
[Solver Step 006000] t= 2.264 | Pos Err:   10.19 km | Vel Err:    0.19 m/s
[Multiple Shooting] Converged in 2 iterations with residual 1.49e-11
[Solver Step 001000] t= 0.427 | Pos Err:    0.37 km | Vel Err:    0.01 m/s
[Solver Step 002000] t= 0.893 | Pos Err:    0.22 km | Vel Err:    0.00 m/s
[Solver Step 003000] t= 1.387 | Pos Err:    1.21 km | Vel Err:    0.02 m/s
[Solver Step 004000] t= 1.805 | Pos Err:    5.63 km | Vel Err:    0.10 m/s
[Solver Step 005000] t= 2.157 | Pos Err:  178.20 km | Vel Err:    3.50 m/s
[Solver Step 006000] t= 2.616 | Pos Err:    5.03 km | Vel Err:    0.10 m/s
[Solver Step 007000] t= 3.092 | Pos Err:   33.21 km | Vel Err:    0.75 m/s
[Multiple Shooting] Converged in 2 iterations with residual 8.89e-12
[Solver Step 001000] t= 0.427 | Pos Err:    0.58 km | Vel Err:    0.01 m/s
[Solver Step 002000] t= 0.932 | Pos Err:    1.33 km | Vel Err:    0.03 m/s
[Solver Step 003000] t= 1.414 | Pos Err:    9.32 km | Vel Err:    0.19 m/s
[Solver Step 004000] t= 1.745 | Pos Err:   81.02 km | Vel Err:    1.59 m/s
[Solver Step 005000] t= 2.238 | Pos Err:    1.88 km | Vel Err:    0.05 m/s
[Solver Step 006000] t= 2.686 | Pos Err:    1.36 km | Vel Err:    0.03 m/s
[Solver Step 007000] t= 3.081 | Pos Err:    8.20 km | Vel Err:    0.18 m/s
[Multiple Shooting] Converged in 2 iterations with residual 1.66e-15
[Solver Step 001000] t= 0.490 | Pos Err:    0.26 km | Vel Err:    0.01 m/s
[Solver Step 002000] t= 0.954 | Pos Err:    0.23 km | Vel Err:    0.01 m/s
[Solver Step 003000] t= 1.442 | Pos Err:    0.09 km | Vel Err:    0.01 m/s
[Solver Step 004000] t= 1.994 | Pos Err:    0.02 km | Vel Err:    0.00 m/s
[Solver Step 005000] t= 2.535 | Pos Err:    0.17 km | Vel Err:    0.00 m/s
[Solver Step 006000] t= 2.927 | Pos Err:    1.65 km | Vel Err:    0.03 m/s
[Multiple Shooting] Converged in 2 iterations with residual 1.67e-15
[Solver Step 001000] t= 0.480 | Pos Err:    0.25 km | Vel Err:    0.01 m/s
[Solver Step 002000] t= 0.947 | Pos Err:    0.25 km | Vel Err:    0.00 m/s
[Solver Step 003000] t= 1.495 | Pos Err:    0.16 km | Vel Err:    0.01 m/s
[Solver Step 004000] t= 2.072 | Pos Err:    0.10 km | Vel Err:    0.00 m/s
[Solver Step 005000] t= 2.491 | Pos Err:    0.26 km | Vel Err:    0.00 m/s
[Solver Step 006000] t= 2.959 | Pos Err:    0.28 km | Vel Err:    0.02 m/s
[Solver Step 001000] t= 0.219 | Pos Err:   26.09 km | Vel Err:    0.50 m/s
[Solver Step 002000] t= 0.472 | Pos Err:    3.18 km | Vel Err:    0.09 m/s
[Solver Step 003000] t= 0.714 | Pos Err:    0.54 km | Vel Err:    0.02 m/s
[Solver Step 004000] t= 0.934 | Pos Err:    0.04 km | Vel Err:    0.00 m/s
[Solver Step 005000] t= 1.180 | Pos Err:    0.07 km | Vel Err:    0.00 m/s
[Solver Step 006000] t= 1.432 | Pos Err:    0.10 km | Vel Err:    0.07 m/s
[Solver Step 007000] t= 1.666 | Pos Err:    0.07 km | Vel Err:    0.00 m/s
[Solver Step 008000] t= 1.880 | Pos Err:    0.07 km | Vel Err:    0.00 m/s
[Solver Step 009000] t= 2.136 | Pos Err:    0.26 km | Vel Err:    0.18 m/s
[Solver Step 010000] t= 2.381 | Pos Err:    0.08 km | Vel Err:    0.00 m/s
[Solver Step 011000] t= 2.594 | Pos Err:    0.10 km | Vel Err:    0.00 m/s
[Solver Step 012000] t= 2.839 | Pos Err:    0.92 km | Vel Err:    0.81 m/s
[Solver Step 013000] t= 3.095 | Pos Err:    0.10 km | Vel Err:    0.00 m/s
[Solver Step 014000] t= 3.317 | Pos Err:    0.11 km | Vel Err:    0.00 m/s
[Solver Step 015000] t= 3.538 | Pos Err:    0.67 km | Vel Err:    0.51 m/s
[Solver Step 016000] t= 3.798 | Pos Err:    0.10 km | Vel Err:    0.00 m/s
[Solver Step 017000] t= 4.040 | Pos Err:    0.13 km | Vel Err:    0.00 m/s
[Solver Step 018000] t= 4.250 | Pos Err:    0.35 km | Vel Err:    0.20 m/s
[Solver Step 019000] t= 4.499 | Pos Err:    0.10 km | Vel Err:    0.02 m/s
[Solver Step 020000] t= 4.754 | Pos Err:    0.12 km | Vel Err:    0.00 m/s
[Solver Step 021000] t= 4.973 | Pos Err:    0.10 km | Vel Err:    0.11 m/s
[Solver Step 022000] t= 5.192 | Pos Err:    0.12 km | Vel Err:    0.01 m/s
[Solver Step 023000] t= 5.458 | Pos Err:    0.12 km | Vel Err:    0.00 m/s
[Solver Step 024000] t= 5.701 | Pos Err:    0.01 km | Vel Err:    0.12 m/s
[Solver Step 025000] t= 5.908 | Pos Err:    0.09 km | Vel Err:    0.00 m/s
[Solver Step 026000] t= 6.160 | Pos Err:    0.11 km | Vel Err:    0.00 m/s
[Solver Step 027000] t= 6.416 | Pos Err:    0.18 km | Vel Err:    0.24 m/s
[Solver Step 028000] t= 6.629 | Pos Err:    0.06 km | Vel Err:    0.00 m/s
[Solver Step 029000] t= 6.852 | Pos Err:    0.08 km | Vel Err:    0.00 m/s
[Multiple Shooting] Converged in 2 iterations with residual 1.98e-11
[Solver Step 001000] t= 0.425 | Pos Err:    0.39 km | Vel Err:    0.01 m/s
[Solver Step 002000] t= 0.891 | Pos Err:    0.24 km | Vel Err:    0.01 m/s
[Solver Step 003000] t= 1.383 | Pos Err:    1.10 km | Vel Err:    0.02 m/s
[Solver Step 004000] t= 1.803 | Pos Err:    5.01 km | Vel Err:    0.08 m/s
[Solver Step 005000] t= 2.154 | Pos Err:  178.54 km | Vel Err:    3.56 m/s
[Solver Step 006000] t= 2.613 | Pos Err:    5.57 km | Vel Err:    0.11 m/s
[Solver Step 007000] t= 3.089 | Pos Err:   34.31 km | Vel Err:    0.77 m/s
[Solver Step 001000] t= 0.416 | Pos Err:    0.46 km | Vel Err:    0.01 m/s
[Solver Step 002000] t= 0.791 | Pos Err:    0.06 km | Vel Err:    0.00 m/s
[Solver Step 003000] t= 1.100 | Pos Err:    0.01 km | Vel Err:    0.04 m/s
[Solver Step 004000] t= 1.552 | Pos Err:    0.05 km | Vel Err:    0.00 m/s
[Solver Step 005000] t= 2.103 | Pos Err:    0.05 km | Vel Err:    0.00 m/s
[Solver Step 006000] t= 2.516 | Pos Err:    0.05 km | Vel Err:    0.01 m/s
[Solver Step 007000] t= 3.016 | Pos Err:    0.05 km | Vel Err:    0.00 m/s
[Solver Step 008000] t= 3.568 | Pos Err:    0.05 km | Vel Err:    0.00 m/s
[Solver Step 009000] t= 4.058 | Pos Err:    0.05 km | Vel Err:    0.01 m/s
[Solver Step 010000] t= 4.460 | Pos Err:    0.05 km | Vel Err:    0.00 m/s
[Solver Step 011000] t= 4.998 | Pos Err:    0.05 km | Vel Err:    0.00 m/s
[Solver Step 012000] t= 5.585 | Pos Err:    0.03 km | Vel Err:    0.05 m/s
[Solver Step 013000] t= 6.067 | Pos Err:    0.05 km | Vel Err:    0.00 m/s
[Solver Step 014000] t= 6.468 | Pos Err:    0.05 km | Vel Err:    0.00 m/s
[Solver Step 015000] t= 7.026 | Pos Err:    0.03 km | Vel Err:    0.08 m/s
[Multiple Shooting] Converged in 2 iterations with residual 1.45e-15
[Solver Step 001000] t= 0.478 | Pos Err:    0.48 km | Vel Err:    0.01 m/s
[Solver Step 002000] t= 0.941 | Pos Err:    0.27 km | Vel Err:    0.01 m/s
[Solver Step 003000] t= 1.485 | Pos Err:    0.18 km | Vel Err:    0.01 m/s
[Solver Step 004000] t= 2.063 | Pos Err:    0.18 km | Vel Err:    0.00 m/s
[Solver Step 005000] t= 2.489 | Pos Err:    0.25 km | Vel Err:    0.00 m/s
[Solver Step 006000] t= 2.950 | Pos Err:    0.69 km | Vel Err:    0.02 m/s
[Multiple Shooting] Converged in 2 iterations with residual 4.33e-11
[Solver Step 001000] t= 0.424 | Pos Err:    0.51 km | Vel Err:    0.01 m/s
[Solver Step 002000] t= 0.895 | Pos Err:    0.21 km | Vel Err:    0.00 m/s
[Solver Step 003000] t= 1.391 | Pos Err:    1.50 km | Vel Err:    0.03 m/s
[Solver Step 004000] t= 1.806 | Pos Err:    9.85 km | Vel Err:    0.19 m/s
[Solver Step 005000] t= 2.158 | Pos Err:  159.44 km | Vel Err:    3.13 m/s
[Solver Step 006000] t= 2.621 | Pos Err:    2.07 km | Vel Err:    0.05 m/s
[Solver Step 007000] t= 3.095 | Pos Err:   29.36 km | Vel Err:    0.66 m/s
[Solver Step 001000] t= 0.417 | Pos Err:    0.51 km | Vel Err:    0.01 m/s
[Solver Step 002000] t= 0.791 | Pos Err:    0.05 km | Vel Err:    0.00 m/s
[Solver Step 003000] t= 1.100 | Pos Err:    0.01 km | Vel Err:    0.04 m/s
[Solver Step 004000] t= 1.552 | Pos Err:    0.06 km | Vel Err:    0.00 m/s
[Solver Step 005000] t= 2.103 | Pos Err:    0.06 km | Vel Err:    0.00 m/s
[Solver Step 006000] t= 2.516 | Pos Err:    0.06 km | Vel Err:    0.01 m/s
[Solver Step 007000] t= 3.016 | Pos Err:    0.06 km | Vel Err:    0.00 m/s
[Solver Step 008000] t= 3.569 | Pos Err:    0.06 km | Vel Err:    0.00 m/s
[Solver Step 009000] t= 4.058 | Pos Err:    0.06 km | Vel Err:    0.01 m/s
[Solver Step 010000] t= 4.460 | Pos Err:    0.06 km | Vel Err:    0.00 m/s
[Solver Step 011000] t= 4.998 | Pos Err:    0.06 km | Vel Err:    0.00 m/s
[Solver Step 012000] t= 5.586 | Pos Err:    0.05 km | Vel Err:    0.05 m/s
[Solver Step 013000] t= 6.068 | Pos Err:    0.06 km | Vel Err:    0.00 m/s
[Solver Step 014000] t= 6.469 | Pos Err:    0.06 km | Vel Err:    0.00 m/s
[Solver Step 015000] t= 7.026 | Pos Err:    0.03 km | Vel Err:    0.08 m/s
[Multiple Shooting] Converged in 2 iterations with residual 1.49e-15
[Solver Step 001000] t= 0.466 | Pos Err:    0.29 km | Vel Err:    0.01 m/s
[Solver Step 002000] t= 0.953 | Pos Err:    0.21 km | Vel Err:    0.00 m/s
[Solver Step 003000] t= 1.514 | Pos Err:    0.06 km | Vel Err:    0.01 m/s
[Solver Step 004000] t= 2.084 | Pos Err:    0.10 km | Vel Err:    0.00 m/s
[Solver Step 005000] t= 2.487 | Pos Err:    0.22 km | Vel Err:    0.00 m/s
[Solver Step 006000] t= 2.973 | Pos Err:    0.56 km | Vel Err:    0.03 m/s
[Multiple Shooting] Converged in 17 iterations with residual 1.44e-15
[Solver Step 001000] t= 0.517 | Pos Err:    0.88 km | Vel Err:    0.02 m/s
[Solver Step 002000] t= 0.937 | Pos Err:    0.09 km | Vel Err:    0.00 m/s
[Solver Step 003000] t= 1.404 | Pos Err:    9.91 km | Vel Err:    0.16 m/s
[Solver Step 004000] t= 1.806 | Pos Err:  342.52 km | Vel Err:    7.91 m/s
[Solver Step 005000] t= 2.271 | Pos Err:    4.60 km | Vel Err:    0.08 m/s
[Solver Step 001000] t= 0.412 | Pos Err:    2.40 km | Vel Err:    0.06 m/s
[Solver Step 002000] t= 0.816 | Pos Err:    0.07 km | Vel Err:    0.00 m/s
[Solver Step 003000] t= 1.258 | Pos Err:    0.04 km | Vel Err:    0.01 m/s
[Solver Step 004000] t= 1.604 | Pos Err:    0.02 km | Vel Err:    0.00 m/s
[Solver Step 005000] t= 1.990 | Pos Err:    0.07 km | Vel Err:    0.00 m/s
[Solver Step 006000] t= 2.443 | Pos Err:    0.10 km | Vel Err:    0.02 m/s
[Solver Step 007000] t= 2.844 | Pos Err:    0.09 km | Vel Err:    0.00 m/s
[Solver Step 008000] t= 3.242 | Pos Err:    0.09 km | Vel Err:    0.00 m/s
[Solver Step 009000] t= 3.616 | Pos Err:    0.12 km | Vel Err:    0.08 m/s
[Solver Step 010000] t= 4.030 | Pos Err:    0.04 km | Vel Err:    0.00 m/s
[Solver Step 011000] t= 4.450 | Pos Err:    0.07 km | Vel Err:    0.00 m/s
[Solver Step 012000] t= 4.892 | Pos Err:    0.06 km | Vel Err:    0.04 m/s
[Solver Step 013000] t= 5.231 | Pos Err:    0.09 km | Vel Err:    0.00 m/s
[Solver Step 014000] t= 5.628 | Pos Err:    0.07 km | Vel Err:    0.00 m/s
[Solver Step 015000] t= 6.107 | Pos Err:    0.03 km | Vel Err:    0.02 m/s
[Solver Step 016000] t= 6.494 | Pos Err:    0.02 km | Vel Err:    0.00 m/s
[Solver Step 017000] t= 6.921 | Pos Err:    0.03 km | Vel Err:    0.00 m/s
[Solver Step 018000] t= 7.265 | Pos Err:    0.10 km | Vel Err:    0.10 m/s
[Solver Step 019000] t= 7.685 | Pos Err:    0.09 km | Vel Err:    0.00 m/s
[Solver Step 020000] t= 8.165 | Pos Err:    0.08 km | Vel Err:    0.00 m/s
[Solver Step 021000] t= 8.550 | Pos Err:    0.06 km | Vel Err:    0.03 m/s
[Solver Step 022000] t= 8.921 | Pos Err:    0.04 km | Vel Err:    0.00 m/s
[Solver Step 023000] t= 9.312 | Pos Err:    0.05 km | Vel Err:    0.00 m/s
[Solver Step 024000] t= 9.770 | Pos Err:    0.08 km | Vel Err:    0.03 m/s
[Solver Step 025000] t=10.172 | Pos Err:    0.09 km | Vel Err:    0.00 m/s
[Solver Step 026000] t=10.571 | Pos Err:    0.09 km | Vel Err:    0.00 m/s
[Solver Step 027000] t=10.931 | Pos Err:    0.14 km | Vel Err:    0.09 m/s
[Solver Step 028000] t=11.351 | Pos Err:    0.02 km | Vel Err:    0.00 m/s
[Solver Step 029000] t=11.806 | Pos Err:    0.04 km | Vel Err:    0.00 m/s
[Solver Step 030000] t=12.175 | Pos Err:    0.04 km | Vel Err:    0.03 m/s
[Solver Step 031000] t=12.566 | Pos Err:    0.08 km | Vel Err:    0.00 m/s
[Multiple Shooting] Converged in 2 iterations with residual 1.34e-15
[Solver Step 001000] t= 0.463 | Pos Err:    0.24 km | Vel Err:    0.00 m/s
[Solver Step 002000] t= 0.994 | Pos Err:    0.10 km | Vel Err:    0.00 m/s
[Solver Step 003000] t= 1.589 | Pos Err:    0.19 km | Vel Err:    0.02 m/s
[Solver Step 004000] t= 2.096 | Pos Err:    0.18 km | Vel Err:    0.00 m/s
[Solver Step 005000] t= 2.503 | Pos Err:    0.31 km | Vel Err:    0.01 m/s
[Solver Step 006000] t= 3.030 | Pos Err:    4.18 km | Vel Err:    0.11 m/s
[Multiple Shooting] Converged in 2 iterations with residual 1.33e-15
[Solver Step 001000] t= 0.488 | Pos Err:    0.37 km | Vel Err:    0.01 m/s
[Solver Step 002000] t= 0.940 | Pos Err:    0.27 km | Vel Err:    0.01 m/s
[Solver Step 003000] t= 1.470 | Pos Err:    0.15 km | Vel Err:    0.01 m/s
[Solver Step 004000] t= 2.049 | Pos Err:    0.31 km | Vel Err:    0.01 m/s
[Solver Step 005000] t= 2.505 | Pos Err:    0.35 km | Vel Err:    0.01 m/s
[Solver Step 006000] t= 2.940 | Pos Err:    1.13 km | Vel Err:    0.02 m/s
[Solver Step 001000] t= 0.215 | Pos Err:   24.97 km | Vel Err:    0.70 m/s
[Solver Step 002000] t= 0.468 | Pos Err:    3.16 km | Vel Err:    0.08 m/s
[Solver Step 003000] t= 0.711 | Pos Err:    0.40 km | Vel Err:    0.04 m/s
[Solver Step 004000] t= 0.924 | Pos Err:    0.04 km | Vel Err:    0.01 m/s
[Solver Step 005000] t= 1.175 | Pos Err:    0.03 km | Vel Err:    0.00 m/s
[Solver Step 006000] t= 1.429 | Pos Err:    0.09 km | Vel Err:    0.03 m/s
[Solver Step 007000] t= 1.658 | Pos Err:    0.09 km | Vel Err:    0.00 m/s
[Solver Step 008000] t= 1.873 | Pos Err:    0.06 km | Vel Err:    0.00 m/s
[Solver Step 009000] t= 2.133 | Pos Err:    0.26 km | Vel Err:    0.16 m/s
[Solver Step 010000] t= 2.374 | Pos Err:    0.11 km | Vel Err:    0.00 m/s
[Solver Step 011000] t= 2.586 | Pos Err:    0.09 km | Vel Err:    0.00 m/s
[Solver Step 012000] t= 2.835 | Pos Err:    1.27 km | Vel Err:    1.06 m/s
[Solver Step 013000] t= 3.090 | Pos Err:    0.12 km | Vel Err:    0.00 m/s
[Solver Step 014000] t= 3.309 | Pos Err:    0.10 km | Vel Err:    0.00 m/s
[Solver Step 015000] t= 3.532 | Pos Err:    0.66 km | Vel Err:    0.57 m/s
[Solver Step 016000] t= 3.794 | Pos Err:    0.12 km | Vel Err:    0.00 m/s
[Solver Step 017000] t= 4.035 | Pos Err:    0.10 km | Vel Err:    0.00 m/s
[Solver Step 018000] t= 4.242 | Pos Err:    0.31 km | Vel Err:    0.23 m/s
[Solver Step 019000] t= 4.495 | Pos Err:    0.08 km | Vel Err:    0.02 m/s
[Solver Step 020000] t= 4.748 | Pos Err:    0.09 km | Vel Err:    0.00 m/s
[Solver Step 021000] t= 4.965 | Pos Err:    0.07 km | Vel Err:    0.11 m/s
[Solver Step 022000] t= 5.187 | Pos Err:    0.09 km | Vel Err:    0.01 m/s
[Solver Step 023000] t= 5.453 | Pos Err:    0.08 km | Vel Err:    0.00 m/s
[Solver Step 024000] t= 5.694 | Pos Err:    0.07 km | Vel Err:    0.12 m/s
[Solver Step 025000] t= 5.901 | Pos Err:    0.06 km | Vel Err:    0.00 m/s
[Solver Step 026000] t= 6.156 | Pos Err:    0.07 km | Vel Err:    0.00 m/s
[Solver Step 027000] t= 6.409 | Pos Err:    0.24 km | Vel Err:    0.24 m/s
[Solver Step 028000] t= 6.620 | Pos Err:    0.05 km | Vel Err:    0.00 m/s
[Solver Step 029000] t= 6.848 | Pos Err:    0.05 km | Vel Err:    0.00 m/s
[Solver Step 001000] t= 0.217 | Pos Err:   15.63 km | Vel Err:    0.42 m/s
[Solver Step 002000] t= 0.471 | Pos Err:    1.93 km | Vel Err:    0.05 m/s
[Solver Step 003000] t= 0.713 | Pos Err:    0.25 km | Vel Err:    0.03 m/s
[Solver Step 004000] t= 0.932 | Pos Err:    0.03 km | Vel Err:    0.00 m/s
[Solver Step 005000] t= 1.178 | Pos Err:    0.06 km | Vel Err:    0.00 m/s
[Solver Step 006000] t= 1.431 | Pos Err:    0.05 km | Vel Err:    0.05 m/s
[Solver Step 007000] t= 1.664 | Pos Err:    0.04 km | Vel Err:    0.00 m/s
[Solver Step 008000] t= 1.879 | Pos Err:    0.05 km | Vel Err:    0.00 m/s
[Solver Step 009000] t= 2.135 | Pos Err:    0.15 km | Vel Err:    0.14 m/s
[Solver Step 010000] t= 2.380 | Pos Err:    0.03 km | Vel Err:    0.00 m/s
[Solver Step 011000] t= 2.594 | Pos Err:    0.02 km | Vel Err:    0.00 m/s
[Solver Step 012000] t= 2.839 | Pos Err:    1.05 km | Vel Err:    0.82 m/s
[Solver Step 013000] t= 3.095 | Pos Err:    0.02 km | Vel Err:    0.00 m/s
[Solver Step 014000] t= 3.317 | Pos Err:    0.02 km | Vel Err:    0.00 m/s
[Solver Step 015000] t= 3.538 | Pos Err:    0.72 km | Vel Err:    0.51 m/s
[Solver Step 016000] t= 3.798 | Pos Err:    0.01 km | Vel Err:    0.00 m/s
[Solver Step 017000] t= 4.041 | Pos Err:    0.04 km | Vel Err:    0.00 m/s
[Solver Step 018000] t= 4.250 | Pos Err:    0.38 km | Vel Err:    0.20 m/s
[Solver Step 019000] t= 4.499 | Pos Err:    0.03 km | Vel Err:    0.02 m/s
[Solver Step 020000] t= 4.754 | Pos Err:    0.06 km | Vel Err:    0.00 m/s
[Solver Step 021000] t= 4.973 | Pos Err:    0.16 km | Vel Err:    0.11 m/s
[Solver Step 022000] t= 5.192 | Pos Err:    0.04 km | Vel Err:    0.01 m/s
[Solver Step 023000] t= 5.458 | Pos Err:    0.06 km | Vel Err:    0.00 m/s
[Solver Step 024000] t= 5.701 | Pos Err:    0.11 km | Vel Err:    0.12 m/s
[Solver Step 025000] t= 5.908 | Pos Err:    0.05 km | Vel Err:    0.00 m/s
[Solver Step 026000] t= 6.160 | Pos Err:    0.06 km | Vel Err:    0.00 m/s
[Solver Step 027000] t= 6.416 | Pos Err:    0.22 km | Vel Err:    0.24 m/s
[Solver Step 028000] t= 6.629 | Pos Err:    0.06 km | Vel Err:    0.00 m/s
[Solver Step 029000] t= 6.852 | Pos Err:    0.08 km | Vel Err:    0.00 m/s
[Solver Step 001000] t= 0.217 | Pos Err:   22.01 km | Vel Err:    0.32 m/s
[Solver Step 002000] t= 0.469 | Pos Err:    2.66 km | Vel Err:    0.06 m/s
[Solver Step 003000] t= 0.712 | Pos Err:    0.46 km | Vel Err:    0.03 m/s
[Solver Step 004000] t= 0.927 | Pos Err:    0.04 km | Vel Err:    0.00 m/s
[Solver Step 005000] t= 1.176 | Pos Err:    0.07 km | Vel Err:    0.00 m/s
[Solver Step 006000] t= 1.429 | Pos Err:    0.04 km | Vel Err:    0.03 m/s
[Solver Step 007000] t= 1.658 | Pos Err:    0.04 km | Vel Err:    0.00 m/s
[Solver Step 008000] t= 1.873 | Pos Err:    0.06 km | Vel Err:    0.00 m/s
[Solver Step 009000] t= 2.133 | Pos Err:    0.19 km | Vel Err:    0.15 m/s
[Solver Step 010000] t= 2.374 | Pos Err:    0.06 km | Vel Err:    0.00 m/s
[Solver Step 011000] t= 2.586 | Pos Err:    0.07 km | Vel Err:    0.00 m/s
[Solver Step 012000] t= 2.835 | Pos Err:    1.26 km | Vel Err:    1.06 m/s
[Solver Step 013000] t= 3.090 | Pos Err:    0.07 km | Vel Err:    0.00 m/s
[Solver Step 014000] t= 3.309 | Pos Err:    0.09 km | Vel Err:    0.00 m/s
[Solver Step 015000] t= 3.532 | Pos Err:    0.74 km | Vel Err:    0.57 m/s
[Solver Step 016000] t= 3.794 | Pos Err:    0.08 km | Vel Err:    0.01 m/s
[Solver Step 017000] t= 4.035 | Pos Err:    0.11 km | Vel Err:    0.00 m/s
[Solver Step 018000] t= 4.242 | Pos Err:    0.39 km | Vel Err:    0.23 m/s
[Solver Step 019000] t= 4.494 | Pos Err:    0.08 km | Vel Err:    0.02 m/s
[Solver Step 020000] t= 4.747 | Pos Err:    0.11 km | Vel Err:    0.00 m/s
[Solver Step 021000] t= 4.963 | Pos Err:    0.15 km | Vel Err:    0.11 m/s
[Solver Step 022000] t= 5.186 | Pos Err:    0.11 km | Vel Err:    0.01 m/s
[Solver Step 023000] t= 5.451 | Pos Err:    0.11 km | Vel Err:    0.00 m/s
[Solver Step 024000] t= 5.693 | Pos Err:    0.03 km | Vel Err:    0.11 m/s
[Solver Step 025000] t= 5.901 | Pos Err:    0.08 km | Vel Err:    0.00 m/s
[Solver Step 026000] t= 6.156 | Pos Err:    0.10 km | Vel Err:    0.00 m/s
[Solver Step 027000] t= 6.409 | Pos Err:    0.17 km | Vel Err:    0.24 m/s
[Solver Step 028000] t= 6.620 | Pos Err:    0.05 km | Vel Err:    0.00 m/s
[Solver Step 029000] t= 6.848 | Pos Err:    0.08 km | Vel Err:    0.00 m/s
[Multiple Shooting] Converged in 4 iterations with residual 2.78e-14
[Solver Step 001000] t= 0.352 | Pos Err:    3.41 km | Vel Err:    0.07 m/s
[Solver Step 002000] t= 0.698 | Pos Err:   42.91 km | Vel Err:    0.94 m/s
[Solver Step 003000] t= 1.063 | Pos Err:   27.02 km | Vel Err:    0.55 m/s
[Solver Step 004000] t= 1.430 | Pos Err:    2.15 km | Vel Err:    0.05 m/s
[Solver Step 005000] t= 1.780 | Pos Err:   18.87 km | Vel Err:    0.34 m/s
[Solver Step 006000] t= 2.140 | Pos Err:   35.90 km | Vel Err:    0.68 m/s
[Solver Step 007000] t= 2.503 | Pos Err:  126.54 km | Vel Err:    2.58 m/s
[Solver Step 001000] t= 0.218 | Pos Err:    5.41 km | Vel Err:    0.13 m/s
[Solver Step 002000] t= 0.471 | Pos Err:    0.63 km | Vel Err:    0.02 m/s
[Solver Step 003000] t= 0.714 | Pos Err:    0.06 km | Vel Err:    0.02 m/s
[Solver Step 004000] t= 0.932 | Pos Err:    0.02 km | Vel Err:    0.00 m/s
[Solver Step 005000] t= 1.179 | Pos Err:    0.04 km | Vel Err:    0.00 m/s
[Solver Step 006000] t= 1.432 | Pos Err:    0.06 km | Vel Err:    0.06 m/s
[Solver Step 007000] t= 1.663 | Pos Err:    0.04 km | Vel Err:    0.00 m/s
[Solver Step 008000] t= 1.877 | Pos Err:    0.03 km | Vel Err:    0.00 m/s
[Solver Step 009000] t= 2.135 | Pos Err:    0.12 km | Vel Err:    0.09 m/s
[Solver Step 010000] t= 2.378 | Pos Err:    0.04 km | Vel Err:    0.00 m/s
[Solver Step 011000] t= 2.592 | Pos Err:    0.02 km | Vel Err:    0.00 m/s
[Solver Step 012000] t= 2.838 | Pos Err:    1.00 km | Vel Err:    0.80 m/s
[Solver Step 013000] t= 3.094 | Pos Err:    0.04 km | Vel Err:    0.00 m/s
[Solver Step 014000] t= 3.315 | Pos Err:    0.02 km | Vel Err:    0.00 m/s
[Solver Step 015000] t= 3.536 | Pos Err:    0.70 km | Vel Err:    0.53 m/s
[Solver Step 016000] t= 3.797 | Pos Err:    0.04 km | Vel Err:    0.00 m/s
[Solver Step 017000] t= 4.040 | Pos Err:    0.03 km | Vel Err:    0.00 m/s
[Solver Step 018000] t= 4.248 | Pos Err:    0.36 km | Vel Err:    0.21 m/s
[Solver Step 019000] t= 4.498 | Pos Err:    0.01 km | Vel Err:    0.02 m/s
[Solver Step 020000] t= 4.753 | Pos Err:    0.04 km | Vel Err:    0.00 m/s
[Solver Step 021000] t= 4.971 | Pos Err:    0.13 km | Vel Err:    0.11 m/s
[Solver Step 022000] t= 5.190 | Pos Err:    0.02 km | Vel Err:    0.01 m/s
[Solver Step 023000] t= 5.456 | Pos Err:    0.04 km | Vel Err:    0.00 m/s
[Solver Step 024000] t= 5.699 | Pos Err:    0.09 km | Vel Err:    0.12 m/s
[Solver Step 025000] t= 5.906 | Pos Err:    0.02 km | Vel Err:    0.00 m/s
[Solver Step 026000] t= 6.159 | Pos Err:    0.03 km | Vel Err:    0.00 m/s
[Solver Step 027000] t= 6.414 | Pos Err:    0.23 km | Vel Err:    0.24 m/s
[Solver Step 028000] t= 6.627 | Pos Err:    0.04 km | Vel Err:    0.00 m/s
[Solver Step 029000] t= 6.851 | Pos Err:    0.04 km | Vel Err:    0.00 m/s
[Solver Step 001000] t= 0.416 | Pos Err:    2.88 km | Vel Err:    0.07 m/s
[Solver Step 002000] t= 0.820 | Pos Err:    0.09 km | Vel Err:    0.00 m/s
[Solver Step 003000] t= 1.260 | Pos Err:    0.07 km | Vel Err:    0.01 m/s
[Solver Step 004000] t= 1.608 | Pos Err:    0.09 km | Vel Err:    0.00 m/s
[Solver Step 005000] t= 1.994 | Pos Err:    0.09 km | Vel Err:    0.00 m/s
[Solver Step 006000] t= 2.446 | Pos Err:    0.05 km | Vel Err:    0.02 m/s
[Solver Step 007000] t= 2.848 | Pos Err:    0.03 km | Vel Err:    0.00 m/s
[Solver Step 008000] t= 3.245 | Pos Err:    0.01 km | Vel Err:    0.00 m/s
[Solver Step 009000] t= 3.620 | Pos Err:    0.07 km | Vel Err:    0.08 m/s
[Solver Step 010000] t= 4.034 | Pos Err:    0.10 km | Vel Err:    0.00 m/s
[Solver Step 011000] t= 4.453 | Pos Err:    0.10 km | Vel Err:    0.00 m/s
[Solver Step 012000] t= 4.896 | Pos Err:    0.07 km | Vel Err:    0.04 m/s
[Solver Step 013000] t= 5.234 | Pos Err:    0.06 km | Vel Err:    0.00 m/s
[Solver Step 014000] t= 5.632 | Pos Err:    0.03 km | Vel Err:    0.00 m/s
[Solver Step 015000] t= 6.111 | Pos Err:    0.07 km | Vel Err:    0.02 m/s
[Solver Step 016000] t= 6.498 | Pos Err:    0.09 km | Vel Err:    0.00 m/s
[Solver Step 017000] t= 6.925 | Pos Err:    0.10 km | Vel Err:    0.00 m/s
[Solver Step 018000] t= 7.269 | Pos Err:    0.16 km | Vel Err:    0.10 m/s
[Solver Step 019000] t= 7.690 | Pos Err:    0.02 km | Vel Err:    0.00 m/s
[Solver Step 020000] t= 8.168 | Pos Err:    0.02 km | Vel Err:    0.00 m/s
[Solver Step 021000] t= 8.554 | Pos Err:    0.02 km | Vel Err:    0.03 m/s
[Solver Step 022000] t= 8.923 | Pos Err:    0.07 km | Vel Err:    0.00 m/s
[Solver Step 023000] t= 9.316 | Pos Err:    0.09 km | Vel Err:    0.00 m/s
[Solver Step 024000] t= 9.774 | Pos Err:    0.07 km | Vel Err:    0.03 m/s
[Solver Step 025000] t=10.175 | Pos Err:    0.06 km | Vel Err:    0.00 m/s
[Solver Step 026000] t=10.575 | Pos Err:    0.04 km | Vel Err:    0.00 m/s
[Solver Step 027000] t=10.934 | Pos Err:    0.08 km | Vel Err:    0.09 m/s
[Solver Step 028000] t=11.354 | Pos Err:    0.09 km | Vel Err:    0.00 m/s
[Solver Step 029000] t=11.810 | Pos Err:    0.10 km | Vel Err:    0.00 m/s
[Solver Step 030000] t=12.179 | Pos Err:    0.09 km | Vel Err:    0.03 m/s
[Solver Step 001000] t= 0.215 | Pos Err:   26.09 km | Vel Err:    0.45 m/s
[Solver Step 002000] t= 0.468 | Pos Err:    3.15 km | Vel Err:    0.03 m/s
[Solver Step 003000] t= 0.711 | Pos Err:    0.40 km | Vel Err:    0.04 m/s
[Solver Step 004000] t= 0.924 | Pos Err:    0.03 km | Vel Err:    0.01 m/s
[Solver Step 005000] t= 1.174 | Pos Err:    0.06 km | Vel Err:    0.00 m/s
[Solver Step 006000] t= 1.429 | Pos Err:    0.12 km | Vel Err:    0.05 m/s
[Solver Step 007000] t= 1.656 | Pos Err:    0.10 km | Vel Err:    0.00 m/s
[Solver Step 008000] t= 1.871 | Pos Err:    0.09 km | Vel Err:    0.00 m/s
[Solver Step 009000] t= 2.133 | Pos Err:    0.29 km | Vel Err:    0.19 m/s
[Solver Step 010000] t= 2.373 | Pos Err:    0.11 km | Vel Err:    0.00 m/s
[Solver Step 011000] t= 2.584 | Pos Err:    0.09 km | Vel Err:    0.00 m/s
[Solver Step 012000] t= 2.834 | Pos Err:    1.57 km | Vel Err:    1.23 m/s
[Solver Step 013000] t= 3.089 | Pos Err:    0.11 km | Vel Err:    0.00 m/s
[Solver Step 014000] t= 3.307 | Pos Err:    0.07 km | Vel Err:    0.00 m/s
[Solver Step 015000] t= 3.531 | Pos Err:    0.69 km | Vel Err:    0.58 m/s
[Solver Step 016000] t= 3.793 | Pos Err:    0.10 km | Vel Err:    0.00 m/s
[Solver Step 017000] t= 4.033 | Pos Err:    0.06 km | Vel Err:    0.00 m/s
[Solver Step 018000] t= 4.240 | Pos Err:    0.32 km | Vel Err:    0.23 m/s
[Solver Step 019000] t= 4.494 | Pos Err:    0.07 km | Vel Err:    0.02 m/s
[Solver Step 020000] t= 4.747 | Pos Err:    0.04 km | Vel Err:    0.00 m/s
[Solver Step 021000] t= 4.963 | Pos Err:    0.13 km | Vel Err:    0.11 m/s
[Solver Step 022000] t= 5.186 | Pos Err:    0.06 km | Vel Err:    0.01 m/s
[Solver Step 023000] t= 5.451 | Pos Err:    0.03 km | Vel Err:    0.00 m/s
[Solver Step 024000] t= 5.693 | Pos Err:    0.12 km | Vel Err:    0.11 m/s
[Solver Step 025000] t= 5.899 | Pos Err:    0.06 km | Vel Err:    0.00 m/s
[Solver Step 026000] t= 6.155 | Pos Err:    0.03 km | Vel Err:    0.00 m/s
[Solver Step 027000] t= 6.408 | Pos Err:    0.28 km | Vel Err:    0.24 m/s
[Solver Step 028000] t= 6.618 | Pos Err:    0.08 km | Vel Err:    0.00 m/s
[Solver Step 029000] t= 6.846 | Pos Err:    0.05 km | Vel Err:    0.00 m/s
[Multiple Shooting] Converged in 7 iterations with residual 1.79e-14
[Solver Step 001000] t= 0.301 | Pos Err:  739.78 km | Vel Err:   15.80 m/s
[Solver Step 002000] t= 0.639 | Pos Err:  206.87 km | Vel Err:    3.60 m/s
[Solver Step 003000] t= 0.966 | Pos Err:  539.42 km | Vel Err:   10.56 m/s
[Solver Step 004000] t= 1.317 | Pos Err:  500.24 km | Vel Err:   10.54 m/s
[Solver Step 005000] t= 1.653 | Pos Err:  691.93 km | Vel Err:   10.13 m/s
[Solver Step 006000] t= 1.993 | Pos Err:  577.86 km | Vel Err:    9.87 m/s
[Solver Step 007000] t= 2.319 | Pos Err:  523.51 km | Vel Err:   11.24 m/s
[Solver Step 001000] t= 0.417 | Pos Err:    0.18 km | Vel Err:    0.00 m/s
[Solver Step 002000] t= 0.791 | Pos Err:    0.06 km | Vel Err:    0.00 m/s
[Solver Step 003000] t= 1.101 | Pos Err:    0.01 km | Vel Err:    0.04 m/s
[Solver Step 004000] t= 1.553 | Pos Err:    0.05 km | Vel Err:    0.00 m/s
[Solver Step 005000] t= 2.104 | Pos Err:    0.06 km | Vel Err:    0.00 m/s
[Solver Step 006000] t= 2.517 | Pos Err:    0.05 km | Vel Err:    0.01 m/s
[Solver Step 007000] t= 3.017 | Pos Err:    0.05 km | Vel Err:    0.00 m/s
[Solver Step 008000] t= 3.569 | Pos Err:    0.05 km | Vel Err:    0.00 m/s
[Solver Step 009000] t= 4.059 | Pos Err:    0.05 km | Vel Err:    0.01 m/s
[Solver Step 010000] t= 4.461 | Pos Err:    0.06 km | Vel Err:    0.00 m/s
[Solver Step 011000] t= 4.999 | Pos Err:    0.06 km | Vel Err:    0.00 m/s
[Solver Step 012000] t= 5.586 | Pos Err:    0.04 km | Vel Err:    0.05 m/s
[Solver Step 013000] t= 6.068 | Pos Err:    0.06 km | Vel Err:    0.00 m/s
[Solver Step 014000] t= 6.469 | Pos Err:    0.06 km | Vel Err:    0.00 m/s
[Solver Step 015000] t= 7.027 | Pos Err:    0.03 km | Vel Err:    0.08 m/s
[Multiple Shooting] Converged in 2 iterations with residual 1.69e-11
[Solver Step 001000] t= 0.417 | Pos Err:    0.79 km | Vel Err:    0.02 m/s
[Solver Step 002000] t= 0.922 | Pos Err:    3.00 km | Vel Err:    0.06 m/s
[Solver Step 003000] t= 1.376 | Pos Err:   45.28 km | Vel Err:    0.88 m/s
[Solver Step 004000] t= 1.746 | Pos Err:  100.00 km | Vel Err:    2.07 m/s
[Solver Step 005000] t= 2.243 | Pos Err:    1.73 km | Vel Err:    0.04 m/s
[Solver Step 006000] t= 2.661 | Pos Err:    0.69 km | Vel Err:    0.01 m/s
[Solver Step 007000] t= 3.085 | Pos Err:    6.85 km | Vel Err:    0.15 m/s
[Solver Step 001000] t= 0.411 | Pos Err:    3.82 km | Vel Err:    0.09 m/s
[Solver Step 002000] t= 0.815 | Pos Err:    0.12 km | Vel Err:    0.00 m/s
[Solver Step 003000] t= 1.257 | Pos Err:    0.01 km | Vel Err:    0.01 m/s
[Solver Step 004000] t= 1.604 | Pos Err:    0.05 km | Vel Err:    0.00 m/s
[Solver Step 005000] t= 1.989 | Pos Err:    0.11 km | Vel Err:    0.00 m/s
[Solver Step 006000] t= 2.442 | Pos Err:    0.11 km | Vel Err:    0.02 m/s
[Solver Step 007000] t= 2.843 | Pos Err:    0.09 km | Vel Err:    0.00 m/s
[Solver Step 008000] t= 3.242 | Pos Err:    0.07 km | Vel Err:    0.00 m/s
[Solver Step 009000] t= 3.616 | Pos Err:    0.08 km | Vel Err:    0.08 m/s
[Solver Step 010000] t= 4.029 | Pos Err:    0.09 km | Vel Err:    0.00 m/s
[Solver Step 011000] t= 4.449 | Pos Err:    0.11 km | Vel Err:    0.00 m/s
[Solver Step 012000] t= 4.891 | Pos Err:    0.10 km | Vel Err:    0.04 m/s
[Solver Step 013000] t= 5.230 | Pos Err:    0.11 km | Vel Err:    0.00 m/s
[Solver Step 014000] t= 5.628 | Pos Err:    0.05 km | Vel Err:    0.00 m/s
[Solver Step 015000] t= 6.106 | Pos Err:    0.02 km | Vel Err:    0.02 m/s
[Solver Step 016000] t= 6.493 | Pos Err:    0.05 km | Vel Err:    0.00 m/s
[Solver Step 017000] t= 6.921 | Pos Err:    0.08 km | Vel Err:    0.00 m/s
[Solver Step 018000] t= 7.264 | Pos Err:    0.15 km | Vel Err:    0.11 m/s
[Solver Step 019000] t= 7.684 | Pos Err:    0.09 km | Vel Err:    0.00 m/s
[Solver Step 020000] t= 8.165 | Pos Err:    0.06 km | Vel Err:    0.00 m/s
[Solver Step 021000] t= 8.550 | Pos Err:    0.04 km | Vel Err:    0.03 m/s
[Solver Step 022000] t= 8.921 | Pos Err:    0.01 km | Vel Err:    0.00 m/s
[Solver Step 023000] t= 9.311 | Pos Err:    0.10 km | Vel Err:    0.00 m/s
[Solver Step 024000] t= 9.769 | Pos Err:    0.11 km | Vel Err:    0.03 m/s
[Solver Step 025000] t=10.171 | Pos Err:    0.11 km | Vel Err:    0.00 m/s
[Solver Step 026000] t=10.571 | Pos Err:    0.10 km | Vel Err:    0.00 m/s
[Solver Step 027000] t=10.930 | Pos Err:    0.11 km | Vel Err:    0.09 m/s
[Solver Step 028000] t=11.351 | Pos Err:    0.06 km | Vel Err:    0.00 m/s
[Solver Step 029000] t=11.805 | Pos Err:    0.08 km | Vel Err:    0.00 m/s
[Solver Step 030000] t=12.175 | Pos Err:    0.09 km | Vel Err:    0.03 m/s
[Solver Step 031000] t=12.565 | Pos Err:    0.11 km | Vel Err:    0.00 m/s
[Solver Step 001000] t= 0.414 | Pos Err:    3.01 km | Vel Err:    0.07 m/s
[Solver Step 002000] t= 0.818 | Pos Err:    0.03 km | Vel Err:    0.00 m/s
[Solver Step 003000] t= 1.260 | Pos Err:    0.10 km | Vel Err:    0.01 m/s
[Solver Step 004000] t= 1.607 | Pos Err:    0.10 km | Vel Err:    0.00 m/s
[Solver Step 005000] t= 1.992 | Pos Err:    0.03 km | Vel Err:    0.00 m/s
[Solver Step 006000] t= 2.445 | Pos Err:    0.03 km | Vel Err:    0.02 m/s
[Solver Step 007000] t= 2.847 | Pos Err:    0.05 km | Vel Err:    0.00 m/s
[Solver Step 008000] t= 3.244 | Pos Err:    0.07 km | Vel Err:    0.00 m/s
[Solver Step 009000] t= 3.619 | Pos Err:    0.14 km | Vel Err:    0.08 m/s
[Solver Step 010000] t= 4.033 | Pos Err:    0.07 km | Vel Err:    0.00 m/s
[Solver Step 011000] t= 4.452 | Pos Err:    0.05 km | Vel Err:    0.00 m/s
[Solver Step 012000] t= 4.895 | Pos Err:    0.03 km | Vel Err:    0.04 m/s
[Solver Step 013000] t= 5.233 | Pos Err:    0.01 km | Vel Err:    0.00 m/s
[Solver Step 014000] t= 5.631 | Pos Err:    0.09 km | Vel Err:    0.00 m/s
[Solver Step 015000] t= 6.110 | Pos Err:    0.10 km | Vel Err:    0.02 m/s
[Solver Step 016000] t= 6.496 | Pos Err:    0.10 km | Vel Err:    0.00 m/s
[Solver Step 017000] t= 6.924 | Pos Err:    0.09 km | Vel Err:    0.00 m/s
[Solver Step 018000] t= 7.268 | Pos Err:    0.13 km | Vel Err:    0.10 m/s
[Solver Step 019000] t= 7.688 | Pos Err:    0.05 km | Vel Err:    0.00 m/s
[Solver Step 020000] t= 8.167 | Pos Err:    0.08 km | Vel Err:    0.00 m/s
[Solver Step 021000] t= 8.553 | Pos Err:    0.08 km | Vel Err:    0.03 m/s
[Solver Step 022000] t= 8.922 | Pos Err:    0.11 km | Vel Err:    0.00 m/s
[Solver Step 023000] t= 9.314 | Pos Err:    0.06 km | Vel Err:    0.00 m/s
[Solver Step 024000] t= 9.773 | Pos Err:    0.01 km | Vel Err:    0.03 m/s
[Solver Step 025000] t=10.174 | Pos Err:    0.02 km | Vel Err:    0.00 m/s
[Solver Step 026000] t=10.574 | Pos Err:    0.04 km | Vel Err:    0.00 m/s
[Solver Step 027000] t=10.933 | Pos Err:    0.14 km | Vel Err:    0.09 m/s
[Solver Step 028000] t=11.353 | Pos Err:    0.10 km | Vel Err:    0.00 m/s
[Solver Step 029000] t=11.809 | Pos Err:    0.08 km | Vel Err:    0.00 m/s
[Solver Step 030000] t=12.177 | Pos Err:    0.06 km | Vel Err:    0.03 m/s
[Multiple Shooting] Converged in 2 iterations with residual 1.03e-15
[Solver Step 001000] t= 0.461 | Pos Err:    0.40 km | Vel Err:    0.01 m/s
[Solver Step 002000] t= 0.986 | Pos Err:    0.05 km | Vel Err:    0.00 m/s
[Solver Step 003000] t= 1.577 | Pos Err:    0.30 km | Vel Err:    0.02 m/s
[Solver Step 004000] t= 2.097 | Pos Err:    0.18 km | Vel Err:    0.00 m/s
[Solver Step 005000] t= 2.499 | Pos Err:    0.30 km | Vel Err:    0.01 m/s
[Solver Step 006000] t= 3.020 | Pos Err:    3.61 km | Vel Err:    0.10 m/s
[Solver Step 001000] t= 0.416 | Pos Err:    0.48 km | Vel Err:    0.01 m/s
[Solver Step 002000] t= 0.791 | Pos Err:    0.07 km | Vel Err:    0.00 m/s
[Solver Step 003000] t= 1.100 | Pos Err:    0.01 km | Vel Err:    0.04 m/s
[Solver Step 004000] t= 1.551 | Pos Err:    0.05 km | Vel Err:    0.00 m/s
[Solver Step 005000] t= 2.103 | Pos Err:    0.05 km | Vel Err:    0.00 m/s
[Solver Step 006000] t= 2.516 | Pos Err:    0.05 km | Vel Err:    0.01 m/s
[Solver Step 007000] t= 3.015 | Pos Err:    0.05 km | Vel Err:    0.00 m/s
[Solver Step 008000] t= 3.568 | Pos Err:    0.05 km | Vel Err:    0.00 m/s
[Solver Step 009000] t= 4.058 | Pos Err:    0.05 km | Vel Err:    0.01 m/s
[Solver Step 010000] t= 4.460 | Pos Err:    0.05 km | Vel Err:    0.00 m/s
[Solver Step 011000] t= 4.998 | Pos Err:    0.05 km | Vel Err:    0.00 m/s
[Solver Step 012000] t= 5.585 | Pos Err:    0.04 km | Vel Err:    0.05 m/s
[Solver Step 013000] t= 6.067 | Pos Err:    0.06 km | Vel Err:    0.00 m/s
[Solver Step 014000] t= 6.468 | Pos Err:    0.06 km | Vel Err:    0.00 m/s
[Solver Step 015000] t= 7.026 | Pos Err:    0.04 km | Vel Err:    0.08 m/s
[Solver Step 001000] t= 0.412 | Pos Err:    2.23 km | Vel Err:    0.05 m/s
[Solver Step 002000] t= 0.816 | Pos Err:    0.07 km | Vel Err:    0.00 m/s
[Solver Step 003000] t= 1.258 | Pos Err:    0.04 km | Vel Err:    0.01 m/s
[Solver Step 004000] t= 1.605 | Pos Err:    0.02 km | Vel Err:    0.00 m/s
[Solver Step 005000] t= 1.990 | Pos Err:    0.06 km | Vel Err:    0.00 m/s
[Solver Step 006000] t= 2.443 | Pos Err:    0.09 km | Vel Err:    0.02 m/s
[Solver Step 007000] t= 2.844 | Pos Err:    0.09 km | Vel Err:    0.00 m/s
[Solver Step 008000] t= 3.242 | Pos Err:    0.09 km | Vel Err:    0.00 m/s
[Solver Step 009000] t= 3.617 | Pos Err:    0.12 km | Vel Err:    0.08 m/s
[Solver Step 010000] t= 4.030 | Pos Err:    0.03 km | Vel Err:    0.00 m/s
[Solver Step 011000] t= 4.450 | Pos Err:    0.06 km | Vel Err:    0.00 m/s
[Solver Step 012000] t= 4.892 | Pos Err:    0.06 km | Vel Err:    0.04 m/s
[Solver Step 013000] t= 5.231 | Pos Err:    0.08 km | Vel Err:    0.00 m/s
[Solver Step 014000] t= 5.629 | Pos Err:    0.07 km | Vel Err:    0.00 m/s
[Solver Step 015000] t= 6.107 | Pos Err:    0.03 km | Vel Err:    0.02 m/s
[Solver Step 016000] t= 6.494 | Pos Err:    0.02 km | Vel Err:    0.00 m/s
[Solver Step 017000] t= 6.922 | Pos Err:    0.03 km | Vel Err:    0.00 m/s
[Solver Step 018000] t= 7.265 | Pos Err:    0.10 km | Vel Err:    0.10 m/s
[Solver Step 019000] t= 7.685 | Pos Err:    0.09 km | Vel Err:    0.00 m/s
[Solver Step 020000] t= 8.165 | Pos Err:    0.08 km | Vel Err:    0.00 m/s
[Solver Step 021000] t= 8.551 | Pos Err:    0.06 km | Vel Err:    0.03 m/s
[Solver Step 022000] t= 8.921 | Pos Err:    0.05 km | Vel Err:    0.00 m/s
[Solver Step 023000] t= 9.312 | Pos Err:    0.04 km | Vel Err:    0.00 m/s
[Solver Step 024000] t= 9.770 | Pos Err:    0.08 km | Vel Err:    0.03 m/s
[Solver Step 025000] t=10.172 | Pos Err:    0.09 km | Vel Err:    0.00 m/s
[Solver Step 026000] t=10.571 | Pos Err:    0.09 km | Vel Err:    0.00 m/s
[Solver Step 027000] t=10.931 | Pos Err:    0.15 km | Vel Err:    0.09 m/s
[Solver Step 028000] t=11.351 | Pos Err:    0.02 km | Vel Err:    0.00 m/s
[Solver Step 029000] t=11.806 | Pos Err:    0.03 km | Vel Err:    0.00 m/s
[Solver Step 030000] t=12.175 | Pos Err:    0.04 km | Vel Err:    0.03 m/s
[Solver Step 031000] t=12.566 | Pos Err:    0.07 km | Vel Err:    0.00 m/s
[Solver Step 001000] t= 0.218 | Pos Err:   15.89 km | Vel Err:    0.22 m/s
[Solver Step 002000] t= 0.469 | Pos Err:    1.90 km | Vel Err:    0.04 m/s
[Solver Step 003000] t= 0.713 | Pos Err:    0.33 km | Vel Err:    0.03 m/s
[Solver Step 004000] t= 0.928 | Pos Err:    0.03 km | Vel Err:    0.00 m/s
[Solver Step 005000] t= 1.177 | Pos Err:    0.05 km | Vel Err:    0.00 m/s
[Solver Step 006000] t= 1.430 | Pos Err:    0.02 km | Vel Err:    0.03 m/s
[Solver Step 007000] t= 1.660 | Pos Err:    0.02 km | Vel Err:    0.00 m/s
[Solver Step 008000] t= 1.874 | Pos Err:    0.04 km | Vel Err:    0.00 m/s
[Solver Step 009000] t= 2.133 | Pos Err:    0.13 km | Vel Err:    0.10 m/s
[Solver Step 010000] t= 2.376 | Pos Err:    0.04 km | Vel Err:    0.00 m/s
[Solver Step 011000] t= 2.588 | Pos Err:    0.05 km | Vel Err:    0.00 m/s
[Solver Step 012000] t= 2.836 | Pos Err:    1.01 km | Vel Err:    0.84 m/s
[Solver Step 013000] t= 3.091 | Pos Err:    0.06 km | Vel Err:    0.00 m/s
[Solver Step 014000] t= 3.311 | Pos Err:    0.07 km | Vel Err:    0.00 m/s
[Solver Step 015000] t= 3.533 | Pos Err:    0.74 km | Vel Err:    0.56 m/s
[Solver Step 016000] t= 3.795 | Pos Err:    0.06 km | Vel Err:    0.00 m/s
[Solver Step 017000] t= 4.037 | Pos Err:    0.09 km | Vel Err:    0.00 m/s
[Solver Step 018000] t= 4.244 | Pos Err:    0.39 km | Vel Err:    0.22 m/s
[Solver Step 019000] t= 4.496 | Pos Err:    0.07 km | Vel Err:    0.02 m/s
[Solver Step 020000] t= 4.752 | Pos Err:    0.09 km | Vel Err:    0.00 m/s
[Solver Step 021000] t= 4.967 | Pos Err:    0.14 km | Vel Err:    0.11 m/s
[Solver Step 022000] t= 5.188 | Pos Err:    0.09 km | Vel Err:    0.01 m/s
[Solver Step 023000] t= 5.454 | Pos Err:    0.09 km | Vel Err:    0.00 m/s
[Solver Step 024000] t= 5.696 | Pos Err:    0.05 km | Vel Err:    0.12 m/s
[Solver Step 025000] t= 5.905 | Pos Err:    0.06 km | Vel Err:    0.00 m/s
[Solver Step 026000] t= 6.158 | Pos Err:    0.08 km | Vel Err:    0.00 m/s
[Solver Step 027000] t= 6.412 | Pos Err:    0.18 km | Vel Err:    0.24 m/s
[Solver Step 028000] t= 6.625 | Pos Err:    0.03 km | Vel Err:    0.00 m/s
[Solver Step 029000] t= 6.850 | Pos Err:    0.06 km | Vel Err:    0.00 m/s
[Solver Step 001000] t= 0.420 | Pos Err:    0.28 km | Vel Err:    0.01 m/s
[Solver Step 002000] t= 0.793 | Pos Err:    0.06 km | Vel Err:    0.00 m/s
[Solver Step 003000] t= 1.102 | Pos Err:    0.01 km | Vel Err:    0.04 m/s
[Solver Step 004000] t= 1.555 | Pos Err:    0.05 km | Vel Err:    0.00 m/s
[Solver Step 005000] t= 2.106 | Pos Err:    0.05 km | Vel Err:    0.00 m/s
[Solver Step 006000] t= 2.519 | Pos Err:    0.05 km | Vel Err:    0.01 m/s
[Solver Step 007000] t= 3.019 | Pos Err:    0.05 km | Vel Err:    0.00 m/s
[Solver Step 008000] t= 3.572 | Pos Err:    0.05 km | Vel Err:    0.00 m/s
[Solver Step 009000] t= 4.060 | Pos Err:    0.05 km | Vel Err:    0.01 m/s
[Solver Step 010000] t= 4.463 | Pos Err:    0.05 km | Vel Err:    0.00 m/s
[Solver Step 011000] t= 5.002 | Pos Err:    0.05 km | Vel Err:    0.00 m/s
[Solver Step 012000] t= 5.589 | Pos Err:    0.04 km | Vel Err:    0.05 m/s
[Solver Step 013000] t= 6.070 | Pos Err:    0.06 km | Vel Err:    0.00 m/s
[Solver Step 014000] t= 6.472 | Pos Err:    0.06 km | Vel Err:    0.00 m/s
[Solver Step 015000] t= 7.030 | Pos Err:    0.03 km | Vel Err:    0.08 m/s
[Multiple Shooting] Converged in 2 iterations with residual 1.28e-11
[Solver Step 001000] t= 0.421 | Pos Err:    0.84 km | Vel Err:    0.02 m/s
[Solver Step 002000] t= 0.916 | Pos Err:    0.43 km | Vel Err:    0.01 m/s
[Solver Step 003000] t= 1.417 | Pos Err:    3.99 km | Vel Err:    0.08 m/s
[Solver Step 004000] t= 1.796 | Pos Err:   48.71 km | Vel Err:    1.04 m/s
[Solver Step 005000] t= 2.196 | Pos Err:   58.92 km | Vel Err:    1.17 m/s
[Solver Step 006000] t= 2.663 | Pos Err:    3.09 km | Vel Err:    0.06 m/s
[Solver Step 007000] t= 3.110 | Pos Err:   11.61 km | Vel Err:    0.27 m/s
[Multiple Shooting] Converged in 7 iterations with residual 2.71e-14
[Solver Step 001000] t= 0.306 | Pos Err:  665.50 km | Vel Err:   14.42 m/s
[Solver Step 002000] t= 0.639 | Pos Err:  209.26 km | Vel Err:    3.71 m/s
[Solver Step 003000] t= 0.967 | Pos Err:  467.14 km | Vel Err:    9.23 m/s
[Solver Step 004000] t= 1.310 | Pos Err:  507.25 km | Vel Err:   10.95 m/s
[Solver Step 005000] t= 1.646 | Pos Err:  499.76 km | Vel Err:    6.69 m/s
[Solver Step 006000] t= 1.979 | Pos Err:  795.69 km | Vel Err:   16.37 m/s
[Solver Step 007000] t= 2.314 | Pos Err:  419.78 km | Vel Err:    8.70 m/s
[Multiple Shooting] Converged in 4 iterations with residual 7.18e-12
[Solver Step 001000] t= 0.340 | Pos Err:   12.70 km | Vel Err:    0.28 m/s
[Solver Step 002000] t= 0.688 | Pos Err:   61.03 km | Vel Err:    1.33 m/s
[Solver Step 003000] t= 1.040 | Pos Err:   27.86 km | Vel Err:    0.54 m/s
[Solver Step 004000] t= 1.396 | Pos Err:    1.85 km | Vel Err:    0.05 m/s
[Solver Step 005000] t= 1.757 | Pos Err:   25.94 km | Vel Err:    0.51 m/s
[Solver Step 006000] t= 2.094 | Pos Err:   52.02 km | Vel Err:    1.08 m/s
[Solver Step 007000] t= 2.458 | Pos Err:  144.27 km | Vel Err:    3.19 m/s
[Solver Step 001000] t= 0.416 | Pos Err:    3.65 km | Vel Err:    0.08 m/s
[Solver Step 002000] t= 0.820 | Pos Err:    0.06 km | Vel Err:    0.00 m/s
[Solver Step 003000] t= 1.261 | Pos Err:    0.11 km | Vel Err:    0.01 m/s
[Solver Step 004000] t= 1.608 | Pos Err:    0.11 km | Vel Err:    0.00 m/s
[Solver Step 005000] t= 1.994 | Pos Err:    0.06 km | Vel Err:    0.00 m/s
[Solver Step 006000] t= 2.447 | Pos Err:    0.03 km | Vel Err:    0.02 m/s
[Solver Step 007000] t= 2.849 | Pos Err:    0.04 km | Vel Err:    0.00 m/s
[Solver Step 008000] t= 3.245 | Pos Err:    0.06 km | Vel Err:    0.00 m/s
[Solver Step 009000] t= 3.620 | Pos Err:    0.12 km | Vel Err:    0.08 m/s
[Solver Step 010000] t= 4.035 | Pos Err:    0.09 km | Vel Err:    0.00 m/s
[Solver Step 011000] t= 4.453 | Pos Err:    0.08 km | Vel Err:    0.00 m/s
[Solver Step 012000] t= 4.896 | Pos Err:    0.06 km | Vel Err:    0.04 m/s
[Solver Step 013000] t= 5.234 | Pos Err:    0.03 km | Vel Err:    0.00 m/s
[Solver Step 014000] t= 5.633 | Pos Err:    0.08 km | Vel Err:    0.00 m/s
[Solver Step 015000] t= 6.112 | Pos Err:    0.11 km | Vel Err:    0.02 m/s
[Solver Step 016000] t= 6.498 | Pos Err:    0.11 km | Vel Err:    0.00 m/s
[Solver Step 017000] t= 6.925 | Pos Err:    0.11 km | Vel Err:    0.00 m/s
[Solver Step 018000] t= 7.269 | Pos Err:    0.15 km | Vel Err:    0.10 m/s
[Solver Step 019000] t= 7.690 | Pos Err:    0.04 km | Vel Err:    0.00 m/s
[Solver Step 020000] t= 8.169 | Pos Err:    0.07 km | Vel Err:    0.00 m/s
[Solver Step 021000] t= 8.555 | Pos Err:    0.07 km | Vel Err:    0.03 m/s
[Solver Step 022000] t= 8.923 | Pos Err:    0.11 km | Vel Err:    0.00 m/s
[Solver Step 023000] t= 9.316 | Pos Err:    0.08 km | Vel Err:    0.00 m/s
[Solver Step 024000] t= 9.775 | Pos Err:    0.04 km | Vel Err:    0.03 m/s
[Solver Step 025000] t=10.175 | Pos Err:    0.03 km | Vel Err:    0.00 m/s
[Solver Step 026000] t=10.575 | Pos Err:    0.03 km | Vel Err:    0.00 m/s
[Solver Step 027000] t=10.935 | Pos Err:    0.12 km | Vel Err:    0.09 m/s
[Solver Step 028000] t=11.354 | Pos Err:    0.11 km | Vel Err:    0.00 m/s
[Solver Step 029000] t=11.810 | Pos Err:    0.10 km | Vel Err:    0.00 m/s
[Solver Step 030000] t=12.179 | Pos Err:    0.08 km | Vel Err:    0.03 m/s
[Solver Step 001000] t= 0.418 | Pos Err:    0.50 km | Vel Err:    0.01 m/s
[Solver Step 002000] t= 0.792 | Pos Err:    0.07 km | Vel Err:    0.00 m/s
[Solver Step 003000] t= 1.101 | Pos Err:    0.01 km | Vel Err:    0.04 m/s
[Solver Step 004000] t= 1.553 | Pos Err:    0.05 km | Vel Err:    0.00 m/s
[Solver Step 005000] t= 2.104 | Pos Err:    0.05 km | Vel Err:    0.00 m/s
[Solver Step 006000] t= 2.517 | Pos Err:    0.05 km | Vel Err:    0.01 m/s
[Solver Step 007000] t= 3.017 | Pos Err:    0.05 km | Vel Err:    0.00 m/s
[Solver Step 008000] t= 3.570 | Pos Err:    0.05 km | Vel Err:    0.00 m/s
[Solver Step 009000] t= 4.059 | Pos Err:    0.04 km | Vel Err:    0.01 m/s
[Solver Step 010000] t= 4.461 | Pos Err:    0.05 km | Vel Err:    0.00 m/s
[Solver Step 011000] t= 4.999 | Pos Err:    0.05 km | Vel Err:    0.00 m/s
[Solver Step 012000] t= 5.586 | Pos Err:    0.04 km | Vel Err:    0.05 m/s
[Solver Step 013000] t= 6.068 | Pos Err:    0.06 km | Vel Err:    0.00 m/s
[Solver Step 014000] t= 6.470 | Pos Err:    0.06 km | Vel Err:    0.00 m/s
[Solver Step 015000] t= 7.027 | Pos Err:    0.04 km | Vel Err:    0.08 m/s
[Multiple Shooting] Converged in 2 iterations with residual 6.11e-12
[Solver Step 001000] t= 0.425 | Pos Err:    0.73 km | Vel Err:    0.02 m/s
[Solver Step 002000] t= 0.924 | Pos Err:    0.57 km | Vel Err:    0.01 m/s
[Solver Step 003000] t= 1.423 | Pos Err:    3.65 km | Vel Err:    0.08 m/s
[Solver Step 004000] t= 1.786 | Pos Err:   56.35 km | Vel Err:    1.18 m/s
[Solver Step 005000] t= 2.208 | Pos Err:   41.16 km | Vel Err:    0.87 m/s
[Solver Step 006000] t= 2.672 | Pos Err:    2.86 km | Vel Err:    0.06 m/s
[Solver Step 007000] t= 3.108 | Pos Err:   10.50 km | Vel Err:    0.24 m/s
Saved 782812 samples into 'crtbp_llm_dataset_20260818_170053.jsonl'.
Job finished at Tue Aug 18 17:21:17 CDT 2026
